chr	start	end	ATAC	CTCF	REST	EP300
chr22	16441000	16441200	U	B	B	U
chr22	17095600	17095800	B	B	U	U
chr22	17171400	17171600	B	B	B	U
chr22	17201400	17201600	U	B	U	U
chr22	17214200	17214400	B	B	U	U
chr22	18024400	18024600	B	B	B	U
chr22	18076000	18076200	B	B	B	U
chr22	18078400	18078600	B	B	U	U
chr22	18122200	18122400	U	B	U	U
chr22	18954600	18954800	B	B	U	U
chr22	18999200	18999400	B	B	U	U
chr22	19039400	19039600	U	B	U	U
chr22	19106400	19106600	B	B	B	U
chr22	19179400	19179600	B	B	U	B
chr22	19232000	19232200	B	B	U	U
chr22	19271000	19271200	B	B	U	U
chr22	19291000	19291200	B	B	U	U
chr22	19406600	19406800	B	B	U	B
chr22	19430800	19431000	B	B	U	U
chr22	19447600	19447800	B	B	B	B
chr22	19503800	19504000	B	B	U	U
chr22	19730800	19731000	B	B	U	B
chr22	19841800	19842000	B	B	B	U
chr22	19854000	19854200	B	B	U	U
chr22	19941000	19941200	B	B	U	U
chr22	19953800	19954000	B	B	B	U
chr22	19962200	19962400	B	B	B	U
chr22	19970000	19970200	B	B	U	U
chr22	20016800	20017000	B	B	U	U
chr22	20020800	20021000	B	B	U	B
chr22	20060800	20061000	U	B	U	U
chr22	20061000	20061200	U	B	U	U
chr22	20080800	20081000	B	B	U	U
chr22	20084800	20085000	B	B	U	U
chr22	20130400	20130600	U	B	U	U
chr22	20154000	20154200	B	B	B	U
chr22	20157200	20157400	B	B	B	U
chr22	20186600	20186800	B	B	B	U
chr22	20207000	20207200	B	B	U	U
chr22	20215800	20216000	B	B	U	U
chr22	20238800	20239000	B	B	B	U
chr22	20430200	20430400	U	B	U	U
chr22	20431200	20431400	U	B	U	U
chr22	20465000	20465200	U	B	U	U
chr22	20465200	20465400	U	B	U	U
chr22	20482800	20483000	U	B	B	U
chr22	20507400	20507600	B	B	U	B
chr22	20565200	20565400	U	B	U	U
chr22	20568200	20568400	U	B	U	U
chr22	20605000	20605200	B	B	U	U
chr22	20606400	20606600	B	B	B	B
chr22	20611400	20611600	U	B	U	U
chr22	20708000	20708200	U	B	U	U
chr22	20769000	20769200	B	B	U	B
chr22	20772400	20772600	U	B	U	U
chr22	20784200	20784400	B	B	U	B
chr22	20794200	20794400	B	B	U	U
chr22	20956400	20956600	U	B	B	U
chr22	20981800	20982000	B	B	U	U
chr22	21001200	21001400	B	B	U	U
chr22	21448000	21448200	B	B	B	U
chr22	21450400	21450600	U	B	U	U
chr22	21591400	21591600	U	B	U	U
chr22	21628000	21628200	U	B	U	U
chr22	21629400	21629600	B	B	U	B
chr22	21632600	21632800	B	B	U	B
chr22	21642200	21642400	B	B	U	B
chr22	21646800	21647000	B	B	U	B
chr22	21651400	21651600	B	B	U	U
chr22	21665800	21666000	B	B	U	B
chr22	21666000	21666200	B	B	U	B
chr22	21774800	21775000	B	B	U	U
chr22	21907000	21907200	U	B	B	U
chr22	21938200	21938400	B	B	U	B
chr22	21939800	21940000	U	B	U	U
chr22	21947800	21948000	B	B	U	B
chr22	21982600	21982800	B	B	U	B
chr22	21990800	21991000	U	B	U	U
chr22	22079200	22079400	B	B	U	U
chr22	22079400	22079600	U	B	U	U
chr22	22195200	22195400	B	B	B	B
chr22	22201200	22201400	B	B	U	U
chr22	22342800	22343000	B	B	B	U
chr22	22371000	22371200	B	B	B	U
chr22	22394600	22394800	U	B	U	U
chr22	22702600	22702800	B	B	U	U
chr22	22745600	22745800	B	B	B	U
chr22	22753200	22753400	B	B	U	U
chr22	23094800	23095000	B	B	U	U
chr22	23111200	23111400	U	B	U	U
chr22	23157000	23157200	B	B	U	U
chr22	23260400	23260600	B	B	U	U
chr22	23275200	23275400	U	B	U	U
chr22	23282000	23282200	B	B	U	B
chr22	23286800	23287000	U	B	U	U
chr22	23287000	23287200	U	B	U	U
chr22	23385800	23386000	B	B	B	U
chr22	23402600	23402800	B	B	B	U
chr22	23433200	23433400	B	B	U	U
chr22	23521800	23522000	B	B	B	B
chr22	23849800	23850000	B	B	B	U
chr22	24247800	24248000	B	B	B	U
chr22	24423600	24423800	B	B	B	U
chr22	24772800	24773000	U	B	B	U
chr22	25567400	25567600	U	B	U	B
chr22	25764200	25764400	U	B	U	U
chr22	25892600	25892800	U	B	U	U
chr22	25892800	25893000	U	B	U	U
chr22	25903400	25903600	U	B	U	U
chr22	26259400	26259600	U	B	B	U
chr22	26377600	26377800	U	B	U	U
chr22	26479200	26479400	B	B	U	U
chr22	26643000	26643200	B	B	U	B
chr22	27886600	27886800	U	B	U	U
chr22	28051800	28052000	U	B	B	U
chr22	28253200	28253400	U	B	U	U
chr22	28594800	28595000	B	B	B	U
chr22	29030200	29030400	U	B	U	U
chr22	29206000	29206200	B	B	U	U
chr22	29259600	29259800	B	B	U	U
chr22	29313200	29313400	U	B	U	U
chr22	29426800	29427000	U	B	U	U
chr22	29590000	29590200	B	B	B	U
chr22	29609200	29609400	B	B	U	U
chr22	29625800	29626000	B	B	U	U
chr22	29689800	29690000	B	B	B	U
chr22	29690000	29690200	B	B	B	U
chr22	29701200	29701400	B	B	B	U
chr22	30386800	30387000	B	B	U	U
chr22	30431200	30431400	U	B	U	U
chr22	30667400	30667600	B	B	U	U
chr22	30755600	30755800	B	B	B	U
chr22	30867000	30867200	U	B	U	U
chr22	31272800	31273000	B	B	B	U
chr22	31496400	31496600	B	B	U	U
chr22	31561200	31561400	B	B	B	U
chr22	31947400	31947600	B	B	B	U
chr22	32202600	32202800	B	B	U	U
chr22	32474600	32474800	B	B	B	U
chr22	32628200	32628400	B	B	U	U
chr22	32660200	32660400	B	B	B	U
chr22	32836400	32836600	U	B	U	U
chr22	33058200	33058400	B	B	U	U
chr22	33274200	33274400	B	B	U	U
chr22	33274400	33274600	B	B	U	U
chr22	33302200	33302400	B	B	B	U
chr22	34943800	34944000	U	B	U	U
chr22	35024000	35024200	B	B	B	U
chr22	35623400	35623600	B	B	B	U
chr22	35627200	35627400	U	B	B	U
chr22	35739800	35740000	U	B	U	U
chr22	35761000	35761200	U	B	U	U
chr22	35931000	35931200	B	B	B	U
chr22	36124200	36124400	B	B	B	B
chr22	36201600	36201800	B	B	U	B
chr22	36201800	36202000	B	B	U	B
chr22	36470200	36470400	B	B	B	U
chr22	36470400	36470600	B	B	B	U
chr22	36511000	36511200	B	B	U	U
chr22	36511200	36511400	B	B	U	U
chr22	37022200	37022400	U	B	U	U
chr22	37127000	37127200	U	B	U	U
chr22	37182200	37182400	B	B	U	U
chr22	37198400	37198600	B	B	B	U
chr22	37200600	37200800	U	B	U	U
chr22	37330400	37330600	B	B	U	U
chr22	37457400	37457600	B	B	B	U
chr22	37633800	37634000	B	B	U	U
chr22	37634000	37634200	B	B	U	U
chr22	37636400	37636600	U	B	U	U
chr22	37636600	37636800	U	B	U	U
chr22	37735200	37735400	B	B	B	U
chr22	37768200	37768400	B	B	U	U
chr22	37888000	37888200	U	B	U	U
chr22	37934000	37934200	B	B	B	U
chr22	38072200	38072400	U	B	U	U
chr22	38298200	38298400	B	B	B	U
chr22	38441000	38441200	U	B	U	U
chr22	38468200	38468400	B	B	U	U
chr22	38572200	38572400	B	B	U	U
chr22	38733400	38733600	B	B	U	U
chr22	38843200	38843400	B	B	U	U
chr22	38868800	38869000	B	B	B	U
chr22	38869000	38869200	B	B	B	U
chr22	38870400	38870600	B	B	U	U
chr22	38927600	38927800	U	B	U	U
chr22	39215800	39216000	B	B	U	U
chr22	39216000	39216200	B	B	U	U
chr22	39244200	39244400	U	B	U	U
chr22	39385000	39385200	B	B	U	U
chr22	39495600	39495800	B	B	B	U
chr22	39529200	39529400	B	B	B	B
chr22	39535000	39535200	B	B	B	U
chr22	39940800	39941000	U	B	U	U
chr22	39943400	39943600	U	B	U	U
chr22	40156200	40156400	B	B	B	B
chr22	40187400	40187600	U	B	U	U
chr22	40187600	40187800	U	B	U	U
chr22	40436800	40437000	B	B	B	U
chr22	40552200	40552400	B	B	B	B
chr22	40760400	40760600	U	B	B	U
chr22	40856600	40856800	B	B	B	U
chr22	40857000	40857200	B	B	U	U
chr22	41246200	41246400	B	B	U	U
chr22	41301400	41301600	B	B	U	U
chr22	41577000	41577200	B	B	B	U
chr22	41746600	41746800	B	B	B	U
chr22	42621600	42621800	B	B	B	U
chr22	43034000	43034200	B	B	B	U
chr22	43293800	43294000	B	B	U	U
chr22	43796800	43797000	U	B	U	U
chr22	43946200	43946400	B	B	B	U
chr22	43946400	43946600	B	B	U	U
chr22	43993200	43993400	B	B	B	U
chr22	44003000	44003200	U	B	U	U
chr22	44081200	44081400	B	B	U	U
chr22	44085800	44086000	U	B	B	U
chr22	44684800	44685000	B	B	B	U
chr22	44820600	44820800	B	B	U	U
chr22	44828200	44828400	B	B	U	U
chr22	44975600	44975800	B	B	B	U
chr22	45096400	45096600	B	B	B	U
chr22	45101800	45102000	B	B	B	U
chr22	45192800	45193000	B	B	B	U
chr22	45549000	45549200	B	B	U	U
chr22	45969200	45969400	B	B	U	U
chr22	45969400	45969600	B	B	U	U
chr22	45969600	45969800	B	B	U	U
chr22	46006400	46006600	B	B	B	U
chr22	46250400	46250600	B	B	U	U
chr22	46296400	46296600	B	B	B	U
chr22	46296800	46297000	B	B	B	U
chr22	46563800	46564000	B	B	U	U
chr22	46599000	46599200	U	B	U	U
chr22	46797600	46797800	B	B	U	U
chr22	46878600	46878800	B	B	U	U
chr22	47169600	47169800	U	B	U	U
chr22	47434800	47435000	U	B	U	U
chr22	47435000	47435200	U	B	U	U
chr22	47626800	47627000	B	B	U	U
chr22	47776600	47776800	U	B	U	U
chr22	48943800	48944000	B	B	U	U
chr22	49046800	49047000	B	B	B	U
chr22	49305200	49305400	B	B	B	U
chr22	49702000	49702200	U	B	U	U
chr22	49725000	49725200	B	B	B	U
chr22	49967200	49967400	U	B	U	U
chr22	50012600	50012800	B	B	B	U
chr22	50030200	50030400	B	B	B	U
chr22	50035600	50035800	U	B	U	U
chr22	50103000	50103200	B	B	B	U
chr22	50190400	50190600	B	B	B	U
chr22	50190600	50190800	B	B	B	U
chr22	50206800	50207000	U	B	U	U
chr22	50252400	50252600	B	B	B	U
chr22	50525600	50525800	B	B	B	U
chr22	50562800	50563000	B	B	B	U
chr22	50613600	50613800	B	B	U	U
chr22	50620600	50620800	B	B	U	U
chr22	50641800	50642000	U	B	U	U
chr22	50696600	50696800	U	B	U	U
chr22	10517800	10518000	U	U	U	U
chr22	10521400	10521600	U	U	U	U
chr22	10521800	10522000	U	U	U	U
chr22	10522000	10522200	U	U	U	U
chr22	10525200	10525400	U	U	U	U
chr22	10530000	10530200	U	U	U	U
chr22	10533400	10533600	U	U	U	U
chr22	10538000	10538200	U	U	U	U
chr22	10539400	10539600	U	U	U	U
chr22	10541400	10541600	U	U	U	U
chr22	10541600	10541800	U	U	U	U
chr22	10548000	10548200	U	U	U	U
chr22	10548600	10548800	U	U	U	U
chr22	10552600	10552800	U	U	U	U
chr22	10558200	10558400	U	U	U	U
chr22	10558600	10558800	U	U	U	U
chr22	10558800	10559000	U	U	U	U
chr22	10570800	10571000	U	U	U	U
chr22	10573000	10573200	U	U	U	U
chr22	10573600	10573800	U	U	U	U
chr22	10579600	10579800	U	U	U	U
chr22	10583400	10583600	U	U	U	U
chr22	10590800	10591000	U	U	U	U
chr22	10600600	10600800	U	U	U	U
chr22	10601200	10601400	U	U	U	U
chr22	10603000	10603200	U	U	U	U
chr22	10606600	10606800	U	U	U	U
chr22	10608800	10609000	U	U	U	U
chr22	10611200	10611400	U	U	U	U
chr22	10613800	10614000	U	U	U	U
chr22	10614800	10615000	U	U	U	U
chr22	10624600	10624800	U	U	U	U
chr22	10624800	10625000	U	U	U	U
chr22	10625400	10625600	U	U	U	U
chr22	10625600	10625800	U	U	U	U
chr22	10627800	10628000	U	U	U	U
chr22	10632600	10632800	U	U	U	U
chr22	10646600	10646800	U	U	U	U
chr22	10648000	10648200	U	U	U	U
chr22	10651800	10652000	U	U	U	U
chr22	10652400	10652600	U	U	U	U
chr22	10659600	10659800	U	U	U	U
chr22	10660200	10660400	U	U	U	U
chr22	10660400	10660600	U	U	U	U
chr22	10664600	10664800	U	U	U	U
chr22	10679000	10679200	U	U	U	U
chr22	10685600	10685800	U	U	U	U
chr22	10690200	10690400	U	U	U	U
chr22	10695600	10695800	U	U	U	U
chr22	10695800	10696000	U	U	U	U
chr22	10697000	10697200	U	U	U	U
chr22	10698400	10698600	U	U	U	U
chr22	10703000	10703200	U	U	U	U
chr22	10703200	10703400	U	U	U	U
chr22	10703600	10703800	U	U	U	U
chr22	10706000	10706200	U	U	U	U
chr22	10706600	10706800	U	U	U	U
chr22	10706800	10707000	U	U	U	U
chr22	10708600	10708800	U	U	U	U
chr22	10709400	10709600	U	U	U	U
chr22	10710000	10710200	U	U	U	U
chr22	10716200	10716400	U	U	U	U
chr22	10736600	10736800	U	U	U	U
chr22	10739400	10739600	U	U	U	U
chr22	10740400	10740600	U	U	U	U
chr22	10740800	10741000	U	U	U	U
chr22	10741600	10741800	U	U	U	U
chr22	10741800	10742000	U	U	U	U
chr22	10748000	10748200	U	U	U	U
chr22	10749200	10749400	U	U	U	U
chr22	10751800	10752000	U	U	U	U
chr22	10752000	10752200	U	U	U	U
chr22	10753200	10753400	U	U	U	U
chr22	10753800	10754000	U	U	U	U
chr22	10756000	10756200	U	U	U	U
chr22	10762000	10762200	U	U	U	U
chr22	10778800	10779000	U	U	U	U
chr22	10779600	10779800	U	U	U	U
chr22	10836800	10837000	U	U	U	U
chr22	10856400	10856600	U	U	U	U
chr22	10857400	10857600	U	U	U	U
chr22	10861200	10861400	U	U	U	U
chr22	10866000	10866200	U	U	U	U
chr22	10867200	10867400	U	U	U	U
chr22	10870000	10870200	U	U	U	U
chr22	10870200	10870400	U	U	U	U
chr22	10871000	10871200	U	U	U	U
chr22	10872400	10872600	U	U	U	U
chr22	10873400	10873600	U	U	U	U
chr22	10873600	10873800	U	U	U	U
chr22	10937600	10937800	U	U	U	U
chr22	10940600	10940800	U	U	U	U
chr22	10942000	10942200	U	U	U	U
chr22	10948400	10948600	U	U	U	U
chr22	10952800	10953000	U	U	U	U
chr22	10954600	10954800	U	U	U	U
chr22	10961000	10961200	U	U	U	U
chr22	10961200	10961400	U	U	U	U
chr22	10961400	10961600	U	U	U	U
chr22	10964000	10964200	U	U	U	U
chr22	10966200	10966400	U	U	U	U
chr22	11018200	11018400	U	U	U	U
chr22	11020800	11021000	U	U	U	U
chr22	11028800	11029000	U	U	U	U
chr22	11046200	11046400	U	U	U	U
chr22	11055800	11056000	B	U	U	U
chr22	11141000	11141200	U	U	U	U
chr22	11144400	11144600	U	U	U	U
chr22	11158400	11158600	U	U	U	U
chr22	11158600	11158800	U	U	U	U
chr22	11159200	11159400	U	U	U	U
chr22	11247400	11247600	U	U	U	U
chr22	11249800	11250000	U	U	U	U
chr22	11250000	11250200	U	U	U	U
chr22	11253000	11253200	U	U	U	U
chr22	11254400	11254600	U	U	U	U
chr22	11259000	11259200	U	U	U	U
chr22	11259600	11259800	U	U	U	U
chr22	11260200	11260400	U	U	U	U
chr22	11261000	11261200	U	U	U	U
chr22	11262600	11262800	U	U	U	U
chr22	11272200	11272400	U	U	U	U
chr22	11277000	11277200	U	U	U	U
chr22	11277200	11277400	U	U	U	U
chr22	11279400	11279600	U	U	U	U
chr22	11279800	11280000	U	U	U	U
chr22	11280200	11280400	U	U	U	U
chr22	11282800	11283000	U	U	U	U
chr22	11286400	11286600	U	U	U	U
chr22	11297000	11297200	U	U	U	U
chr22	11297400	11297600	U	U	U	U
chr22	11303800	11304000	U	U	U	U
chr22	11304000	11304200	U	U	U	U
chr22	11304200	11304400	U	U	U	U
chr22	11308600	11308800	U	U	U	U
chr22	11315400	11315600	U	U	U	U
chr22	11315600	11315800	U	U	U	U
chr22	11326400	11326600	U	U	U	U
chr22	11350200	11350400	U	U	U	U
chr22	11355000	11355200	U	U	U	U
chr22	11355400	11355600	U	U	U	U
chr22	11356600	11356800	U	U	U	U
chr22	11474800	11475000	U	U	U	U
chr22	11490400	11490600	U	U	U	U
chr22	11564400	11564600	U	U	U	U
chr22	11564800	11565000	U	U	U	U
chr22	11578600	11578800	U	U	U	U
chr22	11585000	11585200	U	U	U	U
chr22	11585800	11586000	U	U	U	U
chr22	11602800	11603000	U	U	U	U
chr22	11603200	11603400	U	U	U	U
chr22	11603800	11604000	U	U	U	U
chr22	11604600	11604800	U	U	U	U
chr22	11611200	11611400	U	U	U	U
chr22	11620600	11620800	U	U	U	U
chr22	11624400	11624600	U	U	U	U
chr22	11628400	11628600	U	U	U	U
chr22	11628600	11628800	U	U	U	U
chr22	11692400	11692600	U	U	U	U
chr22	11693400	11693600	U	U	U	U
chr22	11694200	11694400	U	U	U	U
chr22	11702800	11703000	U	U	U	U
chr22	11775000	11775200	U	U	U	U
chr22	11776000	11776200	U	U	U	U
chr22	11781600	11781800	U	U	U	U
chr22	11785600	11785800	U	U	U	U
chr22	11817600	11817800	U	U	U	U
chr22	11829200	11829400	U	U	U	U
chr22	11829400	11829600	U	U	U	U
chr22	11842200	11842400	U	U	U	U
chr22	11855000	11855200	U	U	U	U
chr22	11855400	11855600	U	U	U	U
chr22	11860200	11860400	U	U	U	U
chr22	11865600	11865800	U	U	U	U
chr22	11865800	11866000	U	U	U	U
chr22	11875600	11875800	U	U	U	U
chr22	11876400	11876600	U	U	U	U
chr22	11878200	11878400	U	U	U	U
chr22	11884800	11885000	U	U	U	U
chr22	11885000	11885200	U	U	U	U
chr22	11885200	11885400	U	U	U	U
chr22	11885600	11885800	U	U	U	U
chr22	11888800	11889000	U	U	U	U
chr22	11890000	11890200	U	U	U	U
chr22	11893600	11893800	U	U	U	U
chr22	11905000	11905200	U	U	U	U
chr22	11905400	11905600	U	U	U	U
chr22	11911400	11911600	U	U	U	U
chr22	11924400	11924600	U	U	U	U
chr22	11931200	11931400	U	U	U	U
chr22	11931400	11931600	U	U	U	U
chr22	11932800	11933000	U	U	U	U
chr22	11934600	11934800	U	U	U	U
chr22	11973200	11973400	U	U	U	U
chr22	11973600	11973800	U	U	U	U
chr22	12028600	12028800	U	U	U	U
chr22	12037600	12037800	U	U	U	U
chr22	12038400	12038600	U	U	U	U
chr22	12038600	12038800	U	U	U	U
chr22	12040000	12040200	U	U	U	U
chr22	12040600	12040800	U	U	U	U
chr22	12041800	12042000	U	U	U	U
chr22	12048400	12048600	U	U	U	U
chr22	12048600	12048800	U	U	U	U
chr22	12055600	12055800	U	U	U	U
chr22	12056200	12056400	U	U	U	U
chr22	12056600	12056800	U	U	U	U
chr22	12057600	12057800	U	U	U	U
chr22	12064400	12064600	U	U	U	U
chr22	12070000	12070200	U	U	U	U
chr22	12078000	12078200	U	U	U	U
chr22	12090000	12090200	U	U	U	U
chr22	12096000	12096200	U	U	U	U
chr22	12097000	12097200	U	U	U	U
chr22	12097600	12097800	U	U	U	U
chr22	12097800	12098000	U	U	U	U
chr22	12098200	12098400	U	U	U	U
chr22	12098400	12098600	U	U	U	U
chr22	12126800	12127000	U	U	U	U
chr22	12130200	12130400	U	U	U	U
chr22	12130400	12130600	U	U	U	U
chr22	12136600	12136800	U	U	U	U
chr22	12144400	12144600	U	U	U	U
chr22	12144600	12144800	U	U	U	U
chr22	12145400	12145600	U	U	U	U
chr22	12162600	12162800	U	U	U	U
chr22	12162800	12163000	U	U	U	U
chr22	12170800	12171000	U	U	U	U
chr22	12171000	12171200	U	U	U	U
chr22	12173600	12173800	U	U	U	U
chr22	12178000	12178200	U	U	U	U
chr22	12184800	12185000	U	U	U	U
chr22	12197600	12197800	U	U	U	U
chr22	12206400	12206600	U	U	U	U
chr22	12217800	12218000	U	U	U	U
chr22	12219800	12220000	U	U	U	U
chr22	12220000	12220200	U	U	U	U
chr22	12220200	12220400	U	U	U	U
chr22	12222400	12222600	U	U	U	U
chr22	12222600	12222800	U	U	U	U
chr22	12224200	12224400	U	U	U	U
chr22	12287200	12287400	U	U	U	U
chr22	12287800	12288000	U	U	U	U
chr22	12289200	12289400	U	U	U	U
chr22	12292000	12292200	U	U	U	U
chr22	12298800	12299000	U	U	U	U
chr22	12307000	12307200	U	U	U	U
chr22	12307200	12307400	U	U	U	U
chr22	12308400	12308600	U	U	U	U
chr22	12308800	12309000	U	U	U	U
chr22	12309000	12309200	U	U	U	U
chr22	12552000	12552200	U	U	U	U
chr22	12552800	12553000	U	U	U	U
chr22	12557400	12557600	U	U	U	U
chr22	12568400	12568600	U	U	U	U
chr22	12569400	12569600	U	U	U	U
chr22	12572600	12572800	U	U	U	U
chr22	12574800	12575000	U	U	U	U
chr22	12575400	12575600	U	U	U	U
chr22	12579800	12580000	U	U	U	U
chr22	12580600	12580800	U	U	U	U
chr22	12583600	12583800	U	U	U	U
chr22	12600600	12600800	U	U	U	U
chr22	12601600	12601800	B	U	U	U
chr22	12602400	12602600	B	U	U	U
chr22	12603200	12603400	U	U	U	U
chr22	12605000	12605200	U	U	U	U
chr22	12605200	12605400	U	U	U	U
chr22	12609600	12609800	U	U	U	U
chr22	12616400	12616600	U	U	U	U
chr22	12617000	12617200	U	U	U	U
chr22	12617400	12617600	U	U	U	U
chr22	12619600	12619800	U	U	U	U
chr22	12620000	12620200	U	U	U	U
chr22	12622800	12623000	U	U	U	U
chr22	12624600	12624800	U	U	U	U
chr22	12625600	12625800	U	U	U	U
chr22	12626000	12626200	U	U	U	U
chr22	12626200	12626400	U	U	U	U
chr22	12627200	12627400	U	U	U	U
chr22	12630200	12630400	U	U	U	U
chr22	12630600	12630800	U	U	U	U
chr22	12631000	12631200	U	U	U	U
chr22	12696200	12696400	U	U	U	U
chr22	12703800	12704000	U	U	U	U
chr22	12704400	12704600	U	U	U	U
chr22	12705800	12706000	U	U	U	U
chr22	12708000	12708200	U	U	U	U
chr22	12708600	12708800	U	U	U	U
chr22	12710200	12710400	U	U	U	U
chr22	12711200	12711400	U	U	U	U
chr22	12714000	12714200	U	U	U	U
chr22	12715400	12715600	U	U	U	U
chr22	12717200	12717400	U	U	U	U
chr22	12717400	12717600	U	U	U	U
chr22	12718400	12718600	U	U	U	U
chr22	12724000	12724200	U	U	U	U
chr22	12794600	12794800	U	U	U	U
chr22	12868800	12869000	U	U	U	U
chr22	12882200	12882400	U	U	U	U
chr22	12884400	12884600	U	U	U	U
chr22	12884800	12885000	U	U	U	U
chr22	12889800	12890000	U	U	U	U
chr22	12890400	12890600	U	U	U	U
chr22	12891000	12891200	U	U	U	U
chr22	12892600	12892800	U	U	U	U
chr22	12893000	12893200	U	U	U	U
chr22	12893200	12893400	U	U	U	U
chr22	12893400	12893600	U	U	U	U
chr22	12899000	12899200	U	U	U	U
chr22	15221600	15221800	U	U	U	U
chr22	15222600	15222800	U	U	U	U
chr22	15228200	15228400	U	U	U	U
chr22	15228400	15228600	U	U	U	U
chr22	15230600	15230800	U	U	U	U
chr22	15230800	15231000	U	U	U	U
chr22	15235200	15235400	U	U	U	U
chr22	15236200	15236400	U	U	U	U
chr22	15244600	15244800	U	U	U	U
chr22	15247600	15247800	U	U	U	U
chr22	15254600	15254800	U	U	U	U
chr22	15263400	15263600	U	U	U	U
chr22	15264800	15265000	U	U	U	U
chr22	15265200	15265400	U	U	U	U
chr22	15267200	15267400	U	U	U	U
chr22	15269000	15269200	U	U	U	U
chr22	15271400	15271600	U	U	U	U
chr22	15272600	15272800	U	U	U	U
chr22	15273400	15273600	U	U	U	U
chr22	15292200	15292400	U	U	U	U
chr22	15305000	15305200	U	U	U	U
chr22	15308200	15308400	U	U	U	U
chr22	15309800	15310000	U	U	U	U
chr22	15313000	15313200	U	U	U	U
chr22	15313600	15313800	U	U	U	U
chr22	15315000	15315200	U	U	U	U
chr22	15322400	15322600	U	U	U	U
chr22	15323200	15323400	U	U	U	U
chr22	15323400	15323600	U	U	U	U
chr22	15325000	15325200	U	U	U	U
chr22	15342200	15342400	U	U	U	U
chr22	15344000	15344200	U	U	U	U
chr22	15345000	15345200	U	U	U	U
chr22	15345200	15345400	U	U	U	U
chr22	15346400	15346600	U	U	U	U
chr22	15346600	15346800	U	U	U	U
chr22	15349600	15349800	U	U	U	U
chr22	15350000	15350200	U	U	U	U
chr22	15351000	15351200	U	U	U	U
chr22	15473600	15473800	U	U	U	U
chr22	15476600	15476800	U	U	U	U
chr22	15479800	15480000	U	U	U	U
chr22	15486800	15487000	U	U	U	U
chr22	15505200	15505400	U	U	U	U
chr22	15505600	15505800	U	U	U	U
chr22	15507800	15508000	U	U	U	U
chr22	15513400	15513600	U	U	U	U
chr22	15514800	15515000	U	U	U	U
chr22	15515800	15516000	U	U	U	U
chr22	15516800	15517000	U	U	U	U
chr22	15524200	15524400	U	U	U	U
chr22	15527800	15528000	U	U	U	U
chr22	15529000	15529200	U	U	U	U
chr22	15530800	15531000	U	U	U	U
chr22	15540600	15540800	U	U	U	U
chr22	15541400	15541600	U	U	U	U
chr22	15543000	15543200	U	U	U	U
chr22	15549200	15549400	U	U	U	U
chr22	15549400	15549600	U	U	U	U
chr22	15558200	15558400	U	U	U	U
chr22	15560000	15560200	U	U	U	U
chr22	15560200	15560400	U	U	U	U
chr22	15561200	15561400	U	U	U	U
chr22	15561400	15561600	U	U	U	U
chr22	15562600	15562800	U	U	U	U
chr22	15563200	15563400	U	U	U	U
chr22	15564200	15564400	U	U	U	U
chr22	15564800	15565000	U	U	U	U
chr22	15565400	15565600	U	U	U	U
chr22	15571000	15571200	U	U	U	U
chr22	15571200	15571400	U	U	U	U
chr22	15572200	15572400	U	U	U	U
chr22	15572600	15572800	U	U	U	U
chr22	15577600	15577800	U	U	U	U
chr22	15601800	15602000	U	U	U	U
chr22	15603600	15603800	U	U	U	U
chr22	15611400	15611600	U	U	U	U
chr22	15612000	15612200	U	U	U	U
chr22	15613200	15613400	U	U	U	U
chr22	15615200	15615400	U	U	U	U
chr22	15622800	15623000	U	U	U	U
chr22	15623600	15623800	U	U	U	U
chr22	15624600	15624800	U	U	U	U
chr22	15624800	15625000	U	U	U	U
chr22	15626600	15626800	U	U	U	U
chr22	15627600	15627800	U	U	U	U
chr22	15629800	15630000	U	U	U	U
chr22	15630400	15630600	U	U	U	U
chr22	15630600	15630800	U	U	U	U
chr22	15630800	15631000	U	U	U	U
chr22	15631400	15631600	U	U	U	U
chr22	15632200	15632400	U	U	U	U
chr22	15633000	15633200	U	U	U	U
chr22	15636000	15636200	U	U	U	U
chr22	15636800	15637000	U	U	U	U
chr22	15637200	15637400	U	U	U	U
chr22	15646200	15646400	U	U	U	U
chr22	15648200	15648400	U	U	U	U
chr22	15648400	15648600	U	U	U	U
chr22	15652200	15652400	U	U	U	U
chr22	15667800	15668000	U	U	U	U
chr22	15668600	15668800	U	U	U	U
chr22	15680400	15680600	U	U	U	U
chr22	15686000	15686200	U	U	U	U
chr22	15687400	15687600	U	U	U	U
chr22	15689000	15689200	U	U	U	U
chr22	15693000	15693200	U	U	U	U
chr22	15693600	15693800	U	U	U	U
chr22	15698600	15698800	U	U	U	U
chr22	15701200	15701400	U	U	U	U
chr22	15709000	15709200	U	U	U	U
chr22	15709200	15709400	U	U	U	U
chr22	15710400	15710600	U	U	U	U
chr22	15716000	15716200	U	U	U	U
chr22	15719600	15719800	U	U	U	U
chr22	15720600	15720800	U	U	U	U
chr22	15721600	15721800	U	U	U	U
chr22	15722800	15723000	U	U	U	U
chr22	15736800	15737000	U	U	U	U
chr22	15745000	15745200	U	U	U	U
chr22	15748800	15749000	U	U	U	U
chr22	15749400	15749600	U	U	U	U
chr22	15749600	15749800	U	U	U	U
chr22	15759800	15760000	U	U	U	U
chr22	15760800	15761000	U	U	U	U
chr22	15761800	15762000	U	U	U	U
chr22	15762400	15762600	U	U	U	U
chr22	15763400	15763600	U	U	U	U
chr22	15769400	15769600	U	U	U	U
chr22	15770400	15770600	U	U	U	U
chr22	15775800	15776000	B	U	U	U
chr22	15776200	15776400	B	U	U	U
chr22	15782200	15782400	U	U	U	U
chr22	15782400	15782600	U	U	U	U
chr22	15782600	15782800	U	U	U	U
chr22	15783000	15783200	U	U	U	U
chr22	15784800	15785000	B	U	U	U
chr22	15785000	15785200	B	U	U	U
chr22	15795200	15795400	U	U	U	U
chr22	15795600	15795800	U	U	U	U
chr22	15797000	15797200	U	U	U	U
chr22	15797400	15797600	U	U	U	U
chr22	15797600	15797800	U	U	U	U
chr22	15797800	15798000	U	U	U	U
chr22	15798000	15798200	U	U	U	U
chr22	15798400	15798600	U	U	U	U
chr22	15806400	15806600	U	U	U	U
chr22	15814400	15814600	U	U	U	U
chr22	15814800	15815000	U	U	U	U
chr22	15816600	15816800	U	U	U	U
chr22	15817400	15817600	U	U	U	U
chr22	15817600	15817800	B	U	U	U
chr22	15819400	15819600	U	U	U	U
chr22	15819800	15820000	U	U	U	U
chr22	15824400	15824600	U	U	U	U
chr22	15825800	15826000	U	U	U	U
chr22	15836800	15837000	U	U	U	U
chr22	15841600	15841800	U	U	U	U
chr22	15844400	15844600	U	U	U	U
chr22	15844800	15845000	U	U	U	U
chr22	15845000	15845200	U	U	U	U
chr22	15845200	15845400	U	U	U	U
chr22	15853800	15854000	U	U	U	U
chr22	15856600	15856800	U	U	U	U
chr22	15857800	15858000	U	U	U	U
chr22	15859800	15860000	U	U	U	U
chr22	15860600	15860800	U	U	U	U
chr22	15863400	15863600	U	U	U	U
chr22	15866600	15866800	U	U	U	U
chr22	15871200	15871400	U	U	U	U
chr22	15871400	15871600	U	U	U	U
chr22	15875000	15875200	U	U	U	U
chr22	15876200	15876400	U	U	U	U
chr22	15876600	15876800	U	U	U	U
chr22	15876800	15877000	U	U	U	U
chr22	15878400	15878600	U	U	U	U
chr22	15883200	15883400	U	U	U	U
chr22	15887200	15887400	U	U	U	U
chr22	15888000	15888200	U	U	U	U
chr22	15893600	15893800	U	U	U	U
chr22	15895400	15895600	U	U	U	U
chr22	15896600	15896800	U	U	U	U
chr22	15899800	15900000	U	U	U	U
chr22	15900600	15900800	U	U	U	U
chr22	15901000	15901200	U	U	U	U
chr22	15901400	15901600	U	U	U	U
chr22	15901800	15902000	U	U	U	U
chr22	15904200	15904400	U	U	U	U
chr22	15915200	15915400	U	U	U	U
chr22	15920400	15920600	U	U	U	U
chr22	15922200	15922400	U	U	U	U
chr22	15922600	15922800	U	U	U	U
chr22	15923200	15923400	U	U	U	U
chr22	15923800	15924000	U	U	U	U
chr22	15924400	15924600	U	U	U	U
chr22	15934600	15934800	U	U	U	U
chr22	15934800	15935000	U	U	U	U
chr22	16086600	16086800	U	U	U	U
chr22	16090200	16090400	U	U	U	U
chr22	16099000	16099200	U	U	U	U
chr22	16099200	16099400	U	U	U	U
chr22	16103400	16103600	U	U	U	U
chr22	16104400	16104600	U	U	U	U
chr22	16105000	16105200	U	U	U	U
chr22	16108600	16108800	U	U	U	U
chr22	16115400	16115600	U	U	U	U
chr22	16116000	16116200	U	U	U	U
chr22	16119600	16119800	U	U	U	U
chr22	16132800	16133000	U	U	U	U
chr22	16133200	16133400	U	U	U	U
chr22	16134200	16134400	U	U	U	U
chr22	16137000	16137200	U	U	U	U
chr22	16138600	16138800	U	U	U	U
chr22	16139400	16139600	U	U	U	U
chr22	16140400	16140600	U	U	U	U
chr22	16142000	16142200	U	U	U	U
chr22	16143400	16143600	U	U	U	U
chr22	16169200	16169400	U	U	U	U
chr22	16169400	16169600	U	U	U	U
chr22	16172400	16172600	U	U	U	U
chr22	16173000	16173200	U	U	U	U
chr22	16174200	16174400	U	U	U	U
chr22	16176200	16176400	U	U	U	U
chr22	16177800	16178000	U	U	U	U
chr22	16178800	16179000	U	U	U	U
chr22	16179400	16179600	U	U	U	U
chr22	16191400	16191600	U	U	U	U
chr22	16192800	16193000	U	U	U	U
chr22	16193600	16193800	U	U	U	U
chr22	16194600	16194800	U	U	U	U
chr22	16195000	16195200	U	U	U	U
chr22	16195200	16195400	U	U	U	U
chr22	16198200	16198400	U	U	U	U
chr22	16212800	16213000	U	U	U	U
chr22	16213400	16213600	U	U	U	U
chr22	16217800	16218000	U	U	U	U
chr22	16218000	16218200	U	U	U	U
chr22	16244000	16244200	U	U	U	U
chr22	16251400	16251600	U	U	U	U
chr22	16253400	16253600	U	U	U	U
chr22	16258200	16258400	U	U	U	U
chr22	16303200	16303400	U	U	U	U
chr22	16384600	16384800	U	U	U	U
chr22	16386400	16386600	U	U	U	U
chr22	16387600	16387800	U	U	U	U
chr22	16388200	16388400	U	U	U	U
chr22	16390200	16390400	U	U	U	U
chr22	16394000	16394200	U	U	U	U
chr22	16405200	16405400	U	U	U	U
chr22	16405600	16405800	U	U	U	U
chr22	16405800	16406000	U	U	U	U
chr22	16407600	16407800	U	U	U	U
chr22	16408200	16408400	U	U	U	U
chr22	16410400	16410600	U	U	U	U
chr22	16410600	16410800	U	U	U	U
chr22	16423600	16423800	U	U	U	U
chr22	16423800	16424000	U	U	U	U
chr22	16425200	16425400	U	U	U	U
chr22	16425400	16425600	U	U	U	U
chr22	16425600	16425800	U	U	U	U
chr22	16427600	16427800	U	U	U	U
chr22	16428600	16428800	U	U	U	U
chr22	16428800	16429000	U	U	U	U
chr22	16430800	16431000	U	U	U	U
chr22	16433200	16433400	U	U	U	U
chr22	16439400	16439600	U	U	U	U
chr22	16459400	16459600	U	U	U	U
chr22	16485600	16485800	U	U	U	U
chr22	16486400	16486600	U	U	U	U
chr22	16487000	16487200	U	U	U	U
chr22	16488000	16488200	U	U	U	U
chr22	16502800	16503000	U	U	U	U
chr22	16504000	16504200	U	U	U	U
chr22	16507600	16507800	U	U	U	U
chr22	16509000	16509200	U	U	U	U
chr22	16509200	16509400	U	U	U	U
chr22	16520200	16520400	U	U	U	U
chr22	16520400	16520600	U	U	U	U
chr22	16521200	16521400	U	U	U	U
chr22	16535400	16535600	U	U	U	U
chr22	16539400	16539600	U	U	U	U
chr22	16541200	16541400	U	U	U	U
chr22	16542600	16542800	U	U	U	U
chr22	16543600	16543800	U	U	B	U
chr22	16548200	16548400	U	U	U	U
chr22	16552400	16552600	U	U	U	U
chr22	16556800	16557000	U	U	U	U
chr22	16571600	16571800	U	U	U	U
chr22	16571800	16572000	U	U	U	U
chr22	16572800	16573000	U	U	U	U
chr22	16573200	16573400	U	U	U	U
chr22	16573800	16574000	U	U	U	U
chr22	16576400	16576600	U	U	U	U
chr22	16578000	16578200	U	U	U	U
chr22	16580600	16580800	U	U	U	U
chr22	16591400	16591600	U	U	U	U
chr22	16592000	16592200	B	U	U	U
chr22	16600600	16600800	U	U	U	U
chr22	16602600	16602800	B	U	U	U
chr22	16603200	16603400	B	U	U	U
chr22	16603400	16603600	B	U	U	U
chr22	16608400	16608600	U	U	U	U
chr22	16609400	16609600	U	U	U	U
chr22	16609600	16609800	U	U	U	U
chr22	16616000	16616200	B	U	U	U
chr22	16616800	16617000	B	U	U	U
chr22	16618400	16618600	U	U	U	U
chr22	16621400	16621600	U	U	U	U
chr22	16622400	16622600	U	U	U	U
chr22	16623400	16623600	U	U	U	U
chr22	16624000	16624200	U	U	U	U
chr22	16631200	16631400	U	U	U	U
chr22	16636200	16636400	U	U	U	U
chr22	16636800	16637000	U	U	U	U
chr22	16645800	16646000	U	U	U	U
chr22	16646600	16646800	U	U	U	U
chr22	16649200	16649400	U	U	U	U
chr22	16654400	16654600	U	U	U	U
chr22	16669800	16670000	U	U	U	U
chr22	16673600	16673800	U	U	U	U
chr22	16673800	16674000	U	U	U	U
chr22	16689600	16689800	U	U	U	U
chr22	16690000	16690200	U	U	U	U
chr22	16690200	16690400	U	U	U	U
chr22	16693400	16693600	U	U	U	U
chr22	16694400	16694600	U	U	U	U
chr22	16695200	16695400	U	U	U	U
chr22	16695800	16696000	U	U	U	U
chr22	16697200	16697400	U	U	U	U
chr22	16697400	16697600	U	U	U	U
chr22	16697600	16697800	U	U	U	U
chr22	16698400	16698600	U	U	U	U
chr22	16699200	16699400	U	U	U	U
chr22	16699800	16700000	U	U	U	U
chr22	16703600	16703800	U	U	U	U
chr22	16703800	16704000	U	U	U	U
chr22	16706200	16706400	U	U	U	U
chr22	16706800	16707000	U	U	U	U
chr22	16714200	16714400	U	U	U	U
chr22	16715000	16715200	U	U	U	U
chr22	16717200	16717400	U	U	U	U
chr22	16717600	16717800	B	U	U	U
chr22	16722400	16722600	U	U	U	U
chr22	16725600	16725800	U	U	U	U
chr22	16730400	16730600	U	U	U	U
chr22	16731800	16732000	U	U	U	U
chr22	16732200	16732400	U	U	U	U
chr22	16732800	16733000	U	U	U	U
chr22	16733200	16733400	U	U	U	U
chr22	16734800	16735000	U	U	U	U
chr22	16736600	16736800	U	U	U	U
chr22	16736800	16737000	U	U	U	U
chr22	16737600	16737800	U	U	U	U
chr22	16741200	16741400	U	U	U	U
chr22	16749200	16749400	U	U	U	U
chr22	16760600	16760800	U	U	U	U
chr22	16764600	16764800	U	U	U	U
chr22	16764800	16765000	U	U	U	U
chr22	16784600	16784800	U	U	U	U
chr22	16786400	16786600	U	U	U	U
chr22	16792400	16792600	U	U	U	U
chr22	16801800	16802000	U	U	U	U
chr22	16803000	16803200	U	U	U	U
chr22	16807400	16807600	U	U	U	U
chr22	16808200	16808400	U	U	U	U
chr22	16809200	16809400	U	U	U	U
chr22	16809400	16809600	U	U	U	U
chr22	16816000	16816200	U	U	U	U
chr22	16821200	16821400	U	U	U	U
chr22	16821800	16822000	U	U	U	U
chr22	16827400	16827600	U	U	U	U
chr22	16827600	16827800	U	U	U	U
chr22	16829000	16829200	U	U	U	U
chr22	16829200	16829400	U	U	U	U
chr22	16831600	16831800	U	U	U	U
chr22	16836600	16836800	U	U	U	U
chr22	16838800	16839000	U	U	U	U
chr22	16839000	16839200	U	U	U	U
chr22	16840800	16841000	U	U	U	U
chr22	16842600	16842800	U	U	U	U
chr22	16856200	16856400	U	U	U	U
chr22	16856800	16857000	U	U	U	U
chr22	16858000	16858200	U	U	U	U
chr22	16858200	16858400	U	U	U	U
chr22	16859200	16859400	U	U	U	U
chr22	16859600	16859800	U	U	U	U
chr22	16859800	16860000	U	U	U	U
chr22	16871200	16871400	U	U	U	U
chr22	16875400	16875600	U	U	U	U
chr22	16876800	16877000	U	U	U	U
chr22	16878400	16878600	U	U	U	U
chr22	16888200	16888400	U	U	U	U
chr22	16889800	16890000	U	U	U	U
chr22	16903600	16903800	U	U	U	U
chr22	16905200	16905400	U	U	U	U
chr22	16909200	16909400	U	U	U	U
chr22	16911200	16911400	U	U	U	U
chr22	16912000	16912200	U	U	U	U
chr22	16916200	16916400	U	U	U	U
chr22	16916400	16916600	U	U	U	U
chr22	16916800	16917000	U	U	U	U
chr22	16921400	16921600	U	U	U	U
chr22	16922200	16922400	U	U	U	U
chr22	16929800	16930000	U	U	U	U
chr22	16931600	16931800	U	U	U	U
chr22	16934800	16935000	U	U	U	U
chr22	16949400	16949600	U	U	U	U
chr22	16952400	16952600	U	U	U	U
chr22	16954200	16954400	U	U	U	U
chr22	16957600	16957800	U	U	U	U
chr22	16957800	16958000	U	U	U	U
chr22	16958200	16958400	U	U	U	U
chr22	16958400	16958600	U	U	U	U
chr22	16958600	16958800	U	U	U	U
chr22	16961200	16961400	U	U	U	U
chr22	16963800	16964000	U	U	U	U
chr22	16964600	16964800	U	U	U	U
chr22	16966400	16966600	U	U	U	U
chr22	16969200	16969400	U	U	U	U
chr22	16969400	16969600	U	U	U	U
chr22	16971800	16972000	U	U	U	U
chr22	16972000	16972200	U	U	U	U
chr22	16973600	16973800	U	U	U	U
chr22	16987600	16987800	U	U	U	U
chr22	16988400	16988600	U	U	U	U
chr22	16989400	16989600	U	U	U	U
chr22	16990000	16990200	U	U	U	U
chr22	16991800	16992000	U	U	U	U
chr22	17008600	17008800	B	U	U	U
chr22	17010000	17010200	B	U	U	U
chr22	17010600	17010800	U	U	U	U
chr22	17021800	17022000	U	U	U	U
chr22	17031800	17032000	U	U	U	U
chr22	17034600	17034800	U	U	U	U
chr22	17036600	17036800	B	U	U	U
chr22	17046400	17046600	U	U	U	U
chr22	17048200	17048400	U	U	U	U
chr22	17086600	17086800	U	U	U	U
chr22	17087800	17088000	U	U	U	U
chr22	17095200	17095400	U	U	U	U
chr22	17098800	17099000	B	U	U	U
chr22	17099200	17099400	U	U	U	U
chr22	17100800	17101000	U	U	U	U
chr22	17101600	17101800	U	U	U	U
chr22	17102000	17102200	U	U	U	U
chr22	17108000	17108200	U	U	U	U
chr22	17108800	17109000	U	U	U	U
chr22	17114600	17114800	U	U	U	U
chr22	17114800	17115000	U	U	U	U
chr22	17116200	17116400	U	U	U	U
chr22	17118000	17118200	U	U	U	U
chr22	17118200	17118400	U	U	U	U
chr22	17118400	17118600	U	U	U	U
chr22	17121800	17122000	U	U	U	U
chr22	17132000	17132200	B	U	U	U
chr22	17137400	17137600	U	U	U	U
chr22	17137600	17137800	U	U	U	U
chr22	17137800	17138000	U	U	U	U
chr22	17141000	17141200	U	U	U	U
chr22	17149600	17149800	U	U	U	U
chr22	17159200	17159400	B	U	U	U
chr22	17159600	17159800	B	U	U	U
chr22	17168800	17169000	U	U	U	U
chr22	17181800	17182000	U	U	U	U
chr22	17185600	17185800	U	U	U	U
chr22	17185800	17186000	U	U	U	U
chr22	17189400	17189600	U	U	U	U
chr22	17190800	17191000	U	U	U	U
chr22	17203800	17204000	U	U	U	U
chr22	17209400	17209600	U	U	U	U
chr22	17221800	17222000	U	U	U	U
chr22	17222200	17222400	U	U	U	U
chr22	17234000	17234200	U	U	U	U
chr22	17240600	17240800	U	U	U	U
chr22	17242000	17242200	U	U	U	U
chr22	17243800	17244000	U	U	U	U
chr22	17257600	17257800	U	U	U	U
chr22	17266600	17266800	U	U	U	U
chr22	17269200	17269400	U	U	U	U
chr22	17269800	17270000	U	U	U	U
chr22	17273000	17273200	U	U	U	U
chr22	17285000	17285200	U	U	U	U
chr22	17286800	17287000	U	U	U	U
chr22	17288200	17288400	U	U	U	U
chr22	17288400	17288600	U	U	U	U
chr22	17288600	17288800	U	U	U	U
chr22	17300600	17300800	U	U	U	U
chr22	17304200	17304400	U	U	U	U
chr22	17304400	17304600	U	U	U	U
chr22	17310000	17310200	U	U	U	U
chr22	17314800	17315000	U	U	U	U
chr22	17332000	17332200	U	U	U	U
chr22	17334400	17334600	U	U	U	U
chr22	17346400	17346600	U	U	U	U
chr22	17347800	17348000	U	U	U	U
chr22	17358600	17358800	U	U	U	U
chr22	17366600	17366800	B	U	U	U
chr22	17371600	17371800	U	U	U	U
chr22	17372000	17372200	U	U	U	U
chr22	17372800	17373000	U	U	U	U
chr22	17380200	17380400	U	U	U	U
chr22	17381000	17381200	U	U	U	U
chr22	17396800	17397000	U	U	U	U
chr22	17408600	17408800	U	U	U	U
chr22	17411200	17411400	U	U	U	U
chr22	17414800	17415000	U	U	U	U
chr22	17415000	17415200	U	U	U	U
chr22	17415800	17416000	U	U	U	U
chr22	17419000	17419200	U	U	U	U
chr22	17419200	17419400	U	U	U	U
chr22	17420000	17420200	U	U	U	U
chr22	17420200	17420400	U	U	U	U
chr22	17424800	17425000	U	U	U	U
chr22	17425000	17425200	U	U	U	U
chr22	17430400	17430600	U	U	U	U
chr22	17434600	17434800	U	U	U	U
chr22	17437400	17437600	U	U	U	U
chr22	17437800	17438000	U	U	U	U
chr22	17440000	17440200	U	U	U	U
chr22	17441600	17441800	U	U	U	U
chr22	17448400	17448600	U	U	U	U
chr22	17449800	17450000	U	U	U	U
chr22	17458800	17459000	U	U	U	U
chr22	17472600	17472800	U	U	U	U
chr22	17474000	17474200	U	U	U	U
chr22	17475000	17475200	U	U	U	U
chr22	17478000	17478200	U	U	U	U
chr22	17479000	17479200	U	U	U	U
chr22	17479200	17479400	U	U	U	U
chr22	17491800	17492000	U	U	U	U
chr22	17493600	17493800	U	U	U	U
chr22	17495000	17495200	U	U	U	U
chr22	17496600	17496800	U	U	U	U
chr22	17497600	17497800	U	U	U	U
chr22	17500400	17500600	U	U	U	U
chr22	17503200	17503400	U	U	U	U
chr22	17511400	17511600	U	U	U	U
chr22	17511800	17512000	U	U	U	U
chr22	17518000	17518200	U	U	U	U
chr22	17518400	17518600	U	U	U	U
chr22	17522200	17522400	U	U	U	U
chr22	17536600	17536800	U	U	U	U
chr22	17536800	17537000	U	U	U	U
chr22	17548200	17548400	B	U	U	U
chr22	17548800	17549000	B	U	U	U
chr22	17555000	17555200	U	U	U	U
chr22	17555200	17555400	U	U	U	U
chr22	17562800	17563000	B	U	U	U
chr22	17582600	17582800	U	U	U	U
chr22	17583400	17583600	U	U	U	U
chr22	17586000	17586200	U	U	U	U
chr22	17589600	17589800	U	U	U	U
chr22	17592400	17592600	U	U	U	U
chr22	17598000	17598200	U	U	U	U
chr22	17598200	17598400	U	U	U	U
chr22	17604000	17604200	U	U	U	U
chr22	17608200	17608400	U	U	U	U
chr22	17611200	17611400	U	U	U	U
chr22	17612400	17612600	U	U	U	U
chr22	17613200	17613400	U	U	U	U
chr22	17613400	17613600	U	U	U	U
chr22	17645600	17645800	U	U	U	U
chr22	17682600	17682800	U	U	U	U
chr22	17683200	17683400	U	U	U	U
chr22	17688400	17688600	U	U	U	U
chr22	17689200	17689400	U	U	U	U
chr22	17703600	17703800	U	U	U	U
chr22	17704800	17705000	U	U	U	U
chr22	17706600	17706800	B	U	U	U
chr22	17707200	17707400	U	U	U	U
chr22	17712600	17712800	U	U	U	U
chr22	17715600	17715800	U	U	U	U
chr22	17716600	17716800	U	U	U	U
chr22	17729000	17729200	U	U	U	U
chr22	17729800	17730000	U	U	U	U
chr22	17732600	17732800	U	U	U	U
chr22	17734800	17735000	U	U	U	U
chr22	17738400	17738600	U	U	U	U
chr22	17739000	17739200	U	U	U	U
chr22	17744600	17744800	U	U	U	U
chr22	17763800	17764000	U	U	U	U
chr22	17769200	17769400	U	U	U	U
chr22	17781000	17781200	U	U	U	U
chr22	17782000	17782200	U	U	U	U
chr22	17782600	17782800	U	U	U	U
chr22	17783200	17783400	U	U	U	U
chr22	17783400	17783600	U	U	U	U
chr22	17783600	17783800	U	U	U	U
chr22	17785000	17785200	B	U	U	U
chr22	17786000	17786200	U	U	U	U
chr22	17787000	17787200	B	U	U	U
chr22	17787200	17787400	B	U	U	U
chr22	17788800	17789000	B	U	U	U
chr22	17790200	17790400	U	U	U	U
chr22	17790600	17790800	U	U	U	U
chr22	17790800	17791000	U	U	U	U
chr22	17791600	17791800	U	U	U	U
chr22	17792600	17792800	B	U	B	U
chr22	17794000	17794200	U	U	U	U
chr22	17795200	17795400	U	U	U	U
chr22	17800000	17800200	U	U	U	U
chr22	17800200	17800400	U	U	U	U
chr22	17804800	17805000	U	U	U	U
chr22	17806800	17807000	U	U	U	U
chr22	17807400	17807600	U	U	U	U
chr22	17815400	17815600	U	U	U	U
chr22	17815800	17816000	B	U	U	U
chr22	17816800	17817000	U	U	U	U
chr22	17817000	17817200	U	U	U	U
chr22	17817400	17817600	U	U	U	U
chr22	17818400	17818600	U	U	B	U
chr22	17819400	17819600	U	U	U	U
chr22	17822000	17822200	U	U	U	U
chr22	17822200	17822400	U	U	U	U
chr22	17824000	17824200	U	U	U	U
chr22	17826200	17826400	U	U	U	U
chr22	17827600	17827800	U	U	U	U
chr22	17830400	17830600	B	U	U	U
chr22	17831000	17831200	U	U	U	U
chr22	17831400	17831600	U	U	U	U
chr22	17832200	17832400	U	U	U	U
chr22	17835400	17835600	U	U	U	U
chr22	17837400	17837600	U	U	U	U
chr22	17841000	17841200	U	U	U	U
chr22	17841600	17841800	U	U	U	U
chr22	17842200	17842400	U	U	U	U
chr22	17842400	17842600	U	U	U	U
chr22	17844800	17845000	U	U	U	U
chr22	17848800	17849000	U	U	U	U
chr22	17850200	17850400	U	U	U	U
chr22	17852000	17852200	U	U	U	U
chr22	17854800	17855000	U	U	U	U
chr22	17855000	17855200	U	U	U	U
chr22	17858600	17858800	U	U	U	U
chr22	17860600	17860800	U	U	U	U
chr22	17862800	17863000	U	U	U	U
chr22	17863200	17863400	U	U	U	U
chr22	17863400	17863600	U	U	U	U
chr22	17864400	17864600	U	U	U	U
chr22	17864600	17864800	U	U	U	U
chr22	17864800	17865000	U	U	U	U
chr22	17865400	17865600	U	U	U	U
chr22	17866200	17866400	U	U	U	U
chr22	17867600	17867800	B	U	U	U
chr22	17867800	17868000	B	U	U	U
chr22	17868800	17869000	U	U	U	U
chr22	17869400	17869600	U	U	U	U
chr22	17870000	17870200	U	U	U	U
chr22	17870200	17870400	U	U	U	U
chr22	17870600	17870800	U	U	U	U
chr22	17872200	17872400	U	U	U	U
chr22	17872600	17872800	U	U	U	U
chr22	17872800	17873000	U	U	U	U
chr22	17874200	17874400	U	U	U	U
chr22	17875400	17875600	U	U	U	U
chr22	17879000	17879200	U	U	U	U
chr22	17879800	17880000	U	U	U	U
chr22	17880800	17881000	U	U	U	U
chr22	17881000	17881200	U	U	U	U
chr22	17882600	17882800	U	U	U	U
chr22	17884000	17884200	U	U	U	U
chr22	17884200	17884400	U	U	U	U
chr22	17884600	17884800	U	U	U	U
chr22	17887400	17887600	U	U	U	U
chr22	17890000	17890200	U	U	U	U
chr22	17891400	17891600	U	U	U	U
chr22	17891600	17891800	U	U	B	U
chr22	17892200	17892400	B	U	U	U
chr22	17895400	17895600	U	U	U	U
chr22	17896000	17896200	U	U	U	U
chr22	17897800	17898000	U	U	U	U
chr22	17898000	17898200	U	U	U	U
chr22	17898200	17898400	U	U	U	U
chr22	17898600	17898800	U	U	U	U
chr22	17899600	17899800	U	U	U	U
chr22	17901800	17902000	U	U	U	U
chr22	17903800	17904000	U	U	U	U
chr22	17904000	17904200	U	U	U	U
chr22	17904800	17905000	U	U	U	U
chr22	17908600	17908800	U	U	U	U
chr22	17908800	17909000	U	U	U	U
chr22	17909800	17910000	U	U	U	U
chr22	17913600	17913800	U	U	U	U
chr22	17919600	17919800	U	U	U	U
chr22	17922000	17922200	B	U	U	U
chr22	17926200	17926400	U	U	U	U
chr22	17927600	17927800	U	U	U	U
chr22	17927800	17928000	U	U	U	U
chr22	17931600	17931800	U	U	U	U
chr22	17942200	17942400	U	U	U	U
chr22	17942400	17942600	U	U	U	U
chr22	17942800	17943000	U	U	U	U
chr22	17945400	17945600	U	U	U	U
chr22	17953200	17953400	U	U	U	U
chr22	17955800	17956000	U	U	U	U
chr22	17957200	17957400	U	U	U	U
chr22	17958000	17958200	U	U	U	U
chr22	17958200	17958400	U	U	U	U
chr22	17960600	17960800	U	U	U	U
chr22	17964800	17965000	U	U	U	U
chr22	17970000	17970200	B	U	U	U
chr22	17970600	17970800	U	U	U	U
chr22	17971600	17971800	U	U	U	U
chr22	17975000	17975200	U	U	U	U
chr22	17975400	17975600	U	U	U	U
chr22	17975600	17975800	U	U	U	U
chr22	17980400	17980600	B	U	B	U
chr22	17986600	17986800	U	U	U	U
chr22	17987400	17987600	U	U	U	U
chr22	17988000	17988200	U	U	U	U
chr22	17990200	17990400	U	U	U	U
chr22	17990800	17991000	U	U	U	U
chr22	17992000	17992200	U	U	U	U
chr22	17992200	17992400	U	U	U	U
chr22	18000000	18000200	U	U	U	U
chr22	18021200	18021400	U	U	U	U
chr22	18021800	18022000	U	U	U	U
chr22	18022000	18022200	U	U	U	U
chr22	18022200	18022400	U	U	U	U
chr22	18024200	18024400	B	U	U	U
chr22	18031600	18031800	U	U	U	U
chr22	18031800	18032000	U	U	U	U
chr22	18033400	18033600	U	U	U	U
chr22	18034200	18034400	U	U	U	U
chr22	18036000	18036200	U	U	U	U
chr22	18036200	18036400	U	U	U	U
chr22	18036400	18036600	U	U	U	U
chr22	18044200	18044400	U	U	U	U
chr22	18045200	18045400	U	U	U	U
chr22	18050600	18050800	U	U	U	U
chr22	18050800	18051000	U	U	U	U
chr22	18056200	18056400	B	U	U	U
chr22	18057000	18057200	U	U	U	U
chr22	18058200	18058400	U	U	U	U
chr22	18061400	18061600	U	U	U	U
chr22	18065800	18066000	U	U	U	U
chr22	18066400	18066600	U	U	U	U
chr22	18077400	18077600	B	U	U	U
chr22	18078200	18078400	B	U	U	U
chr22	18079200	18079400	U	U	U	U
chr22	18083600	18083800	U	U	U	U
chr22	18091800	18092000	U	U	U	U
chr22	18092200	18092400	U	U	U	U
chr22	18094000	18094200	U	U	U	U
chr22	18099200	18099400	U	U	U	U
chr22	18102000	18102200	U	U	U	U
chr22	18103600	18103800	U	U	U	U
chr22	18104800	18105000	U	U	U	U
chr22	18111200	18111400	U	U	U	U
chr22	18112600	18112800	U	U	U	U
chr22	18112800	18113000	U	U	U	U
chr22	18113000	18113200	U	U	U	U
chr22	18113400	18113600	U	U	U	U
chr22	18114200	18114400	U	U	U	U
chr22	18114600	18114800	U	U	U	U
chr22	18116000	18116200	U	U	U	U
chr22	18119800	18120000	U	U	U	U
chr22	18121000	18121200	U	U	U	U
chr22	18121400	18121600	U	U	U	U
chr22	18121800	18122000	U	U	U	U
chr22	18126400	18126600	U	U	U	U
chr22	18126600	18126800	U	U	U	U
chr22	18130000	18130200	U	U	U	U
chr22	18130800	18131000	U	U	U	U
chr22	18131200	18131400	U	U	U	U
chr22	18133200	18133400	U	U	U	U
chr22	18133600	18133800	U	U	U	U
chr22	18144200	18144400	U	U	U	U
chr22	18148000	18148200	U	U	U	U
chr22	18150200	18150400	B	U	U	U
chr22	18151200	18151400	U	U	U	U
chr22	18158600	18158800	U	U	U	U
chr22	18158800	18159000	U	U	U	U
chr22	18170800	18171000	U	U	U	U
chr22	18173000	18173200	U	U	U	U
chr22	18173600	18173800	U	U	U	U
chr22	18177400	18177600	U	U	U	U
chr22	18180200	18180400	U	U	U	U
chr22	18180800	18181000	U	U	U	U
chr22	18181000	18181200	U	U	U	U
chr22	18181200	18181400	U	U	U	U
chr22	18183200	18183400	U	U	U	U
chr22	18183400	18183600	U	U	U	U
chr22	18183600	18183800	U	U	U	U
chr22	18186400	18186600	U	U	U	U
chr22	18186800	18187000	U	U	U	U
chr22	18187000	18187200	U	U	U	U
chr22	18188200	18188400	U	U	U	U
chr22	18188800	18189000	U	U	U	U
chr22	18191200	18191400	U	U	U	U
chr22	18193600	18193800	U	U	U	U
chr22	18197600	18197800	U	U	U	U
chr22	18198600	18198800	U	U	U	U
chr22	18209400	18209600	U	U	U	U
chr22	18221200	18221400	U	U	U	U
chr22	18221400	18221600	U	U	U	U
chr22	18222800	18223000	U	U	U	U
chr22	18229600	18229800	U	U	U	U
chr22	18232600	18232800	U	U	U	U
chr22	18235000	18235200	U	U	U	U
chr22	18238800	18239000	U	U	U	U
chr22	18340000	18340200	U	U	U	U
chr22	18341400	18341600	U	U	U	U
chr22	18345600	18345800	U	U	U	U
chr22	18346800	18347000	U	U	U	U
chr22	18349600	18349800	U	U	U	U
chr22	18352200	18352400	U	U	U	U
chr22	18364000	18364200	U	U	U	U
chr22	18366200	18366400	U	U	U	U
chr22	18366400	18366600	U	U	U	U
chr22	18367800	18368000	U	U	U	U
chr22	18371200	18371400	U	U	U	U
chr22	18371400	18371600	U	U	U	U
chr22	18371600	18371800	U	U	U	U
chr22	18373000	18373200	U	U	U	U
chr22	18373200	18373400	U	U	U	U
chr22	18373400	18373600	U	U	U	U
chr22	18374200	18374400	U	U	U	U
chr22	18375800	18376000	U	U	U	U
chr22	18381800	18382000	U	U	U	U
chr22	18382000	18382200	U	U	U	U
chr22	18384800	18385000	U	U	U	U
chr22	18385200	18385400	U	U	U	U
chr22	18391200	18391400	U	U	U	U
chr22	18391600	18391800	U	U	U	U
chr22	18392200	18392400	U	U	U	U
chr22	18394800	18395000	U	U	U	U
chr22	18400000	18400200	U	U	U	U
chr22	18401200	18401400	U	U	U	U
chr22	18403400	18403600	U	U	U	U
chr22	18403600	18403800	U	U	U	U
chr22	18415000	18415200	U	U	U	U
chr22	18426800	18427000	U	U	U	U
chr22	18431200	18431400	U	U	U	U
chr22	18433000	18433200	U	U	U	U
chr22	18433200	18433400	U	U	U	U
chr22	18484200	18484400	U	U	U	U
chr22	18485000	18485200	U	U	U	U
chr22	18485200	18485400	U	U	U	U
chr22	18486400	18486600	U	U	U	U
chr22	18487000	18487200	U	U	U	U
chr22	18489400	18489600	U	U	U	U
chr22	18489600	18489800	U	U	U	U
chr22	18491800	18492000	U	U	U	U
chr22	18494400	18494600	U	U	U	U
chr22	18494800	18495000	U	U	U	U
chr22	18495200	18495400	U	U	U	U
chr22	18495800	18496000	U	U	U	U
chr22	18496200	18496400	U	U	U	U
chr22	18500800	18501000	U	U	U	U
chr22	18510800	18511000	U	U	U	U
chr22	18512400	18512600	U	U	U	U
chr22	18512600	18512800	U	U	U	U
chr22	18513000	18513200	U	U	U	U
chr22	18515400	18515600	U	U	U	U
chr22	18515600	18515800	U	U	U	U
chr22	18521000	18521200	U	U	U	U
chr22	18523000	18523200	B	U	U	U
chr22	18523600	18523800	B	U	U	U
chr22	18529600	18529800	B	U	U	U
chr22	18535600	18535800	U	U	U	U
chr22	18538600	18538800	U	U	U	U
chr22	18540400	18540600	U	U	U	U
chr22	18543200	18543400	U	U	U	U
chr22	18547200	18547400	U	U	U	U
chr22	18548200	18548400	U	U	U	U
chr22	18549600	18549800	U	U	U	U
chr22	18551200	18551400	U	U	U	U
chr22	18551400	18551600	U	U	U	U
chr22	18553600	18553800	B	U	U	U
chr22	18557200	18557400	U	U	U	U
chr22	18557600	18557800	U	U	U	U
chr22	18558800	18559000	B	U	U	U
chr22	18561800	18562000	U	U	U	U
chr22	18565200	18565400	B	U	U	U
chr22	18573200	18573400	U	U	U	U
chr22	18573400	18573600	U	U	U	U
chr22	18575600	18575800	U	U	U	U
chr22	18576600	18576800	B	U	U	U
chr22	18577000	18577200	B	U	U	U
chr22	18577600	18577800	B	U	U	U
chr22	18592600	18592800	B	U	U	U
chr22	18594000	18594200	U	U	U	U
chr22	18597000	18597200	U	U	U	U
chr22	18607600	18607800	U	U	U	U
chr22	18609600	18609800	U	U	U	U
chr22	18610000	18610200	U	U	U	U
chr22	18610200	18610400	B	U	U	U
chr22	18610600	18610800	B	U	U	U
chr22	18619400	18619600	U	U	U	U
chr22	18623600	18623800	U	U	U	U
chr22	18624400	18624600	U	U	U	U
chr22	18625600	18625800	U	U	U	U
chr22	18626400	18626600	U	U	U	U
chr22	18627000	18627200	U	U	U	U
chr22	18630800	18631000	B	U	U	U
chr22	18631000	18631200	B	U	U	U
chr22	18633800	18634000	U	U	U	U
chr22	18635200	18635400	U	U	U	U
chr22	18635400	18635600	U	U	U	U
chr22	18635600	18635800	U	U	U	U
chr22	18636600	18636800	U	U	U	U
chr22	18637600	18637800	B	U	U	U
chr22	18638800	18639000	B	U	U	U
chr22	18641800	18642000	U	U	U	U
chr22	18651200	18651400	U	U	U	U
chr22	18651600	18651800	U	U	U	U
chr22	18716200	18716400	U	U	U	U
chr22	18717200	18717400	U	U	U	U
chr22	18717400	18717600	U	U	U	U
chr22	18718000	18718200	U	U	U	U
chr22	18718400	18718600	U	U	U	U
chr22	18718800	18719000	U	U	U	U
chr22	18719800	18720000	U	U	U	U
chr22	18734800	18735000	U	U	U	U
chr22	18735000	18735200	U	U	U	U
chr22	18735200	18735400	U	U	U	U
chr22	18736400	18736600	U	U	U	U
chr22	18737400	18737600	U	U	U	U
chr22	18738400	18738600	U	U	U	U
chr22	18738600	18738800	U	U	U	U
chr22	18738800	18739000	U	U	U	U
chr22	18742200	18742400	U	U	U	U
chr22	18744200	18744400	U	U	U	U
chr22	18745800	18746000	U	U	U	U
chr22	18747400	18747600	U	U	U	U
chr22	18748400	18748600	U	U	U	U
chr22	18748600	18748800	U	U	U	U
chr22	18749000	18749200	U	U	U	U
chr22	18752400	18752600	U	U	U	U
chr22	18752800	18753000	U	U	U	U
chr22	18754600	18754800	U	U	U	U
chr22	18754800	18755000	U	U	U	U
chr22	18758200	18758400	U	U	U	U
chr22	18759000	18759200	U	U	U	U
chr22	18767400	18767600	U	U	U	U
chr22	18768000	18768200	U	U	U	U
chr22	18768200	18768400	U	U	U	U
chr22	18774200	18774400	U	U	U	U
chr22	18774400	18774600	U	U	U	U
chr22	18775000	18775200	U	U	U	U
chr22	18777600	18777800	U	U	U	U
chr22	18781000	18781200	U	U	U	U
chr22	18781600	18781800	U	U	U	U
chr22	18783800	18784000	U	U	U	U
chr22	18792600	18792800	U	U	U	U
chr22	18794600	18794800	U	U	U	U
chr22	18795000	18795200	U	U	U	U
chr22	18804200	18804400	U	U	U	U
chr22	18805200	18805400	U	U	U	U
chr22	18806400	18806600	U	U	U	U
chr22	18809600	18809800	U	U	U	U
chr22	18809800	18810000	U	U	U	U
chr22	18810800	18811000	U	U	U	U
chr22	18811800	18812000	U	U	U	U
chr22	18813400	18813600	U	U	U	U
chr22	18816200	18816400	U	U	U	U
chr22	18820800	18821000	U	U	U	U
chr22	18821000	18821200	U	U	U	U
chr22	18824200	18824400	U	U	U	U
chr22	18826800	18827000	U	U	U	U
chr22	18832600	18832800	U	U	U	U
chr22	18833000	18833200	U	U	U	U
chr22	18835000	18835200	U	U	U	U
chr22	18839600	18839800	U	U	U	U
chr22	18844800	18845000	U	U	U	U
chr22	18851400	18851600	U	U	U	U
chr22	18853200	18853400	U	U	U	U
chr22	18853600	18853800	U	U	U	U
chr22	18854600	18854800	U	U	U	U
chr22	18854800	18855000	U	U	U	U
chr22	18856200	18856400	U	U	U	U
chr22	18857400	18857600	U	U	U	U
chr22	18857600	18857800	U	U	U	U
chr22	18864600	18864800	U	U	U	U
chr22	18868000	18868200	U	U	U	U
chr22	18869800	18870000	U	U	U	U
chr22	18871000	18871200	U	U	U	U
chr22	18874600	18874800	U	U	U	U
chr22	18876000	18876200	U	U	U	U
chr22	18876800	18877000	U	U	U	U
chr22	18878800	18879000	U	U	U	U
chr22	18883400	18883600	U	U	U	U
chr22	18884800	18885000	U	U	U	U
chr22	18902800	18903000	U	U	U	U
chr22	18903800	18904000	U	U	U	U
chr22	18911000	18911200	U	U	U	U
chr22	18913000	18913200	U	U	U	U
chr22	18913400	18913600	U	U	U	U
chr22	18916000	18916200	U	U	U	U
chr22	18917600	18917800	U	U	U	U
chr22	18917800	18918000	U	U	U	U
chr22	18919400	18919600	U	U	U	U
chr22	18919800	18920000	U	U	U	U
chr22	18920000	18920200	U	U	U	U
chr22	18927000	18927200	U	U	U	U
chr22	18927400	18927600	U	U	U	U
chr22	18928200	18928400	U	U	U	U
chr22	18928400	18928600	U	U	U	U
chr22	18929200	18929400	U	U	U	U
chr22	18930600	18930800	U	U	U	U
chr22	18930800	18931000	U	U	U	U
chr22	18932600	18932800	U	U	U	U
chr22	18934400	18934600	U	U	U	U
chr22	18935400	18935600	U	U	U	U
chr22	18948000	18948200	U	U	U	U
chr22	18953800	18954000	U	U	U	U
chr22	18954800	18955000	B	U	U	U
chr22	18955600	18955800	U	U	U	U
chr22	18956000	18956200	U	U	U	U
chr22	18956600	18956800	U	U	U	U
chr22	18957400	18957600	U	U	U	U
chr22	18957600	18957800	U	U	U	U
chr22	18963200	18963400	U	U	U	U
chr22	18964000	18964200	U	U	U	U
chr22	18964200	18964400	U	U	U	U
chr22	18967600	18967800	B	U	U	U
chr22	18968000	18968200	B	U	B	U
chr22	18969800	18970000	U	U	U	U
chr22	18971400	18971600	U	U	U	U
chr22	18973200	18973400	U	U	U	U
chr22	18975600	18975800	U	U	U	U
chr22	18986800	18987000	U	U	U	U
chr22	18991400	18991600	U	U	U	U
chr22	18997200	18997400	U	U	U	U
chr22	18997800	18998000	U	U	U	U
chr22	19002400	19002600	U	U	U	U
chr22	19003400	19003600	U	U	U	U
chr22	19018400	19018600	U	U	U	U
chr22	19023800	19024000	U	U	U	U
chr22	19025600	19025800	U	U	U	U
chr22	19026400	19026600	B	U	U	U
chr22	19027800	19028000	B	U	U	U
chr22	19029200	19029400	U	U	U	U
chr22	19030600	19030800	U	U	U	U
chr22	19032000	19032200	U	U	U	U
chr22	19032400	19032600	U	U	U	U
chr22	19034000	19034200	U	U	U	U
chr22	19034800	19035000	U	U	U	U
chr22	19038400	19038600	U	U	U	U
chr22	19038600	19038800	U	U	U	U
chr22	19038800	19039000	U	U	U	U
chr22	19041000	19041200	U	U	U	U
chr22	19041600	19041800	U	U	U	U
chr22	19046800	19047000	U	U	U	U
chr22	19047200	19047400	U	U	U	U
chr22	19047400	19047600	U	U	U	U
chr22	19057000	19057200	U	U	U	U
chr22	19057800	19058000	U	U	U	U
chr22	19058200	19058400	U	U	U	U
chr22	19058400	19058600	U	U	U	U
chr22	19058600	19058800	U	U	U	U
chr22	19059800	19060000	U	U	U	U
chr22	19061600	19061800	U	U	U	U
chr22	19062000	19062200	U	U	U	U
chr22	19063000	19063200	U	U	U	U
chr22	19065800	19066000	U	U	U	U
chr22	19068600	19068800	U	U	U	U
chr22	19069200	19069400	U	U	U	U
chr22	19070600	19070800	U	U	U	U
chr22	19079800	19080000	U	U	U	U
chr22	19089200	19089400	U	U	U	U
chr22	19104400	19104600	U	U	U	U
chr22	19110000	19110200	B	U	U	U
chr22	19110200	19110400	B	U	U	U
chr22	19114200	19114400	U	U	U	U
chr22	19116400	19116600	U	U	U	U
chr22	19117800	19118000	U	U	U	U
chr22	19119000	19119200	U	U	U	U
chr22	19120800	19121000	B	U	U	U
chr22	19124600	19124800	U	U	U	U
chr22	19124800	19125000	U	U	U	U
chr22	19125000	19125200	U	U	U	U
chr22	19125200	19125400	U	U	U	U
chr22	19126800	19127000	U	U	U	U
chr22	19128000	19128200	U	U	U	U
chr22	19129800	19130000	U	U	U	U
chr22	19131600	19131800	U	U	U	U
chr22	19132000	19132200	U	U	U	U
chr22	19132400	19132600	U	U	U	U
chr22	19133200	19133400	U	U	U	U
chr22	19134600	19134800	U	U	U	U
chr22	19135000	19135200	U	U	U	U
chr22	19138800	19139000	U	U	U	U
chr22	19139000	19139200	U	U	U	U
chr22	19140200	19140400	U	U	U	U
chr22	19140400	19140600	U	U	U	U
chr22	19140600	19140800	U	U	U	U
chr22	19141200	19141400	U	U	U	U
chr22	19149400	19149600	U	U	U	U
chr22	19169800	19170000	B	U	U	U
chr22	19170600	19170800	B	U	U	U
chr22	19171200	19171400	B	U	U	U
chr22	19173200	19173400	U	U	U	U
chr22	19173600	19173800	U	U	U	U
chr22	19174200	19174400	U	U	U	U
chr22	19174400	19174600	U	U	U	U
chr22	19174800	19175000	U	U	U	U
chr22	19176000	19176200	B	U	U	U
chr22	19178400	19178600	B	U	U	B
chr22	19179000	19179200	B	U	U	U
chr22	19179200	19179400	B	U	U	U
chr22	19180600	19180800	U	U	U	U
chr22	19181200	19181400	U	U	U	U
chr22	19182000	19182200	U	U	U	U
chr22	19185000	19185200	B	U	U	U
chr22	19187400	19187600	U	U	U	U
chr22	19191800	19192000	U	U	U	U
chr22	19192400	19192600	U	U	U	U
chr22	19192600	19192800	U	U	U	U
chr22	19193200	19193400	U	U	U	U
chr22	19195200	19195400	U	U	U	U
chr22	19196400	19196600	U	U	U	U
chr22	19210400	19210600	U	U	U	U
chr22	19216200	19216400	U	U	U	U
chr22	19218600	19218800	B	U	U	U
chr22	19219800	19220000	U	U	U	U
chr22	19221200	19221400	U	U	U	U
chr22	19223000	19223200	U	U	U	U
chr22	19225200	19225400	U	U	U	U
chr22	19225600	19225800	U	U	U	U
chr22	19225800	19226000	U	U	U	U
chr22	19228200	19228400	U	U	U	U
chr22	19228600	19228800	U	U	U	U
chr22	19232600	19232800	U	U	U	U
chr22	19233000	19233200	U	U	U	U
chr22	19233200	19233400	B	U	U	U
chr22	19239000	19239200	U	U	U	U
chr22	19240800	19241000	U	U	U	U
chr22	19242600	19242800	U	U	U	U
chr22	19244000	19244200	U	U	U	U
chr22	19252200	19252400	U	U	U	U
chr22	19258600	19258800	U	U	U	U
chr22	19273200	19273400	U	U	U	U
chr22	19275400	19275600	U	U	U	U
chr22	19275800	19276000	B	U	U	U
chr22	19276400	19276600	B	U	U	U
chr22	19277000	19277200	U	U	U	U
chr22	19287000	19287200	U	U	U	U
chr22	19329800	19330000	U	U	U	U
chr22	19330600	19330800	U	U	U	U
chr22	19331800	19332000	U	U	U	U
chr22	19346400	19346600	U	U	U	U
chr22	19347000	19347200	U	U	U	U
chr22	19353800	19354000	U	U	U	U
chr22	19355400	19355600	U	U	U	U
chr22	19355600	19355800	U	U	U	U
chr22	19356000	19356200	U	U	U	U
chr22	19357400	19357600	U	U	U	U
chr22	19369000	19369200	U	U	U	U
chr22	19369200	19369400	U	U	U	U
chr22	19374600	19374800	U	U	U	U
chr22	19383400	19383600	U	U	U	U
chr22	19385200	19385400	U	U	U	U
chr22	19386000	19386200	U	U	U	U
chr22	19387600	19387800	U	U	U	U
chr22	19391800	19392000	U	U	U	U
chr22	19392600	19392800	U	U	U	U
chr22	19394400	19394600	U	U	U	U
chr22	19396000	19396200	U	U	U	U
chr22	19397200	19397400	B	U	B	B
chr22	19399400	19399600	U	U	U	U
chr22	19404600	19404800	U	U	U	U
chr22	19407200	19407400	U	U	U	U
chr22	19408400	19408600	B	U	U	B
chr22	19408600	19408800	B	U	U	U
chr22	19426400	19426600	U	U	U	U
chr22	19427600	19427800	U	U	U	U
chr22	19429600	19429800	U	U	U	U
chr22	19430400	19430600	B	U	U	B
chr22	19432400	19432600	B	U	U	B
chr22	19433400	19433600	U	U	U	U
chr22	19435400	19435600	U	U	U	U
chr22	19435600	19435800	U	U	U	U
chr22	19436800	19437000	U	U	U	U
chr22	19449400	19449600	U	U	U	U
chr22	19450200	19450400	U	U	U	U
chr22	19454800	19455000	U	U	U	U
chr22	19455000	19455200	U	U	U	U
chr22	19455400	19455600	U	U	U	U
chr22	19463800	19464000	U	U	U	U
chr22	19468000	19468200	U	U	U	U
chr22	19469600	19469800	U	U	U	U
chr22	19471400	19471600	U	U	U	U
chr22	19472400	19472600	U	U	U	U
chr22	19475200	19475400	U	U	U	U
chr22	19475400	19475600	U	U	U	U
chr22	19480400	19480600	B	U	U	U
chr22	19483800	19484000	U	U	U	U
chr22	19497200	19497400	B	U	U	U
chr22	19505400	19505600	U	U	U	U
chr22	19505600	19505800	U	U	U	U
chr22	19505800	19506000	U	U	U	U
chr22	19506400	19506600	U	U	U	U
chr22	19507000	19507200	U	U	U	U
chr22	19507600	19507800	U	U	U	U
chr22	19508000	19508200	U	U	U	U
chr22	19508200	19508400	U	U	U	U
chr22	19508400	19508600	U	U	U	U
chr22	19514400	19514600	U	U	U	U
chr22	19514600	19514800	U	U	U	U
chr22	19516000	19516200	U	U	U	U
chr22	19516600	19516800	U	U	U	U
chr22	19519200	19519400	U	U	U	U
chr22	19520200	19520400	U	U	U	U
chr22	19521800	19522000	B	U	U	U
chr22	19524200	19524400	U	U	U	U
chr22	19524600	19524800	U	U	U	U
chr22	19525400	19525600	U	U	U	U
chr22	19525600	19525800	U	U	U	U
chr22	19526200	19526400	U	U	U	U
chr22	19527800	19528000	U	U	U	U
chr22	19544000	19544200	U	U	U	U
chr22	19544400	19544600	U	U	U	U
chr22	19556000	19556200	U	U	U	U
chr22	19556200	19556400	U	U	U	U
chr22	19559600	19559800	B	U	U	U
chr22	19571000	19571200	U	U	U	U
chr22	19571800	19572000	U	U	U	U
chr22	19580200	19580400	U	U	B	U
chr22	19580400	19580600	U	U	U	U
chr22	19587800	19588000	U	U	U	U
chr22	19597800	19598000	U	U	U	U
chr22	19598400	19598600	U	U	U	U
chr22	19598600	19598800	U	U	U	U
chr22	19607600	19607800	U	U	U	U
chr22	19608600	19608800	U	U	U	U
chr22	19610400	19610600	U	U	U	U
chr22	19614600	19614800	U	U	U	U
chr22	19621200	19621400	U	U	U	U
chr22	19621600	19621800	U	U	U	U
chr22	19621800	19622000	U	U	U	U
chr22	19622200	19622400	U	U	U	U
chr22	19622400	19622600	U	U	U	U
chr22	19625400	19625600	U	U	U	U
chr22	19630600	19630800	U	U	U	U
chr22	19636800	19637000	U	U	U	U
chr22	19641200	19641400	B	U	B	B
chr22	19641800	19642000	B	U	U	U
chr22	19642000	19642200	U	U	U	U
chr22	19642200	19642400	U	U	U	U
chr22	19655800	19656000	U	U	U	U
chr22	19656400	19656600	U	U	U	U
chr22	19656800	19657000	U	U	U	U
chr22	19658000	19658200	U	U	U	U
chr22	19659800	19660000	U	U	U	U
chr22	19666200	19666400	U	U	U	U
chr22	19671400	19671600	U	U	U	U
chr22	19674600	19674800	U	U	U	U
chr22	19689400	19689600	U	U	U	U
chr22	19704800	19705000	U	U	U	U
chr22	19707400	19707600	U	U	U	U
chr22	19709000	19709200	U	U	U	U
chr22	19709400	19709600	B	U	U	U
chr22	19710000	19710200	U	U	U	U
chr22	19714200	19714400	B	U	U	U
chr22	19714600	19714800	U	U	U	U
chr22	19715400	19715600	U	U	U	U
chr22	19716000	19716200	U	U	U	U
chr22	19716600	19716800	U	U	U	U
chr22	19718600	19718800	B	U	U	U
chr22	19720600	19720800	U	U	U	U
chr22	19729000	19729200	U	U	U	U
chr22	19731400	19731600	B	U	U	U
chr22	19733400	19733600	U	U	U	U
chr22	19735800	19736000	U	U	U	U
chr22	19736800	19737000	U	U	U	U
chr22	19737600	19737800	U	U	U	U
chr22	19738000	19738200	U	U	U	U
chr22	19738600	19738800	U	U	U	U
chr22	19739200	19739400	U	U	U	U
chr22	19740600	19740800	U	U	U	U
chr22	19742200	19742400	B	U	U	U
chr22	19745400	19745600	B	U	U	U
chr22	19746000	19746200	U	U	U	U
chr22	19747400	19747600	U	U	U	U
chr22	19748000	19748200	U	U	U	U
chr22	19748200	19748400	U	U	U	U
chr22	19748400	19748600	U	U	U	U
chr22	19749200	19749400	U	U	U	U
chr22	19750400	19750600	U	U	U	U
chr22	19750600	19750800	U	U	U	U
chr22	19751000	19751200	U	U	U	U
chr22	19752000	19752200	U	U	U	U
chr22	19752800	19753000	U	U	U	U
chr22	19757000	19757200	B	U	U	U
chr22	19757600	19757800	U	U	U	U
chr22	19758400	19758600	U	U	U	U
chr22	19758600	19758800	U	U	U	U
chr22	19761800	19762000	B	U	U	U
chr22	19763000	19763200	B	U	U	U
chr22	19764400	19764600	U	U	U	U
chr22	19765000	19765200	U	U	U	U
chr22	19765200	19765400	U	U	U	U
chr22	19765600	19765800	U	U	B	U
chr22	19767400	19767600	B	U	U	U
chr22	19768000	19768200	U	U	U	U
chr22	19770400	19770600	U	U	U	U
chr22	19771000	19771200	U	U	U	U
chr22	19771200	19771400	U	U	U	U
chr22	19771400	19771600	U	U	U	U
chr22	19773800	19774000	B	U	U	U
chr22	19784000	19784200	U	U	U	U
chr22	19784400	19784600	U	U	U	U
chr22	19786200	19786400	U	U	U	U
chr22	19786400	19786600	U	U	U	U
chr22	19788400	19788600	U	U	U	U
chr22	19797000	19797200	B	U	U	U
chr22	19798600	19798800	B	U	U	U
chr22	19800600	19800800	U	U	U	U
chr22	19802400	19802600	U	U	U	U
chr22	19803000	19803200	U	U	U	U
chr22	19808200	19808400	U	U	U	U
chr22	19812000	19812200	U	U	U	U
chr22	19812600	19812800	U	U	U	U
chr22	19818200	19818400	U	U	U	U
chr22	19818600	19818800	U	U	U	U
chr22	19819200	19819400	U	U	U	U
chr22	19819400	19819600	U	U	U	U
chr22	19820600	19820800	U	U	B	U
chr22	19821600	19821800	U	U	U	U
chr22	19821800	19822000	U	U	U	U
chr22	19822000	19822200	U	U	U	U
chr22	19822800	19823000	U	U	U	U
chr22	19823200	19823400	U	U	U	U
chr22	19824000	19824200	U	U	U	U
chr22	19842200	19842400	B	U	U	U
chr22	19843000	19843200	U	U	U	U
chr22	19843600	19843800	U	U	U	U
chr22	19843800	19844000	U	U	U	U
chr22	19845000	19845200	U	U	U	U
chr22	19848200	19848400	U	U	U	U
chr22	19848400	19848600	U	U	U	U
chr22	19849800	19850000	U	U	U	U
chr22	19851000	19851200	U	U	U	U
chr22	19855600	19855800	B	U	U	B
chr22	19870000	19870200	U	U	U	U
chr22	19870200	19870400	U	U	U	U
chr22	19870800	19871000	U	U	U	U
chr22	19871200	19871400	U	U	U	U
chr22	19874600	19874800	U	U	U	U
chr22	19874800	19875000	U	U	U	U
chr22	19876800	19877000	U	U	U	U
chr22	19877600	19877800	U	U	U	U
chr22	19878200	19878400	U	U	U	U
chr22	19879200	19879400	U	U	U	U
chr22	19881600	19881800	U	U	U	U
chr22	19884400	19884600	U	U	U	U
chr22	19884600	19884800	U	U	U	U
chr22	19886000	19886200	U	U	U	U
chr22	19886200	19886400	U	U	U	U
chr22	19886800	19887000	U	U	U	U
chr22	19887600	19887800	U	U	U	U
chr22	19891400	19891600	B	U	B	U
chr22	19895600	19895800	U	U	U	U
chr22	19896800	19897000	B	U	U	U
chr22	19897600	19897800	U	U	U	U
chr22	19898200	19898400	U	U	U	U
chr22	19899200	19899400	U	U	U	U
chr22	19901000	19901200	U	U	U	U
chr22	19903000	19903200	U	U	U	U
chr22	19903800	19904000	U	U	U	U
chr22	19905400	19905600	U	U	U	U
chr22	19915200	19915400	U	U	U	U
chr22	19915600	19915800	U	U	U	U
chr22	19917800	19918000	U	U	U	U
chr22	19933200	19933400	B	U	U	U
chr22	19960200	19960400	U	U	U	U
chr22	19961000	19961200	U	U	U	U
chr22	19963400	19963600	U	U	U	U
chr22	19963800	19964000	U	U	U	U
chr22	19965000	19965200	U	U	U	U
chr22	19970200	19970400	B	U	U	U
chr22	19971600	19971800	U	U	U	U
chr22	19973400	19973600	U	U	U	U
chr22	19977000	19977200	U	U	U	U
chr22	19978400	19978600	U	U	U	U
chr22	19979000	19979200	U	U	U	U
chr22	19980400	19980600	U	U	U	U
chr22	19983400	19983600	U	U	U	U
chr22	19984000	19984200	U	U	U	U
chr22	19985000	19985200	U	U	U	U
chr22	19985600	19985800	U	U	U	U
chr22	19988400	19988600	U	U	U	U
chr22	19988600	19988800	B	U	U	U
chr22	19992800	19993000	U	U	U	U
chr22	19993000	19993200	U	U	U	U
chr22	19993400	19993600	U	U	U	U
chr22	19993600	19993800	U	U	U	U
chr22	19993800	19994000	U	U	U	U
chr22	19999800	20000000	U	U	U	U
chr22	20001200	20001400	U	U	U	U
chr22	20002400	20002600	B	U	U	U
chr22	20010600	20010800	U	U	U	U
chr22	20010800	20011000	U	U	U	U
chr22	20011400	20011600	U	U	U	U
chr22	20017600	20017800	U	U	U	U
chr22	20021800	20022000	B	U	U	U
chr22	20023200	20023400	U	U	U	U
chr22	20032200	20032400	U	U	U	U
chr22	20032400	20032600	U	U	U	U
chr22	20033200	20033400	U	U	U	U
chr22	20035400	20035600	B	U	U	U
chr22	20036600	20036800	U	U	U	U
chr22	20037400	20037600	U	U	U	U
chr22	20038600	20038800	U	U	U	U
chr22	20040400	20040600	U	U	U	U
chr22	20052000	20052200	U	U	U	U
chr22	20053000	20053200	U	U	U	U
chr22	20053200	20053400	U	U	U	U
chr22	20053400	20053600	U	U	U	U
chr22	20054000	20054200	U	U	U	U
chr22	20056200	20056400	U	U	U	U
chr22	20056600	20056800	U	U	U	U
chr22	20057600	20057800	B	U	U	U
chr22	20064200	20064400	U	U	U	U
chr22	20070200	20070400	U	U	U	U
chr22	20070400	20070600	U	U	U	U
chr22	20084000	20084200	U	U	U	U
chr22	20087000	20087200	U	U	U	U
chr22	20087200	20087400	U	U	U	U
chr22	20089200	20089400	U	U	U	U
chr22	20089800	20090000	U	U	U	U
chr22	20091000	20091200	U	U	U	U
chr22	20091800	20092000	U	U	U	U
chr22	20092200	20092400	U	U	U	U
chr22	20093800	20094000	U	U	U	U
chr22	20101800	20102000	U	U	U	U
chr22	20105600	20105800	U	U	U	U
chr22	20106400	20106600	U	U	U	U
chr22	20107600	20107800	U	U	U	U
chr22	20108400	20108600	U	U	U	U
chr22	20109000	20109200	U	U	U	U
chr22	20109200	20109400	U	U	U	U
chr22	20109400	20109600	U	U	U	U
chr22	20110600	20110800	B	U	U	U
chr22	20110800	20111000	U	U	U	U
chr22	20112400	20112600	U	U	U	U
chr22	20112800	20113000	U	U	U	U
chr22	20113200	20113400	U	U	U	U
chr22	20113800	20114000	U	U	U	U
chr22	20115000	20115200	U	U	U	U
chr22	20115200	20115400	U	U	U	U
chr22	20115800	20116000	U	U	U	U
chr22	20116400	20116600	B	U	U	U
chr22	20118200	20118400	B	U	U	U
chr22	20119000	20119200	U	U	U	U
chr22	20119200	20119400	U	U	U	U
chr22	20123600	20123800	U	U	U	U
chr22	20125000	20125200	U	U	U	U
chr22	20125800	20126000	U	U	U	U
chr22	20126800	20127000	U	U	U	U
chr22	20128000	20128200	B	U	U	U
chr22	20131600	20131800	B	U	U	U
chr22	20132400	20132600	U	U	U	U
chr22	20133000	20133200	U	U	U	U
chr22	20136000	20136200	U	U	U	U
chr22	20138400	20138600	U	U	U	U
chr22	20140600	20140800	U	U	U	U
chr22	20141000	20141200	U	U	U	U
chr22	20141200	20141400	U	U	U	U
chr22	20142600	20142800	U	U	U	U
chr22	20144000	20144200	U	U	U	U
chr22	20144800	20145000	U	U	U	U
chr22	20145600	20145800	U	U	U	U
chr22	20147800	20148000	U	U	U	U
chr22	20148200	20148400	U	U	U	U
chr22	20148400	20148600	U	U	U	U
chr22	20156800	20157000	B	U	B	U
chr22	20157600	20157800	B	U	U	U
chr22	20158600	20158800	U	U	U	U
chr22	20159000	20159200	U	U	U	U
chr22	20160800	20161000	U	U	U	U
chr22	20161600	20161800	U	U	U	U
chr22	20161800	20162000	U	U	U	U
chr22	20169400	20169600	U	U	U	U
chr22	20169800	20170000	U	U	U	U
chr22	20170600	20170800	U	U	U	U
chr22	20172600	20172800	U	U	U	U
chr22	20174000	20174200	U	U	U	U
chr22	20178000	20178200	U	U	U	U
chr22	20178400	20178600	U	U	U	U
chr22	20182400	20182600	U	U	U	U
chr22	20183600	20183800	U	U	U	U
chr22	20183800	20184000	U	U	U	U
chr22	20184600	20184800	U	U	U	U
chr22	20186800	20187000	B	U	B	U
chr22	20187400	20187600	U	U	U	U
chr22	20188200	20188400	U	U	U	U
chr22	20191200	20191400	U	U	U	U
chr22	20192600	20192800	U	U	U	U
chr22	20193800	20194000	U	U	U	U
chr22	20194000	20194200	U	U	U	U
chr22	20195000	20195200	U	U	U	U
chr22	20195800	20196000	U	U	U	U
chr22	20196800	20197000	U	U	U	U
chr22	20198400	20198600	U	U	U	U
chr22	20201800	20202000	U	U	U	U
chr22	20205000	20205200	U	U	U	U
chr22	20205400	20205600	U	U	U	U
chr22	20208400	20208600	U	U	U	U
chr22	20209200	20209400	U	U	U	U
chr22	20210800	20211000	U	U	U	U
chr22	20211200	20211400	U	U	U	U
chr22	20212800	20213000	U	U	U	U
chr22	20213200	20213400	U	U	U	U
chr22	20217600	20217800	U	U	U	U
chr22	20218600	20218800	U	U	U	U
chr22	20220600	20220800	B	U	U	U
chr22	20220800	20221000	B	U	U	U
chr22	20222800	20223000	U	U	U	U
chr22	20223200	20223400	U	U	U	U
chr22	20229600	20229800	U	U	U	U
chr22	20230600	20230800	U	U	U	U
chr22	20233000	20233200	U	U	U	U
chr22	20233200	20233400	U	U	U	U
chr22	20237600	20237800	U	U	U	U
chr22	20241600	20241800	U	U	U	U
chr22	20242600	20242800	U	U	U	U
chr22	20243000	20243200	U	U	U	U
chr22	20243400	20243600	U	U	U	U
chr22	20244800	20245000	U	U	U	U
chr22	20245600	20245800	U	U	U	U
chr22	20247600	20247800	U	U	U	U
chr22	20247800	20248000	U	U	U	U
chr22	20248400	20248600	U	U	U	U
chr22	20255600	20255800	U	U	U	U
chr22	20262000	20262200	U	U	U	U
chr22	20262200	20262400	U	U	U	U
chr22	20263400	20263600	U	U	U	U
chr22	20264000	20264200	U	U	U	U
chr22	20266200	20266400	U	U	U	U
chr22	20266400	20266600	U	U	U	U
chr22	20268000	20268200	B	U	U	U
chr22	20268800	20269000	U	U	U	U
chr22	20269400	20269600	U	U	U	U
chr22	20270000	20270200	B	U	B	U
chr22	20273600	20273800	U	U	U	U
chr22	20274200	20274400	U	U	U	U
chr22	20276800	20277000	U	U	U	U
chr22	20280000	20280200	B	U	U	U
chr22	20280800	20281000	U	U	U	U
chr22	20281600	20281800	U	U	U	U
chr22	20282200	20282400	U	U	U	U
chr22	20288000	20288200	U	U	U	U
chr22	20290400	20290600	U	U	U	U
chr22	20295800	20296000	U	U	U	U
chr22	20297400	20297600	U	U	U	U
chr22	20298600	20298800	B	U	U	U
chr22	20299800	20300000	B	U	U	U
chr22	20300200	20300400	U	U	U	U
chr22	20303000	20303200	U	U	U	U
chr22	20303200	20303400	U	U	U	U
chr22	20307400	20307600	U	U	U	U
chr22	20307600	20307800	U	U	U	U
chr22	20309400	20309600	U	U	U	U
chr22	20310400	20310600	U	U	U	U
chr22	20311200	20311400	U	U	U	U
chr22	20313000	20313200	U	U	U	U
chr22	20313400	20313600	U	U	U	U
chr22	20314200	20314400	U	U	U	U
chr22	20316600	20316800	U	U	U	U
chr22	20317200	20317400	U	U	U	U
chr22	20320400	20320600	B	U	U	U
chr22	20320800	20321000	B	U	U	U
chr22	20321400	20321600	U	U	U	U
chr22	20332200	20332400	U	U	U	U
chr22	20342600	20342800	U	U	U	U
chr22	20342800	20343000	U	U	U	U
chr22	20343000	20343200	U	U	U	U
chr22	20349200	20349400	U	U	U	U
chr22	20350800	20351000	U	U	U	U
chr22	20351200	20351400	U	U	U	U
chr22	20351400	20351600	U	U	U	U
chr22	20366400	20366600	U	U	U	U
chr22	20368400	20368600	U	U	U	U
chr22	20369400	20369600	B	U	U	U
chr22	20378200	20378400	U	U	U	U
chr22	20394000	20394200	B	U	U	B
chr22	20394200	20394400	B	U	U	B
chr22	20395400	20395600	U	U	U	U
chr22	20395600	20395800	U	U	U	U
chr22	20395800	20396000	U	U	U	U
chr22	20400400	20400600	U	U	U	U
chr22	20400600	20400800	U	U	U	U
chr22	20401200	20401400	U	U	U	U
chr22	20405400	20405600	U	U	U	U
chr22	20414000	20414200	U	U	U	U
chr22	20426000	20426200	U	U	U	U
chr22	20427400	20427600	U	U	U	U
chr22	20428800	20429000	B	U	U	U
chr22	20430400	20430600	U	U	U	U
chr22	20431800	20432000	U	U	U	U
chr22	20433400	20433600	U	U	U	U
chr22	20434600	20434800	U	U	U	U
chr22	20440000	20440200	U	U	U	U
chr22	20440200	20440400	U	U	U	U
chr22	20450000	20450200	U	U	U	U
chr22	20450200	20450400	U	U	U	U
chr22	20451000	20451200	B	U	B	U
chr22	20451200	20451400	B	U	B	U
chr22	20451400	20451600	B	U	U	U
chr22	20452800	20453000	U	U	U	U
chr22	20457600	20457800	U	U	U	U
chr22	20458000	20458200	U	U	U	U
chr22	20463200	20463400	U	U	U	U
chr22	20463600	20463800	U	U	U	U
chr22	20463800	20464000	U	U	U	U
chr22	20464200	20464400	U	U	U	U
chr22	20469400	20469600	B	U	U	U
chr22	20469600	20469800	U	U	U	U
chr22	20485000	20485200	U	U	U	U
chr22	20486200	20486400	U	U	U	U
chr22	20487600	20487800	B	U	U	U
chr22	20489000	20489200	U	U	U	U
chr22	20509000	20509200	B	U	U	U
chr22	20511600	20511800	U	U	U	U
chr22	20514200	20514400	U	U	U	U
chr22	20523000	20523200	B	U	U	U
chr22	20531200	20531400	U	U	U	U
chr22	20532800	20533000	B	U	U	U
chr22	20534000	20534200	U	U	U	U
chr22	20537000	20537200	U	U	U	U
chr22	20545800	20546000	B	U	U	U
chr22	20552800	20553000	U	U	U	U
chr22	20558200	20558400	U	U	U	U
chr22	20565600	20565800	U	U	U	U
chr22	20566800	20567000	U	U	U	U
chr22	20567000	20567200	U	U	U	U
chr22	20567400	20567600	U	U	U	U
chr22	20569200	20569400	U	U	U	U
chr22	20573600	20573800	U	U	U	U
chr22	20576800	20577000	U	U	U	U
chr22	20579000	20579200	U	U	U	U
chr22	20580400	20580600	U	U	U	U
chr22	20580800	20581000	U	U	U	U
chr22	20581000	20581200	U	U	U	U
chr22	20581600	20581800	U	U	U	U
chr22	20583400	20583600	U	U	U	U
chr22	20584400	20584600	U	U	U	U
chr22	20584600	20584800	U	U	U	U
chr22	20584800	20585000	U	U	U	U
chr22	20585800	20586000	U	U	U	U
chr22	20586400	20586600	U	U	U	U
chr22	20586800	20587000	U	U	U	U
chr22	20587000	20587200	U	U	U	U
chr22	20587200	20587400	U	U	U	U
chr22	20588000	20588200	B	U	U	U
chr22	20589200	20589400	U	U	U	U
chr22	20590800	20591000	U	U	U	U
chr22	20591200	20591400	U	U	U	U
chr22	20591400	20591600	U	U	U	U
chr22	20599000	20599200	U	U	U	U
chr22	20600400	20600600	U	U	U	U
chr22	20601600	20601800	U	U	U	U
chr22	20607000	20607200	U	U	U	U
chr22	20609800	20610000	U	U	U	U
chr22	20610000	20610200	U	U	U	U
chr22	20610600	20610800	U	U	U	U
chr22	20616000	20616200	U	U	U	U
chr22	20620400	20620600	U	U	U	U
chr22	20625200	20625400	U	U	U	U
chr22	20630600	20630800	U	U	U	U
chr22	20630800	20631000	U	U	U	U
chr22	20631800	20632000	U	U	U	U
chr22	20632600	20632800	U	U	U	U
chr22	20633400	20633600	U	U	U	U
chr22	20634200	20634400	U	U	U	U
chr22	20636000	20636200	U	U	U	U
chr22	20650400	20650600	U	U	U	U
chr22	20654600	20654800	U	U	U	U
chr22	20654800	20655000	U	U	U	U
chr22	20668600	20668800	U	U	U	U
chr22	20668800	20669000	U	U	U	U
chr22	20670400	20670600	B	U	U	U
chr22	20670600	20670800	B	U	U	U
chr22	20671400	20671600	U	U	U	U
chr22	20673600	20673800	U	U	U	U
chr22	20680600	20680800	U	U	U	U
chr22	20690600	20690800	U	U	U	U
chr22	20691200	20691400	U	U	U	U
chr22	20694400	20694600	U	U	U	U
chr22	20694800	20695000	U	U	U	U
chr22	20695800	20696000	U	U	U	U
chr22	20697000	20697200	U	U	U	U
chr22	20698800	20699000	U	U	U	U
chr22	20702200	20702400	B	U	B	U
chr22	20709000	20709200	U	U	U	U
chr22	20709200	20709400	U	U	U	U
chr22	20710600	20710800	U	U	U	U
chr22	20712800	20713000	U	U	U	U
chr22	20717400	20717600	U	U	U	U
chr22	20721400	20721600	U	U	U	U
chr22	20726200	20726400	U	U	U	U
chr22	20726800	20727000	U	U	U	U
chr22	20727600	20727800	U	U	U	U
chr22	20729800	20730000	U	U	U	U
chr22	20734800	20735000	U	U	U	U
chr22	20737000	20737200	U	U	U	U
chr22	20738200	20738400	U	U	U	U
chr22	20742400	20742600	B	U	U	U
chr22	20742600	20742800	B	U	U	U
chr22	20749200	20749400	U	U	U	U
chr22	20749400	20749600	U	U	U	U
chr22	20761200	20761400	U	U	U	U
chr22	20774000	20774200	U	U	U	U
chr22	20775400	20775600	U	U	U	U
chr22	20779600	20779800	U	U	U	U
chr22	20780200	20780400	U	U	U	U
chr22	20781400	20781600	U	U	U	U
chr22	20784000	20784200	B	U	U	U
chr22	20785400	20785600	U	U	U	U
chr22	20787000	20787200	U	U	U	U
chr22	20792200	20792400	U	U	U	U
chr22	20792400	20792600	U	U	U	U
chr22	20796400	20796600	U	U	U	U
chr22	20797200	20797400	U	U	U	U
chr22	20799200	20799400	U	U	U	U
chr22	20799400	20799600	U	U	U	U
chr22	20799800	20800000	U	U	U	U
chr22	20800200	20800400	U	U	U	U
chr22	20802000	20802200	U	U	U	U
chr22	20804800	20805000	B	U	U	U
chr22	20807600	20807800	U	U	U	U
chr22	20809600	20809800	U	U	U	U
chr22	20810800	20811000	U	U	U	U
chr22	20820400	20820600	U	U	U	U
chr22	20824200	20824400	U	U	U	U
chr22	20834800	20835000	U	U	U	U
chr22	20835200	20835400	U	U	U	U
chr22	20838200	20838400	U	U	U	U
chr22	20863200	20863400	U	U	U	U
chr22	20863400	20863600	U	U	U	U
chr22	20867600	20867800	B	U	U	B
chr22	20867800	20868000	B	U	U	B
chr22	20868400	20868600	U	U	U	U
chr22	20868600	20868800	U	U	U	U
chr22	20882800	20883000	U	U	U	U
chr22	20887800	20888000	U	U	U	U
chr22	20889800	20890000	U	U	U	U
chr22	20923000	20923200	U	U	U	U
chr22	20929800	20930000	U	U	U	U
chr22	20934600	20934800	U	U	U	U
chr22	20938200	20938400	U	U	U	U
chr22	20938400	20938600	U	U	U	U
chr22	20946400	20946600	U	U	U	U
chr22	20948200	20948400	U	U	U	U
chr22	20950800	20951000	U	U	U	U
chr22	20952800	20953000	U	U	U	U
chr22	20964800	20965000	U	U	U	U
chr22	20965400	20965600	U	U	U	U
chr22	20965600	20965800	U	U	U	U
chr22	20965800	20966000	U	U	U	U
chr22	20966800	20967000	U	U	U	U
chr22	20968000	20968200	B	U	U	U
chr22	20971600	20971800	U	U	U	U
chr22	20971800	20972000	U	U	U	U
chr22	20974200	20974400	U	U	U	U
chr22	20976800	20977000	U	U	U	U
chr22	20978600	20978800	U	U	U	U
chr22	20980000	20980200	U	U	U	U
chr22	20980800	20981000	U	U	U	U
chr22	20982800	20983000	B	U	U	B
chr22	20985800	20986000	U	U	U	U
chr22	20988600	20988800	B	U	U	U
chr22	20989400	20989600	U	U	U	U
chr22	20993000	20993200	U	U	U	U
chr22	20993400	20993600	U	U	U	U
chr22	20995000	20995200	U	U	U	U
chr22	20996200	20996400	U	U	U	U
chr22	20997600	20997800	U	U	U	U
chr22	20999000	20999200	U	U	U	U
chr22	21002400	21002600	B	U	U	U
chr22	21003800	21004000	U	U	U	U
chr22	21007800	21008000	U	U	U	U
chr22	21015600	21015800	B	U	U	U
chr22	21016800	21017000	U	U	U	U
chr22	21017800	21018000	U	U	U	U
chr22	21022400	21022600	U	U	U	U
chr22	21026400	21026600	U	U	B	U
chr22	21027200	21027400	U	U	U	U
chr22	21029000	21029200	U	U	U	U
chr22	21030200	21030400	U	U	U	U
chr22	21031600	21031800	U	U	U	U
chr22	21031800	21032000	B	U	U	U
chr22	21042400	21042600	U	U	U	U
chr22	21043600	21043800	U	U	U	U
chr22	21047400	21047600	U	U	U	U
chr22	21048800	21049000	U	U	U	U
chr22	21052800	21053000	U	U	U	U
chr22	21054600	21054800	U	U	U	U
chr22	21055400	21055600	B	U	U	U
chr22	21060400	21060600	U	U	U	U
chr22	21066800	21067000	U	U	U	U
chr22	21067600	21067800	U	U	U	U
chr22	21067800	21068000	U	U	U	U
chr22	21069400	21069600	U	U	U	U
chr22	21069600	21069800	U	U	U	U
chr22	21070000	21070200	U	U	U	U
chr22	21070200	21070400	U	U	U	U
chr22	21070600	21070800	U	U	U	U
chr22	21073600	21073800	U	U	U	U
chr22	21074800	21075000	U	U	U	U
chr22	21075600	21075800	U	U	U	U
chr22	21077400	21077600	U	U	U	U
chr22	21079000	21079200	B	U	U	U
chr22	21084400	21084600	U	U	U	U
chr22	21085400	21085600	U	U	U	U
chr22	21096400	21096600	U	U	U	U
chr22	21115400	21115600	U	U	U	U
chr22	21115600	21115800	U	U	U	U
chr22	21117000	21117200	U	U	U	U
chr22	21118000	21118200	U	U	U	U
chr22	21118800	21119000	U	U	U	U
chr22	21119600	21119800	U	U	U	U
chr22	21120200	21120400	U	U	U	U
chr22	21120400	21120600	U	U	U	U
chr22	21120800	21121000	U	U	U	U
chr22	21121000	21121200	U	U	U	U
chr22	21121400	21121600	U	U	U	U
chr22	21121800	21122000	U	U	U	U
chr22	21122000	21122200	U	U	U	U
chr22	21122800	21123000	U	U	U	U
chr22	21123200	21123400	U	U	U	U
chr22	21126000	21126200	U	U	U	U
chr22	21126200	21126400	U	U	U	U
chr22	21133000	21133200	U	U	U	U
chr22	21135600	21135800	U	U	U	U
chr22	21136400	21136600	U	U	U	U
chr22	21136800	21137000	U	U	U	U
chr22	21137800	21138000	U	U	U	U
chr22	21140000	21140200	U	U	U	U
chr22	21140800	21141000	U	U	U	U
chr22	21141600	21141800	U	U	U	U
chr22	21142800	21143000	U	U	U	U
chr22	21143000	21143200	U	U	U	U
chr22	21144400	21144600	U	U	U	U
chr22	21145200	21145400	U	U	U	U
chr22	21147200	21147400	U	U	U	U
chr22	21147800	21148000	U	U	U	U
chr22	21149000	21149200	U	U	U	U
chr22	21149600	21149800	U	U	U	U
chr22	21150800	21151000	U	U	U	U
chr22	21160400	21160600	U	U	U	U
chr22	21168400	21168600	U	U	U	U
chr22	21170200	21170400	U	U	U	U
chr22	21175600	21175800	U	U	U	U
chr22	21178000	21178200	U	U	U	U
chr22	21180200	21180400	U	U	U	U
chr22	21180400	21180600	U	U	U	U
chr22	21181600	21181800	U	U	U	U
chr22	21182400	21182600	U	U	U	U
chr22	21183000	21183200	U	U	U	U
chr22	21186400	21186600	U	U	U	U
chr22	21188800	21189000	U	U	U	U
chr22	21202400	21202600	U	U	U	U
chr22	21204400	21204600	U	U	U	U
chr22	21205000	21205200	U	U	U	U
chr22	21208200	21208400	U	U	U	U
chr22	21208600	21208800	U	U	U	U
chr22	21209000	21209200	U	U	U	U
chr22	21211800	21212000	U	U	U	U
chr22	21212000	21212200	U	U	U	U
chr22	21213000	21213200	U	U	U	U
chr22	21213800	21214000	U	U	U	U
chr22	21217000	21217200	U	U	U	U
chr22	21217200	21217400	U	U	U	U
chr22	21226000	21226200	U	U	U	U
chr22	21228600	21228800	U	U	U	U
chr22	21232200	21232400	U	U	U	U
chr22	21234600	21234800	U	U	U	U
chr22	21239600	21239800	U	U	U	U
chr22	21246800	21247000	U	U	U	U
chr22	21248000	21248200	U	U	U	U
chr22	21250800	21251000	U	U	U	U
chr22	21254800	21255000	U	U	U	U
chr22	21256800	21257000	U	U	U	U
chr22	21259800	21260000	U	U	U	U
chr22	21260800	21261000	U	U	U	U
chr22	21263000	21263200	U	U	U	U
chr22	21263600	21263800	U	U	U	U
chr22	21265000	21265200	U	U	U	U
chr22	21265200	21265400	U	U	U	U
chr22	21266800	21267000	U	U	U	U
chr22	21270400	21270600	U	U	U	U
chr22	21272400	21272600	U	U	U	U
chr22	21277400	21277600	U	U	U	U
chr22	21282200	21282400	U	U	U	U
chr22	21282600	21282800	U	U	U	U
chr22	21282800	21283000	U	U	U	U
chr22	21283000	21283200	U	U	U	U
chr22	21284200	21284400	U	U	U	U
chr22	21289200	21289400	U	U	U	U
chr22	21289800	21290000	U	U	U	U
chr22	21290000	21290200	U	U	U	U
chr22	21290600	21290800	U	U	U	U
chr22	21291400	21291600	U	U	U	U
chr22	21291800	21292000	U	U	U	U
chr22	21293600	21293800	U	U	U	U
chr22	21294200	21294400	U	U	U	U
chr22	21295200	21295400	U	U	U	U
chr22	21301400	21301600	U	U	U	U
chr22	21303200	21303400	U	U	U	U
chr22	21303800	21304000	U	U	U	U
chr22	21306000	21306200	U	U	U	U
chr22	21309600	21309800	U	U	U	U
chr22	21316400	21316600	U	U	U	U
chr22	21316600	21316800	U	U	U	U
chr22	21320800	21321000	U	U	U	U
chr22	21324200	21324400	U	U	U	U
chr22	21332000	21332200	U	U	U	U
chr22	21332600	21332800	U	U	U	U
chr22	21345200	21345400	U	U	U	U
chr22	21345600	21345800	U	U	U	U
chr22	21352400	21352600	U	U	U	U
chr22	21353200	21353400	U	U	U	U
chr22	21356400	21356600	B	U	U	U
chr22	21357200	21357400	B	U	U	U
chr22	21357800	21358000	B	U	U	U
chr22	21358200	21358400	U	U	U	U
chr22	21363800	21364000	U	U	U	U
chr22	21365200	21365400	U	U	U	U
chr22	21368600	21368800	U	U	U	U
chr22	21369800	21370000	U	U	U	U
chr22	21377400	21377600	U	U	U	U
chr22	21384600	21384800	B	U	U	U
chr22	21386000	21386200	U	U	U	U
chr22	21388000	21388200	U	U	U	U
chr22	21389600	21389800	B	U	U	U
chr22	21390000	21390200	B	U	U	U
chr22	21400000	21400200	B	U	U	U
chr22	21401800	21402000	U	U	U	U
chr22	21418400	21418600	B	U	U	U
chr22	21418800	21419000	B	U	U	U
chr22	21419200	21419400	U	U	U	U
chr22	21421600	21421800	U	U	U	U
chr22	21423600	21423800	B	U	U	U
chr22	21424200	21424400	B	U	U	U
chr22	21440600	21440800	U	U	U	U
chr22	21441200	21441400	U	U	U	U
chr22	21442600	21442800	U	U	U	U
chr22	21443000	21443200	U	U	U	U
chr22	21443600	21443800	U	U	U	U
chr22	21444000	21444200	U	U	U	U
chr22	21444600	21444800	U	U	U	U
chr22	21445000	21445200	U	U	U	U
chr22	21446000	21446200	U	U	U	U
chr22	21448400	21448600	B	U	B	U
chr22	21448600	21448800	U	U	B	U
chr22	21451400	21451600	U	U	U	U
chr22	21456400	21456600	B	U	U	U
chr22	21468800	21469000	B	U	U	U
chr22	21475000	21475200	U	U	U	U
chr22	21475200	21475400	U	U	U	U
chr22	21478000	21478200	U	U	U	U
chr22	21478800	21479000	U	U	U	U
chr22	21486800	21487000	U	U	U	U
chr22	21488200	21488400	U	U	U	U
chr22	21488600	21488800	U	U	U	U
chr22	21488800	21489000	U	U	U	U
chr22	21490800	21491000	U	U	U	U
chr22	21493800	21494000	U	U	U	U
chr22	21496000	21496200	U	U	U	U
chr22	21496400	21496600	U	U	U	U
chr22	21496800	21497000	U	U	U	U
chr22	21503600	21503800	U	U	U	U
chr22	21511200	21511400	B	U	U	U
chr22	21511400	21511600	B	U	U	U
chr22	21513200	21513400	U	U	U	U
chr22	21514200	21514400	U	U	U	U
chr22	21514800	21515000	U	U	U	U
chr22	21515000	21515200	U	U	U	U
chr22	21515200	21515400	U	U	U	U
chr22	21516400	21516600	B	U	U	U
chr22	21517400	21517600	B	U	U	U
chr22	21517600	21517800	B	U	U	U
chr22	21518200	21518400	B	U	U	U
chr22	21531600	21531800	B	U	U	U
chr22	21533200	21533400	U	U	U	U
chr22	21541400	21541600	U	U	U	U
chr22	21546800	21547000	U	U	U	U
chr22	21548200	21548400	U	U	U	U
chr22	21550200	21550400	B	U	U	U
chr22	21551000	21551200	B	U	U	U
chr22	21551400	21551600	U	U	U	U
chr22	21561800	21562000	U	U	U	U
chr22	21564800	21565000	U	U	U	U
chr22	21573200	21573400	U	U	U	U
chr22	21573800	21574000	U	U	U	U
chr22	21591000	21591200	U	U	U	U
chr22	21593600	21593800	B	U	U	U
chr22	21595200	21595400	U	U	U	U
chr22	21611200	21611400	U	U	U	U
chr22	21621600	21621800	U	U	U	U
chr22	21622800	21623000	U	U	U	U
chr22	21633200	21633400	U	U	U	U
chr22	21634000	21634200	U	U	U	U
chr22	21636000	21636200	U	U	U	U
chr22	21636400	21636600	U	U	U	U
chr22	21641800	21642000	B	U	U	U
chr22	21652400	21652600	B	U	U	B
chr22	21653800	21654000	U	U	U	U
chr22	21657800	21658000	B	U	U	U
chr22	21661800	21662000	U	U	U	U
chr22	21670400	21670600	U	U	U	U
chr22	21673000	21673200	U	U	U	U
chr22	21675000	21675200	U	U	U	U
chr22	21681400	21681600	U	U	U	U
chr22	21683200	21683400	U	U	U	U
chr22	21683400	21683600	U	U	U	U
chr22	21683600	21683800	U	U	U	U
chr22	21684600	21684800	U	U	U	U
chr22	21685000	21685200	U	U	U	U
chr22	21686400	21686600	U	U	U	U
chr22	21687600	21687800	U	U	U	U
chr22	21687800	21688000	U	U	U	U
chr22	21694000	21694200	U	U	U	U
chr22	21695400	21695600	U	U	U	U
chr22	21698400	21698600	B	U	U	U
chr22	21698600	21698800	B	U	U	U
chr22	21699000	21699200	B	U	U	U
chr22	21699600	21699800	B	U	U	U
chr22	21703600	21703800	U	U	U	U
chr22	21727000	21727200	B	U	U	U
chr22	21727400	21727600	U	U	U	U
chr22	21732000	21732200	U	U	U	U
chr22	21735000	21735200	U	U	U	U
chr22	21735200	21735400	U	U	U	U
chr22	21738800	21739000	U	U	U	U
chr22	21739200	21739400	U	U	U	U
chr22	21741400	21741600	B	U	U	U
chr22	21741600	21741800	B	U	U	U
chr22	21753600	21753800	U	U	U	U
chr22	21755000	21755200	B	U	U	U
chr22	21760000	21760200	U	U	U	U
chr22	21760800	21761000	U	U	U	U
chr22	21761000	21761200	U	U	U	U
chr22	21761600	21761800	U	U	U	U
chr22	21761800	21762000	U	U	U	U
chr22	21763200	21763400	U	U	U	U
chr22	21763400	21763600	U	U	U	U
chr22	21763800	21764000	U	U	U	U
chr22	21764400	21764600	U	U	U	U
chr22	21764800	21765000	U	U	U	U
chr22	21765200	21765400	U	U	U	U
chr22	21766000	21766200	U	U	U	U
chr22	21766200	21766400	U	U	U	U
chr22	21766800	21767000	U	U	U	U
chr22	21767000	21767200	U	U	U	U
chr22	21767400	21767600	U	U	U	U
chr22	21772400	21772600	U	U	U	U
chr22	21774200	21774400	U	U	U	U
chr22	21797000	21797200	U	U	U	U
chr22	21797200	21797400	U	U	U	U
chr22	21797800	21798000	U	U	U	U
chr22	21799000	21799200	U	U	U	U
chr22	21799200	21799400	U	U	U	U
chr22	21802000	21802200	U	U	U	U
chr22	21802400	21802600	U	U	U	U
chr22	21805800	21806000	U	U	U	U
chr22	21806400	21806600	U	U	U	U
chr22	21807600	21807800	U	U	U	U
chr22	21827200	21827400	U	U	U	U
chr22	21832600	21832800	B	U	U	U
chr22	21835800	21836000	U	U	U	U
chr22	21837800	21838000	U	U	U	U
chr22	21843400	21843600	B	U	U	U
chr22	21843600	21843800	U	U	U	U
chr22	21846200	21846400	U	U	U	U
chr22	21854800	21855000	U	U	U	U
chr22	21864000	21864200	U	U	U	U
chr22	21916000	21916200	U	U	U	U
chr22	21917400	21917600	B	U	U	U
chr22	21918200	21918400	U	U	U	U
chr22	21921000	21921200	U	U	U	U
chr22	21922200	21922400	U	U	U	U
chr22	21923000	21923200	U	U	U	U
chr22	21923400	21923600	U	U	U	U
chr22	21925200	21925400	U	U	U	U
chr22	21927000	21927200	B	U	U	U
chr22	21927200	21927400	B	U	U	U
chr22	21929400	21929600	U	U	U	U
chr22	21933400	21933600	U	U	U	U
chr22	21937800	21938000	B	U	U	U
chr22	21942600	21942800	U	U	U	U
chr22	21944600	21944800	U	U	U	U
chr22	21948400	21948600	U	U	U	U
chr22	21949000	21949200	U	U	U	U
chr22	21955800	21956000	U	U	U	U
chr22	21957200	21957400	U	U	U	U
chr22	21957400	21957600	U	U	U	U
chr22	21961000	21961200	B	U	U	U
chr22	21963400	21963600	U	U	U	U
chr22	21964000	21964200	U	U	U	U
chr22	21968400	21968600	U	U	U	U
chr22	21970200	21970400	U	U	U	U
chr22	21971000	21971200	U	U	U	U
chr22	21975600	21975800	U	U	U	U
chr22	21991600	21991800	U	U	U	U
chr22	21994000	21994200	U	U	U	U
chr22	22005000	22005200	U	U	U	U
chr22	22021200	22021400	U	U	U	U
chr22	22021800	22022000	U	U	U	U
chr22	22022200	22022400	B	U	U	U
chr22	22025400	22025600	B	U	U	U
chr22	22029400	22029600	U	U	U	U
chr22	22029600	22029800	U	U	U	U
chr22	22030800	22031000	B	U	U	U
chr22	22031600	22031800	U	U	U	U
chr22	22032000	22032200	U	U	U	U
chr22	22032200	22032400	U	U	U	U
chr22	22032800	22033000	U	U	U	U
chr22	22034600	22034800	U	U	U	U
chr22	22037400	22037600	U	U	U	U
chr22	22038400	22038600	U	U	U	U
chr22	22040400	22040600	U	U	U	U
chr22	22040600	22040800	U	U	U	U
chr22	22044400	22044600	U	U	U	U
chr22	22045000	22045200	U	U	U	U
chr22	22045600	22045800	U	U	U	U
chr22	22045800	22046000	U	U	U	U
chr22	22048600	22048800	U	U	U	U
chr22	22058000	22058200	U	U	U	U
chr22	22059200	22059400	U	U	U	U
chr22	22059600	22059800	U	U	U	U
chr22	22059800	22060000	U	U	U	U
chr22	22061800	22062000	B	U	U	U
chr22	22064600	22064800	U	U	U	U
chr22	22069200	22069400	U	U	U	U
chr22	22073400	22073600	U	U	U	U
chr22	22073800	22074000	U	U	U	U
chr22	22074000	22074200	U	U	U	U
chr22	22074800	22075000	B	U	U	U
chr22	22077000	22077200	U	U	U	U
chr22	22079600	22079800	U	U	U	U
chr22	22084000	22084200	U	U	U	U
chr22	22084400	22084600	U	U	U	U
chr22	22084600	22084800	U	U	U	U
chr22	22085600	22085800	B	U	U	B
chr22	22086600	22086800	B	U	U	U
chr22	22088400	22088600	U	U	U	U
chr22	22098800	22099000	U	U	U	U
chr22	22099000	22099200	U	U	U	U
chr22	22106800	22107000	U	U	U	U
chr22	22107000	22107200	U	U	U	U
chr22	22111200	22111400	B	U	U	U
chr22	22114600	22114800	U	U	U	U
chr22	22117600	22117800	U	U	U	U
chr22	22118600	22118800	U	U	U	U
chr22	22119400	22119600	U	U	U	U
chr22	22120200	22120400	U	U	U	U
chr22	22120600	22120800	U	U	U	U
chr22	22125600	22125800	U	U	U	U
chr22	22130600	22130800	U	U	U	U
chr22	22146800	22147000	U	U	U	U
chr22	22147000	22147200	U	U	U	U
chr22	22149000	22149200	U	U	U	U
chr22	22149200	22149400	U	U	U	U
chr22	22150600	22150800	U	U	U	U
chr22	22151600	22151800	U	U	U	U
chr22	22152600	22152800	U	U	U	U
chr22	22153000	22153200	U	U	U	U
chr22	22155000	22155200	U	U	U	U
chr22	22155800	22156000	U	U	U	U
chr22	22159800	22160000	U	U	U	U
chr22	22162400	22162600	B	U	U	U
chr22	22163600	22163800	U	U	U	U
chr22	22167800	22168000	U	U	U	U
chr22	22168200	22168400	B	U	U	U
chr22	22170600	22170800	U	U	U	U
chr22	22170800	22171000	U	U	U	U
chr22	22171400	22171600	B	U	B	U
chr22	22178400	22178600	U	U	U	U
chr22	22179400	22179600	U	U	U	U
chr22	22180000	22180200	U	U	U	U
chr22	22180200	22180400	U	U	U	U
chr22	22180400	22180600	U	U	U	U
chr22	22180600	22180800	U	U	U	U
chr22	22181400	22181600	B	U	U	U
chr22	22186200	22186400	B	U	U	U
chr22	22187000	22187200	U	U	U	U
chr22	22187200	22187400	U	U	U	U
chr22	22194400	22194600	U	U	U	U
chr22	22200400	22200600	U	U	U	U
chr22	22201800	22202000	B	U	U	U
chr22	22206800	22207000	U	U	U	U
chr22	22207600	22207800	B	U	U	U
chr22	22208200	22208400	B	U	U	U
chr22	22208400	22208600	U	U	U	U
chr22	22209800	22210000	U	U	U	U
chr22	22214000	22214200	U	U	U	U
chr22	22214600	22214800	B	U	U	U
chr22	22215200	22215400	B	U	U	U
chr22	22219400	22219600	U	U	U	U
chr22	22220000	22220200	U	U	U	U
chr22	22221200	22221400	U	U	U	U
chr22	22222400	22222600	U	U	U	U
chr22	22223000	22223200	U	U	U	U
chr22	22242800	22243000	U	U	U	U
chr22	22244800	22245000	U	U	U	U
chr22	22245400	22245600	U	U	U	U
chr22	22251000	22251200	U	U	U	U
chr22	22252800	22253000	U	U	U	U
chr22	22253800	22254000	U	U	U	U
chr22	22254800	22255000	U	U	U	U
chr22	22257400	22257600	U	U	U	U
chr22	22261400	22261600	U	U	U	U
chr22	22271200	22271400	U	U	U	U
chr22	22273600	22273800	U	U	U	U
chr22	22274200	22274400	U	U	U	U
chr22	22275600	22275800	U	U	U	U
chr22	22295200	22295400	U	U	U	U
chr22	22298200	22298400	B	U	U	U
chr22	22303200	22303400	U	U	U	U
chr22	22309200	22309400	U	U	U	U
chr22	22309400	22309600	U	U	U	U
chr22	22309800	22310000	U	U	U	U
chr22	22315000	22315200	U	U	U	U
chr22	22318800	22319000	U	U	U	U
chr22	22319200	22319400	U	U	U	U
chr22	22321800	22322000	B	U	U	U
chr22	22323200	22323400	U	U	U	U
chr22	22324600	22324800	U	U	U	U
chr22	22325200	22325400	U	U	U	U
chr22	22328000	22328200	U	U	U	U
chr22	22329000	22329200	U	U	U	U
chr22	22339400	22339600	U	U	U	U
chr22	22341400	22341600	U	U	U	U
chr22	22341800	22342000	U	U	U	U
chr22	22343600	22343800	B	U	U	U
chr22	22345600	22345800	U	U	U	U
chr22	22346000	22346200	U	U	U	U
chr22	22346200	22346400	U	U	U	U
chr22	22349800	22350000	U	U	U	U
chr22	22350200	22350400	U	U	U	U
chr22	22350600	22350800	U	U	U	U
chr22	22353000	22353200	U	U	U	U
chr22	22356600	22356800	U	U	U	U
chr22	22363000	22363200	U	U	U	U
chr22	22363200	22363400	U	U	U	U
chr22	22366200	22366400	U	U	U	U
chr22	22366400	22366600	U	U	U	U
chr22	22366600	22366800	U	U	U	U
chr22	22367000	22367200	U	U	U	U
chr22	22367400	22367600	U	U	U	U
chr22	22367600	22367800	U	U	U	U
chr22	22368000	22368200	U	U	U	U
chr22	22368200	22368400	U	U	U	U
chr22	22372200	22372400	U	U	U	U
chr22	22373600	22373800	U	U	U	U
chr22	22374600	22374800	U	U	U	U
chr22	22375400	22375600	U	U	U	U
chr22	22378600	22378800	U	U	U	U
chr22	22379200	22379400	U	U	U	U
chr22	22379400	22379600	U	U	U	U
chr22	22394400	22394600	U	U	U	U
chr22	22395400	22395600	U	U	U	U
chr22	22396800	22397000	B	U	U	U
chr22	22398600	22398800	U	U	U	U
chr22	22398800	22399000	U	U	U	U
chr22	22401000	22401200	U	U	U	U
chr22	22402000	22402200	U	U	U	U
chr22	22403400	22403600	B	U	U	U
chr22	22403600	22403800	B	U	U	U
chr22	22404200	22404400	B	U	U	U
chr22	22404400	22404600	B	U	U	U
chr22	22405000	22405200	U	U	U	U
chr22	22405600	22405800	U	U	U	U
chr22	22407600	22407800	U	U	U	U
chr22	22415600	22415800	U	U	U	U
chr22	22423200	22423400	U	U	U	U
chr22	22423400	22423600	U	U	U	U
chr22	22426400	22426600	U	U	U	U
chr22	22426600	22426800	U	U	U	U
chr22	22428200	22428400	U	U	U	U
chr22	22428400	22428600	U	U	U	U
chr22	22428800	22429000	U	U	U	U
chr22	22429600	22429800	U	U	U	U
chr22	22430000	22430200	U	U	U	U
chr22	22430200	22430400	U	U	U	U
chr22	22430400	22430600	U	U	U	U
chr22	22432000	22432200	B	U	U	U
chr22	22446600	22446800	U	U	U	U
chr22	22446800	22447000	U	U	U	U
chr22	22447200	22447400	U	U	U	U
chr22	22448200	22448400	U	U	U	U
chr22	22448400	22448600	U	U	U	U
chr22	22449600	22449800	U	U	U	U
chr22	22449800	22450000	B	U	U	U
chr22	22473200	22473400	U	U	U	U
chr22	22474600	22474800	B	U	U	U
chr22	22475000	22475200	B	U	U	U
chr22	22488000	22488200	U	U	U	U
chr22	22488600	22488800	U	U	U	U
chr22	22489200	22489400	U	U	U	U
chr22	22491200	22491400	U	U	U	U
chr22	22494400	22494600	U	U	U	U
chr22	22496600	22496800	U	U	U	U
chr22	22507400	22507600	U	U	U	U
chr22	22515200	22515400	U	U	U	U
chr22	22520400	22520600	B	U	U	U
chr22	22549000	22549200	B	U	U	U
chr22	22550800	22551000	U	U	U	U
chr22	22551200	22551400	U	U	U	U
chr22	22551400	22551600	U	U	U	U
chr22	22552800	22553000	B	U	U	U
chr22	22553000	22553200	U	U	U	U
chr22	22554000	22554200	U	U	U	U
chr22	22555000	22555200	U	U	U	U
chr22	22572800	22573000	U	U	U	U
chr22	22573600	22573800	U	U	U	U
chr22	22573800	22574000	U	U	U	U
chr22	22579000	22579200	B	U	U	B
chr22	22579400	22579600	B	U	U	B
chr22	22580200	22580400	U	U	U	U
chr22	22581200	22581400	U	U	U	U
chr22	22586800	22587000	B	U	U	U
chr22	22588600	22588800	U	U	U	U
chr22	22591200	22591400	U	U	U	U
chr22	22594400	22594600	B	U	U	U
chr22	22594800	22595000	B	U	U	U
chr22	22599200	22599400	U	U	U	U
chr22	22600400	22600600	U	U	U	U
chr22	22600800	22601000	U	U	U	U
chr22	22605000	22605200	B	U	U	U
chr22	22613000	22613200	U	U	U	U
chr22	22616400	22616600	B	U	U	U
chr22	22629400	22629600	B	U	U	U
chr22	22630000	22630200	B	U	U	U
chr22	22631200	22631400	B	U	U	U
chr22	22631600	22631800	B	U	B	U
chr22	22632000	22632200	U	U	U	U
chr22	22632400	22632600	U	U	U	U
chr22	22632600	22632800	U	U	U	U
chr22	22632800	22633000	U	U	U	U
chr22	22633400	22633600	U	U	U	U
chr22	22634400	22634600	U	U	U	U
chr22	22636400	22636600	U	U	U	U
chr22	22636600	22636800	U	U	U	U
chr22	22636800	22637000	U	U	U	U
chr22	22637200	22637400	U	U	U	U
chr22	22637600	22637800	U	U	U	U
chr22	22638200	22638400	U	U	U	U
chr22	22643600	22643800	U	U	U	U
chr22	22644000	22644200	U	U	U	U
chr22	22646200	22646400	U	U	U	U
chr22	22646600	22646800	U	U	U	U
chr22	22647000	22647200	U	U	U	U
chr22	22647600	22647800	U	U	U	U
chr22	22648200	22648400	U	U	U	U
chr22	22648400	22648600	U	U	U	U
chr22	22650400	22650600	U	U	U	U
chr22	22651000	22651200	U	U	U	U
chr22	22660800	22661000	U	U	U	U
chr22	22661400	22661600	U	U	U	U
chr22	22662600	22662800	U	U	U	U
chr22	22663800	22664000	U	U	U	U
chr22	22664000	22664200	U	U	U	U
chr22	22664800	22665000	U	U	U	U
chr22	22665000	22665200	U	U	U	U
chr22	22666400	22666600	B	U	U	U
chr22	22666600	22666800	B	U	U	U
chr22	22667800	22668000	U	U	U	U
chr22	22668200	22668400	U	U	U	U
chr22	22669000	22669200	U	U	U	U
chr22	22669200	22669400	U	U	U	U
chr22	22671600	22671800	U	U	U	U
chr22	22673000	22673200	U	U	U	U
chr22	22673400	22673600	U	U	U	U
chr22	22679600	22679800	U	U	U	U
chr22	22680800	22681000	U	U	U	U
chr22	22681600	22681800	U	U	U	U
chr22	22683800	22684000	U	U	U	U
chr22	22685400	22685600	B	U	U	U
chr22	22686600	22686800	B	U	U	U
chr22	22689800	22690000	U	U	U	U
chr22	22690600	22690800	U	U	U	U
chr22	22692200	22692400	B	U	U	U
chr22	22694000	22694200	U	U	U	U
chr22	22694600	22694800	U	U	U	U
chr22	22695000	22695200	U	U	U	U
chr22	22698200	22698400	U	U	U	U
chr22	22698600	22698800	U	U	U	U
chr22	22701000	22701200	U	U	U	U
chr22	22701200	22701400	U	U	U	U
chr22	22701400	22701600	U	U	U	U
chr22	22701600	22701800	U	U	U	U
chr22	22702000	22702200	U	U	U	U
chr22	22703600	22703800	U	U	U	U
chr22	22704800	22705000	U	U	U	U
chr22	22710600	22710800	B	U	U	U
chr22	22711200	22711400	U	U	U	U
chr22	22712000	22712200	U	U	U	U
chr22	22714200	22714400	U	U	U	U
chr22	22719000	22719200	U	U	U	U
chr22	22720600	22720800	B	U	U	U
chr22	22720800	22721000	B	U	U	U
chr22	22721000	22721200	B	U	U	U
chr22	22726200	22726400	U	U	U	U
chr22	22726400	22726600	U	U	U	U
chr22	22731400	22731600	U	U	U	U
chr22	22734200	22734400	B	U	U	U
chr22	22736400	22736600	U	U	U	U
chr22	22737000	22737200	U	U	U	U
chr22	22738400	22738600	U	U	U	U
chr22	22739200	22739400	U	U	U	U
chr22	22743000	22743200	U	U	U	U
chr22	22745000	22745200	U	U	U	U
chr22	22754200	22754400	U	U	U	U
chr22	22754800	22755000	U	U	U	U
chr22	22757200	22757400	U	U	U	U
chr22	22757800	22758000	U	U	U	U
chr22	22760600	22760800	U	U	U	U
chr22	22762200	22762400	U	U	U	U
chr22	22762800	22763000	U	U	U	U
chr22	22764200	22764400	U	U	U	U
chr22	22769000	22769200	U	U	U	U
chr22	22770200	22770400	B	U	U	B
chr22	22770800	22771000	U	U	U	U
chr22	22771400	22771600	U	U	U	U
chr22	22772000	22772200	U	U	U	U
chr22	22775800	22776000	U	U	U	U
chr22	22778600	22778800	U	U	U	U
chr22	22787400	22787600	U	U	U	U
chr22	22787600	22787800	U	U	U	U
chr22	22789000	22789200	B	U	U	U
chr22	22789200	22789400	U	U	U	U
chr22	22789400	22789600	U	U	U	U
chr22	22791600	22791800	U	U	U	U
chr22	22791800	22792000	U	U	U	U
chr22	22792600	22792800	U	U	U	U
chr22	22800800	22801000	U	U	U	U
chr22	22801000	22801200	U	U	U	U
chr22	22802600	22802800	B	U	U	U
chr22	22809400	22809600	U	U	U	U
chr22	22811400	22811600	B	U	U	U
chr22	22815800	22816000	U	U	U	U
chr22	22827000	22827200	U	U	U	U
chr22	22834200	22834400	U	U	U	U
chr22	22834800	22835000	B	U	U	U
chr22	22838000	22838200	B	U	U	U
chr22	22838200	22838400	B	U	U	U
chr22	22838800	22839000	B	U	U	U
chr22	22849000	22849200	B	U	U	U
chr22	22852000	22852200	U	U	U	U
chr22	22855400	22855600	B	U	U	U
chr22	22856400	22856600	B	U	U	U
chr22	22856800	22857000	U	U	U	U
chr22	22858200	22858400	U	U	U	U
chr22	22858400	22858600	U	U	U	U
chr22	22858600	22858800	U	U	U	U
chr22	22870400	22870600	U	U	U	U
chr22	22879600	22879800	U	U	U	U
chr22	22880200	22880400	U	U	U	U
chr22	22880600	22880800	U	U	U	U
chr22	22883200	22883400	U	U	U	U
chr22	22886400	22886600	U	U	U	U
chr22	22888600	22888800	U	U	U	U
chr22	22894200	22894400	B	U	U	U
chr22	22894400	22894600	B	U	U	U
chr22	22895600	22895800	U	U	U	U
chr22	22897000	22897200	U	U	U	U
chr22	22898200	22898400	U	U	U	U
chr22	22900600	22900800	B	U	U	U
chr22	22902400	22902600	U	U	U	U
chr22	22903600	22903800	U	U	U	U
chr22	22906400	22906600	U	U	U	U
chr22	22910600	22910800	U	U	U	U
chr22	22910800	22911000	U	U	U	U
chr22	22914200	22914400	U	U	U	U
chr22	22917000	22917200	U	U	U	U
chr22	22918000	22918200	U	U	U	U
chr22	22919600	22919800	U	U	U	U
chr22	22921000	22921200	U	U	U	U
chr22	22923000	22923200	U	U	U	U
chr22	22926000	22926200	U	U	U	U
chr22	22931800	22932000	U	U	U	U
chr22	22932200	22932400	U	U	U	U
chr22	22933200	22933400	U	U	U	U
chr22	22936400	22936600	U	U	U	U
chr22	22938000	22938200	U	U	U	U
chr22	22941000	22941200	U	U	U	U
chr22	22943200	22943400	B	U	U	U
chr22	22943400	22943600	B	U	U	U
chr22	22958400	22958600	U	U	U	U
chr22	22959400	22959600	B	U	U	U
chr22	22973600	22973800	B	U	U	U
chr22	22984600	22984800	U	U	U	U
chr22	22985200	22985400	U	U	U	U
chr22	22990600	22990800	U	U	U	U
chr22	22990800	22991000	U	U	U	U
chr22	22992400	22992600	U	U	U	U
chr22	22993000	22993200	U	U	U	U
chr22	22993200	22993400	U	U	U	U
chr22	23008200	23008400	U	U	U	U
chr22	23034000	23034200	U	U	U	U
chr22	23035800	23036000	U	U	U	U
chr22	23037200	23037400	U	U	U	U
chr22	23053400	23053600	B	U	U	U
chr22	23053600	23053800	B	U	U	U
chr22	23053800	23054000	B	U	U	U
chr22	23055200	23055400	U	U	U	U
chr22	23055800	23056000	U	U	U	U
chr22	23058600	23058800	U	U	U	U
chr22	23059600	23059800	U	U	U	U
chr22	23061000	23061200	U	U	U	U
chr22	23061200	23061400	U	U	U	U
chr22	23061600	23061800	U	U	U	U
chr22	23063800	23064000	U	U	U	U
chr22	23064200	23064400	U	U	U	U
chr22	23064600	23064800	U	U	U	U
chr22	23068400	23068600	U	U	U	U
chr22	23069400	23069600	B	U	U	U
chr22	23072200	23072400	U	U	U	U
chr22	23072800	23073000	U	U	U	U
chr22	23073000	23073200	U	U	U	U
chr22	23077200	23077400	U	U	U	U
chr22	23078800	23079000	U	U	U	U
chr22	23080400	23080600	U	U	U	U
chr22	23080600	23080800	U	U	U	U
chr22	23088400	23088600	B	U	U	U
chr22	23088800	23089000	B	U	U	U
chr22	23089200	23089400	U	U	U	U
chr22	23093600	23093800	U	U	U	U
chr22	23094000	23094200	U	U	U	U
chr22	23094400	23094600	B	U	U	U
chr22	23095800	23096000	U	U	U	U
chr22	23096200	23096400	U	U	U	U
chr22	23096800	23097000	U	U	U	U
chr22	23101400	23101600	U	U	U	U
chr22	23101600	23101800	U	U	U	U
chr22	23102000	23102200	U	U	U	U
chr22	23104400	23104600	B	U	U	U
chr22	23104800	23105000	U	U	U	U
chr22	23105200	23105400	U	U	U	U
chr22	23105400	23105600	U	U	U	U
chr22	23105600	23105800	U	U	U	U
chr22	23105800	23106000	U	U	U	U
chr22	23107200	23107400	U	U	U	U
chr22	23108600	23108800	U	U	U	U
chr22	23108800	23109000	U	U	U	U
chr22	23109000	23109200	U	U	U	U
chr22	23109200	23109400	U	U	U	U
chr22	23112600	23112800	U	U	U	U
chr22	23113000	23113200	U	U	U	U
chr22	23114400	23114600	U	U	U	U
chr22	23116400	23116600	U	U	U	U
chr22	23121200	23121400	U	U	U	U
chr22	23123200	23123400	U	U	U	U
chr22	23126600	23126800	U	U	U	U
chr22	23127200	23127400	U	U	U	U
chr22	23128600	23128800	B	U	U	B
chr22	23138600	23138800	U	U	U	U
chr22	23139000	23139200	U	U	U	U
chr22	23152200	23152400	U	U	U	U
chr22	23154400	23154600	U	U	U	U
chr22	23155600	23155800	U	U	U	U
chr22	23156200	23156400	B	U	U	U
chr22	23158600	23158800	U	U	U	U
chr22	23160800	23161000	B	U	U	U
chr22	23164800	23165000	U	U	U	U
chr22	23168600	23168800	U	U	U	U
chr22	23176000	23176200	U	U	U	U
chr22	23177600	23177800	U	U	U	U
chr22	23178600	23178800	B	U	U	U
chr22	23178800	23179000	B	U	U	U
chr22	23180000	23180200	B	U	U	U
chr22	23181200	23181400	U	U	U	U
chr22	23181400	23181600	U	U	U	U
chr22	23183200	23183400	U	U	U	U
chr22	23188400	23188600	B	U	U	U
chr22	23193600	23193800	B	U	U	U
chr22	23193800	23194000	B	U	U	U
chr22	23198600	23198800	U	U	U	U
chr22	23201800	23202000	U	U	U	U
chr22	23204800	23205000	U	U	U	U
chr22	23205400	23205600	U	U	U	U
chr22	23211800	23212000	B	U	U	U
chr22	23212200	23212400	B	U	U	U
chr22	23215800	23216000	U	U	U	U
chr22	23217400	23217600	U	U	U	U
chr22	23218600	23218800	B	U	U	U
chr22	23219600	23219800	B	U	U	U
chr22	23219800	23220000	B	U	U	U
chr22	23220200	23220400	B	U	U	U
chr22	23220400	23220600	B	U	U	U
chr22	23221200	23221400	U	U	U	U
chr22	23221400	23221600	U	U	U	U
chr22	23223600	23223800	B	U	U	U
chr22	23223800	23224000	B	U	U	U
chr22	23225800	23226000	U	U	U	U
chr22	23237200	23237400	U	U	U	U
chr22	23237400	23237600	U	U	U	U
chr22	23239400	23239600	U	U	U	U
chr22	23241600	23241800	B	U	U	U
chr22	23248600	23248800	B	U	U	U
chr22	23258200	23258400	U	U	U	U
chr22	23263200	23263400	U	U	U	U
chr22	23263400	23263600	U	U	U	U
chr22	23264800	23265000	U	U	U	U
chr22	23265000	23265200	U	U	U	U
chr22	23267200	23267400	U	U	U	U
chr22	23268800	23269000	U	U	U	U
chr22	23273800	23274000	U	U	U	U
chr22	23274200	23274400	U	U	U	U
chr22	23274400	23274600	U	U	U	U
chr22	23275800	23276000	U	U	U	U
chr22	23277600	23277800	U	U	U	U
chr22	23281000	23281200	B	U	U	U
chr22	23283400	23283600	U	U	U	U
chr22	23283800	23284000	U	U	U	U
chr22	23284000	23284200	U	U	U	U
chr22	23285000	23285200	U	U	U	U
chr22	23288400	23288600	U	U	U	U
chr22	23288600	23288800	B	U	U	U
chr22	23292800	23293000	U	U	U	U
chr22	23293600	23293800	U	U	U	U
chr22	23297600	23297800	U	U	U	U
chr22	23302000	23302200	U	U	U	U
chr22	23305600	23305800	U	U	U	U
chr22	23305800	23306000	U	U	U	U
chr22	23306800	23307000	U	U	U	U
chr22	23307400	23307600	U	U	U	U
chr22	23310600	23310800	U	U	U	U
chr22	23311800	23312000	U	U	U	U
chr22	23314000	23314200	U	U	U	U
chr22	23314400	23314600	U	U	U	U
chr22	23316000	23316200	U	U	U	U
chr22	23316800	23317000	U	U	U	U
chr22	23317600	23317800	U	U	U	U
chr22	23318000	23318200	U	U	U	U
chr22	23325400	23325600	U	U	U	U
chr22	23325600	23325800	U	U	U	U
chr22	23326200	23326400	U	U	U	U
chr22	23333400	23333600	U	U	U	U
chr22	23337800	23338000	U	U	U	U
chr22	23338200	23338400	U	U	U	U
chr22	23342400	23342600	U	U	U	U
chr22	23353800	23354000	U	U	U	U
chr22	23361600	23361800	U	U	U	U
chr22	23366000	23366200	U	U	U	U
chr22	23369400	23369600	U	U	U	U
chr22	23370400	23370600	U	U	U	U
chr22	23380000	23380200	U	U	U	U
chr22	23382200	23382400	U	U	U	U
chr22	23384200	23384400	U	U	U	U
chr22	23384600	23384800	U	U	U	U
chr22	23386200	23386400	B	U	U	U
chr22	23388400	23388600	U	U	U	U
chr22	23393400	23393600	U	U	U	U
chr22	23394000	23394200	U	U	U	U
chr22	23397200	23397400	U	U	U	U
chr22	23397400	23397600	U	U	U	U
chr22	23399200	23399400	U	U	U	U
chr22	23399600	23399800	U	U	U	U
chr22	23399800	23400000	U	U	U	U
chr22	23400000	23400200	U	U	U	U
chr22	23400600	23400800	U	U	U	U
chr22	23400800	23401000	U	U	U	U
chr22	23404400	23404600	U	U	U	U
chr22	23404600	23404800	U	U	B	U
chr22	23405000	23405200	U	U	U	U
chr22	23405600	23405800	U	U	U	U
chr22	23422800	23423000	U	U	U	U
chr22	23433600	23433800	B	U	U	U
chr22	23434000	23434200	B	U	U	U
chr22	23434800	23435000	U	U	U	U
chr22	23435200	23435400	U	U	U	U
chr22	23436600	23436800	U	U	U	U
chr22	23438200	23438400	U	U	U	U
chr22	23450800	23451000	U	U	U	U
chr22	23452600	23452800	U	U	U	U
chr22	23456600	23456800	U	U	U	U
chr22	23457600	23457800	U	U	U	U
chr22	23458600	23458800	U	U	U	U
chr22	23460000	23460200	B	U	U	U
chr22	23460600	23460800	B	U	U	U
chr22	23461200	23461400	U	U	U	U
chr22	23464600	23464800	U	U	U	U
chr22	23466200	23466400	U	U	U	U
chr22	23466800	23467000	U	U	U	U
chr22	23467200	23467400	U	U	U	U
chr22	23468400	23468600	U	U	U	U
chr22	23470200	23470400	U	U	U	U
chr22	23472600	23472800	U	U	U	U
chr22	23473200	23473400	U	U	U	U
chr22	23476200	23476400	U	U	U	U
chr22	23477800	23478000	U	U	U	U
chr22	23486000	23486200	U	U	U	U
chr22	23504600	23504800	U	U	U	U
chr22	23504800	23505000	U	U	U	U
chr22	23513000	23513200	U	U	U	U
chr22	23514600	23514800	U	U	U	U
chr22	23516600	23516800	U	U	U	U
chr22	23520600	23520800	B	U	U	U
chr22	23520800	23521000	B	U	U	U
chr22	23521000	23521200	B	U	U	U
chr22	23526600	23526800	U	U	U	U
chr22	23530800	23531000	U	U	U	U
chr22	23531400	23531600	U	U	U	U
chr22	23532600	23532800	U	U	U	U
chr22	23534800	23535000	U	U	U	U
chr22	23548600	23548800	U	U	U	U
chr22	23549400	23549600	U	U	U	U
chr22	23554000	23554200	U	U	U	U
chr22	23556000	23556200	U	U	U	U
chr22	23556200	23556400	U	U	U	U
chr22	23556600	23556800	U	U	U	U
chr22	23564000	23564200	U	U	U	U
chr22	23566200	23566400	U	U	U	U
chr22	23566400	23566600	U	U	U	U
chr22	23573000	23573200	U	U	U	U
chr22	23573600	23573800	U	U	U	U
chr22	23575200	23575400	U	U	U	U
chr22	23587200	23587400	U	U	U	U
chr22	23592400	23592600	U	U	U	U
chr22	23594600	23594800	U	U	U	U
chr22	23596000	23596200	U	U	U	U
chr22	23599200	23599400	U	U	U	U
chr22	23599800	23600000	U	U	U	U
chr22	23600400	23600600	U	U	U	U
chr22	23605200	23605400	U	U	U	U
chr22	23606800	23607000	U	U	U	U
chr22	23614800	23615000	U	U	U	U
chr22	23616200	23616400	U	U	U	U
chr22	23616800	23617000	U	U	U	U
chr22	23620600	23620800	U	U	U	U
chr22	23622400	23622600	U	U	U	U
chr22	23625000	23625200	U	U	U	U
chr22	23627800	23628000	B	U	B	U
chr22	23628600	23628800	U	U	U	U
chr22	23628800	23629000	U	U	U	U
chr22	23637400	23637600	U	U	U	U
chr22	23638200	23638400	U	U	U	U
chr22	23639400	23639600	U	U	U	U
chr22	23641200	23641400	U	U	U	U
chr22	23649200	23649400	U	U	U	U
chr22	23670600	23670800	U	U	U	U
chr22	23672400	23672600	U	U	U	U
chr22	23674600	23674800	U	U	U	U
chr22	23676200	23676400	U	U	U	U
chr22	23676800	23677000	U	U	U	U
chr22	23683800	23684000	U	U	U	U
chr22	23684200	23684400	B	U	U	U
chr22	23684600	23684800	B	U	B	U
chr22	23688000	23688200	U	U	U	U
chr22	23688600	23688800	U	U	U	U
chr22	23688800	23689000	U	U	U	U
chr22	23690600	23690800	U	U	U	U
chr22	23693200	23693400	U	U	U	U
chr22	23693400	23693600	U	U	U	U
chr22	23694800	23695000	U	U	U	U
chr22	23695000	23695200	U	U	U	U
chr22	23696800	23697000	U	U	U	U
chr22	23697200	23697400	U	U	U	U
chr22	23698800	23699000	U	U	U	U
chr22	23714400	23714600	U	U	U	U
chr22	23715200	23715400	U	U	U	U
chr22	23717600	23717800	B	U	U	U
chr22	23738000	23738200	U	U	U	U
chr22	23743000	23743200	B	U	U	U
chr22	23751200	23751400	B	U	B	U
chr22	23751400	23751600	B	U	U	U
chr22	23752200	23752400	U	U	U	U
chr22	23752400	23752600	U	U	U	U
chr22	23753400	23753600	U	U	U	U
chr22	23754400	23754600	U	U	U	U
chr22	23764400	23764600	U	U	U	U
chr22	23765400	23765600	U	U	U	U
chr22	23765800	23766000	U	U	U	U
chr22	23767600	23767800	B	U	U	U
chr22	23769200	23769400	U	U	U	U
chr22	23769400	23769600	U	U	U	U
chr22	23773000	23773200	B	U	B	U
chr22	23779800	23780000	U	U	U	U
chr22	23780200	23780400	U	U	U	U
chr22	23780400	23780600	U	U	U	U
chr22	23781000	23781200	U	U	U	U
chr22	23786400	23786600	B	U	U	U
chr22	23793000	23793200	U	U	U	U
chr22	23800600	23800800	U	U	U	U
chr22	23802800	23803000	U	U	U	U
chr22	23803000	23803200	U	U	U	U
chr22	23803800	23804000	U	U	U	U
chr22	23805000	23805200	U	U	U	U
chr22	23817400	23817600	U	U	U	U
chr22	23823200	23823400	U	U	U	U
chr22	23824400	23824600	U	U	U	U
chr22	23824800	23825000	U	U	U	U
chr22	23827000	23827200	U	U	U	U
chr22	23831800	23832000	U	U	U	U
chr22	23832600	23832800	U	U	U	U
chr22	23832800	23833000	U	U	U	U
chr22	23833200	23833400	U	U	U	U
chr22	23833800	23834000	U	U	U	U
chr22	23835000	23835200	U	U	U	U
chr22	23835200	23835400	U	U	U	U
chr22	23835800	23836000	U	U	U	U
chr22	23837800	23838000	U	U	U	U
chr22	23842200	23842400	U	U	U	U
chr22	23842800	23843000	U	U	U	U
chr22	23846400	23846600	U	U	U	U
chr22	23848200	23848400	U	U	U	U
chr22	23856800	23857000	U	U	U	U
chr22	23863200	23863400	U	U	U	U
chr22	23870200	23870400	U	U	U	U
chr22	23874000	23874200	U	U	U	U
chr22	23877200	23877400	U	U	U	U
chr22	23877800	23878000	U	U	U	U
chr22	23883800	23884000	U	U	U	U
chr22	23893000	23893200	U	U	U	U
chr22	23896400	23896600	U	U	U	U
chr22	23908600	23908800	U	U	U	U
chr22	23910600	23910800	U	U	U	U
chr22	23913400	23913600	U	U	U	U
chr22	23926800	23927000	U	U	U	U
chr22	23941400	23941600	U	U	U	U
chr22	23941600	23941800	U	U	U	U
chr22	23941800	23942000	U	U	U	U
chr22	23945800	23946000	U	U	U	U
chr22	23949600	23949800	U	U	U	U
chr22	23949800	23950000	U	U	U	U
chr22	23951200	23951400	U	U	U	U
chr22	23951600	23951800	U	U	U	U
chr22	23951800	23952000	U	U	U	U
chr22	23953400	23953600	U	U	U	U
chr22	23957200	23957400	U	U	U	U
chr22	23963600	23963800	U	U	U	U
chr22	23965200	23965400	U	U	U	U
chr22	23967200	23967400	B	U	U	U
chr22	23967600	23967800	U	U	U	U
chr22	23967800	23968000	U	U	U	U
chr22	23969200	23969400	U	U	U	U
chr22	23973600	23973800	B	U	U	U
chr22	23974000	23974200	B	U	U	U
chr22	23977400	23977600	U	U	U	U
chr22	23978200	23978400	U	U	U	U
chr22	23979600	23979800	U	U	U	U
chr22	23982600	23982800	U	U	U	U
chr22	23983400	23983600	U	U	U	U
chr22	23991200	23991400	U	U	U	U
chr22	23998600	23998800	U	U	U	U
chr22	23999200	23999400	U	U	U	U
chr22	24001200	24001400	U	U	U	U
chr22	24002200	24002400	U	U	U	U
chr22	24006000	24006200	U	U	U	U
chr22	24007000	24007200	U	U	U	U
chr22	24008400	24008600	U	U	U	U
chr22	24008800	24009000	U	U	U	U
chr22	24020600	24020800	U	U	U	U
chr22	24028400	24028600	U	U	U	U
chr22	24030800	24031000	U	U	U	U
chr22	24031600	24031800	U	U	U	U
chr22	24034800	24035000	U	U	U	U
chr22	24035000	24035200	U	U	U	U
chr22	24036000	24036200	U	U	U	U
chr22	24036200	24036400	U	U	U	U
chr22	24039200	24039400	U	U	U	U
chr22	24039400	24039600	U	U	U	U
chr22	24041000	24041200	U	U	U	U
chr22	24041200	24041400	U	U	U	U
chr22	24051400	24051600	U	U	U	U
chr22	24054800	24055000	U	U	U	U
chr22	24055000	24055200	U	U	U	U
chr22	24059600	24059800	U	U	U	U
chr22	24069600	24069800	U	U	U	U
chr22	24069800	24070000	U	U	U	U
chr22	24071000	24071200	U	U	U	U
chr22	24071200	24071400	U	U	U	U
chr22	24072400	24072600	U	U	U	U
chr22	24073600	24073800	U	U	U	U
chr22	24076400	24076600	U	U	U	U
chr22	24077600	24077800	U	U	U	U
chr22	24084000	24084200	U	U	U	U
chr22	24085800	24086000	U	U	U	U
chr22	24086400	24086600	U	U	U	U
chr22	24089400	24089600	U	U	U	U
chr22	24089600	24089800	U	U	U	U
chr22	24093000	24093200	U	U	U	U
chr22	24095200	24095400	U	U	U	U
chr22	24096000	24096200	U	U	U	U
chr22	24097800	24098000	U	U	U	U
chr22	24098200	24098400	U	U	U	U
chr22	24098800	24099000	U	U	U	U
chr22	24099000	24099200	U	U	U	U
chr22	24099400	24099600	U	U	U	U
chr22	24102800	24103000	U	U	U	U
chr22	24103400	24103600	U	U	U	U
chr22	24104000	24104200	U	U	U	U
chr22	24107000	24107200	U	U	U	U
chr22	24114600	24114800	U	U	U	U
chr22	24115200	24115400	U	U	U	U
chr22	24116800	24117000	U	U	U	U
chr22	24119600	24119800	U	U	U	U
chr22	24121000	24121200	U	U	U	U
chr22	24125800	24126000	U	U	U	U
chr22	24128800	24129000	U	U	U	U
chr22	24133000	24133200	U	U	U	U
chr22	24134000	24134200	U	U	U	U
chr22	24137200	24137400	U	U	U	U
chr22	24137400	24137600	U	U	U	U
chr22	24140000	24140200	U	U	U	U
chr22	24143400	24143600	U	U	U	U
chr22	24150200	24150400	U	U	U	U
chr22	24151600	24151800	U	U	U	U
chr22	24153000	24153200	U	U	U	U
chr22	24157200	24157400	B	U	U	U
chr22	24157800	24158000	U	U	U	U
chr22	24159000	24159200	U	U	U	U
chr22	24161600	24161800	U	U	U	U
chr22	24162200	24162400	U	U	U	U
chr22	24163200	24163400	U	U	U	U
chr22	24164200	24164400	U	U	U	U
chr22	24165000	24165200	U	U	U	U
chr22	24165200	24165400	U	U	U	U
chr22	24166800	24167000	U	U	U	U
chr22	24167600	24167800	U	U	U	U
chr22	24167800	24168000	U	U	U	U
chr22	24169000	24169200	U	U	U	U
chr22	24169400	24169600	U	U	U	U
chr22	24171400	24171600	U	U	U	U
chr22	24175800	24176000	U	U	U	U
chr22	24177400	24177600	U	U	U	U
chr22	24178800	24179000	U	U	U	U
chr22	24180000	24180200	U	U	U	U
chr22	24180800	24181000	B	U	U	U
chr22	24183000	24183200	U	U	U	U
chr22	24184600	24184800	U	U	U	U
chr22	24185000	24185200	U	U	U	U
chr22	24186600	24186800	U	U	U	U
chr22	24186800	24187000	U	U	U	U
chr22	24187200	24187400	U	U	U	U
chr22	24188000	24188200	U	U	U	U
chr22	24189200	24189400	U	U	U	U
chr22	24189400	24189600	B	U	U	U
chr22	24190400	24190600	U	U	U	U
chr22	24191800	24192000	U	U	U	U
chr22	24214600	24214800	U	U	U	U
chr22	24226000	24226200	U	U	U	U
chr22	24226600	24226800	U	U	U	U
chr22	24233800	24234000	U	U	U	U
chr22	24243600	24243800	U	U	U	U
chr22	24244000	24244200	U	U	U	U
chr22	24245200	24245400	U	U	U	U
chr22	24246400	24246600	U	U	U	U
chr22	24247000	24247200	U	U	U	U
chr22	24248800	24249000	U	U	U	U
chr22	24256400	24256600	U	U	U	U
chr22	24257400	24257600	U	U	U	U
chr22	24264600	24264800	U	U	U	U
chr22	24272800	24273000	U	U	U	U
chr22	24274200	24274400	U	U	U	U
chr22	24274800	24275000	U	U	U	U
chr22	24275000	24275200	U	U	U	U
chr22	24278800	24279000	U	U	U	U
chr22	24280000	24280200	U	U	U	U
chr22	24280200	24280400	U	U	U	U
chr22	24286200	24286400	U	U	U	U
chr22	24287600	24287800	U	U	U	U
chr22	24287800	24288000	U	U	U	U
chr22	24294800	24295000	U	U	U	U
chr22	24304600	24304800	U	U	U	U
chr22	24312600	24312800	U	U	U	U
chr22	24321800	24322000	U	U	U	U
chr22	24322200	24322400	U	U	U	U
chr22	24323800	24324000	U	U	U	U
chr22	24333800	24334000	U	U	U	U
chr22	24334600	24334800	U	U	U	U
chr22	24338400	24338600	U	U	U	U
chr22	24352000	24352200	U	U	U	U
chr22	24352400	24352600	U	U	U	U
chr22	24352600	24352800	U	U	U	U
chr22	24360600	24360800	U	U	U	U
chr22	24362200	24362400	U	U	U	U
chr22	24364000	24364200	U	U	U	U
chr22	24365600	24365800	U	U	U	U
chr22	24367800	24368000	U	U	U	U
chr22	24369200	24369400	U	U	U	U
chr22	24369800	24370000	U	U	U	U
chr22	24370200	24370400	U	U	U	U
chr22	24391400	24391600	U	U	U	U
chr22	24392200	24392400	U	U	U	U
chr22	24399600	24399800	U	U	U	U
chr22	24402800	24403000	U	U	U	U
chr22	24404800	24405000	U	U	U	U
chr22	24411400	24411600	U	U	U	U
chr22	24411800	24412000	U	U	U	U
chr22	24413000	24413200	U	U	U	U
chr22	24414000	24414200	U	U	U	U
chr22	24415000	24415200	U	U	U	U
chr22	24417200	24417400	U	U	U	U
chr22	24418200	24418400	U	U	U	U
chr22	24418400	24418600	U	U	U	U
chr22	24419000	24419200	U	U	U	U
chr22	24420200	24420400	U	U	U	U
chr22	24420600	24420800	U	U	U	U
chr22	24422400	24422600	U	U	U	U
chr22	24425000	24425200	U	U	U	U
chr22	24426400	24426600	U	U	U	U
chr22	24426600	24426800	U	U	U	U
chr22	24427000	24427200	U	U	U	U
chr22	24431000	24431200	U	U	U	U
chr22	24433000	24433200	U	U	U	U
chr22	24436200	24436400	U	U	U	U
chr22	24442200	24442400	U	U	U	U
chr22	24444600	24444800	U	U	U	U
chr22	24445200	24445400	B	U	U	U
chr22	24448800	24449000	U	U	U	U
chr22	24449200	24449400	U	U	U	U
chr22	24471600	24471800	U	U	U	U
chr22	24487600	24487800	U	U	U	U
chr22	24487800	24488000	U	U	U	U
chr22	24494400	24494600	U	U	U	U
chr22	24495400	24495600	U	U	U	U
chr22	24499600	24499800	U	U	U	U
chr22	24499800	24500000	U	U	U	U
chr22	24500400	24500600	U	U	U	U
chr22	24500800	24501000	U	U	U	U
chr22	24507000	24507200	U	U	U	U
chr22	24513200	24513400	U	U	U	U
chr22	24513400	24513600	U	U	U	U
chr22	24513600	24513800	U	U	U	U
chr22	24513800	24514000	U	U	U	U
chr22	24518600	24518800	U	U	U	U
chr22	24520000	24520200	U	U	U	U
chr22	24522400	24522600	U	U	U	U
chr22	24523800	24524000	U	U	U	U
chr22	24524800	24525000	U	U	U	U
chr22	24542000	24542200	U	U	U	U
chr22	24543200	24543400	U	U	U	U
chr22	24543600	24543800	U	U	U	U
chr22	24546400	24546600	U	U	U	U
chr22	24548800	24549000	U	U	U	U
chr22	24558000	24558200	U	U	U	U
chr22	24564200	24564400	U	U	U	U
chr22	24569200	24569400	U	U	U	U
chr22	24584000	24584200	U	U	U	U
chr22	24584400	24584600	U	U	U	U
chr22	24585600	24585800	U	U	U	U
chr22	24585800	24586000	U	U	U	U
chr22	24588000	24588200	U	U	U	U
chr22	24588400	24588600	U	U	U	U
chr22	24589400	24589600	U	U	U	U
chr22	24592200	24592400	U	U	U	U
chr22	24593200	24593400	B	U	U	U
chr22	24599600	24599800	U	U	U	U
chr22	24601600	24601800	U	U	U	U
chr22	24608000	24608200	U	U	U	U
chr22	24608200	24608400	U	U	U	U
chr22	24609200	24609400	U	U	U	U
chr22	24609600	24609800	U	U	U	U
chr22	24610400	24610600	U	U	U	U
chr22	24620600	24620800	U	U	U	U
chr22	24622800	24623000	U	U	U	U
chr22	24623600	24623800	U	U	U	U
chr22	24624600	24624800	U	U	U	U
chr22	24627800	24628000	U	U	U	U
chr22	24628800	24629000	U	U	U	U
chr22	24631600	24631800	U	U	U	U
chr22	24634800	24635000	U	U	U	U
chr22	24643400	24643600	U	U	U	U
chr22	24645600	24645800	U	U	U	U
chr22	24646000	24646200	U	U	U	U
chr22	24646400	24646600	U	U	U	U
chr22	24648600	24648800	U	U	U	U
chr22	24649200	24649400	U	U	U	U
chr22	24650800	24651000	U	U	U	U
chr22	24651000	24651200	U	U	U	U
chr22	24653600	24653800	U	U	U	U
chr22	24663800	24664000	U	U	U	U
chr22	24671600	24671800	U	U	U	U
chr22	24684400	24684600	U	U	U	U
chr22	24686600	24686800	U	U	U	U
chr22	24686800	24687000	U	U	U	U
chr22	24687400	24687600	U	U	U	U
chr22	24687600	24687800	U	U	U	U
chr22	24688200	24688400	U	U	U	U
chr22	24688400	24688600	U	U	U	U
chr22	24690000	24690200	U	U	U	U
chr22	24691600	24691800	U	U	U	U
chr22	24691800	24692000	U	U	U	U
chr22	24695000	24695200	U	U	U	U
chr22	24695400	24695600	U	U	U	U
chr22	24697600	24697800	U	U	U	U
chr22	24700000	24700200	U	U	U	U
chr22	24700800	24701000	U	U	U	U
chr22	24701800	24702000	U	U	U	U
chr22	24705000	24705200	U	U	U	U
chr22	24712200	24712400	U	U	U	U
chr22	24714200	24714400	U	U	U	U
chr22	24718400	24718600	U	U	U	U
chr22	24720000	24720200	U	U	U	U
chr22	24722800	24723000	U	U	U	U
chr22	24726600	24726800	U	U	U	U
chr22	24733000	24733200	U	U	U	U
chr22	24733800	24734000	U	U	U	U
chr22	24734000	24734200	U	U	U	U
chr22	24748600	24748800	U	U	U	U
chr22	24749000	24749200	U	U	U	U
chr22	24749200	24749400	U	U	U	U
chr22	24749400	24749600	U	U	U	U
chr22	24750000	24750200	U	U	U	U
chr22	24755600	24755800	U	U	U	U
chr22	24759400	24759600	U	U	U	U
chr22	24763600	24763800	U	U	U	U
chr22	24764000	24764200	U	U	U	U
chr22	24764400	24764600	U	U	U	U
chr22	24765000	24765200	U	U	U	U
chr22	24765800	24766000	U	U	U	U
chr22	24785600	24785800	U	U	U	U
chr22	24785800	24786000	U	U	U	U
chr22	24786600	24786800	U	U	U	U
chr22	24797600	24797800	U	U	U	U
chr22	24803600	24803800	U	U	U	U
chr22	24805000	24805200	U	U	U	U
chr22	24806400	24806600	B	U	U	U
chr22	24810200	24810400	U	U	U	U
chr22	24814600	24814800	U	U	U	U
chr22	24844800	24845000	U	U	U	U
chr22	24845000	24845200	U	U	U	U
chr22	24845200	24845400	U	U	U	U
chr22	24846600	24846800	U	U	U	U
chr22	24848800	24849000	U	U	U	U
chr22	24859400	24859600	U	U	U	U
chr22	24860400	24860600	U	U	U	U
chr22	24868000	24868200	U	U	U	U
chr22	24868400	24868600	U	U	U	U
chr22	24891600	24891800	U	U	U	U
chr22	24891800	24892000	U	U	U	U
chr22	24892200	24892400	U	U	U	U
chr22	24895200	24895400	U	U	U	U
chr22	24898200	24898400	U	U	U	U
chr22	24912600	24912800	U	U	U	U
chr22	24925400	24925600	U	U	U	U
chr22	24926600	24926800	U	U	U	U
chr22	24928200	24928400	U	U	U	U
chr22	24931600	24931800	U	U	U	U
chr22	24932000	24932200	U	U	U	U
chr22	24953200	24953400	U	U	U	U
chr22	24977800	24978000	U	U	U	U
chr22	24985000	24985200	U	U	U	U
chr22	24989600	24989800	U	U	U	U
chr22	24994800	24995000	U	U	U	U
chr22	24996000	24996200	U	U	U	U
chr22	24997400	24997600	U	U	U	U
chr22	25001600	25001800	U	U	U	U
chr22	25015400	25015600	U	U	U	U
chr22	25026000	25026200	U	U	U	U
chr22	25029000	25029200	B	U	U	U
chr22	25032600	25032800	U	U	U	U
chr22	25040400	25040600	U	U	U	U
chr22	25043000	25043200	U	U	U	U
chr22	25044400	25044600	U	U	U	U
chr22	25049400	25049600	U	U	U	U
chr22	25067000	25067200	U	U	U	U
chr22	25067200	25067400	U	U	U	U
chr22	25070000	25070200	U	U	U	U
chr22	25070400	25070600	U	U	U	U
chr22	25071200	25071400	U	U	U	U
chr22	25072800	25073000	U	U	U	U
chr22	25076400	25076600	U	U	U	U
chr22	25086600	25086800	U	U	U	U
chr22	25090000	25090200	U	U	U	U
chr22	25090400	25090600	U	U	U	U
chr22	25094000	25094200	U	U	U	U
chr22	25094600	25094800	U	U	U	U
chr22	25100200	25100400	U	U	U	U
chr22	25110600	25110800	B	U	U	U
chr22	25111800	25112000	B	U	U	U
chr22	25114000	25114200	U	U	U	U
chr22	25127600	25127800	U	U	U	U
chr22	25143000	25143200	U	U	U	U
chr22	25144400	25144600	U	U	U	U
chr22	25154400	25154600	U	U	U	U
chr22	25159200	25159400	U	U	U	U
chr22	25160800	25161000	U	U	U	U
chr22	25164000	25164200	U	U	U	U
chr22	25166200	25166400	U	U	U	U
chr22	25172600	25172800	U	U	U	U
chr22	25177200	25177400	U	U	U	U
chr22	25178400	25178600	U	U	U	U
chr22	25180600	25180800	U	U	U	U
chr22	25183200	25183400	U	U	U	U
chr22	25184800	25185000	U	U	U	U
chr22	25193600	25193800	U	U	B	U
chr22	25194800	25195000	U	U	U	U
chr22	25195400	25195600	U	U	U	U
chr22	25197000	25197200	U	U	U	U
chr22	25197200	25197400	U	U	U	U
chr22	25198000	25198200	U	U	U	U
chr22	25200000	25200200	U	U	U	U
chr22	25205200	25205400	U	U	U	U
chr22	25212200	25212400	U	U	U	U
chr22	25212400	25212600	U	U	U	U
chr22	25224800	25225000	U	U	U	U
chr22	25225400	25225600	U	U	U	U
chr22	25225600	25225800	U	U	U	U
chr22	25236200	25236400	U	U	U	U
chr22	25241200	25241400	U	U	U	U
chr22	25258600	25258800	U	U	U	U
chr22	25266400	25266600	U	U	U	U
chr22	25268800	25269000	U	U	U	U
chr22	25271000	25271200	U	U	U	U
chr22	25274200	25274400	U	U	U	U
chr22	25279200	25279400	U	U	U	U
chr22	25280000	25280200	U	U	U	U
chr22	25281200	25281400	U	U	U	U
chr22	25282200	25282400	U	U	U	U
chr22	25285800	25286000	U	U	U	U
chr22	25298600	25298800	U	U	U	U
chr22	25300600	25300800	U	U	U	U
chr22	25301000	25301200	U	U	U	U
chr22	25301600	25301800	U	U	U	U
chr22	25318600	25318800	U	U	U	U
chr22	25319000	25319200	U	U	U	U
chr22	25319400	25319600	U	U	U	U
chr22	25321200	25321400	U	U	U	U
chr22	25323800	25324000	U	U	U	U
chr22	25329800	25330000	U	U	U	U
chr22	25333800	25334000	B	U	U	U
chr22	25335800	25336000	U	U	U	U
chr22	25337400	25337600	U	U	U	U
chr22	25348400	25348600	U	U	U	U
chr22	25350400	25350600	U	U	U	U
chr22	25353600	25353800	U	U	U	U
chr22	25358400	25358600	U	U	U	U
chr22	25361600	25361800	U	U	U	U
chr22	25368200	25368400	U	U	U	U
chr22	25368400	25368600	U	U	U	U
chr22	25368600	25368800	U	U	U	U
chr22	25369200	25369400	U	U	U	U
chr22	25369400	25369600	U	U	U	U
chr22	25373600	25373800	U	U	U	U
chr22	25376400	25376600	U	U	U	U
chr22	25381400	25381600	U	U	U	U
chr22	25383600	25383800	U	U	U	U
chr22	25386000	25386200	U	U	U	U
chr22	25390200	25390400	U	U	U	U
chr22	25390600	25390800	U	U	U	U
chr22	25392000	25392200	U	U	U	U
chr22	25392400	25392600	U	U	U	U
chr22	25392600	25392800	U	U	U	U
chr22	25392800	25393000	U	U	U	U
chr22	25393000	25393200	U	U	U	U
chr22	25395200	25395400	U	U	U	U
chr22	25396200	25396400	U	U	U	U
chr22	25400000	25400200	U	U	U	U
chr22	25404400	25404600	B	U	U	U
chr22	25416800	25417000	U	U	U	U
chr22	25419400	25419600	U	U	U	U
chr22	25420400	25420600	U	U	U	U
chr22	25421000	25421200	U	U	U	U
chr22	25421200	25421400	U	U	U	U
chr22	25422800	25423000	U	U	U	U
chr22	25423000	25423200	U	U	U	U
chr22	25425800	25426000	U	U	U	U
chr22	25429600	25429800	U	U	U	U
chr22	25431800	25432000	U	U	U	U
chr22	25433800	25434000	U	U	U	U
chr22	25434800	25435000	U	U	U	U
chr22	25455000	25455200	U	U	U	U
chr22	25459400	25459600	U	U	U	U
chr22	25483600	25483800	U	U	U	U
chr22	25488200	25488400	U	U	U	U
chr22	25496200	25496400	U	U	U	U
chr22	25504600	25504800	U	U	U	U
chr22	25507600	25507800	U	U	U	U
chr22	25509600	25509800	U	U	U	U
chr22	25515000	25515200	U	U	U	U
chr22	25520000	25520200	U	U	U	U
chr22	25526200	25526400	U	U	U	U
chr22	25527200	25527400	U	U	U	U
chr22	25532000	25532200	U	U	U	U
chr22	25535400	25535600	U	U	U	U
chr22	25544400	25544600	U	U	U	U
chr22	25545200	25545400	U	U	U	U
chr22	25554200	25554400	U	U	U	U
chr22	25555400	25555600	U	U	U	U
chr22	25555600	25555800	U	U	U	U
chr22	25558000	25558200	U	U	U	U
chr22	25559200	25559400	U	U	U	U
chr22	25559400	25559600	U	U	U	U
chr22	25559800	25560000	U	U	U	U
chr22	25564000	25564200	B	U	U	U
chr22	25564200	25564400	B	U	U	U
chr22	25567000	25567200	U	U	U	U
chr22	25567600	25567800	U	U	U	U
chr22	25568200	25568400	U	U	U	U
chr22	25569000	25569200	U	U	U	U
chr22	25569400	25569600	U	U	U	U
chr22	25570800	25571000	U	U	U	U
chr22	25575600	25575800	U	U	U	U
chr22	25581800	25582000	U	U	U	U
chr22	25588200	25588400	U	U	U	U
chr22	25588400	25588600	U	U	U	U
chr22	25596400	25596600	U	U	U	U
chr22	25604200	25604400	U	U	U	U
chr22	25604400	25604600	U	U	U	U
chr22	25606000	25606200	U	U	U	U
chr22	25613800	25614000	U	U	U	U
chr22	25616800	25617000	U	U	U	U
chr22	25619800	25620000	U	U	U	U
chr22	25626400	25626600	U	U	U	U
chr22	25630600	25630800	U	U	U	U
chr22	25630800	25631000	U	U	U	U
chr22	25634200	25634400	U	U	U	U
chr22	25644200	25644400	U	U	U	U
chr22	25644600	25644800	U	U	U	U
chr22	25655000	25655200	U	U	U	U
chr22	25655400	25655600	U	U	U	U
chr22	25660600	25660800	U	U	U	U
chr22	25662000	25662200	U	U	U	U
chr22	25668800	25669000	U	U	U	U
chr22	25670000	25670200	U	U	U	U
chr22	25672200	25672400	U	U	U	U
chr22	25674400	25674600	U	U	U	U
chr22	25676800	25677000	U	U	U	U
chr22	25679200	25679400	U	U	U	U
chr22	25680200	25680400	U	U	U	U
chr22	25680400	25680600	U	U	U	U
chr22	25680800	25681000	U	U	U	U
chr22	25684600	25684800	U	U	U	U
chr22	25685400	25685600	U	U	U	U
chr22	25689000	25689200	U	U	U	U
chr22	25690000	25690200	U	U	U	U
chr22	25690800	25691000	U	U	U	U
chr22	25691000	25691200	U	U	U	U
chr22	25693200	25693400	U	U	U	U
chr22	25695000	25695200	U	U	U	U
chr22	25696600	25696800	U	U	U	U
chr22	25704800	25705000	U	U	U	U
chr22	25706000	25706200	U	U	U	U
chr22	25706200	25706400	U	U	U	U
chr22	25711400	25711600	U	U	U	U
chr22	25711800	25712000	U	U	U	U
chr22	25713400	25713600	U	U	U	U
chr22	25714400	25714600	U	U	U	U
chr22	25716400	25716600	U	U	U	U
chr22	25721800	25722000	U	U	U	U
chr22	25722400	25722600	U	U	U	U
chr22	25723000	25723200	U	U	U	U
chr22	25723600	25723800	U	U	U	U
chr22	25723800	25724000	U	U	U	U
chr22	25728800	25729000	U	U	U	U
chr22	25729000	25729200	U	U	U	U
chr22	25736800	25737000	U	U	U	U
chr22	25750600	25750800	U	U	U	U
chr22	25754600	25754800	U	U	U	U
chr22	25754800	25755000	U	U	U	U
chr22	25763000	25763200	U	U	U	U
chr22	25767200	25767400	U	U	U	U
chr22	25768600	25768800	U	U	U	U
chr22	25770200	25770400	U	U	U	U
chr22	25775200	25775400	U	U	U	U
chr22	25780000	25780200	U	U	U	U
chr22	25782400	25782600	U	U	U	U
chr22	25790800	25791000	U	U	U	U
chr22	25795200	25795400	U	U	U	U
chr22	25795600	25795800	U	U	U	U
chr22	25800800	25801000	U	U	U	U
chr22	25806200	25806400	U	U	U	U
chr22	25809800	25810000	U	U	U	U
chr22	25833400	25833600	U	U	U	U
chr22	25839600	25839800	U	U	U	U
chr22	25841000	25841200	U	U	U	U
chr22	25845600	25845800	B	U	U	U
chr22	25848600	25848800	U	U	U	U
chr22	25868600	25868800	U	U	U	U
chr22	25869600	25869800	U	U	U	U
chr22	25872200	25872400	U	U	U	U
chr22	25884400	25884600	U	U	U	U
chr22	25885800	25886000	U	U	U	U
chr22	25886400	25886600	U	U	U	U
chr22	25892200	25892400	U	U	U	U
chr22	25897400	25897600	U	U	U	U
chr22	25899400	25899600	U	U	U	U
chr22	25900200	25900400	U	U	U	U
chr22	25900600	25900800	U	U	U	U
chr22	25908400	25908600	U	U	U	U
chr22	25910600	25910800	U	U	U	U
chr22	25912000	25912200	U	U	U	U
chr22	25920200	25920400	U	U	U	U
chr22	25921400	25921600	U	U	U	U
chr22	25929800	25930000	U	U	U	U
chr22	25931200	25931400	U	U	U	U
chr22	25938200	25938400	U	U	U	U
chr22	25942800	25943000	U	U	U	U
chr22	25947800	25948000	U	U	U	U
chr22	25954000	25954200	U	U	U	U
chr22	25956800	25957000	U	U	U	U
chr22	25965000	25965200	U	U	U	U
chr22	25967200	25967400	U	U	U	U
chr22	25974800	25975000	U	U	U	U
chr22	25975200	25975400	U	U	U	U
chr22	25976400	25976600	U	U	U	U
chr22	25977400	25977600	U	U	U	U
chr22	25985400	25985600	U	U	U	U
chr22	25988000	25988200	U	U	U	U
chr22	25989800	25990000	U	U	U	U
chr22	25990800	25991000	U	U	U	U
chr22	25992000	25992200	U	U	U	U
chr22	25994800	25995000	U	U	U	U
chr22	26005400	26005600	U	U	U	U
chr22	26005800	26006000	U	U	U	U
chr22	26006400	26006600	U	U	U	U
chr22	26009400	26009600	U	U	U	U
chr22	26023800	26024000	U	U	U	U
chr22	26024600	26024800	U	U	U	U
chr22	26026400	26026600	U	U	U	U
chr22	26036000	26036200	U	U	U	U
chr22	26036200	26036400	U	U	U	U
chr22	26042400	26042600	U	U	U	U
chr22	26046000	26046200	U	U	U	U
chr22	26049200	26049400	U	U	U	U
chr22	26050200	26050400	U	U	U	U
chr22	26052400	26052600	U	U	U	U
chr22	26055600	26055800	U	U	U	U
chr22	26061400	26061600	U	U	U	U
chr22	26062600	26062800	U	U	U	U
chr22	26066600	26066800	U	U	U	U
chr22	26069000	26069200	U	U	U	U
chr22	26071200	26071400	U	U	U	U
chr22	26073000	26073200	U	U	U	U
chr22	26073600	26073800	U	U	U	U
chr22	26074600	26074800	U	U	U	U
chr22	26077000	26077200	U	U	U	U
chr22	26079800	26080000	U	U	U	U
chr22	26085800	26086000	U	U	U	U
chr22	26090200	26090400	U	U	U	U
chr22	26096600	26096800	U	U	U	U
chr22	26100600	26100800	U	U	U	U
chr22	26101400	26101600	U	U	U	U
chr22	26105800	26106000	U	U	U	U
chr22	26109800	26110000	U	U	U	U
chr22	26110000	26110200	U	U	U	U
chr22	26122000	26122200	U	U	U	U
chr22	26136600	26136800	U	U	U	U
chr22	26138000	26138200	U	U	U	U
chr22	26139400	26139600	U	U	U	U
chr22	26145600	26145800	U	U	U	U
chr22	26153600	26153800	U	U	U	U
chr22	26156600	26156800	U	U	U	U
chr22	26163200	26163400	U	U	U	U
chr22	26163400	26163600	U	U	U	U
chr22	26168600	26168800	U	U	U	U
chr22	26169600	26169800	U	U	U	U
chr22	26170600	26170800	U	U	B	U
chr22	26171200	26171400	U	U	B	U
chr22	26171400	26171600	U	U	U	U
chr22	26178000	26178200	U	U	U	U
chr22	26178400	26178600	U	U	U	U
chr22	26180600	26180800	U	U	U	U
chr22	26183800	26184000	U	U	U	U
chr22	26184200	26184400	U	U	U	U
chr22	26186000	26186200	U	U	U	U
chr22	26187600	26187800	U	U	U	U
chr22	26193200	26193400	U	U	U	U
chr22	26193600	26193800	U	U	U	U
chr22	26194200	26194400	U	U	U	U
chr22	26194400	26194600	U	U	U	U
chr22	26195000	26195200	U	U	U	U
chr22	26197600	26197800	U	U	U	U
chr22	26202400	26202600	U	U	U	U
chr22	26205000	26205200	U	U	U	U
chr22	26211400	26211600	U	U	U	U
chr22	26213400	26213600	U	U	U	U
chr22	26214800	26215000	U	U	U	U
chr22	26224000	26224200	U	U	U	U
chr22	26225000	26225200	U	U	U	U
chr22	26225200	26225400	U	U	U	U
chr22	26228200	26228400	U	U	U	U
chr22	26233000	26233200	U	U	U	U
chr22	26235800	26236000	U	U	U	U
chr22	26238200	26238400	U	U	U	U
chr22	26241800	26242000	U	U	U	U
chr22	26246400	26246600	U	U	U	U
chr22	26247800	26248000	U	U	U	U
chr22	26255200	26255400	U	U	U	U
chr22	26255400	26255600	U	U	U	U
chr22	26262800	26263000	U	U	U	U
chr22	26265400	26265600	U	U	U	U
chr22	26265600	26265800	U	U	U	U
chr22	26268000	26268200	U	U	U	U
chr22	26270600	26270800	U	U	U	U
chr22	26271000	26271200	U	U	U	U
chr22	26273400	26273600	U	U	U	U
chr22	26279200	26279400	U	U	U	U
chr22	26280000	26280200	U	U	U	U
chr22	26288000	26288200	U	U	U	U
chr22	26289600	26289800	U	U	U	U
chr22	26307400	26307600	U	U	U	U
chr22	26310600	26310800	U	U	U	U
chr22	26311800	26312000	U	U	U	U
chr22	26321600	26321800	B	U	U	U
chr22	26327000	26327200	U	U	U	U
chr22	26335000	26335200	U	U	U	U
chr22	26339400	26339600	U	U	U	U
chr22	26344200	26344400	U	U	U	U
chr22	26345400	26345600	U	U	U	U
chr22	26345800	26346000	U	U	U	U
chr22	26347600	26347800	U	U	U	U
chr22	26349000	26349200	U	U	U	U
chr22	26351000	26351200	U	U	U	U
chr22	26351200	26351400	U	U	U	U
chr22	26352800	26353000	U	U	U	U
chr22	26355000	26355200	U	U	U	U
chr22	26372600	26372800	U	U	U	U
chr22	26374400	26374600	U	U	U	U
chr22	26374800	26375000	U	U	U	U
chr22	26375200	26375400	U	U	U	U
chr22	26375400	26375600	U	U	U	U
chr22	26381600	26381800	U	U	U	U
chr22	26382000	26382200	U	U	U	U
chr22	26383200	26383400	U	U	U	U
chr22	26383600	26383800	U	U	U	U
chr22	26391000	26391200	U	U	U	U
chr22	26391800	26392000	U	U	U	U
chr22	26409800	26410000	U	U	U	U
chr22	26412400	26412600	U	U	U	U
chr22	26423000	26423200	U	U	U	U
chr22	26426200	26426400	U	U	U	U
chr22	26433200	26433400	U	U	U	U
chr22	26437800	26438000	U	U	U	U
chr22	26443200	26443400	U	U	U	U
chr22	26443800	26444000	U	U	U	U
chr22	26446000	26446200	U	U	U	U
chr22	26447600	26447800	U	U	U	U
chr22	26448800	26449000	U	U	U	U
chr22	26452600	26452800	U	U	U	U
chr22	26453200	26453400	U	U	U	U
chr22	26458200	26458400	U	U	U	U
chr22	26460200	26460400	U	U	U	U
chr22	26464400	26464600	U	U	U	U
chr22	26465800	26466000	U	U	U	U
chr22	26466000	26466200	U	U	U	U
chr22	26466600	26466800	U	U	U	U
chr22	26467000	26467200	U	U	U	U
chr22	26471400	26471600	U	U	U	U
chr22	26471600	26471800	U	U	U	U
chr22	26473000	26473200	U	U	U	U
chr22	26477400	26477600	U	U	U	U
chr22	26481800	26482000	U	U	U	U
chr22	26487800	26488000	U	U	U	U
chr22	26488200	26488400	U	U	U	U
chr22	26489000	26489200	U	U	U	U
chr22	26490000	26490200	U	U	U	U
chr22	26492400	26492600	U	U	U	U
chr22	26496000	26496200	U	U	U	U
chr22	26499400	26499600	U	U	U	U
chr22	26502000	26502200	U	U	U	U
chr22	26503800	26504000	U	U	U	U
chr22	26504000	26504200	U	U	U	U
chr22	26510600	26510800	U	U	U	U
chr22	26510800	26511000	U	U	U	U
chr22	26516200	26516400	U	U	U	U
chr22	26526200	26526400	U	U	U	U
chr22	26527800	26528000	U	U	U	U
chr22	26534400	26534600	U	U	U	U
chr22	26534600	26534800	U	U	U	U
chr22	26544800	26545000	U	U	U	U
chr22	26546200	26546400	U	U	U	U
chr22	26546400	26546600	U	U	U	U
chr22	26561800	26562000	U	U	U	U
chr22	26589600	26589800	B	U	U	U
chr22	26597000	26597200	U	U	U	U
chr22	26606800	26607000	U	U	U	U
chr22	26607600	26607800	U	U	U	U
chr22	26616200	26616400	U	U	U	U
chr22	26622200	26622400	U	U	U	U
chr22	26630400	26630600	B	U	U	U
chr22	26632800	26633000	B	U	U	B
chr22	26636800	26637000	U	U	U	U
chr22	26648600	26648800	U	U	U	U
chr22	26650600	26650800	U	U	U	U
chr22	26651200	26651400	U	U	U	U
chr22	26653200	26653400	U	U	U	U
chr22	26663400	26663600	U	U	U	U
chr22	26666200	26666400	U	U	U	U
chr22	26668600	26668800	U	U	U	U
chr22	26668800	26669000	U	U	U	U
chr22	26670800	26671000	U	U	U	U
chr22	26674400	26674600	U	U	U	U
chr22	26675600	26675800	U	U	U	U
chr22	26676200	26676400	U	U	U	U
chr22	26684600	26684800	U	U	U	U
chr22	26688800	26689000	B	U	U	U
chr22	26693600	26693800	U	U	U	U
chr22	26709600	26709800	U	U	U	U
chr22	26718400	26718600	U	U	U	U
chr22	26722200	26722400	U	U	U	U
chr22	26724800	26725000	U	U	U	U
chr22	26726600	26726800	U	U	U	U
chr22	26732400	26732600	U	U	U	U
chr22	26737400	26737600	U	U	U	U
chr22	26743000	26743200	U	U	U	U
chr22	26749000	26749200	U	U	U	U
chr22	26754000	26754200	U	U	U	U
chr22	26767800	26768000	U	U	U	U
chr22	26779000	26779200	U	U	U	U
chr22	26782000	26782200	U	U	U	U
chr22	26785600	26785800	U	U	U	U
chr22	26789400	26789600	U	U	U	U
chr22	26789800	26790000	U	U	U	U
chr22	26793000	26793200	U	U	U	U
chr22	26797000	26797200	U	U	U	U
chr22	26797200	26797400	U	U	U	U
chr22	26798600	26798800	U	U	U	U
chr22	26798800	26799000	U	U	U	U
chr22	26800800	26801000	U	U	U	U
chr22	26801000	26801200	U	U	U	U
chr22	26809600	26809800	U	U	U	U
chr22	26816800	26817000	U	U	U	U
chr22	26827800	26828000	U	U	U	U
chr22	26829200	26829400	U	U	U	U
chr22	26843400	26843600	U	U	U	U
chr22	26845000	26845200	U	U	U	U
chr22	26851600	26851800	U	U	U	U
chr22	26857200	26857400	U	U	U	U
chr22	26862800	26863000	U	U	U	U
chr22	26886600	26886800	U	U	U	U
chr22	26887400	26887600	U	U	U	U
chr22	26895800	26896000	U	U	U	U
chr22	26897000	26897200	U	U	U	U
chr22	26899800	26900000	U	U	U	U
chr22	26911000	26911200	U	U	U	U
chr22	26923000	26923200	U	U	B	U
chr22	26923400	26923600	U	U	U	U
chr22	26923800	26924000	U	U	U	U
chr22	26926200	26926400	U	U	U	U
chr22	26927400	26927600	U	U	U	U
chr22	26942200	26942400	U	U	U	U
chr22	26948400	26948600	U	U	U	U
chr22	26949400	26949600	U	U	B	U
chr22	26952600	26952800	U	U	U	U
chr22	26952800	26953000	U	U	U	U
chr22	26958800	26959000	U	U	U	U
chr22	26961800	26962000	U	U	U	U
chr22	26963600	26963800	U	U	U	U
chr22	26965600	26965800	U	U	U	U
chr22	26969200	26969400	U	U	U	U
chr22	26974800	26975000	U	U	U	U
chr22	26975000	26975200	U	U	U	U
chr22	26975800	26976000	U	U	U	U
chr22	26977400	26977600	U	U	U	U
chr22	26978800	26979000	U	U	U	U
chr22	26979000	26979200	U	U	U	U
chr22	26979200	26979400	U	U	U	U
chr22	26981800	26982000	U	U	U	U
chr22	26985400	26985600	U	U	U	U
chr22	26986200	26986400	U	U	U	U
chr22	26990400	26990600	U	U	U	U
chr22	27000800	27001000	U	U	U	U
chr22	27002800	27003000	U	U	U	U
chr22	27007800	27008000	U	U	U	U
chr22	27023600	27023800	U	U	U	U
chr22	27026200	27026400	U	U	U	U
chr22	27036600	27036800	U	U	U	U
chr22	27052600	27052800	U	U	U	U
chr22	27055200	27055400	U	U	U	U
chr22	27059000	27059200	U	U	U	U
chr22	27059200	27059400	U	U	U	U
chr22	27060200	27060400	U	U	U	U
chr22	27066800	27067000	U	U	U	U
chr22	27070200	27070400	U	U	U	U
chr22	27077200	27077400	U	U	U	U
chr22	27079000	27079200	U	U	U	U
chr22	27094800	27095000	U	U	U	U
chr22	27096600	27096800	U	U	U	U
chr22	27098200	27098400	U	U	U	U
chr22	27098400	27098600	U	U	U	U
chr22	27115200	27115400	U	U	U	U
chr22	27124400	27124600	U	U	U	U
chr22	27125600	27125800	U	U	U	U
chr22	27131000	27131200	U	U	U	U
chr22	27133400	27133600	U	U	U	U
chr22	27133800	27134000	U	U	U	U
chr22	27134000	27134200	U	U	U	U
chr22	27135600	27135800	U	U	U	U
chr22	27156200	27156400	U	U	U	U
chr22	27158400	27158600	U	U	U	U
chr22	27164000	27164200	U	U	U	U
chr22	27165400	27165600	U	U	U	U
chr22	27166800	27167000	U	U	U	U
chr22	27169200	27169400	U	U	U	U
chr22	27170400	27170600	U	U	U	U
chr22	27171800	27172000	U	U	U	U
chr22	27175400	27175600	U	U	U	U
chr22	27182600	27182800	U	U	U	U
chr22	27186200	27186400	U	U	U	U
chr22	27186400	27186600	U	U	U	U
chr22	27192800	27193000	U	U	U	U
chr22	27196400	27196600	U	U	U	U
chr22	27210600	27210800	U	U	U	U
chr22	27213000	27213200	U	U	U	U
chr22	27213200	27213400	U	U	U	U
chr22	27215200	27215400	U	U	U	U
chr22	27224600	27224800	U	U	U	U
chr22	27232200	27232400	U	U	U	U
chr22	27236800	27237000	U	U	U	U
chr22	27239400	27239600	U	U	U	U
chr22	27239600	27239800	U	U	U	U
chr22	27240600	27240800	U	U	U	U
chr22	27241800	27242000	U	U	U	U
chr22	27243000	27243200	U	U	U	U
chr22	27245200	27245400	U	U	U	U
chr22	27249200	27249400	U	U	U	U
chr22	27254600	27254800	U	U	U	U
chr22	27255000	27255200	U	U	U	U
chr22	27256000	27256200	U	U	U	U
chr22	27257000	27257200	U	U	U	U
chr22	27259400	27259600	U	U	U	U
chr22	27267600	27267800	U	U	U	U
chr22	27269400	27269600	U	U	U	U
chr22	27272600	27272800	U	U	U	U
chr22	27273400	27273600	U	U	U	U
chr22	27274800	27275000	U	U	U	U
chr22	27278800	27279000	U	U	U	U
chr22	27283600	27283800	B	U	U	U
chr22	27287000	27287200	U	U	U	U
chr22	27287400	27287600	U	U	U	U
chr22	27288400	27288600	U	U	U	U
chr22	27290800	27291000	U	U	U	U
chr22	27292400	27292600	U	U	U	U
chr22	27293000	27293200	U	U	U	U
chr22	27294000	27294200	U	U	U	U
chr22	27296400	27296600	U	U	U	U
chr22	27299000	27299200	U	U	U	U
chr22	27300400	27300600	U	U	U	U
chr22	27305000	27305200	U	U	U	U
chr22	27307400	27307600	U	U	U	U
chr22	27307600	27307800	U	U	U	U
chr22	27309000	27309200	U	U	U	U
chr22	27310200	27310400	U	U	U	U
chr22	27321400	27321600	U	U	U	U
chr22	27322400	27322600	U	U	U	U
chr22	27330400	27330600	U	U	U	U
chr22	27332000	27332200	U	U	U	U
chr22	27345400	27345600	U	U	U	U
chr22	27345800	27346000	U	U	U	U
chr22	27347800	27348000	U	U	U	U
chr22	27350600	27350800	U	U	U	U
chr22	27353000	27353200	U	U	U	U
chr22	27358800	27359000	U	U	U	U
chr22	27376600	27376800	U	U	U	U
chr22	27380400	27380600	U	U	U	U
chr22	27380600	27380800	U	U	U	U
chr22	27381200	27381400	U	U	U	U
chr22	27385600	27385800	U	U	U	U
chr22	27386600	27386800	U	U	U	U
chr22	27392400	27392600	U	U	U	U
chr22	27396000	27396200	U	U	U	U
chr22	27407400	27407600	U	U	U	U
chr22	27410600	27410800	U	U	U	U
chr22	27414000	27414200	U	U	U	U
chr22	27414600	27414800	U	U	U	U
chr22	27417600	27417800	U	U	U	U
chr22	27418800	27419000	U	U	U	U
chr22	27421000	27421200	U	U	U	U
chr22	27424000	27424200	U	U	U	U
chr22	27424400	27424600	U	U	U	U
chr22	27429000	27429200	U	U	U	U
chr22	27430800	27431000	U	U	U	U
chr22	27431200	27431400	U	U	U	U
chr22	27431400	27431600	U	U	U	U
chr22	27433800	27434000	U	U	U	U
chr22	27441000	27441200	U	U	U	U
chr22	27442600	27442800	U	U	U	U
chr22	27447400	27447600	U	U	U	U
chr22	27458400	27458600	U	U	U	U
chr22	27460600	27460800	U	U	U	U
chr22	27461600	27461800	U	U	U	U
chr22	27463000	27463200	U	U	U	U
chr22	27469200	27469400	U	U	U	U
chr22	27471400	27471600	U	U	U	U
chr22	27473800	27474000	U	U	U	U
chr22	27475600	27475800	U	U	U	U
chr22	27488800	27489000	U	U	U	U
chr22	27495000	27495200	U	U	U	U
chr22	27496800	27497000	U	U	U	U
chr22	27510000	27510200	U	U	U	U
chr22	27512600	27512800	U	U	U	U
chr22	27518800	27519000	U	U	U	U
chr22	27522600	27522800	U	U	U	U
chr22	27525200	27525400	U	U	U	U
chr22	27527200	27527400	U	U	U	U
chr22	27543200	27543400	U	U	U	U
chr22	27554400	27554600	U	U	U	U
chr22	27554600	27554800	U	U	U	U
chr22	27557800	27558000	U	U	U	U
chr22	27558200	27558400	U	U	U	U
chr22	27559800	27560000	U	U	U	U
chr22	27564000	27564200	U	U	U	U
chr22	27565200	27565400	U	U	U	U
chr22	27566400	27566600	U	U	U	U
chr22	27567200	27567400	U	U	U	U
chr22	27567800	27568000	U	U	U	U
chr22	27569400	27569600	U	U	U	U
chr22	27572000	27572200	U	U	U	U
chr22	27580400	27580600	U	U	U	U
chr22	27581800	27582000	U	U	U	U
chr22	27584600	27584800	U	U	U	U
chr22	27588400	27588600	U	U	U	U
chr22	27591200	27591400	U	U	U	U
chr22	27591400	27591600	U	U	U	U
chr22	27595600	27595800	U	U	U	U
chr22	27598600	27598800	U	U	U	U
chr22	27605600	27605800	U	U	U	U
chr22	27612200	27612400	U	U	U	U
chr22	27613200	27613400	U	U	U	U
chr22	27613400	27613600	U	U	U	U
chr22	27620800	27621000	U	U	U	U
chr22	27621800	27622000	U	U	U	U
chr22	27624000	27624200	U	U	U	U
chr22	27630600	27630800	U	U	U	U
chr22	27633000	27633200	U	U	U	U
chr22	27639000	27639200	U	U	U	U
chr22	27648400	27648600	U	U	U	U
chr22	27650600	27650800	U	U	U	U
chr22	27652800	27653000	U	U	U	U
chr22	27655000	27655200	U	U	U	U
chr22	27664000	27664200	U	U	U	U
chr22	27669600	27669800	B	U	U	B
chr22	27681800	27682000	U	U	U	U
chr22	27685400	27685600	U	U	U	U
chr22	27685600	27685800	U	U	U	U
chr22	27698000	27698200	U	U	U	U
chr22	27699800	27700000	U	U	U	U
chr22	27701000	27701200	U	U	U	U
chr22	27704200	27704400	U	U	U	U
chr22	27707200	27707400	U	U	U	U
chr22	27713000	27713200	U	U	U	U
chr22	27719200	27719400	U	U	U	U
chr22	27724800	27725000	U	U	U	U
chr22	27727000	27727200	B	U	U	B
chr22	27733600	27733800	U	U	U	U
chr22	27749200	27749400	U	U	U	U
chr22	27759200	27759400	U	U	U	U
chr22	27760600	27760800	U	U	U	U
chr22	27764000	27764200	U	U	U	U
chr22	27766200	27766400	U	U	U	U
chr22	27772000	27772200	U	U	U	U
chr22	27775600	27775800	U	U	U	U
chr22	27776000	27776200	U	U	U	U
chr22	27776600	27776800	U	U	U	U
chr22	27777000	27777200	U	U	U	U
chr22	27779200	27779400	U	U	U	U
chr22	27785800	27786000	U	U	U	U
chr22	27787200	27787400	U	U	U	U
chr22	27788400	27788600	U	U	U	U
chr22	27788800	27789000	U	U	U	U
chr22	27789400	27789600	U	U	U	U
chr22	27792000	27792200	U	U	U	U
chr22	27793000	27793200	U	U	U	U
chr22	27794000	27794200	U	U	U	U
chr22	27794600	27794800	U	U	U	U
chr22	27795000	27795200	U	U	U	U
chr22	27799800	27800000	U	U	U	U
chr22	27800200	27800400	U	U	U	U
chr22	27800600	27800800	U	U	U	U
chr22	27800800	27801000	U	U	U	U
chr22	27804200	27804400	U	U	U	U
chr22	27804600	27804800	B	U	B	U
chr22	27805000	27805200	B	U	B	U
chr22	27835200	27835400	U	U	U	U
chr22	27836200	27836400	U	U	U	U
chr22	27837800	27838000	U	U	U	U
chr22	27839400	27839600	U	U	U	U
chr22	27847800	27848000	U	U	U	U
chr22	27848600	27848800	U	U	U	U
chr22	27848800	27849000	U	U	U	U
chr22	27850200	27850400	U	U	U	U
chr22	27850400	27850600	U	U	U	U
chr22	27851800	27852000	U	U	U	U
chr22	27852800	27853000	U	U	U	U
chr22	27853800	27854000	U	U	U	U
chr22	27855800	27856000	U	U	U	U
chr22	27859600	27859800	U	U	U	U
chr22	27859800	27860000	U	U	U	U
chr22	27860600	27860800	U	U	U	U
chr22	27861800	27862000	U	U	U	U
chr22	27862800	27863000	U	U	U	U
chr22	27863600	27863800	U	U	U	U
chr22	27863800	27864000	U	U	U	U
chr22	27865400	27865600	U	U	U	U
chr22	27866600	27866800	U	U	U	U
chr22	27866800	27867000	U	U	U	U
chr22	27868000	27868200	U	U	U	U
chr22	27868400	27868600	U	U	U	U
chr22	27870400	27870600	U	U	U	U
chr22	27871200	27871400	U	U	U	U
chr22	27872600	27872800	U	U	U	U
chr22	27875200	27875400	U	U	U	U
chr22	27876400	27876600	U	U	U	U
chr22	27877000	27877200	U	U	U	U
chr22	27877600	27877800	U	U	U	U
chr22	27881600	27881800	U	U	U	U
chr22	27888600	27888800	U	U	U	U
chr22	27889800	27890000	U	U	U	U
chr22	27894400	27894600	U	U	U	U
chr22	27897400	27897600	U	U	U	U
chr22	27897600	27897800	U	U	U	U
chr22	27901000	27901200	U	U	U	U
chr22	27901200	27901400	U	U	U	U
chr22	27904800	27905000	U	U	U	U
chr22	27908000	27908200	U	U	U	U
chr22	27908800	27909000	U	U	U	U
chr22	27909000	27909200	U	U	U	U
chr22	27911200	27911400	U	U	U	U
chr22	27915400	27915600	U	U	U	U
chr22	27918800	27919000	B	U	U	U
chr22	27937000	27937200	U	U	U	U
chr22	27949400	27949600	U	U	U	U
chr22	27950000	27950200	U	U	U	U
chr22	27962000	27962200	U	U	U	U
chr22	27974600	27974800	U	U	U	U
chr22	27977800	27978000	U	U	U	U
chr22	27978600	27978800	U	U	U	U
chr22	27980800	27981000	U	U	U	U
chr22	27982000	27982200	U	U	U	U
chr22	27983000	27983200	U	U	U	U
chr22	27984000	27984200	U	U	U	U
chr22	27989800	27990000	U	U	U	U
chr22	27990000	27990200	U	U	U	U
chr22	27998600	27998800	U	U	U	U
chr22	27999000	27999200	U	U	U	U
chr22	28000800	28001000	U	U	U	U
chr22	28002000	28002200	U	U	U	U
chr22	28002200	28002400	U	U	U	U
chr22	28003400	28003600	U	U	U	U
chr22	28004200	28004400	U	U	U	U
chr22	28005000	28005200	U	U	U	U
chr22	28006600	28006800	U	U	U	U
chr22	28007200	28007400	U	U	U	U
chr22	28008600	28008800	U	U	U	U
chr22	28008800	28009000	U	U	U	U
chr22	28010000	28010200	U	U	U	U
chr22	28012000	28012200	U	U	U	U
chr22	28014800	28015000	U	U	U	U
chr22	28016200	28016400	U	U	U	U
chr22	28018800	28019000	U	U	U	U
chr22	28019400	28019600	U	U	U	U
chr22	28021000	28021200	U	U	U	U
chr22	28021800	28022000	U	U	U	U
chr22	28022600	28022800	U	U	U	U
chr22	28024400	28024600	U	U	U	U
chr22	28026000	28026200	U	U	U	U
chr22	28027600	28027800	U	U	U	U
chr22	28030200	28030400	U	U	U	U
chr22	28031000	28031200	U	U	U	U
chr22	28031400	28031600	U	U	U	U
chr22	28034200	28034400	U	U	U	U
chr22	28034600	28034800	B	U	U	U
chr22	28035200	28035400	B	U	U	U
chr22	28035400	28035600	B	U	U	U
chr22	28049000	28049200	U	U	U	U
chr22	28050400	28050600	U	U	U	U
chr22	28050600	28050800	U	U	U	U
chr22	28050800	28051000	U	U	U	U
chr22	28051000	28051200	U	U	U	U
chr22	28053200	28053400	U	U	U	U
chr22	28064000	28064200	U	U	U	U
chr22	28068800	28069000	U	U	U	U
chr22	28093600	28093800	U	U	U	U
chr22	28094000	28094200	U	U	U	U
chr22	28094800	28095000	U	U	U	U
chr22	28095800	28096000	U	U	U	U
chr22	28096600	28096800	U	U	U	U
chr22	28099800	28100000	U	U	U	U
chr22	28104000	28104200	U	U	U	U
chr22	28105200	28105400	U	U	U	U
chr22	28105400	28105600	U	U	U	U
chr22	28107800	28108000	U	U	U	U
chr22	28112400	28112600	B	U	U	U
chr22	28116600	28116800	U	U	U	U
chr22	28122800	28123000	U	U	U	U
chr22	28125800	28126000	U	U	U	U
chr22	28126200	28126400	U	U	U	U
chr22	28138800	28139000	U	U	U	U
chr22	28140400	28140600	U	U	U	U
chr22	28141600	28141800	U	U	U	U
chr22	28142000	28142200	U	U	U	U
chr22	28142200	28142400	U	U	U	U
chr22	28142400	28142600	U	U	U	U
chr22	28142800	28143000	U	U	U	U
chr22	28143600	28143800	U	U	U	U
chr22	28146600	28146800	U	U	U	U
chr22	28146800	28147000	U	U	U	U
chr22	28148000	28148200	U	U	U	U
chr22	28151200	28151400	U	U	U	U
chr22	28154800	28155000	U	U	U	U
chr22	28162200	28162400	U	U	U	U
chr22	28163200	28163400	U	U	U	U
chr22	28163400	28163600	U	U	U	U
chr22	28180800	28181000	U	U	U	U
chr22	28182200	28182400	U	U	U	U
chr22	28184600	28184800	U	U	U	U
chr22	28186000	28186200	U	U	U	U
chr22	28186800	28187000	U	U	U	U
chr22	28191000	28191200	U	U	U	U
chr22	28203600	28203800	U	U	U	U
chr22	28204600	28204800	U	U	U	U
chr22	28205000	28205200	U	U	U	U
chr22	28205200	28205400	U	U	U	U
chr22	28205600	28205800	U	U	U	U
chr22	28206200	28206400	U	U	U	U
chr22	28206400	28206600	U	U	U	U
chr22	28206600	28206800	U	U	U	U
chr22	28221200	28221400	U	U	U	U
chr22	28222800	28223000	U	U	U	U
chr22	28230200	28230400	U	U	U	U
chr22	28231400	28231600	U	U	U	U
chr22	28232600	28232800	U	U	U	U
chr22	28248600	28248800	U	U	U	U
chr22	28249800	28250000	U	U	U	U
chr22	28265000	28265200	U	U	U	U
chr22	28266200	28266400	U	U	U	U
chr22	28266600	28266800	U	U	U	U
chr22	28266800	28267000	U	U	U	U
chr22	28268800	28269000	U	U	U	U
chr22	28269600	28269800	U	U	U	U
chr22	28277000	28277200	U	U	U	U
chr22	28277200	28277400	U	U	U	U
chr22	28277400	28277600	U	U	U	U
chr22	28277800	28278000	U	U	U	U
chr22	28290400	28290600	U	U	U	U
chr22	28298800	28299000	U	U	U	U
chr22	28299000	28299200	U	U	U	U
chr22	28299200	28299400	U	U	U	U
chr22	28304400	28304600	U	U	U	U
chr22	28307000	28307200	U	U	U	U
chr22	28308400	28308600	U	U	U	U
chr22	28308600	28308800	U	U	U	U
chr22	28309000	28309200	U	U	U	U
chr22	28309600	28309800	U	U	U	U
chr22	28309800	28310000	U	U	U	U
chr22	28320600	28320800	U	U	U	U
chr22	28329600	28329800	U	U	U	U
chr22	28330600	28330800	U	U	U	U
chr22	28332400	28332600	U	U	U	U
chr22	28332800	28333000	U	U	U	U
chr22	28333000	28333200	U	U	U	U
chr22	28342800	28343000	U	U	U	U
chr22	28343000	28343200	U	U	U	U
chr22	28343600	28343800	U	U	U	U
chr22	28348000	28348200	U	U	U	U
chr22	28348400	28348600	U	U	U	U
chr22	28348800	28349000	U	U	U	U
chr22	28351200	28351400	U	U	U	U
chr22	28355800	28356000	U	U	U	U
chr22	28358400	28358600	U	U	U	U
chr22	28358800	28359000	U	U	U	U
chr22	28359000	28359200	U	U	U	U
chr22	28359600	28359800	U	U	U	U
chr22	28365800	28366000	U	U	U	U
chr22	28366000	28366200	U	U	U	U
chr22	28369600	28369800	U	U	U	U
chr22	28372200	28372400	U	U	U	U
chr22	28373400	28373600	U	U	U	U
chr22	28373800	28374000	U	U	U	U
chr22	28380200	28380400	U	U	U	U
chr22	28393200	28393400	U	U	U	U
chr22	28394600	28394800	U	U	U	U
chr22	28400600	28400800	U	U	U	U
chr22	28403000	28403200	U	U	U	U
chr22	28407600	28407800	U	U	U	U
chr22	28409000	28409200	U	U	U	U
chr22	28411000	28411200	U	U	U	U
chr22	28411600	28411800	U	U	U	U
chr22	28421200	28421400	U	U	U	U
chr22	28424600	28424800	U	U	U	U
chr22	28426400	28426600	U	U	U	U
chr22	28429200	28429400	U	U	U	U
chr22	28429400	28429600	U	U	U	U
chr22	28429600	28429800	U	U	U	U
chr22	28433600	28433800	U	U	U	U
chr22	28433800	28434000	U	U	U	U
chr22	28440800	28441000	U	U	U	U
chr22	28441200	28441400	U	U	U	U
chr22	28441400	28441600	U	U	U	U
chr22	28443600	28443800	B	U	U	U
chr22	28448000	28448200	U	U	U	U
chr22	28448200	28448400	U	U	U	U
chr22	28452600	28452800	U	U	U	U
chr22	28454600	28454800	U	U	U	U
chr22	28458200	28458400	U	U	U	U
chr22	28471000	28471200	U	U	U	U
chr22	28475800	28476000	U	U	U	U
chr22	28485400	28485600	U	U	U	U
chr22	28490600	28490800	U	U	U	U
chr22	28498600	28498800	U	U	U	U
chr22	28499400	28499600	U	U	U	U
chr22	28500400	28500600	U	U	U	U
chr22	28514400	28514600	U	U	U	U
chr22	28514600	28514800	U	U	U	U
chr22	28515200	28515400	U	U	U	U
chr22	28517400	28517600	U	U	U	U
chr22	28547600	28547800	U	U	U	U
chr22	28547800	28548000	U	U	U	U
chr22	28571000	28571200	U	U	U	U
chr22	28582800	28583000	U	U	U	U
chr22	28583600	28583800	U	U	U	U
chr22	28591800	28592000	U	U	U	U
chr22	28599000	28599200	U	U	U	U
chr22	28607400	28607600	U	U	U	U
chr22	28631200	28631400	U	U	U	U
chr22	28632000	28632200	U	U	U	U
chr22	28669600	28669800	U	U	U	U
chr22	28673600	28673800	U	U	U	U
chr22	28688000	28688200	U	U	U	U
chr22	28689000	28689200	U	U	U	U
chr22	28689200	28689400	U	U	U	U
chr22	28692000	28692200	U	U	U	U
chr22	28693400	28693600	U	U	U	U
chr22	28695800	28696000	U	U	U	U
chr22	28696800	28697000	U	U	U	U
chr22	28699800	28700000	U	U	U	U
chr22	28703400	28703600	U	U	U	U
chr22	28711000	28711200	U	U	U	U
chr22	28712000	28712200	U	U	U	U
chr22	28712400	28712600	U	U	U	U
chr22	28750600	28750800	U	U	U	U
chr22	28751200	28751400	U	U	U	U
chr22	28780200	28780400	B	U	U	U
chr22	28786200	28786400	U	U	U	U
chr22	28790800	28791000	U	U	U	U
chr22	28794400	28794600	B	U	U	U
chr22	28795000	28795200	U	U	U	U
chr22	28796000	28796200	U	U	U	U
chr22	28799000	28799200	U	U	U	U
chr22	28799200	28799400	B	U	U	U
chr22	28800600	28800800	B	U	U	B
chr22	28803000	28803200	U	U	U	U
chr22	28821800	28822000	U	U	U	U
chr22	28857200	28857400	U	U	U	U
chr22	28874000	28874200	U	U	U	U
chr22	28886000	28886200	U	U	U	U
chr22	28887600	28887800	U	U	U	U
chr22	28887800	28888000	U	U	U	U
chr22	28888200	28888400	U	U	U	U
chr22	28892600	28892800	U	U	U	U
chr22	28894600	28894800	U	U	U	U
chr22	28898600	28898800	U	U	U	U
chr22	28900200	28900400	U	U	U	U
chr22	28903800	28904000	U	U	U	U
chr22	28909200	28909400	U	U	U	U
chr22	28910600	28910800	U	U	U	U
chr22	28911800	28912000	U	U	U	U
chr22	28914200	28914400	U	U	U	U
chr22	28921200	28921400	U	U	U	U
chr22	28922400	28922600	U	U	U	U
chr22	28922600	28922800	U	U	U	U
chr22	28931000	28931200	U	U	U	U
chr22	28933200	28933400	U	U	U	U
chr22	28936400	28936600	U	U	U	U
chr22	28936600	28936800	U	U	U	U
chr22	28939800	28940000	U	U	U	U
chr22	28940800	28941000	U	U	U	U
chr22	28946400	28946600	U	U	U	U
chr22	28956600	28956800	U	U	U	U
chr22	28958800	28959000	U	U	U	U
chr22	28959000	28959200	U	U	U	U
chr22	28959400	28959600	U	U	U	U
chr22	28963000	28963200	U	U	U	U
chr22	28963200	28963400	U	U	U	U
chr22	28964000	28964200	U	U	U	U
chr22	28964200	28964400	U	U	U	U
chr22	28965600	28965800	U	U	U	U
chr22	28966000	28966200	U	U	U	U
chr22	28971200	28971400	U	U	U	U
chr22	28973600	28973800	U	U	U	U
chr22	28976800	28977000	U	U	U	U
chr22	28977000	28977200	U	U	U	U
chr22	28986400	28986600	U	U	U	U
chr22	28988200	28988400	U	U	U	U
chr22	28988600	28988800	U	U	U	U
chr22	28988800	28989000	U	U	U	U
chr22	28990200	28990400	U	U	U	U
chr22	28993400	28993600	U	U	U	U
chr22	28998800	28999000	U	U	U	U
chr22	29003000	29003200	U	U	U	U
chr22	29004400	29004600	U	U	U	U
chr22	29005600	29005800	U	U	U	U
chr22	29008800	29009000	U	U	U	U
chr22	29009000	29009200	U	U	U	U
chr22	29017800	29018000	U	U	U	U
chr22	29018000	29018200	U	U	U	U
chr22	29023600	29023800	U	U	U	U
chr22	29028200	29028400	U	U	U	U
chr22	29029800	29030000	U	U	U	U
chr22	29032400	29032600	U	U	U	U
chr22	29036000	29036200	U	U	U	U
chr22	29036400	29036600	U	U	U	U
chr22	29036600	29036800	U	U	U	U
chr22	29037200	29037400	U	U	U	U
chr22	29039200	29039400	U	U	U	U
chr22	29041800	29042000	U	U	U	U
chr22	29050000	29050200	B	U	U	U
chr22	29050600	29050800	U	U	U	U
chr22	29053200	29053400	U	U	U	U
chr22	29055400	29055600	U	U	U	U
chr22	29057400	29057600	U	U	U	U
chr22	29062400	29062600	U	U	U	U
chr22	29079800	29080000	U	U	U	U
chr22	29080000	29080200	U	U	U	U
chr22	29080200	29080400	U	U	U	U
chr22	29093000	29093200	U	U	U	U
chr22	29093200	29093400	U	U	U	U
chr22	29095000	29095200	U	U	U	U
chr22	29095800	29096000	U	U	U	U
chr22	29097000	29097200	B	U	U	B
chr22	29099200	29099400	U	U	U	U
chr22	29103000	29103200	U	U	U	U
chr22	29103200	29103400	U	U	U	U
chr22	29105800	29106000	U	U	U	U
chr22	29106800	29107000	U	U	U	U
chr22	29116400	29116600	U	U	U	U
chr22	29116800	29117000	U	U	U	U
chr22	29128400	29128600	U	U	U	U
chr22	29129400	29129600	U	U	U	U
chr22	29137400	29137600	U	U	U	U
chr22	29138000	29138200	U	U	U	U
chr22	29138800	29139000	U	U	U	U
chr22	29140800	29141000	U	U	U	U
chr22	29143800	29144000	U	U	U	U
chr22	29145000	29145200	U	U	U	U
chr22	29145400	29145600	U	U	U	U
chr22	29146000	29146200	U	U	U	U
chr22	29146800	29147000	U	U	U	U
chr22	29185200	29185400	U	U	U	U
chr22	29185800	29186000	U	U	U	U
chr22	29196000	29196200	B	U	U	U
chr22	29196200	29196400	B	U	U	U
chr22	29201400	29201600	U	U	U	U
chr22	29202000	29202200	B	U	U	U
chr22	29210000	29210200	U	U	U	U
chr22	29210800	29211000	U	U	U	U
chr22	29213000	29213200	U	U	U	U
chr22	29215000	29215200	U	U	U	U
chr22	29215200	29215400	U	U	U	U
chr22	29215400	29215600	U	U	U	U
chr22	29216200	29216400	U	U	U	U
chr22	29219200	29219400	U	U	U	U
chr22	29224000	29224200	U	U	U	U
chr22	29224400	29224600	U	U	U	U
chr22	29225000	29225200	U	U	U	U
chr22	29226000	29226200	U	U	U	U
chr22	29226400	29226600	U	U	U	U
chr22	29234000	29234200	U	U	U	U
chr22	29252600	29252800	U	U	U	U
chr22	29253800	29254000	U	U	U	U
chr22	29254800	29255000	U	U	U	U
chr22	29255200	29255400	U	U	U	U
chr22	29260200	29260400	U	U	U	U
chr22	29266600	29266800	U	U	U	U
chr22	29267800	29268000	B	U	U	B
chr22	29268000	29268200	B	U	U	B
chr22	29269400	29269600	U	U	U	U
chr22	29271200	29271400	U	U	U	U
chr22	29271600	29271800	U	U	U	U
chr22	29271800	29272000	U	U	U	U
chr22	29273000	29273200	U	U	U	U
chr22	29273800	29274000	U	U	U	U
chr22	29275600	29275800	U	U	U	U
chr22	29276200	29276400	U	U	U	U
chr22	29282200	29282400	U	U	U	U
chr22	29285600	29285800	U	U	U	U
chr22	29288400	29288600	U	U	U	U
chr22	29291600	29291800	U	U	U	U
chr22	29296400	29296600	U	U	U	U
chr22	29297800	29298000	U	U	U	U
chr22	29299000	29299200	U	U	U	U
chr22	29299600	29299800	U	U	U	U
chr22	29301200	29301400	U	U	U	U
chr22	29302200	29302400	U	U	U	U
chr22	29303200	29303400	U	U	U	U
chr22	29303400	29303600	U	U	U	B
chr22	29306000	29306200	B	U	U	U
chr22	29309400	29309600	U	U	U	U
chr22	29311200	29311400	B	U	U	U
chr22	29312000	29312200	U	U	U	U
chr22	29314800	29315000	U	U	U	U
chr22	29318600	29318800	U	U	U	U
chr22	29327600	29327800	U	U	U	U
chr22	29328600	29328800	U	U	U	U
chr22	29329000	29329200	U	U	U	U
chr22	29330200	29330400	U	U	U	U
chr22	29330400	29330600	U	U	U	U
chr22	29331600	29331800	U	U	U	U
chr22	29332000	29332200	U	U	U	U
chr22	29342200	29342400	U	U	U	U
chr22	29342600	29342800	B	U	U	U
chr22	29343200	29343400	U	U	U	U
chr22	29344200	29344400	U	U	U	U
chr22	29350000	29350200	U	U	U	U
chr22	29351600	29351800	U	U	U	U
chr22	29354600	29354800	U	U	U	U
chr22	29358600	29358800	U	U	U	U
chr22	29361200	29361400	U	U	U	U
chr22	29364200	29364400	U	U	U	U
chr22	29366000	29366200	U	U	U	U
chr22	29370800	29371000	U	U	U	U
chr22	29376400	29376600	U	U	U	U
chr22	29386400	29386600	U	U	U	U
chr22	29387000	29387200	U	U	U	U
chr22	29399200	29399400	U	U	U	U
chr22	29405400	29405600	U	U	U	U
chr22	29408200	29408400	U	U	U	U
chr22	29408600	29408800	U	U	U	U
chr22	29409800	29410000	U	U	U	U
chr22	29416000	29416200	U	U	U	U
chr22	29416200	29416400	U	U	U	U
chr22	29421800	29422000	U	U	U	U
chr22	29434400	29434600	U	U	U	U
chr22	29437200	29437400	U	U	U	U
chr22	29437600	29437800	U	U	U	U
chr22	29440200	29440400	U	U	U	U
chr22	29441000	29441200	U	U	U	U
chr22	29448400	29448600	U	U	U	U
chr22	29455400	29455600	U	U	U	U
chr22	29462600	29462800	U	U	U	U
chr22	29464000	29464200	U	U	U	U
chr22	29467200	29467400	U	U	U	U
chr22	29478800	29479000	U	U	B	U
chr22	29480400	29480600	B	U	U	U
chr22	29480800	29481000	B	U	U	U
chr22	29482400	29482600	U	U	U	U
chr22	29485600	29485800	U	U	U	U
chr22	29490200	29490400	U	U	U	U
chr22	29511000	29511200	U	U	U	U
chr22	29519200	29519400	U	U	U	U
chr22	29521000	29521200	U	U	U	U
chr22	29525800	29526000	U	U	U	U
chr22	29528000	29528200	U	U	U	U
chr22	29528400	29528600	U	U	U	U
chr22	29530800	29531000	U	U	U	U
chr22	29535400	29535600	U	U	U	U
chr22	29536600	29536800	U	U	U	U
chr22	29539200	29539400	U	U	U	U
chr22	29542800	29543000	U	U	U	U
chr22	29543600	29543800	U	U	U	U
chr22	29543800	29544000	U	U	U	U
chr22	29554800	29555000	U	U	U	U
chr22	29560800	29561000	U	U	U	U
chr22	29570200	29570400	U	U	U	U
chr22	29580200	29580400	B	U	U	U
chr22	29581000	29581200	B	U	U	U
chr22	29589000	29589200	U	U	U	U
chr22	29604200	29604400	B	U	U	U
chr22	29629800	29630000	U	U	U	U
chr22	29630000	29630200	U	U	U	U
chr22	29634600	29634800	U	U	U	U
chr22	29636800	29637000	U	U	U	U
chr22	29637400	29637600	U	U	U	U
chr22	29639200	29639400	U	U	U	U
chr22	29641800	29642000	U	U	U	U
chr22	29642000	29642200	U	U	U	U
chr22	29642200	29642400	U	U	U	U
chr22	29645600	29645800	U	U	U	U
chr22	29654400	29654600	U	U	U	U
chr22	29654800	29655000	U	U	U	U
chr22	29663200	29663400	U	U	U	U
chr22	29663600	29663800	U	U	U	U
chr22	29668400	29668600	U	U	U	U
chr22	29671800	29672000	U	U	U	U
chr22	29673800	29674000	U	U	U	U
chr22	29674400	29674600	U	U	U	U
chr22	29675200	29675400	U	U	U	U
chr22	29681800	29682000	U	U	U	U
chr22	29682400	29682600	U	U	U	U
chr22	29683000	29683200	U	U	U	U
chr22	29684000	29684200	U	U	U	U
chr22	29687200	29687400	U	U	U	U
chr22	29687800	29688000	U	U	U	U
chr22	29689400	29689600	U	U	U	U
chr22	29690400	29690600	U	U	U	U
chr22	29690800	29691000	U	U	U	U
chr22	29691000	29691200	U	U	U	U
chr22	29691800	29692000	U	U	U	U
chr22	29695600	29695800	U	U	U	U
chr22	29696600	29696800	U	U	U	U
chr22	29698600	29698800	U	U	U	U
chr22	29700000	29700200	U	U	U	U
chr22	29700400	29700600	U	U	U	U
chr22	29702000	29702200	U	U	U	U
chr22	29703400	29703600	U	U	U	U
chr22	29711200	29711400	U	U	U	U
chr22	29713600	29713800	U	U	U	U
chr22	29715200	29715400	U	U	U	U
chr22	29721000	29721200	U	U	U	U
chr22	29723600	29723800	U	U	U	U
chr22	29724800	29725000	U	U	U	U
chr22	29728200	29728400	U	U	U	U
chr22	29729400	29729600	U	U	U	U
chr22	29732000	29732200	U	U	U	U
chr22	29734000	29734200	U	U	U	U
chr22	29735200	29735400	U	U	U	U
chr22	29736200	29736400	U	U	U	U
chr22	29737600	29737800	U	U	U	U
chr22	29738400	29738600	U	U	U	U
chr22	29739600	29739800	U	U	U	U
chr22	29740400	29740600	U	U	U	U
chr22	29742400	29742600	U	U	U	U
chr22	29747800	29748000	B	U	U	U
chr22	29756000	29756200	U	U	U	U
chr22	29767400	29767600	B	U	U	U
chr22	29769800	29770000	U	U	U	U
chr22	29777000	29777200	U	U	U	U
chr22	29780800	29781000	B	U	B	B
chr22	29782000	29782200	U	U	U	U
chr22	29782800	29783000	U	U	U	U
chr22	29786200	29786400	U	U	U	U
chr22	29787600	29787800	U	U	U	U
chr22	29789800	29790000	U	U	U	U
chr22	29790800	29791000	U	U	U	U
chr22	29795400	29795600	U	U	U	U
chr22	29797000	29797200	U	U	U	U
chr22	29797200	29797400	U	U	U	U
chr22	29799200	29799400	B	U	B	B
chr22	29801000	29801200	U	U	U	U
chr22	29802000	29802200	U	U	U	U
chr22	29807400	29807600	U	U	U	U
chr22	29811600	29811800	U	U	U	U
chr22	29812200	29812400	U	U	U	U
chr22	29817600	29817800	U	U	U	U
chr22	29818000	29818200	U	U	U	U
chr22	29818800	29819000	U	U	U	U
chr22	29834800	29835000	U	U	U	U
chr22	29842600	29842800	U	U	U	U
chr22	29848400	29848600	U	U	U	U
chr22	29856000	29856200	U	U	U	U
chr22	29861400	29861600	U	U	U	U
chr22	29870600	29870800	U	U	U	U
chr22	29871600	29871800	U	U	U	U
chr22	29886200	29886400	U	U	U	U
chr22	29889000	29889200	U	U	U	U
chr22	29892400	29892600	U	U	U	U
chr22	29892600	29892800	U	U	U	U
chr22	29894600	29894800	U	U	U	U
chr22	29905600	29905800	U	U	U	U
chr22	29906000	29906200	U	U	U	U
chr22	29907600	29907800	B	U	U	U
chr22	29908000	29908200	B	U	U	U
chr22	29908600	29908800	U	U	U	U
chr22	29910200	29910400	U	U	U	U
chr22	29911600	29911800	U	U	U	U
chr22	29917800	29918000	U	U	U	U
chr22	29918200	29918400	U	U	U	U
chr22	29927600	29927800	U	U	U	U
chr22	29933400	29933600	U	U	U	U
chr22	29936400	29936600	U	U	U	U
chr22	29944600	29944800	U	U	U	U
chr22	29946200	29946400	B	U	U	U
chr22	29947200	29947400	U	U	U	U
chr22	29947600	29947800	U	U	U	U
chr22	29948000	29948200	U	U	U	U
chr22	29949800	29950000	U	U	U	U
chr22	29952200	29952400	B	U	U	B
chr22	29953400	29953600	U	U	U	U
chr22	29954800	29955000	U	U	U	U
chr22	29960800	29961000	U	U	U	U
chr22	29971600	29971800	U	U	U	U
chr22	29971800	29972000	U	U	U	U
chr22	29974400	29974600	U	U	U	U
chr22	29979600	29979800	U	U	U	U
chr22	29979800	29980000	U	U	U	U
chr22	29985000	29985200	U	U	U	U
chr22	29987200	29987400	U	U	U	U
chr22	29987600	29987800	U	U	U	U
chr22	29988000	29988200	U	U	U	U
chr22	29991200	29991400	U	U	U	U
chr22	29991600	29991800	U	U	U	U
chr22	29992400	29992600	U	U	U	U
chr22	29995000	29995200	B	U	U	U
chr22	29997400	29997600	U	U	U	U
chr22	30003200	30003400	U	U	U	U
chr22	30005600	30005800	U	U	U	U
chr22	30007400	30007600	U	U	U	U
chr22	30008400	30008600	U	U	U	U
chr22	30008800	30009000	U	U	U	U
chr22	30009200	30009400	U	U	U	U
chr22	30009800	30010000	U	U	U	U
chr22	30010600	30010800	U	U	U	U
chr22	30012400	30012600	U	U	U	U
chr22	30017800	30018000	U	U	U	U
chr22	30018000	30018200	U	U	U	U
chr22	30018200	30018400	U	U	U	U
chr22	30020400	30020600	U	U	U	U
chr22	30021400	30021600	U	U	U	U
chr22	30021600	30021800	U	U	U	U
chr22	30022200	30022400	U	U	U	U
chr22	30022600	30022800	U	U	U	U
chr22	30023000	30023200	U	U	U	U
chr22	30024400	30024600	U	U	U	U
chr22	30026000	30026200	U	U	U	U
chr22	30026400	30026600	U	U	U	U
chr22	30026800	30027000	U	U	U	U
chr22	30027200	30027400	U	U	U	U
chr22	30029200	30029400	U	U	U	U
chr22	30033000	30033200	U	U	U	U
chr22	30033600	30033800	U	U	U	U
chr22	30036000	30036200	U	U	U	U
chr22	30040400	30040600	U	U	U	U
chr22	30044600	30044800	U	U	U	U
chr22	30045800	30046000	U	U	U	U
chr22	30046600	30046800	U	U	U	U
chr22	30046800	30047000	U	U	U	U
chr22	30048800	30049000	U	U	U	U
chr22	30077400	30077600	U	U	U	U
chr22	30079200	30079400	U	U	U	U
chr22	30080200	30080400	U	U	U	U
chr22	30104200	30104400	U	U	U	U
chr22	30111800	30112000	U	U	U	U
chr22	30112400	30112600	U	U	U	U
chr22	30112600	30112800	U	U	U	U
chr22	30113000	30113200	U	U	U	U
chr22	30116600	30116800	U	U	U	U
chr22	30116800	30117000	U	U	U	U
chr22	30118800	30119000	U	U	U	U
chr22	30122600	30122800	U	U	U	U
chr22	30124000	30124200	U	U	U	U
chr22	30131400	30131600	U	U	U	U
chr22	30133000	30133200	U	U	U	U
chr22	30156600	30156800	U	U	U	U
chr22	30158000	30158200	U	U	U	U
chr22	30161400	30161600	U	U	U	U
chr22	30176200	30176400	U	U	U	U
chr22	30176600	30176800	U	U	U	U
chr22	30179000	30179200	U	U	U	U
chr22	30185600	30185800	U	U	U	U
chr22	30186000	30186200	U	U	U	U
chr22	30189800	30190000	U	U	U	U
chr22	30191000	30191200	U	U	U	U
chr22	30191600	30191800	U	U	U	U
chr22	30196200	30196400	B	U	U	B
chr22	30203800	30204000	U	U	U	U
chr22	30210600	30210800	U	U	U	U
chr22	30216800	30217000	B	U	B	B
chr22	30232400	30232600	U	U	U	U
chr22	30232600	30232800	U	U	U	U
chr22	30238400	30238600	B	U	U	U
chr22	30241000	30241200	U	U	U	U
chr22	30241200	30241400	U	U	U	U
chr22	30241800	30242000	U	U	U	U
chr22	30242200	30242400	U	U	U	U
chr22	30244800	30245000	U	U	U	U
chr22	30245600	30245800	U	U	U	U
chr22	30246600	30246800	U	U	U	U
chr22	30247200	30247400	U	U	U	U
chr22	30248000	30248200	U	U	U	U
chr22	30249200	30249400	B	U	U	U
chr22	30249400	30249600	B	U	U	U
chr22	30251600	30251800	U	U	U	U
chr22	30259000	30259200	U	U	U	U
chr22	30259600	30259800	U	U	U	U
chr22	30262400	30262600	U	U	U	U
chr22	30262600	30262800	U	U	U	U
chr22	30263600	30263800	B	U	U	U
chr22	30264200	30264400	U	U	U	U
chr22	30273400	30273600	U	U	U	U
chr22	30275800	30276000	U	U	U	U
chr22	30276400	30276600	U	U	U	U
chr22	30278200	30278400	U	U	U	U
chr22	30283000	30283200	U	U	U	U
chr22	30284400	30284600	U	U	U	U
chr22	30285400	30285600	U	U	U	U
chr22	30286400	30286600	U	U	U	U
chr22	30287200	30287400	B	U	U	U
chr22	30289600	30289800	B	U	U	U
chr22	30290000	30290200	B	U	U	U
chr22	30290600	30290800	U	U	U	U
chr22	30290800	30291000	U	U	U	U
chr22	30291800	30292000	U	U	U	U
chr22	30292800	30293000	U	U	U	U
chr22	30293800	30294000	U	U	U	U
chr22	30298400	30298600	U	U	U	U
chr22	30298600	30298800	U	U	U	U
chr22	30301000	30301200	U	U	U	U
chr22	30302600	30302800	U	U	U	U
chr22	30305400	30305600	B	U	U	U
chr22	30305800	30306000	B	U	U	U
chr22	30311400	30311600	U	U	U	U
chr22	30311600	30311800	U	U	U	U
chr22	30318600	30318800	U	U	U	U
chr22	30325000	30325200	U	U	U	U
chr22	30325600	30325800	U	U	U	U
chr22	30326000	30326200	U	U	U	U
chr22	30335600	30335800	U	U	U	U
chr22	30337000	30337200	U	U	U	U
chr22	30337200	30337400	U	U	U	U
chr22	30337400	30337600	U	U	U	U
chr22	30337600	30337800	U	U	U	U
chr22	30341000	30341200	U	U	U	U
chr22	30341400	30341600	U	U	U	U
chr22	30343800	30344000	U	U	U	U
chr22	30345000	30345200	U	U	U	U
chr22	30352600	30352800	U	U	U	U
chr22	30357000	30357200	B	U	U	U
chr22	30358800	30359000	U	U	U	U
chr22	30359200	30359400	U	U	U	U
chr22	30362000	30362200	U	U	U	U
chr22	30363000	30363200	B	U	U	U
chr22	30365800	30366000	U	U	U	U
chr22	30370800	30371000	U	U	U	U
chr22	30375400	30375600	U	U	U	U
chr22	30377000	30377200	U	U	U	U
chr22	30379600	30379800	U	U	U	U
chr22	30379800	30380000	U	U	U	U
chr22	30383600	30383800	U	U	U	U
chr22	30384600	30384800	U	U	U	U
chr22	30385800	30386000	U	U	U	U
chr22	30391400	30391600	B	U	B	U
chr22	30392800	30393000	U	U	U	U
chr22	30393400	30393600	U	U	U	U
chr22	30397800	30398000	U	U	U	U
chr22	30398000	30398200	U	U	U	U
chr22	30399600	30399800	U	U	U	U
chr22	30406200	30406400	U	U	U	U
chr22	30407200	30407400	U	U	U	U
chr22	30413600	30413800	U	U	U	U
chr22	30414200	30414400	U	U	U	U
chr22	30416000	30416200	U	U	U	U
chr22	30416200	30416400	U	U	U	U
chr22	30423200	30423400	B	U	U	U
chr22	30427200	30427400	U	U	U	U
chr22	30428400	30428600	U	U	U	U
chr22	30429400	30429600	U	U	U	U
chr22	30432400	30432600	U	U	U	U
chr22	30433600	30433800	U	U	U	U
chr22	30433800	30434000	U	U	U	U
chr22	30443200	30443400	U	U	U	U
chr22	30448000	30448200	U	U	U	U
chr22	30456800	30457000	U	U	U	U
chr22	30457000	30457200	U	U	U	U
chr22	30463400	30463600	U	U	U	U
chr22	30466800	30467000	U	U	U	U
chr22	30473200	30473400	U	U	U	U
chr22	30476000	30476200	U	U	U	U
chr22	30487000	30487200	U	U	U	U
chr22	30491400	30491600	U	U	U	U
chr22	30491800	30492000	U	U	U	U
chr22	30505200	30505400	U	U	U	U
chr22	30505400	30505600	U	U	U	U
chr22	30514600	30514800	U	U	U	U
chr22	30517200	30517400	U	U	U	U
chr22	30521200	30521400	U	U	U	U
chr22	30525400	30525600	U	U	U	U
chr22	30525600	30525800	U	U	U	U
chr22	30529800	30530000	U	U	U	U
chr22	30535200	30535400	U	U	U	U
chr22	30542200	30542400	B	U	U	U
chr22	30543200	30543400	U	U	U	U
chr22	30543600	30543800	U	U	U	U
chr22	30544200	30544400	U	U	U	U
chr22	30545000	30545200	U	U	U	U
chr22	30547000	30547200	U	U	U	U
chr22	30547200	30547400	U	U	U	U
chr22	30547800	30548000	U	U	U	U
chr22	30551000	30551200	U	U	U	U
chr22	30555200	30555400	U	U	U	U
chr22	30566200	30566400	U	U	U	U
chr22	30569600	30569800	U	U	U	U
chr22	30572600	30572800	U	U	U	U
chr22	30572800	30573000	U	U	U	U
chr22	30573800	30574000	U	U	U	U
chr22	30576600	30576800	U	U	U	U
chr22	30577000	30577200	U	U	U	U
chr22	30577800	30578000	U	U	U	U
chr22	30578800	30579000	U	U	U	U
chr22	30579400	30579600	U	U	U	U
chr22	30580800	30581000	U	U	U	U
chr22	30581200	30581400	U	U	U	U
chr22	30581400	30581600	U	U	U	U
chr22	30582400	30582600	U	U	U	U
chr22	30582800	30583000	U	U	U	U
chr22	30583400	30583600	U	U	U	U
chr22	30584400	30584600	U	U	U	U
chr22	30584800	30585000	U	U	U	U
chr22	30585000	30585200	U	U	U	U
chr22	30592200	30592400	B	U	U	U
chr22	30595600	30595800	U	U	U	U
chr22	30605400	30605600	B	U	B	U
chr22	30612600	30612800	U	U	U	U
chr22	30622400	30622600	U	U	U	U
chr22	30622800	30623000	U	U	U	U
chr22	30628600	30628800	U	U	U	U
chr22	30629000	30629200	U	U	U	U
chr22	30630000	30630200	U	U	U	U
chr22	30634200	30634400	U	U	U	U
chr22	30635000	30635200	B	U	U	U
chr22	30635200	30635400	B	U	U	U
chr22	30636000	30636200	B	U	U	U
chr22	30641000	30641200	U	U	U	U
chr22	30646800	30647000	U	U	U	U
chr22	30668400	30668600	B	U	U	U
chr22	30668600	30668800	B	U	U	U
chr22	30669000	30669200	U	U	U	U
chr22	30683800	30684000	U	U	U	U
chr22	30697800	30698000	U	U	U	U
chr22	30702800	30703000	U	U	U	U
chr22	30705800	30706000	U	U	U	U
chr22	30706000	30706200	U	U	U	U
chr22	30706400	30706600	U	U	U	U
chr22	30706600	30706800	U	U	U	U
chr22	30719000	30719200	U	U	U	U
chr22	30753200	30753400	U	U	U	U
chr22	30754600	30754800	U	U	U	U
chr22	30755800	30756000	B	U	U	U
chr22	30764600	30764800	U	U	U	U
chr22	30764800	30765000	U	U	U	U
chr22	30766400	30766600	U	U	U	U
chr22	30771200	30771400	U	U	U	U
chr22	30778400	30778600	U	U	U	U
chr22	30781600	30781800	U	U	U	U
chr22	30789200	30789400	U	U	U	U
chr22	30800200	30800400	U	U	U	U
chr22	30802600	30802800	B	U	B	U
chr22	30803200	30803400	B	U	B	U
chr22	30805000	30805200	U	U	U	U
chr22	30805600	30805800	U	U	U	U
chr22	30806800	30807000	U	U	B	U
chr22	30807000	30807200	U	U	U	U
chr22	30819600	30819800	U	U	U	U
chr22	30821800	30822000	U	U	U	U
chr22	30822400	30822600	U	U	U	U
chr22	30823800	30824000	U	U	U	U
chr22	30826000	30826200	U	U	U	U
chr22	30827200	30827400	U	U	U	U
chr22	30827400	30827600	U	U	U	U
chr22	30827600	30827800	U	U	U	U
chr22	30831800	30832000	U	U	U	U
chr22	30832800	30833000	U	U	U	U
chr22	30837600	30837800	U	U	U	U
chr22	30855400	30855600	U	U	U	U
chr22	30856800	30857000	U	U	U	U
chr22	30857800	30858000	U	U	U	U
chr22	30859200	30859400	U	U	U	U
chr22	30861400	30861600	U	U	U	U
chr22	30863000	30863200	B	U	U	U
chr22	30864400	30864600	U	U	U	U
chr22	30864800	30865000	U	U	U	U
chr22	30865800	30866000	U	U	U	U
chr22	30867600	30867800	U	U	U	U
chr22	30872000	30872200	B	U	U	U
chr22	30875800	30876000	U	U	U	U
chr22	30876200	30876400	U	U	U	U
chr22	30877200	30877400	U	U	U	U
chr22	30880400	30880600	U	U	U	U
chr22	30884000	30884200	U	U	U	U
chr22	30885600	30885800	U	U	U	U
chr22	30889400	30889600	U	U	U	U
chr22	30889800	30890000	U	U	U	U
chr22	30892400	30892600	U	U	U	U
chr22	30893000	30893200	U	U	U	U
chr22	30893200	30893400	U	U	U	U
chr22	30893600	30893800	U	U	U	U
chr22	30903000	30903200	U	U	U	U
chr22	30903400	30903600	U	U	U	U
chr22	30903600	30903800	U	U	U	U
chr22	30906000	30906200	U	U	U	U
chr22	30906600	30906800	U	U	U	U
chr22	30906800	30907000	U	U	U	U
chr22	30907800	30908000	U	U	U	U
chr22	30925600	30925800	U	U	U	U
chr22	30926600	30926800	U	U	U	U
chr22	30926800	30927000	U	U	U	U
chr22	30931000	30931200	U	U	U	U
chr22	30932000	30932200	U	U	U	U
chr22	30932600	30932800	U	U	U	U
chr22	30933400	30933600	U	U	B	U
chr22	30934200	30934400	U	U	U	U
chr22	30937000	30937200	U	U	U	U
chr22	30937200	30937400	U	U	U	U
chr22	30938000	30938200	U	U	U	U
chr22	30939600	30939800	U	U	U	U
chr22	30940400	30940600	U	U	U	U
chr22	30940800	30941000	U	U	U	U
chr22	30941000	30941200	U	U	U	U
chr22	30945200	30945400	U	U	U	U
chr22	30946600	30946800	U	U	U	U
chr22	30949400	30949600	U	U	U	U
chr22	30949600	30949800	U	U	U	U
chr22	30950200	30950400	U	U	U	U
chr22	30951600	30951800	U	U	U	U
chr22	30952200	30952400	U	U	U	U
chr22	30961600	30961800	U	U	U	U
chr22	30964400	30964600	U	U	U	U
chr22	30965200	30965400	U	U	U	U
chr22	30966200	30966400	U	U	U	U
chr22	30967000	30967200	U	U	U	U
chr22	30967200	30967400	U	U	U	U
chr22	30968200	30968400	B	U	B	U
chr22	30968400	30968600	B	U	B	U
chr22	30970400	30970600	U	U	U	U
chr22	30973200	30973400	U	U	U	U
chr22	30974200	30974400	U	U	U	U
chr22	30977800	30978000	U	U	U	U
chr22	30985600	30985800	U	U	U	U
chr22	30996400	30996600	U	U	U	U
chr22	30996600	30996800	U	U	U	U
chr22	31003000	31003200	U	U	U	U
chr22	31038600	31038800	U	U	U	U
chr22	31077600	31077800	U	U	U	U
chr22	31081200	31081400	B	U	U	U
chr22	31081600	31081800	B	U	U	U
chr22	31081800	31082000	U	U	U	U
chr22	31083200	31083400	U	U	U	U
chr22	31084200	31084400	U	U	U	U
chr22	31084800	31085000	B	U	U	U
chr22	31087600	31087800	U	U	U	U
chr22	31087800	31088000	U	U	U	U
chr22	31088200	31088400	U	U	U	U
chr22	31089400	31089600	B	U	B	U
chr22	31089800	31090000	U	U	U	U
chr22	31090400	31090600	U	U	U	U
chr22	31090800	31091000	U	U	U	U
chr22	31091000	31091200	U	U	U	U
chr22	31095400	31095600	U	U	U	U
chr22	31095600	31095800	U	U	U	U
chr22	31096600	31096800	U	U	U	U
chr22	31096800	31097000	U	U	U	U
chr22	31099000	31099200	B	U	U	U
chr22	31102600	31102800	U	U	U	U
chr22	31106800	31107000	U	U	U	U
chr22	31107200	31107400	B	U	U	U
chr22	31113200	31113400	U	U	U	U
chr22	31120200	31120400	U	U	U	U
chr22	31121800	31122000	U	U	U	U
chr22	31122800	31123000	B	U	U	U
chr22	31123000	31123200	B	U	U	U
chr22	31124800	31125000	U	U	U	U
chr22	31125600	31125800	U	U	U	U
chr22	31126800	31127000	U	U	U	U
chr22	31127400	31127600	B	U	U	U
chr22	31131800	31132000	U	U	U	U
chr22	31137000	31137200	U	U	U	U
chr22	31138000	31138200	U	U	U	U
chr22	31140800	31141000	U	U	U	U
chr22	31156400	31156600	U	U	U	U
chr22	31177600	31177800	U	U	U	U
chr22	31178400	31178600	U	U	U	U
chr22	31192200	31192400	U	U	U	U
chr22	31195400	31195600	U	U	U	U
chr22	31196600	31196800	U	U	U	U
chr22	31199800	31200000	U	U	U	U
chr22	31201200	31201400	U	U	U	U
chr22	31201400	31201600	U	U	U	U
chr22	31204400	31204600	U	U	U	U
chr22	31205600	31205800	U	U	U	U
chr22	31210800	31211000	U	U	U	U
chr22	31211000	31211200	U	U	U	U
chr22	31212400	31212600	B	U	U	U
chr22	31218600	31218800	U	U	U	U
chr22	31218800	31219000	U	U	U	U
chr22	31227200	31227400	U	U	U	U
chr22	31229600	31229800	B	U	U	U
chr22	31230200	31230400	U	U	U	U
chr22	31230600	31230800	U	U	U	U
chr22	31238800	31239000	U	U	U	U
chr22	31239000	31239200	U	U	U	U
chr22	31244000	31244200	U	U	U	U
chr22	31244200	31244400	U	U	U	U
chr22	31244400	31244600	U	U	U	U
chr22	31247800	31248000	B	U	U	U
chr22	31248400	31248600	B	U	U	U
chr22	31248800	31249000	U	U	U	U
chr22	31249400	31249600	U	U	U	U
chr22	31251600	31251800	U	U	U	U
chr22	31259800	31260000	U	U	U	U
chr22	31262600	31262800	U	U	U	U
chr22	31263000	31263200	U	U	U	U
chr22	31267600	31267800	U	U	U	U
chr22	31268000	31268200	U	U	U	U
chr22	31268400	31268600	U	U	U	U
chr22	31270800	31271000	U	U	U	U
chr22	31275000	31275200	U	U	U	U
chr22	31275200	31275400	U	U	U	U
chr22	31277000	31277200	U	U	U	U
chr22	31278400	31278600	U	U	U	U
chr22	31278800	31279000	U	U	U	U
chr22	31279800	31280000	U	U	U	U
chr22	31284600	31284800	U	U	U	U
chr22	31291000	31291200	B	U	U	U
chr22	31291800	31292000	U	U	U	U
chr22	31292200	31292400	B	U	U	U
chr22	31297000	31297200	U	U	U	U
chr22	31300600	31300800	U	U	U	U
chr22	31301000	31301200	U	U	U	U
chr22	31301800	31302000	U	U	U	U
chr22	31302000	31302200	U	U	U	U
chr22	31320400	31320600	U	U	U	U
chr22	31326400	31326600	U	U	U	U
chr22	31327800	31328000	U	U	U	U
chr22	31328000	31328200	U	U	U	U
chr22	31332600	31332800	U	U	U	U
chr22	31333000	31333200	U	U	U	U
chr22	31333200	31333400	U	U	U	U
chr22	31334000	31334200	U	U	U	U
chr22	31334200	31334400	U	U	U	U
chr22	31335000	31335200	U	U	U	U
chr22	31335600	31335800	U	U	U	U
chr22	31335800	31336000	U	U	U	U
chr22	31338200	31338400	U	U	U	U
chr22	31339800	31340000	U	U	U	U
chr22	31343200	31343400	U	U	U	U
chr22	31344000	31344200	U	U	U	U
chr22	31344600	31344800	U	U	U	U
chr22	31345400	31345600	B	U	U	U
chr22	31352000	31352200	U	U	U	U
chr22	31353000	31353200	U	U	U	U
chr22	31364000	31364200	U	U	U	U
chr22	31394600	31394800	U	U	U	U
chr22	31398000	31398200	U	U	U	U
chr22	31411000	31411200	U	U	U	U
chr22	31420400	31420600	U	U	U	U
chr22	31423200	31423400	U	U	U	U
chr22	31427000	31427200	U	U	U	U
chr22	31436200	31436400	U	U	U	U
chr22	31436400	31436600	U	U	U	U
chr22	31438200	31438400	U	U	U	U
chr22	31440400	31440600	U	U	U	U
chr22	31441800	31442000	U	U	U	U
chr22	31443000	31443200	U	U	U	U
chr22	31444200	31444400	U	U	U	U
chr22	31444400	31444600	U	U	U	U
chr22	31447200	31447400	U	U	U	U
chr22	31447400	31447600	U	U	U	U
chr22	31448200	31448400	U	U	U	U
chr22	31448600	31448800	U	U	U	U
chr22	31449400	31449600	U	U	U	U
chr22	31453000	31453200	U	U	U	U
chr22	31453800	31454000	U	U	U	U
chr22	31454200	31454400	U	U	U	U
chr22	31454800	31455000	U	U	U	U
chr22	31457200	31457400	U	U	U	U
chr22	31458600	31458800	U	U	U	U
chr22	31477400	31477600	U	U	U	U
chr22	31488000	31488200	U	U	U	U
chr22	31488400	31488600	U	U	U	U
chr22	31488600	31488800	U	U	U	U
chr22	31489000	31489200	B	U	U	U
chr22	31496000	31496200	B	U	U	U
chr22	31496800	31497000	B	U	U	U
chr22	31531000	31531200	U	U	U	U
chr22	31559600	31559800	U	U	U	U
chr22	31561600	31561800	B	U	B	U
chr22	31578400	31578600	U	U	U	U
chr22	31583800	31584000	U	U	U	U
chr22	31604800	31605000	U	U	B	U
chr22	31608600	31608800	U	U	U	U
chr22	31613200	31613400	U	U	U	U
chr22	31616800	31617000	U	U	U	U
chr22	31617800	31618000	U	U	U	U
chr22	31619000	31619200	U	U	B	U
chr22	31619400	31619600	U	U	U	U
chr22	31621000	31621200	U	U	U	U
chr22	31621200	31621400	U	U	U	U
chr22	31622400	31622600	U	U	U	U
chr22	31622600	31622800	U	U	U	U
chr22	31623400	31623600	U	U	U	U
chr22	31623600	31623800	U	U	U	U
chr22	31624400	31624600	U	U	U	U
chr22	31625200	31625400	U	U	U	U
chr22	31625600	31625800	B	U	U	U
chr22	31626400	31626600	B	U	B	U
chr22	31626600	31626800	B	U	B	B
chr22	31626800	31627000	B	U	B	B
chr22	31630600	31630800	B	U	U	U
chr22	31633200	31633400	U	U	U	U
chr22	31647600	31647800	U	U	U	U
chr22	31653200	31653400	U	U	U	U
chr22	31653400	31653600	U	U	U	U
chr22	31660000	31660200	U	U	U	U
chr22	31676800	31677000	U	U	U	U
chr22	31682000	31682200	U	U	U	U
chr22	31682400	31682600	U	U	U	U
chr22	31683400	31683600	U	U	U	U
chr22	31684600	31684800	U	U	U	U
chr22	31685000	31685200	U	U	U	U
chr22	31703200	31703400	U	U	U	U
chr22	31712200	31712400	U	U	U	U
chr22	31712400	31712600	U	U	U	U
chr22	31713800	31714000	U	U	U	U
chr22	31714200	31714400	U	U	U	U
chr22	31715000	31715200	U	U	U	U
chr22	31715200	31715400	U	U	U	U
chr22	31723200	31723400	U	U	U	U
chr22	31724800	31725000	U	U	U	U
chr22	31739000	31739200	U	U	U	U
chr22	31753000	31753200	B	U	U	U
chr22	31754000	31754200	B	U	U	U
chr22	31764800	31765000	U	U	U	U
chr22	31804800	31805000	U	U	U	U
chr22	31806400	31806600	U	U	U	U
chr22	31807800	31808000	U	U	U	U
chr22	31813400	31813600	U	U	U	U
chr22	31815000	31815200	U	U	U	U
chr22	31821000	31821200	U	U	U	U
chr22	31822000	31822200	U	U	U	U
chr22	31823000	31823200	U	U	U	U
chr22	31823800	31824000	U	U	U	U
chr22	31824400	31824600	U	U	U	U
chr22	31830000	31830200	U	U	U	U
chr22	31833600	31833800	U	U	U	U
chr22	31833800	31834000	U	U	U	U
chr22	31834200	31834400	U	U	U	U
chr22	31835400	31835600	U	U	U	U
chr22	31839400	31839600	U	U	U	U
chr22	31839600	31839800	U	U	U	U
chr22	31853600	31853800	U	U	U	U
chr22	31856400	31856600	U	U	U	U
chr22	31860200	31860400	U	U	U	U
chr22	31870000	31870200	U	U	U	U
chr22	31874400	31874600	U	U	U	U
chr22	31891200	31891400	U	U	U	U
chr22	31895400	31895600	B	U	U	U
chr22	31895600	31895800	B	U	U	U
chr22	31895800	31896000	B	U	U	B
chr22	31896200	31896400	U	U	U	U
chr22	31897200	31897400	U	U	U	U
chr22	31897400	31897600	U	U	U	U
chr22	31899800	31900000	U	U	U	U
chr22	31901400	31901600	B	U	U	U
chr22	31905800	31906000	U	U	U	U
chr22	31906000	31906200	U	U	U	U
chr22	31906400	31906600	U	U	U	U
chr22	31906800	31907000	U	U	U	U
chr22	31912200	31912400	U	U	U	U
chr22	31915600	31915800	U	U	U	U
chr22	31917200	31917400	U	U	U	U
chr22	31928800	31929000	U	U	U	U
chr22	31933800	31934000	U	U	U	U
chr22	31937600	31937800	B	U	U	U
chr22	31942600	31942800	U	U	U	U
chr22	31943200	31943400	U	U	U	U
chr22	31946200	31946400	B	U	B	U
chr22	31948800	31949000	U	U	U	U
chr22	31950400	31950600	U	U	U	U
chr22	31951600	31951800	U	U	U	U
chr22	31953200	31953400	U	U	U	U
chr22	31958600	31958800	U	U	U	U
chr22	31977600	31977800	B	U	U	U
chr22	31978000	31978200	U	U	U	U
chr22	31980600	31980800	U	U	U	U
chr22	31983800	31984000	U	U	U	U
chr22	31987200	31987400	U	U	U	U
chr22	31999000	31999200	U	U	U	U
chr22	32018200	32018400	U	U	U	U
chr22	32023600	32023800	U	U	U	U
chr22	32024200	32024400	U	U	U	U
chr22	32031400	32031600	U	U	U	U
chr22	32042800	32043000	U	U	U	U
chr22	32045600	32045800	U	U	U	U
chr22	32050400	32050600	B	U	U	U
chr22	32059800	32060000	U	U	U	U
chr22	32064000	32064200	U	U	U	U
chr22	32066000	32066200	U	U	U	U
chr22	32068000	32068200	U	U	U	U
chr22	32074200	32074400	U	U	U	U
chr22	32075800	32076000	U	U	U	U
chr22	32076000	32076200	U	U	U	U
chr22	32081800	32082000	U	U	U	U
chr22	32088000	32088200	U	U	U	U
chr22	32096600	32096800	U	U	U	U
chr22	32096800	32097000	U	U	U	U
chr22	32097200	32097400	U	U	U	U
chr22	32104200	32104400	U	U	U	U
chr22	32104400	32104600	U	U	U	U
chr22	32109400	32109600	U	U	U	U
chr22	32112000	32112200	U	U	U	U
chr22	32113800	32114000	U	U	U	U
chr22	32115400	32115600	U	U	U	U
chr22	32116400	32116600	U	U	U	U
chr22	32124200	32124400	U	U	U	U
chr22	32125200	32125400	U	U	U	U
chr22	32136200	32136400	U	U	U	U
chr22	32137000	32137200	U	U	U	U
chr22	32140600	32140800	B	U	U	U
chr22	32141400	32141600	U	U	U	U
chr22	32142800	32143000	U	U	U	U
chr22	32143000	32143200	U	U	U	U
chr22	32143600	32143800	U	U	U	U
chr22	32143800	32144000	U	U	U	U
chr22	32144400	32144600	U	U	U	U
chr22	32154400	32154600	U	U	U	U
chr22	32156200	32156400	U	U	U	U
chr22	32158400	32158600	U	U	U	U
chr22	32158600	32158800	U	U	U	U
chr22	32160600	32160800	U	U	U	U
chr22	32161400	32161600	U	U	U	U
chr22	32175400	32175600	U	U	U	U
chr22	32175600	32175800	U	U	U	U
chr22	32176400	32176600	U	U	U	U
chr22	32178000	32178200	U	U	U	U
chr22	32192400	32192600	U	U	U	U
chr22	32193000	32193200	U	U	U	U
chr22	32194200	32194400	U	U	U	U
chr22	32196400	32196600	U	U	U	U
chr22	32196600	32196800	U	U	U	U
chr22	32199200	32199400	U	U	U	U
chr22	32199400	32199600	U	U	U	U
chr22	32200600	32200800	U	U	U	U
chr22	32200800	32201000	U	U	U	U
chr22	32207400	32207600	U	U	U	U
chr22	32208000	32208200	U	U	U	U
chr22	32208400	32208600	U	U	U	U
chr22	32220400	32220600	U	U	U	U
chr22	32223600	32223800	U	U	U	U
chr22	32224400	32224600	U	U	U	U
chr22	32226000	32226200	U	U	U	U
chr22	32232400	32232600	U	U	U	U
chr22	32235600	32235800	U	U	U	U
chr22	32239200	32239400	U	U	U	U
chr22	32252800	32253000	U	U	U	U
chr22	32255400	32255600	U	U	U	U
chr22	32255600	32255800	U	U	U	U
chr22	32267200	32267400	U	U	U	U
chr22	32268400	32268600	U	U	U	U
chr22	32269400	32269600	U	U	U	U
chr22	32269800	32270000	U	U	U	U
chr22	32270400	32270600	U	U	U	U
chr22	32271000	32271200	U	U	U	U
chr22	32271600	32271800	U	U	U	U
chr22	32278000	32278200	U	U	U	U
chr22	32279800	32280000	U	U	U	U
chr22	32281000	32281200	U	U	U	U
chr22	32281200	32281400	U	U	U	U
chr22	32307200	32307400	U	U	U	U
chr22	32307600	32307800	U	U	U	U
chr22	32307800	32308000	U	U	U	U
chr22	32309200	32309400	U	U	U	U
chr22	32312600	32312800	U	U	U	U
chr22	32320800	32321000	U	U	U	U
chr22	32332000	32332200	U	U	U	U
chr22	32336000	32336200	U	U	U	U
chr22	32336200	32336400	U	U	U	U
chr22	32339600	32339800	U	U	U	U
chr22	32348200	32348400	U	U	U	U
chr22	32352600	32352800	U	U	U	U
chr22	32355400	32355600	U	U	U	U
chr22	32359000	32359200	U	U	U	U
chr22	32359600	32359800	U	U	U	U
chr22	32363000	32363200	U	U	U	U
chr22	32365400	32365600	U	U	U	U
chr22	32375000	32375200	U	U	U	U
chr22	32375800	32376000	U	U	U	U
chr22	32376000	32376200	U	U	U	U
chr22	32377000	32377200	U	U	U	U
chr22	32377200	32377400	U	U	U	U
chr22	32378400	32378600	B	U	U	U
chr22	32379000	32379200	B	U	U	U
chr22	32383800	32384000	U	U	U	U
chr22	32385400	32385600	U	U	U	U
chr22	32387400	32387600	U	U	U	U
chr22	32387600	32387800	U	U	U	U
chr22	32387800	32388000	U	U	U	U
chr22	32396000	32396200	U	U	U	U
chr22	32396200	32396400	U	U	U	U
chr22	32396600	32396800	U	U	U	U
chr22	32397400	32397600	U	U	U	U
chr22	32400800	32401000	U	U	U	U
chr22	32408800	32409000	U	U	U	U
chr22	32412400	32412600	B	U	U	U
chr22	32423200	32423400	U	U	U	U
chr22	32425400	32425600	U	U	U	U
chr22	32427400	32427600	U	U	U	U
chr22	32434600	32434800	U	U	U	U
chr22	32446800	32447000	U	U	U	U
chr22	32447000	32447200	U	U	U	U
chr22	32447400	32447600	U	U	U	U
chr22	32464800	32465000	U	U	U	U
chr22	32475400	32475600	B	U	U	U
chr22	32477200	32477400	U	U	U	U
chr22	32482200	32482400	U	U	U	U
chr22	32487600	32487800	U	U	U	U
chr22	32491200	32491400	U	U	U	U
chr22	32492800	32493000	U	U	U	U
chr22	32493200	32493400	U	U	U	U
chr22	32495600	32495800	U	U	U	U
chr22	32498200	32498400	U	U	U	U
chr22	32499400	32499600	U	U	U	U
chr22	32511600	32511800	U	U	U	U
chr22	32511800	32512000	U	U	U	U
chr22	32512800	32513000	U	U	U	U
chr22	32522400	32522600	U	U	U	U
chr22	32527000	32527200	U	U	U	U
chr22	32528800	32529000	U	U	B	U
chr22	32531200	32531400	U	U	U	U
chr22	32532000	32532200	B	U	U	U
chr22	32532200	32532400	B	U	U	U
chr22	32533000	32533200	U	U	U	U
chr22	32533800	32534000	U	U	U	U
chr22	32535800	32536000	U	U	U	U
chr22	32539800	32540000	B	U	U	B
chr22	32540600	32540800	U	U	U	U
chr22	32540800	32541000	U	U	U	U
chr22	32543000	32543200	B	U	U	U
chr22	32562600	32562800	U	U	U	U
chr22	32564000	32564200	U	U	U	U
chr22	32570000	32570200	U	U	U	U
chr22	32570400	32570600	U	U	U	U
chr22	32575400	32575600	U	U	U	U
chr22	32587400	32587600	U	U	U	U
chr22	32595000	32595200	U	U	U	U
chr22	32596400	32596600	U	U	U	U
chr22	32597800	32598000	U	U	U	U
chr22	32601600	32601800	U	U	U	U
chr22	32603600	32603800	U	U	U	U
chr22	32604000	32604200	U	U	U	U
chr22	32606200	32606400	U	U	U	U
chr22	32614200	32614400	U	U	U	U
chr22	32617800	32618000	U	U	U	U
chr22	32622000	32622200	U	U	U	U
chr22	32622200	32622400	U	U	U	U
chr22	32624000	32624200	U	U	U	U
chr22	32627200	32627400	U	U	U	U
chr22	32627600	32627800	U	U	U	U
chr22	32632000	32632200	U	U	U	U
chr22	32646200	32646400	U	U	U	U
chr22	32649600	32649800	B	U	U	B
chr22	32651200	32651400	B	U	U	B
chr22	32656800	32657000	U	U	U	U
chr22	32670200	32670400	U	U	U	U
chr22	32670400	32670600	U	U	U	U
chr22	32672000	32672200	U	U	U	U
chr22	32672800	32673000	U	U	U	U
chr22	32674600	32674800	U	U	U	U
chr22	32675400	32675600	U	U	U	U
chr22	32687600	32687800	U	U	U	U
chr22	32690800	32691000	U	U	U	U
chr22	32691600	32691800	U	U	U	U
chr22	32706800	32707000	U	U	U	U
chr22	32708400	32708600	U	U	U	U
chr22	32708800	32709000	U	U	U	U
chr22	32738400	32738600	U	U	U	U
chr22	32744400	32744600	U	U	U	U
chr22	32745400	32745600	U	U	U	U
chr22	32748600	32748800	U	U	U	U
chr22	32751600	32751800	U	U	U	U
chr22	32759400	32759600	U	U	U	U
chr22	32761600	32761800	U	U	U	U
chr22	32765000	32765200	U	U	U	U
chr22	32765400	32765600	U	U	U	U
chr22	32779800	32780000	U	U	U	U
chr22	32780400	32780600	U	U	U	U
chr22	32783000	32783200	U	U	U	U
chr22	32788800	32789000	U	U	U	U
chr22	32789000	32789200	U	U	U	U
chr22	32791400	32791600	U	U	U	U
chr22	32797600	32797800	U	U	U	U
chr22	32799200	32799400	U	U	U	U
chr22	32800200	32800400	U	U	U	U
chr22	32801800	32802000	U	U	U	U
chr22	32804200	32804400	U	U	U	U
chr22	32804600	32804800	U	U	U	U
chr22	32806200	32806400	U	U	U	U
chr22	32807000	32807200	U	U	U	U
chr22	32808800	32809000	U	U	U	U
chr22	32810000	32810200	U	U	U	U
chr22	32810600	32810800	U	U	U	U
chr22	32818000	32818200	U	U	U	U
chr22	32818800	32819000	U	U	U	U
chr22	32819000	32819200	U	U	U	U
chr22	32819200	32819400	U	U	U	U
chr22	32824800	32825000	U	U	U	U
chr22	32825000	32825200	U	U	U	U
chr22	32826600	32826800	U	U	U	U
chr22	32827000	32827200	U	U	U	U
chr22	32829600	32829800	U	U	U	U
chr22	32837200	32837400	U	U	U	U
chr22	32838400	32838600	U	U	U	U
chr22	32839400	32839600	U	U	U	U
chr22	32843400	32843600	U	U	U	U
chr22	32845800	32846000	U	U	U	U
chr22	32849200	32849400	U	U	U	U
chr22	32850400	32850600	U	U	U	U
chr22	32850800	32851000	U	U	U	U
chr22	32852400	32852600	B	U	U	U
chr22	32853000	32853200	B	U	U	U
chr22	32854400	32854600	U	U	U	U
chr22	32854800	32855000	U	U	U	U
chr22	32855200	32855400	U	U	U	U
chr22	32856200	32856400	U	U	U	U
chr22	32857200	32857400	U	U	U	U
chr22	32859200	32859400	U	U	U	U
chr22	32860000	32860200	U	U	U	U
chr22	32860200	32860400	U	U	U	U
chr22	32864000	32864200	U	U	U	U
chr22	32883200	32883400	U	U	U	U
chr22	32892800	32893000	U	U	U	U
chr22	32904600	32904800	U	U	U	U
chr22	32905200	32905400	U	U	U	U
chr22	32908800	32909000	U	U	U	U
chr22	32909400	32909600	U	U	U	U
chr22	32917600	32917800	U	U	U	U
chr22	32920400	32920600	U	U	U	U
chr22	32950600	32950800	U	U	U	U
chr22	32954600	32954800	U	U	U	U
chr22	32957600	32957800	U	U	U	U
chr22	32963800	32964000	U	U	U	U
chr22	32967400	32967600	U	U	U	U
chr22	32967600	32967800	U	U	U	U
chr22	32971200	32971400	U	U	U	U
chr22	32976600	32976800	U	U	U	U
chr22	32977000	32977200	U	U	U	U
chr22	32977200	32977400	U	U	U	U
chr22	32980600	32980800	U	U	U	U
chr22	32986800	32987000	U	U	U	U
chr22	32994400	32994600	U	U	U	U
chr22	32996800	32997000	U	U	U	U
chr22	33002000	33002200	U	U	U	U
chr22	33006600	33006800	U	U	U	U
chr22	33015400	33015600	U	U	U	U
chr22	33020400	33020600	U	U	U	U
chr22	33022400	33022600	U	U	U	U
chr22	33023800	33024000	U	U	U	U
chr22	33026600	33026800	U	U	U	U
chr22	33028200	33028400	U	U	U	U
chr22	33028400	33028600	U	U	U	U
chr22	33031000	33031200	U	U	U	U
chr22	33038800	33039000	U	U	U	U
chr22	33044200	33044400	U	U	U	U
chr22	33049000	33049200	B	U	U	U
chr22	33049800	33050000	U	U	U	U
chr22	33051600	33051800	U	U	U	U
chr22	33057200	33057400	U	U	U	U
chr22	33062200	33062400	U	U	U	U
chr22	33062400	33062600	U	U	U	U
chr22	33064800	33065000	U	U	U	U
chr22	33076400	33076600	U	U	B	U
chr22	33076600	33076800	U	U	B	U
chr22	33077800	33078000	U	U	U	U
chr22	33089000	33089200	U	U	U	U
chr22	33104600	33104800	U	U	U	U
chr22	33105600	33105800	U	U	U	U
chr22	33107000	33107200	U	U	U	U
chr22	33111000	33111200	U	U	U	U
chr22	33111200	33111400	U	U	U	U
chr22	33127400	33127600	U	U	U	U
chr22	33134000	33134200	U	U	U	U
chr22	33142800	33143000	U	U	U	U
chr22	33143200	33143400	U	U	U	U
chr22	33143600	33143800	U	U	U	U
chr22	33145600	33145800	U	U	U	U
chr22	33158600	33158800	U	U	U	U
chr22	33158800	33159000	U	U	U	U
chr22	33159000	33159200	U	U	U	U
chr22	33163600	33163800	U	U	U	U
chr22	33167800	33168000	U	U	U	U
chr22	33168200	33168400	U	U	U	U
chr22	33168400	33168600	U	U	U	U
chr22	33179400	33179600	U	U	U	U
chr22	33188400	33188600	U	U	U	U
chr22	33195000	33195200	U	U	U	U
chr22	33202200	33202400	U	U	U	U
chr22	33206400	33206600	U	U	U	U
chr22	33208200	33208400	U	U	U	U
chr22	33240800	33241000	U	U	U	U
chr22	33260800	33261000	U	U	U	U
chr22	33267400	33267600	U	U	U	U
chr22	33273400	33273600	U	U	U	U
chr22	33276600	33276800	U	U	U	U
chr22	33276800	33277000	U	U	U	U
chr22	33277000	33277200	U	U	U	U
chr22	33279400	33279600	U	U	U	U
chr22	33279600	33279800	U	U	U	U
chr22	33280600	33280800	U	U	U	U
chr22	33286600	33286800	U	U	U	U
chr22	33287400	33287600	U	U	U	U
chr22	33288600	33288800	U	U	U	U
chr22	33316000	33316200	U	U	U	U
chr22	33321400	33321600	U	U	U	U
chr22	33322600	33322800	U	U	U	U
chr22	33327000	33327200	U	U	U	U
chr22	33329400	33329600	U	U	U	U
chr22	33330800	33331000	U	U	U	U
chr22	33340400	33340600	U	U	U	U
chr22	33346000	33346200	U	U	U	U
chr22	33347600	33347800	U	U	U	U
chr22	33349400	33349600	U	U	U	U
chr22	33349800	33350000	U	U	U	U
chr22	33350600	33350800	U	U	U	U
chr22	33355600	33355800	U	U	U	U
chr22	33362000	33362200	U	U	U	U
chr22	33380200	33380400	U	U	U	U
chr22	33380600	33380800	U	U	U	U
chr22	33381800	33382000	U	U	U	U
chr22	33383000	33383200	U	U	U	U
chr22	33392800	33393000	U	U	U	U
chr22	33395800	33396000	U	U	U	U
chr22	33396200	33396400	U	U	U	U
chr22	33400800	33401000	U	U	U	U
chr22	33414400	33414600	U	U	U	U
chr22	33427000	33427200	U	U	U	U
chr22	33429400	33429600	U	U	U	U
chr22	33434600	33434800	U	U	U	U
chr22	33435600	33435800	U	U	U	U
chr22	33438200	33438400	U	U	U	U
chr22	33438400	33438600	U	U	U	U
chr22	33443600	33443800	U	U	U	U
chr22	33443800	33444000	U	U	U	U
chr22	33451000	33451200	U	U	U	U
chr22	33452600	33452800	U	U	U	U
chr22	33453600	33453800	U	U	U	U
chr22	33456800	33457000	U	U	U	U
chr22	33480200	33480400	U	U	U	U
chr22	33480600	33480800	U	U	U	U
chr22	33483200	33483400	U	U	U	U
chr22	33483400	33483600	U	U	U	U
chr22	33488400	33488600	U	U	U	U
chr22	33488800	33489000	U	U	U	U
chr22	33491400	33491600	U	U	U	U
chr22	33491800	33492000	U	U	U	U
chr22	33501400	33501600	U	U	U	U
chr22	33508400	33508600	U	U	U	U
chr22	33508800	33509000	U	U	U	U
chr22	33513600	33513800	U	U	U	U
chr22	33519000	33519200	U	U	U	U
chr22	33520600	33520800	U	U	U	U
chr22	33524400	33524600	U	U	U	U
chr22	33525600	33525800	U	U	U	U
chr22	33529200	33529400	U	U	U	U
chr22	33533000	33533200	U	U	U	U
chr22	33540200	33540400	U	U	U	U
chr22	33549400	33549600	U	U	U	U
chr22	33551400	33551600	U	U	U	U
chr22	33552600	33552800	U	U	U	U
chr22	33556000	33556200	U	U	U	U
chr22	33560400	33560600	U	U	U	U
chr22	33562600	33562800	U	U	U	U
chr22	33569200	33569400	U	U	U	U
chr22	33570200	33570400	U	U	U	U
chr22	33575400	33575600	U	U	U	U
chr22	33578800	33579000	U	U	U	U
chr22	33584000	33584200	U	U	U	U
chr22	33584400	33584600	U	U	U	U
chr22	33587800	33588000	U	U	U	U
chr22	33592400	33592600	U	U	U	U
chr22	33594400	33594600	U	U	U	U
chr22	33597800	33598000	U	U	U	U
chr22	33599000	33599200	U	U	U	U
chr22	33599400	33599600	U	U	U	U
chr22	33601600	33601800	U	U	U	U
chr22	33604200	33604400	U	U	U	U
chr22	33604800	33605000	U	U	U	U
chr22	33605800	33606000	U	U	U	U
chr22	33613000	33613200	U	U	U	U
chr22	33618000	33618200	U	U	U	U
chr22	33626000	33626200	U	U	U	U
chr22	33627400	33627600	U	U	U	U
chr22	33629200	33629400	U	U	U	U
chr22	33648400	33648600	U	U	U	U
chr22	33650800	33651000	U	U	U	U
chr22	33663800	33664000	U	U	U	U
chr22	33666000	33666200	U	U	U	U
chr22	33666400	33666600	U	U	U	U
chr22	33667400	33667600	U	U	U	U
chr22	33668800	33669000	U	U	U	U
chr22	33670200	33670400	U	U	U	U
chr22	33678600	33678800	U	U	U	U
chr22	33689200	33689400	U	U	U	U
chr22	33697800	33698000	U	U	U	U
chr22	33700400	33700600	U	U	U	U
chr22	33707200	33707400	U	U	U	U
chr22	33710400	33710600	U	U	U	U
chr22	33713400	33713600	U	U	U	U
chr22	33718000	33718200	U	U	U	U
chr22	33720600	33720800	U	U	U	U
chr22	33723200	33723400	U	U	U	U
chr22	33725200	33725400	U	U	U	U
chr22	33728000	33728200	U	U	U	U
chr22	33728600	33728800	U	U	U	U
chr22	33729200	33729400	U	U	U	U
chr22	33738200	33738400	U	U	U	U
chr22	33739600	33739800	U	U	U	U
chr22	33741600	33741800	U	U	U	U
chr22	33745400	33745600	U	U	U	U
chr22	33752400	33752600	U	U	U	U
chr22	33756000	33756200	U	U	U	U
chr22	33761400	33761600	U	U	U	U
chr22	33766200	33766400	U	U	U	U
chr22	33773400	33773600	U	U	U	U
chr22	33776200	33776400	U	U	U	U
chr22	33776400	33776600	U	U	U	U
chr22	33781000	33781200	U	U	U	U
chr22	33785600	33785800	U	U	U	U
chr22	33786200	33786400	U	U	U	U
chr22	33790600	33790800	U	U	U	U
chr22	33790800	33791000	U	U	U	U
chr22	33791000	33791200	U	U	U	U
chr22	33793200	33793400	U	U	U	U
chr22	33793400	33793600	U	U	U	U
chr22	33794000	33794200	U	U	U	U
chr22	33799200	33799400	U	U	U	U
chr22	33799800	33800000	U	U	U	U
chr22	33802000	33802200	U	U	U	U
chr22	33802200	33802400	U	U	U	U
chr22	33802400	33802600	U	U	U	U
chr22	33803000	33803200	U	U	U	U
chr22	33812000	33812200	U	U	U	U
chr22	33812200	33812400	U	U	U	U
chr22	33816000	33816200	U	U	U	U
chr22	33819000	33819200	U	U	U	U
chr22	33821600	33821800	U	U	U	U
chr22	33823600	33823800	U	U	U	U
chr22	33825800	33826000	U	U	U	U
chr22	33835000	33835200	U	U	U	U
chr22	33835200	33835400	U	U	U	U
chr22	33835600	33835800	U	U	U	U
chr22	33842200	33842400	U	U	U	U
chr22	33842400	33842600	U	U	U	U
chr22	33849200	33849400	U	U	U	U
chr22	33854600	33854800	U	U	U	U
chr22	33859400	33859600	U	U	U	U
chr22	33865200	33865400	U	U	U	U
chr22	33877200	33877400	U	U	U	U
chr22	33880000	33880200	U	U	U	U
chr22	33880800	33881000	U	U	U	U
chr22	33882400	33882600	U	U	U	U
chr22	33884400	33884600	U	U	U	U
chr22	33893600	33893800	U	U	U	U
chr22	33896800	33897000	U	U	U	U
chr22	33899200	33899400	U	U	U	U
chr22	33902000	33902200	U	U	U	U
chr22	33906600	33906800	U	U	U	U
chr22	33906800	33907000	U	U	U	U
chr22	33907000	33907200	U	U	U	U
chr22	33908000	33908200	U	U	U	U
chr22	33914200	33914400	U	U	U	U
chr22	33914400	33914600	U	U	U	U
chr22	33915200	33915400	U	U	U	U
chr22	33916800	33917000	U	U	U	U
chr22	33921400	33921600	B	U	U	U
chr22	33923200	33923400	U	U	U	U
chr22	33952600	33952800	U	U	U	U
chr22	33953000	33953200	U	U	U	U
chr22	33967000	33967200	U	U	U	U
chr22	33968800	33969000	U	U	U	U
chr22	33972600	33972800	U	U	U	U
chr22	33976200	33976400	U	U	U	U
chr22	33977400	33977600	U	U	U	U
chr22	33980400	33980600	U	U	U	U
chr22	33986600	33986800	U	U	U	U
chr22	34001600	34001800	U	U	U	U
chr22	34001800	34002000	U	U	U	U
chr22	34004600	34004800	U	U	U	U
chr22	34021000	34021200	U	U	U	U
chr22	34026000	34026200	U	U	U	U
chr22	34034800	34035000	U	U	U	U
chr22	34036600	34036800	U	U	U	U
chr22	34038800	34039000	U	U	U	U
chr22	34043800	34044000	U	U	U	U
chr22	34045400	34045600	U	U	U	U
chr22	34046200	34046400	U	U	U	U
chr22	34046600	34046800	U	U	U	U
chr22	34053600	34053800	U	U	U	U
chr22	34067400	34067600	U	U	U	U
chr22	34071600	34071800	U	U	U	U
chr22	34084200	34084400	U	U	U	U
chr22	34085000	34085200	U	U	U	U
chr22	34085200	34085400	U	U	U	U
chr22	34103400	34103600	U	U	U	U
chr22	34103600	34103800	U	U	U	U
chr22	34108200	34108400	U	U	U	U
chr22	34109800	34110000	U	U	U	U
chr22	34111400	34111600	U	U	U	U
chr22	34122600	34122800	U	U	U	U
chr22	34130600	34130800	U	U	U	U
chr22	34133400	34133600	U	U	U	U
chr22	34138600	34138800	U	U	U	U
chr22	34160200	34160400	U	U	U	U
chr22	34161400	34161600	U	U	U	U
chr22	34161600	34161800	U	U	U	U
chr22	34164600	34164800	U	U	U	U
chr22	34173600	34173800	U	U	U	U
chr22	34179600	34179800	U	U	U	U
chr22	34208000	34208200	U	U	U	U
chr22	34211600	34211800	U	U	U	U
chr22	34221600	34221800	U	U	U	U
chr22	34223800	34224000	U	U	U	U
chr22	34225200	34225400	U	U	U	U
chr22	34225800	34226000	U	U	U	U
chr22	34263400	34263600	U	U	U	U
chr22	34280200	34280400	U	U	U	U
chr22	34284000	34284200	U	U	U	U
chr22	34285000	34285200	U	U	U	U
chr22	34291600	34291800	U	U	U	U
chr22	34293400	34293600	U	U	U	U
chr22	34296600	34296800	U	U	U	U
chr22	34299400	34299600	U	U	U	U
chr22	34299600	34299800	U	U	U	U
chr22	34303200	34303400	U	U	U	U
chr22	34303600	34303800	U	U	U	U
chr22	34310000	34310200	U	U	U	U
chr22	34320000	34320200	U	U	U	U
chr22	34345200	34345400	U	U	U	U
chr22	34348000	34348200	U	U	U	U
chr22	34350800	34351000	U	U	U	U
chr22	34352200	34352400	U	U	U	U
chr22	34352800	34353000	U	U	U	U
chr22	34364800	34365000	U	U	U	U
chr22	34371200	34371400	U	U	U	U
chr22	34372400	34372600	U	U	U	U
chr22	34372800	34373000	U	U	U	U
chr22	34377600	34377800	U	U	U	U
chr22	34378800	34379000	U	U	U	U
chr22	34381000	34381200	U	U	U	U
chr22	34385400	34385600	U	U	U	U
chr22	34385800	34386000	U	U	U	U
chr22	34400000	34400200	U	U	U	U
chr22	34400400	34400600	U	U	U	U
chr22	34400800	34401000	U	U	U	U
chr22	34402200	34402400	U	U	U	U
chr22	34406600	34406800	U	U	U	U
chr22	34410800	34411000	U	U	U	U
chr22	34416000	34416200	U	U	U	U
chr22	34427400	34427600	U	U	U	U
chr22	34432000	34432200	U	U	U	U
chr22	34445600	34445800	U	U	U	U
chr22	34446600	34446800	U	U	U	U
chr22	34449400	34449600	U	U	U	U
chr22	34451800	34452000	U	U	U	U
chr22	34453000	34453200	U	U	U	U
chr22	34465800	34466000	U	U	U	U
chr22	34467000	34467200	U	U	U	U
chr22	34470800	34471000	U	U	U	U
chr22	34471600	34471800	U	U	U	U
chr22	34471800	34472000	U	U	U	U
chr22	34472800	34473000	U	U	U	U
chr22	34480000	34480200	U	U	U	U
chr22	34480200	34480400	U	U	U	U
chr22	34488800	34489000	U	U	U	U
chr22	34491000	34491200	U	U	U	U
chr22	34493600	34493800	U	U	U	U
chr22	34501600	34501800	U	U	U	U
chr22	34509400	34509600	U	U	U	U
chr22	34513400	34513600	U	U	U	U
chr22	34515000	34515200	U	U	U	U
chr22	34524400	34524600	U	U	U	U
chr22	34524600	34524800	U	U	U	U
chr22	34525800	34526000	U	U	U	U
chr22	34530000	34530200	U	U	U	U
chr22	34534000	34534200	U	U	U	U
chr22	34536600	34536800	U	U	U	U
chr22	34536800	34537000	U	U	U	U
chr22	34562400	34562600	U	U	U	U
chr22	34568400	34568600	U	U	U	U
chr22	34587800	34588000	U	U	U	U
chr22	34589800	34590000	U	U	U	U
chr22	34590600	34590800	U	U	U	U
chr22	34591400	34591600	U	U	U	U
chr22	34591800	34592000	U	U	U	U
chr22	34594400	34594600	U	U	U	U
chr22	34598200	34598400	U	U	U	U
chr22	34598800	34599000	U	U	U	U
chr22	34606800	34607000	U	U	U	U
chr22	34619200	34619400	U	U	U	U
chr22	34619600	34619800	U	U	U	U
chr22	34623600	34623800	U	U	U	U
chr22	34637600	34637800	U	U	U	U
chr22	34638400	34638600	U	U	U	U
chr22	34641000	34641200	U	U	U	U
chr22	34641200	34641400	U	U	U	U
chr22	34643800	34644000	U	U	U	U
chr22	34645600	34645800	U	U	U	U
chr22	34654800	34655000	U	U	U	U
chr22	34669400	34669600	U	U	U	U
chr22	34694000	34694200	U	U	U	U
chr22	34698000	34698200	U	U	U	U
chr22	34699400	34699600	U	U	U	U
chr22	34706600	34706800	U	U	U	U
chr22	34706800	34707000	U	U	U	U
chr22	34709200	34709400	U	U	U	U
chr22	34724000	34724200	U	U	U	U
chr22	34742800	34743000	U	U	U	U
chr22	34756400	34756600	U	U	U	U
chr22	34759400	34759600	U	U	U	U
chr22	34760400	34760600	U	U	U	U
chr22	34767200	34767400	U	U	U	U
chr22	34769200	34769400	U	U	U	U
chr22	34775400	34775600	U	U	U	U
chr22	34775800	34776000	U	U	U	U
chr22	34784200	34784400	U	U	U	U
chr22	34784400	34784600	U	U	U	U
chr22	34795800	34796000	U	U	U	U
chr22	34796600	34796800	U	U	U	U
chr22	34804000	34804200	U	U	U	U
chr22	34814000	34814200	U	U	U	U
chr22	34823600	34823800	U	U	U	U
chr22	34834400	34834600	U	U	U	U
chr22	34841800	34842000	U	U	U	U
chr22	34842200	34842400	U	U	U	U
chr22	34846400	34846600	U	U	U	U
chr22	34855200	34855400	U	U	U	U
chr22	34855600	34855800	U	U	U	U
chr22	34860400	34860600	U	U	U	U
chr22	34867000	34867200	U	U	U	U
chr22	34870200	34870400	U	U	U	U
chr22	34870400	34870600	U	U	U	U
chr22	34872000	34872200	U	U	U	U
chr22	34879800	34880000	U	U	U	U
chr22	34881600	34881800	U	U	U	U
chr22	34881800	34882000	U	U	U	U
chr22	34883000	34883200	U	U	U	U
chr22	34906600	34906800	U	U	U	U
chr22	34910000	34910200	U	U	U	U
chr22	34914400	34914600	U	U	U	U
chr22	34919200	34919400	U	U	U	U
chr22	34919400	34919600	U	U	U	U
chr22	34931200	34931400	U	U	U	U
chr22	34932600	34932800	U	U	U	U
chr22	34934200	34934400	U	U	U	U
chr22	34934600	34934800	U	U	U	U
chr22	34944800	34945000	U	U	U	U
chr22	34954200	34954400	U	U	U	U
chr22	34964600	34964800	U	U	U	U
chr22	34969400	34969600	U	U	U	U
chr22	34972600	34972800	U	U	U	U
chr22	34977400	34977600	U	U	U	U
chr22	34979000	34979200	U	U	U	U
chr22	34980000	34980200	U	U	U	U
chr22	34986000	34986200	U	U	U	U
chr22	34994600	34994800	U	U	U	U
chr22	34999400	34999600	U	U	U	U
chr22	35006600	35006800	U	U	U	U
chr22	35010200	35010400	U	U	U	U
chr22	35016000	35016200	U	U	U	U
chr22	35024400	35024600	B	U	B	U
chr22	35045200	35045400	U	U	U	U
chr22	35054400	35054600	U	U	U	U
chr22	35064600	35064800	B	U	B	U
chr22	35068400	35068600	U	U	U	U
chr22	35070200	35070400	U	U	U	U
chr22	35076600	35076800	U	U	U	U
chr22	35077200	35077400	U	U	U	U
chr22	35078400	35078600	U	U	U	U
chr22	35084400	35084600	U	U	U	U
chr22	35085400	35085600	U	U	U	U
chr22	35086200	35086400	U	U	U	U
chr22	35087600	35087800	U	U	U	U
chr22	35093200	35093400	U	U	U	U
chr22	35103000	35103200	U	U	B	U
chr22	35110600	35110800	U	U	U	U
chr22	35117400	35117600	U	U	U	U
chr22	35119400	35119600	U	U	U	U
chr22	35134600	35134800	B	U	U	B
chr22	35139400	35139600	U	U	U	U
chr22	35144000	35144200	U	U	U	U
chr22	35144400	35144600	U	U	U	U
chr22	35144800	35145000	U	U	U	U
chr22	35154600	35154800	U	U	U	U
chr22	35159600	35159800	U	U	U	U
chr22	35173800	35174000	U	U	U	U
chr22	35174200	35174400	U	U	U	U
chr22	35177000	35177200	U	U	U	U
chr22	35178000	35178200	U	U	U	U
chr22	35178200	35178400	U	U	U	U
chr22	35178600	35178800	U	U	U	U
chr22	35190000	35190200	U	U	U	U
chr22	35198400	35198600	U	U	U	U
chr22	35199600	35199800	U	U	U	U
chr22	35205200	35205400	U	U	U	U
chr22	35212000	35212200	B	U	B	B
chr22	35216400	35216600	U	U	U	U
chr22	35218600	35218800	U	U	U	U
chr22	35225400	35225600	U	U	U	U
chr22	35233800	35234000	U	U	U	U
chr22	35258800	35259000	U	U	U	U
chr22	35261600	35261800	U	U	U	U
chr22	35261800	35262000	U	U	U	U
chr22	35264000	35264200	U	U	U	U
chr22	35264600	35264800	U	U	U	U
chr22	35265200	35265400	U	U	U	U
chr22	35273000	35273200	U	U	U	U
chr22	35275800	35276000	U	U	U	U
chr22	35283800	35284000	U	U	U	U
chr22	35289800	35290000	U	U	U	U
chr22	35292400	35292600	U	U	U	U
chr22	35295800	35296000	U	U	U	U
chr22	35301400	35301600	U	U	U	U
chr22	35302800	35303000	U	U	U	U
chr22	35306800	35307000	U	U	U	U
chr22	35314400	35314600	U	U	U	U
chr22	35315400	35315600	U	U	U	U
chr22	35318200	35318400	U	U	U	U
chr22	35319600	35319800	U	U	U	U
chr22	35319800	35320000	U	U	U	U
chr22	35321800	35322000	U	U	U	U
chr22	35322000	35322200	U	U	U	U
chr22	35323400	35323600	U	U	U	U
chr22	35325800	35326000	U	U	U	U
chr22	35334400	35334600	U	U	U	U
chr22	35338000	35338200	U	U	U	U
chr22	35344400	35344600	U	U	U	U
chr22	35345400	35345600	U	U	U	U
chr22	35345600	35345800	U	U	U	U
chr22	35346200	35346400	U	U	U	U
chr22	35347600	35347800	U	U	U	U
chr22	35347800	35348000	U	U	U	U
chr22	35349600	35349800	U	U	U	U
chr22	35352600	35352800	U	U	U	U
chr22	35354400	35354600	U	U	U	U
chr22	35377000	35377200	B	U	B	B
chr22	35381400	35381600	U	U	U	U
chr22	35385000	35385200	U	U	U	U
chr22	35400000	35400200	B	U	U	U
chr22	35400200	35400400	B	U	U	U
chr22	35404600	35404800	U	U	U	U
chr22	35410200	35410400	U	U	U	U
chr22	35410400	35410600	U	U	U	U
chr22	35410600	35410800	U	U	U	U
chr22	35411200	35411400	U	U	U	U
chr22	35413600	35413800	U	U	U	U
chr22	35415800	35416000	U	U	U	U
chr22	35417600	35417800	U	U	U	U
chr22	35434600	35434800	U	U	U	U
chr22	35444400	35444600	U	U	U	U
chr22	35446200	35446400	U	U	U	U
chr22	35447800	35448000	B	U	U	B
chr22	35451400	35451600	U	U	U	U
chr22	35457800	35458000	U	U	U	U
chr22	35464200	35464400	U	U	U	U
chr22	35465400	35465600	U	U	U	U
chr22	35475600	35475800	U	U	U	U
chr22	35477400	35477600	U	U	U	U
chr22	35483000	35483200	U	U	U	U
chr22	35484800	35485000	U	U	U	U
chr22	35490400	35490600	U	U	U	U
chr22	35491200	35491400	U	U	U	U
chr22	35501800	35502000	U	U	U	U
chr22	35502000	35502200	U	U	U	U
chr22	35519400	35519600	U	U	U	U
chr22	35519800	35520000	U	U	U	U
chr22	35525600	35525800	U	U	U	U
chr22	35530000	35530200	U	U	U	U
chr22	35542600	35542800	U	U	U	U
chr22	35547200	35547400	U	U	U	U
chr22	35551400	35551600	U	U	U	U
chr22	35552200	35552400	B	U	U	U
chr22	35553200	35553400	U	U	U	U
chr22	35555800	35556000	U	U	U	U
chr22	35562000	35562200	U	U	U	U
chr22	35567400	35567600	U	U	U	U
chr22	35567800	35568000	U	U	U	U
chr22	35570200	35570400	U	U	U	U
chr22	35570800	35571000	U	U	U	U
chr22	35571000	35571200	U	U	U	U
chr22	35574800	35575000	U	U	U	U
chr22	35578800	35579000	U	U	U	U
chr22	35585800	35586000	U	U	U	U
chr22	35587600	35587800	U	U	U	U
chr22	35605600	35605800	U	U	U	U
chr22	35605800	35606000	U	U	U	U
chr22	35606000	35606200	U	U	U	U
chr22	35606800	35607000	U	U	U	U
chr22	35607200	35607400	U	U	U	U
chr22	35608800	35609000	U	U	U	U
chr22	35617800	35618000	U	U	U	U
chr22	35620800	35621000	U	U	U	U
chr22	35641000	35641200	U	U	U	U
chr22	35642800	35643000	U	U	U	U
chr22	35645400	35645600	U	U	U	U
chr22	35647000	35647200	U	U	U	U
chr22	35656800	35657000	U	U	U	U
chr22	35659200	35659400	U	U	U	U
chr22	35686000	35686200	U	U	U	U
chr22	35704200	35704400	U	U	U	U
chr22	35704400	35704600	U	U	U	U
chr22	35706600	35706800	U	U	U	U
chr22	35708800	35709000	U	U	U	U
chr22	35713800	35714000	U	U	U	U
chr22	35721600	35721800	U	U	U	U
chr22	35727000	35727200	B	U	U	U
chr22	35733000	35733200	U	U	U	U
chr22	35739400	35739600	U	U	U	U
chr22	35740400	35740600	U	U	U	U
chr22	35741400	35741600	U	U	U	U
chr22	35741600	35741800	U	U	U	U
chr22	35742600	35742800	B	U	U	B
chr22	35744200	35744400	U	U	U	U
chr22	35744600	35744800	U	U	U	U
chr22	35744800	35745000	U	U	U	U
chr22	35751000	35751200	U	U	U	U
chr22	35751400	35751600	U	U	U	U
chr22	35752200	35752400	U	U	U	U
chr22	35752800	35753000	U	U	U	U
chr22	35753400	35753600	U	U	U	U
chr22	35755400	35755600	U	U	U	U
chr22	35755600	35755800	U	U	U	U
chr22	35756600	35756800	U	U	U	U
chr22	35757600	35757800	U	U	U	U
chr22	35757800	35758000	U	U	U	U
chr22	35758000	35758200	U	U	U	U
chr22	35760200	35760400	U	U	U	U
chr22	35766600	35766800	U	U	U	U
chr22	35767600	35767800	U	U	U	U
chr22	35768800	35769000	U	U	U	U
chr22	35771600	35771800	U	U	U	U
chr22	35775000	35775200	U	U	U	U
chr22	35776000	35776200	U	U	U	U
chr22	35776600	35776800	U	U	U	U
chr22	35776800	35777000	U	U	U	U
chr22	35777400	35777600	U	U	U	U
chr22	35778000	35778200	U	U	U	U
chr22	35783200	35783400	U	U	U	U
chr22	35787800	35788000	U	U	U	U
chr22	35790200	35790400	U	U	U	U
chr22	35791800	35792000	U	U	U	U
chr22	35794000	35794200	U	U	U	U
chr22	35794800	35795000	U	U	U	U
chr22	35809800	35810000	U	U	U	U
chr22	35811000	35811200	U	U	U	U
chr22	35816000	35816200	U	U	U	U
chr22	35817600	35817800	U	U	U	U
chr22	35823600	35823800	U	U	U	U
chr22	35825200	35825400	U	U	U	U
chr22	35835400	35835600	U	U	U	U
chr22	35836600	35836800	U	U	U	U
chr22	35837200	35837400	U	U	U	U
chr22	35837800	35838000	U	U	U	U
chr22	35840000	35840200	B	U	U	U
chr22	35849000	35849200	U	U	U	U
chr22	35851000	35851200	U	U	U	U
chr22	35852600	35852800	U	U	U	U
chr22	35859000	35859200	U	U	U	U
chr22	35859200	35859400	U	U	U	U
chr22	35867600	35867800	U	U	U	U
chr22	35874200	35874400	U	U	U	U
chr22	35887000	35887200	U	U	U	U
chr22	35894000	35894200	U	U	U	U
chr22	35897400	35897600	U	U	U	U
chr22	35897800	35898000	U	U	U	U
chr22	35898000	35898200	U	U	U	U
chr22	35900400	35900600	U	U	U	U
chr22	35912000	35912200	U	U	U	U
chr22	35917600	35917800	U	U	U	U
chr22	35918200	35918400	U	U	U	U
chr22	35918600	35918800	U	U	U	U
chr22	35924400	35924600	U	U	U	U
chr22	35925600	35925800	U	U	U	U
chr22	35932200	35932400	U	U	U	U
chr22	35936400	35936600	U	U	U	U
chr22	35938200	35938400	U	U	U	U
chr22	35945800	35946000	U	U	U	U
chr22	35962200	35962400	U	U	U	U
chr22	35963200	35963400	U	U	U	U
chr22	35968200	35968400	U	U	U	U
chr22	35971600	35971800	U	U	U	U
chr22	35973200	35973400	U	U	U	U
chr22	35973600	35973800	U	U	U	U
chr22	35975600	35975800	U	U	U	U
chr22	35982800	35983000	U	U	U	U
chr22	35986400	35986600	U	U	U	U
chr22	35991400	35991600	U	U	U	U
chr22	35992800	35993000	U	U	U	U
chr22	35995000	35995200	U	U	U	U
chr22	35996000	35996200	U	U	U	U
chr22	35997000	35997200	U	U	U	U
chr22	35999000	35999200	U	U	U	U
chr22	36004200	36004400	U	U	U	U
chr22	36006200	36006400	U	U	U	U
chr22	36008200	36008400	U	U	U	U
chr22	36010200	36010400	B	U	U	U
chr22	36011200	36011400	U	U	U	U
chr22	36012000	36012200	U	U	U	U
chr22	36015200	36015400	U	U	U	U
chr22	36017600	36017800	U	U	U	U
chr22	36022400	36022600	U	U	U	U
chr22	36027400	36027600	U	U	U	U
chr22	36035400	36035600	U	U	U	U
chr22	36037200	36037400	U	U	U	U
chr22	36037400	36037600	U	U	U	U
chr22	36037600	36037800	U	U	U	U
chr22	36114600	36114800	U	U	U	U
chr22	36125200	36125400	U	U	U	U
chr22	36128200	36128400	U	U	U	U
chr22	36131400	36131600	U	U	U	U
chr22	36132400	36132600	U	U	U	U
chr22	36134200	36134400	U	U	U	U
chr22	36134800	36135000	U	U	U	U
chr22	36137000	36137200	U	U	U	U
chr22	36137200	36137400	U	U	U	U
chr22	36137400	36137600	U	U	U	U
chr22	36144400	36144600	U	U	U	U
chr22	36145400	36145600	B	U	B	U
chr22	36149200	36149400	U	U	U	U
chr22	36162200	36162400	U	U	U	U
chr22	36164200	36164400	U	U	U	U
chr22	36164400	36164600	U	U	U	U
chr22	36174600	36174800	U	U	U	U
chr22	36175200	36175400	U	U	U	U
chr22	36175400	36175600	U	U	U	U
chr22	36177200	36177400	U	U	U	U
chr22	36183000	36183200	U	U	U	U
chr22	36183400	36183600	U	U	U	U
chr22	36191400	36191600	U	U	U	U
chr22	36192400	36192600	U	U	U	U
chr22	36197000	36197200	B	U	U	U
chr22	36199000	36199200	U	U	U	U
chr22	36200800	36201000	U	U	U	U
chr22	36205600	36205800	U	U	U	U
chr22	36222200	36222400	B	U	U	U
chr22	36224200	36224400	U	U	U	U
chr22	36225600	36225800	U	U	U	U
chr22	36227400	36227600	U	U	U	U
chr22	36231200	36231400	U	U	U	U
chr22	36233200	36233400	U	U	U	U
chr22	36233400	36233600	U	U	U	U
chr22	36253000	36253200	B	U	U	B
chr22	36259200	36259400	B	U	U	U
chr22	36259400	36259600	B	U	U	U
chr22	36261600	36261800	U	U	U	U
chr22	36264600	36264800	U	U	U	U
chr22	36282200	36282400	U	U	U	U
chr22	36284200	36284400	U	U	U	U
chr22	36286800	36287000	B	U	U	U
chr22	36289200	36289400	U	U	U	U
chr22	36292000	36292200	U	U	U	U
chr22	36292200	36292400	U	U	U	U
chr22	36292400	36292600	U	U	U	U
chr22	36292800	36293000	U	U	U	U
chr22	36295000	36295200	U	U	U	U
chr22	36298200	36298400	U	U	U	U
chr22	36298600	36298800	U	U	U	U
chr22	36299200	36299400	U	U	U	U
chr22	36300000	36300200	U	U	U	U
chr22	36301200	36301400	B	U	B	U
chr22	36303000	36303200	U	U	U	U
chr22	36305800	36306000	U	U	U	U
chr22	36306000	36306200	U	U	U	U
chr22	36306400	36306600	U	U	U	U
chr22	36306800	36307000	U	U	U	U
chr22	36312000	36312200	U	U	U	U
chr22	36312400	36312600	U	U	U	U
chr22	36313800	36314000	U	U	U	U
chr22	36314000	36314200	U	U	U	U
chr22	36319600	36319800	U	U	U	U
chr22	36320400	36320600	U	U	U	U
chr22	36322200	36322400	U	U	U	U
chr22	36322400	36322600	U	U	U	U
chr22	36322800	36323000	U	U	U	U
chr22	36327400	36327600	U	U	U	U
chr22	36329600	36329800	B	U	U	U
chr22	36330400	36330600	U	U	U	U
chr22	36331800	36332000	B	U	U	U
chr22	36333800	36334000	U	U	U	U
chr22	36336200	36336400	U	U	U	U
chr22	36339400	36339600	U	U	U	U
chr22	36339600	36339800	U	U	U	U
chr22	36341600	36341800	U	U	U	U
chr22	36343600	36343800	U	U	U	U
chr22	36349000	36349200	U	U	U	U
chr22	36349200	36349400	U	U	U	U
chr22	36351200	36351400	U	U	U	U
chr22	36357800	36358000	U	U	U	U
chr22	36358600	36358800	U	U	U	U
chr22	36359000	36359200	U	U	U	U
chr22	36359600	36359800	U	U	U	U
chr22	36361200	36361400	U	U	U	U
chr22	36364000	36364200	U	U	U	U
chr22	36367200	36367400	U	U	U	U
chr22	36374600	36374800	U	U	U	U
chr22	36377200	36377400	U	U	U	U
chr22	36378400	36378600	U	U	U	U
chr22	36378600	36378800	U	U	U	U
chr22	36385200	36385400	U	U	U	U
chr22	36385600	36385800	U	U	U	U
chr22	36386400	36386600	B	U	U	U
chr22	36395000	36395200	U	U	U	U
chr22	36421400	36421600	U	U	U	U
chr22	36450000	36450200	U	U	U	U
chr22	36452600	36452800	U	U	U	U
chr22	36455200	36455400	B	U	B	U
chr22	36458200	36458400	U	U	U	U
chr22	36462200	36462400	U	U	U	U
chr22	36464800	36465000	U	U	U	U
chr22	36466200	36466400	U	U	U	U
chr22	36467200	36467400	U	U	U	U
chr22	36467800	36468000	U	U	U	U
chr22	36473600	36473800	U	U	U	U
chr22	36489000	36489200	U	U	U	U
chr22	36492200	36492400	U	U	U	U
chr22	36501200	36501400	U	U	U	U
chr22	36504400	36504600	U	U	U	U
chr22	36507600	36507800	U	U	U	U
chr22	36510800	36511000	U	U	U	U
chr22	36512600	36512800	U	U	U	U
chr22	36516000	36516200	U	U	U	U
chr22	36516400	36516600	U	U	U	U
chr22	36523600	36523800	U	U	U	U
chr22	36524600	36524800	U	U	U	U
chr22	36525600	36525800	U	U	U	U
chr22	36526400	36526600	U	U	U	U
chr22	36528000	36528200	U	U	U	U
chr22	36528800	36529000	B	U	U	U
chr22	36536200	36536400	U	U	U	U
chr22	36536400	36536600	U	U	U	U
chr22	36536600	36536800	U	U	U	U
chr22	36537200	36537400	U	U	U	U
chr22	36548400	36548600	U	U	U	U
chr22	36548600	36548800	U	U	U	U
chr22	36549000	36549200	U	U	U	U
chr22	36558400	36558600	U	U	U	U
chr22	36561000	36561200	U	U	B	U
chr22	36561200	36561400	U	U	U	U
chr22	36564400	36564600	U	U	U	U
chr22	36565000	36565200	U	U	U	U
chr22	36566000	36566200	U	U	U	U
chr22	36566200	36566400	U	U	U	U
chr22	36566400	36566600	U	U	U	U
chr22	36580400	36580600	U	U	U	U
chr22	36586800	36587000	U	U	U	U
chr22	36587400	36587600	U	U	U	U
chr22	36587800	36588000	U	U	U	U
chr22	36589600	36589800	U	U	U	U
chr22	36595800	36596000	U	U	U	U
chr22	36596000	36596200	U	U	U	U
chr22	36596200	36596400	U	U	U	U
chr22	36610800	36611000	U	U	U	U
chr22	36625600	36625800	U	U	U	U
chr22	36632000	36632200	U	U	U	U
chr22	36636800	36637000	U	U	U	U
chr22	36645800	36646000	U	U	U	U
chr22	36646000	36646200	U	U	U	U
chr22	36654600	36654800	U	U	U	U
chr22	36655000	36655200	U	U	U	U
chr22	36659800	36660000	B	U	B	B
chr22	36663600	36663800	U	U	U	U
chr22	36664800	36665000	U	U	U	U
chr22	36671800	36672000	U	U	U	U
chr22	36673400	36673600	U	U	U	U
chr22	36674000	36674200	U	U	U	U
chr22	36677200	36677400	U	U	U	U
chr22	36677400	36677600	U	U	U	U
chr22	36681400	36681600	U	U	U	U
chr22	36682800	36683000	U	U	U	U
chr22	36683000	36683200	U	U	U	U
chr22	36683200	36683400	U	U	U	U
chr22	36685200	36685400	U	U	U	U
chr22	36685400	36685600	U	U	U	U
chr22	36689600	36689800	U	U	U	U
chr22	36692400	36692600	U	U	U	U
chr22	36697800	36698000	U	U	U	U
chr22	36698400	36698600	U	U	U	U
chr22	36698600	36698800	U	U	U	U
chr22	36701200	36701400	U	U	U	U
chr22	36701600	36701800	U	U	U	U
chr22	36702000	36702200	U	U	U	U
chr22	36702400	36702600	U	U	U	U
chr22	36703000	36703200	U	U	U	U
chr22	36704600	36704800	U	U	U	U
chr22	36719400	36719600	U	U	U	U
chr22	36728600	36728800	U	U	U	U
chr22	36728800	36729000	U	U	U	U
chr22	36737000	36737200	U	U	U	U
chr22	36737200	36737400	U	U	U	U
chr22	36737800	36738000	U	U	U	U
chr22	36747800	36748000	U	U	U	U
chr22	36754200	36754400	U	U	U	U
chr22	36754400	36754600	U	U	U	U
chr22	36760000	36760200	U	U	U	U
chr22	36760200	36760400	U	U	U	U
chr22	36766400	36766600	U	U	U	U
chr22	36766600	36766800	U	U	U	U
chr22	36768600	36768800	U	U	U	U
chr22	36768800	36769000	U	U	U	U
chr22	36775800	36776000	U	U	U	U
chr22	36776200	36776400	B	U	U	U
chr22	36777200	36777400	U	U	U	U
chr22	36781000	36781200	U	U	U	U
chr22	36781200	36781400	U	U	U	U
chr22	36783600	36783800	U	U	U	U
chr22	36787400	36787600	U	U	U	U
chr22	36795000	36795200	U	U	U	U
chr22	36795400	36795600	U	U	U	U
chr22	36797800	36798000	U	U	U	U
chr22	36806200	36806400	U	U	U	U
chr22	36809000	36809200	U	U	U	U
chr22	36813400	36813600	U	U	U	U
chr22	36813600	36813800	U	U	U	U
chr22	36815000	36815200	U	U	U	U
chr22	36815600	36815800	U	U	U	U
chr22	36822400	36822600	U	U	U	U
chr22	36824000	36824200	U	U	U	U
chr22	36826600	36826800	U	U	U	U
chr22	36837000	36837200	U	U	U	U
chr22	36837200	36837400	U	U	U	U
chr22	36838600	36838800	U	U	U	U
chr22	36838800	36839000	U	U	U	U
chr22	36844800	36845000	U	U	U	U
chr22	36847200	36847400	U	U	U	U
chr22	36849000	36849200	U	U	U	U
chr22	36849200	36849400	U	U	U	U
chr22	36858000	36858200	U	U	U	U
chr22	36858400	36858600	U	U	U	U
chr22	36859800	36860000	U	U	U	U
chr22	36861000	36861200	U	U	U	U
chr22	36862400	36862600	U	U	U	U
chr22	36865600	36865800	U	U	B	U
chr22	36871600	36871800	U	U	U	U
chr22	36875600	36875800	U	U	U	U
chr22	36877800	36878000	U	U	U	U
chr22	36882800	36883000	U	U	U	U
chr22	36884000	36884200	U	U	U	U
chr22	36893200	36893400	U	U	U	U
chr22	36893400	36893600	U	U	U	U
chr22	36900400	36900600	U	U	U	U
chr22	36900600	36900800	U	U	U	U
chr22	36901200	36901400	U	U	U	U
chr22	36903800	36904000	U	U	U	U
chr22	36914600	36914800	U	U	U	U
chr22	36916200	36916400	U	U	U	U
chr22	36922200	36922400	U	U	U	U
chr22	36922800	36923000	U	U	U	U
chr22	36928800	36929000	U	U	U	U
chr22	36930600	36930800	U	U	U	U
chr22	36932600	36932800	U	U	U	U
chr22	36933800	36934000	U	U	U	U
chr22	36934600	36934800	U	U	U	U
chr22	36937600	36937800	U	U	U	U
chr22	36938400	36938600	U	U	U	U
chr22	36942200	36942400	U	U	U	U
chr22	36952800	36953000	U	U	U	U
chr22	36953200	36953400	U	U	U	U
chr22	36953600	36953800	U	U	U	U
chr22	36961800	36962000	U	U	U	U
chr22	36962000	36962200	U	U	U	U
chr22	36970800	36971000	U	U	U	U
chr22	36986600	36986800	U	U	U	U
chr22	36991000	36991200	U	U	U	U
chr22	37002800	37003000	U	U	U	U
chr22	37011200	37011400	U	U	U	U
chr22	37018400	37018600	U	U	U	U
chr22	37019200	37019400	B	U	B	U
chr22	37019800	37020000	B	U	U	U
chr22	37024600	37024800	U	U	U	U
chr22	37031200	37031400	U	U	U	U
chr22	37034200	37034400	U	U	U	U
chr22	37037800	37038000	U	U	U	U
chr22	37053600	37053800	U	U	U	U
chr22	37059000	37059200	U	U	U	U
chr22	37059200	37059400	U	U	U	U
chr22	37060200	37060400	U	U	U	U
chr22	37062600	37062800	U	U	U	U
chr22	37071000	37071200	U	U	U	U
chr22	37078400	37078600	U	U	U	U
chr22	37080600	37080800	U	U	U	U
chr22	37082400	37082600	U	U	U	U
chr22	37082800	37083000	U	U	U	U
chr22	37083200	37083400	U	U	U	U
chr22	37083800	37084000	U	U	U	U
chr22	37084400	37084600	U	U	U	U
chr22	37087800	37088000	U	U	U	U
chr22	37090000	37090200	U	U	U	U
chr22	37091200	37091400	U	U	U	U
chr22	37091400	37091600	U	U	U	U
chr22	37102400	37102600	U	U	U	U
chr22	37103600	37103800	U	U	U	U
chr22	37105000	37105200	U	U	U	U
chr22	37106400	37106600	U	U	U	U
chr22	37109200	37109400	U	U	U	U
chr22	37109600	37109800	U	U	U	U
chr22	37111200	37111400	U	U	U	U
chr22	37111800	37112000	U	U	U	U
chr22	37120000	37120200	U	U	U	U
chr22	37124800	37125000	U	U	U	U
chr22	37126200	37126400	U	U	U	U
chr22	37128200	37128400	U	U	U	U
chr22	37130400	37130600	U	U	U	U
chr22	37135000	37135200	U	U	U	U
chr22	37145000	37145200	U	U	U	U
chr22	37145800	37146000	U	U	U	U
chr22	37146000	37146200	U	U	U	U
chr22	37146200	37146400	U	U	U	U
chr22	37146400	37146600	U	U	U	U
chr22	37156800	37157000	U	U	U	U
chr22	37157800	37158000	U	U	U	U
chr22	37164600	37164800	U	U	U	U
chr22	37170800	37171000	U	U	U	U
chr22	37173800	37174000	U	U	U	U
chr22	37175600	37175800	U	U	U	U
chr22	37175800	37176000	U	U	U	U
chr22	37177400	37177600	U	U	U	U
chr22	37185200	37185400	U	U	U	U
chr22	37185800	37186000	U	U	U	U
chr22	37199200	37199400	B	U	U	U
chr22	37203000	37203200	U	U	U	U
chr22	37209800	37210000	U	U	U	U
chr22	37210400	37210600	U	U	U	U
chr22	37212600	37212800	U	U	U	U
chr22	37220000	37220200	U	U	U	U
chr22	37223800	37224000	U	U	U	U
chr22	37231800	37232000	U	U	U	U
chr22	37256200	37256400	U	U	U	U
chr22	37273400	37273600	B	U	U	U
chr22	37285800	37286000	U	U	U	U
chr22	37287200	37287400	U	U	U	U
chr22	37291600	37291800	U	U	U	U
chr22	37292800	37293000	U	U	U	U
chr22	37297000	37297200	U	U	U	U
chr22	37297600	37297800	U	U	U	U
chr22	37299400	37299600	U	U	U	U
chr22	37304400	37304600	U	U	U	U
chr22	37305000	37305200	U	U	U	U
chr22	37307400	37307600	U	U	U	U
chr22	37307600	37307800	U	U	U	U
chr22	37309800	37310000	U	U	U	U
chr22	37311600	37311800	U	U	U	U
chr22	37312600	37312800	U	U	U	U
chr22	37313200	37313400	U	U	U	U
chr22	37324600	37324800	U	U	U	U
chr22	37326800	37327000	U	U	U	U
chr22	37335000	37335200	U	U	U	U
chr22	37336000	37336200	U	U	U	U
chr22	37339000	37339200	U	U	U	U
chr22	37340000	37340200	U	U	U	U
chr22	37342000	37342200	U	U	U	U
chr22	37342200	37342400	U	U	U	U
chr22	37351800	37352000	U	U	U	U
chr22	37352000	37352200	U	U	U	U
chr22	37361000	37361200	U	U	U	U
chr22	37364600	37364800	U	U	U	U
chr22	37364800	37365000	U	U	U	U
chr22	37365200	37365400	U	U	U	U
chr22	37365400	37365600	U	U	U	U
chr22	37371400	37371600	U	U	U	U
chr22	37374200	37374400	U	U	U	U
chr22	37374800	37375000	U	U	U	U
chr22	37377600	37377800	U	U	U	U
chr22	37378800	37379000	U	U	U	U
chr22	37384000	37384200	U	U	U	U
chr22	37385800	37386000	U	U	U	U
chr22	37387000	37387200	U	U	U	U
chr22	37387200	37387400	U	U	U	U
chr22	37390800	37391000	U	U	U	U
chr22	37395800	37396000	U	U	U	U
chr22	37403400	37403600	U	U	U	U
chr22	37409800	37410000	U	U	U	U
chr22	37417600	37417800	U	U	U	U
chr22	37418000	37418200	U	U	U	U
chr22	37433600	37433800	U	U	U	U
chr22	37434000	37434200	U	U	U	U
chr22	37435000	37435200	U	U	U	U
chr22	37449800	37450000	U	U	U	U
chr22	37450800	37451000	U	U	U	U
chr22	37459000	37459200	U	U	U	U
chr22	37468800	37469000	U	U	U	U
chr22	37469800	37470000	U	U	U	U
chr22	37479400	37479600	U	U	U	U
chr22	37481600	37481800	U	U	U	U
chr22	37484600	37484800	U	U	U	U
chr22	37486000	37486200	B	U	U	U
chr22	37488800	37489000	U	U	U	U
chr22	37490200	37490400	U	U	U	U
chr22	37491800	37492000	U	U	U	U
chr22	37492000	37492200	U	U	U	U
chr22	37492400	37492600	U	U	U	U
chr22	37492600	37492800	B	U	U	U
chr22	37502600	37502800	U	U	U	U
chr22	37503000	37503200	U	U	U	U
chr22	37506200	37506400	U	U	U	U
chr22	37513600	37513800	U	U	U	U
chr22	37519800	37520000	B	U	U	U
chr22	37521000	37521200	U	U	U	U
chr22	37521400	37521600	U	U	U	U
chr22	37521600	37521800	U	U	U	U
chr22	37523600	37523800	U	U	U	U
chr22	37525000	37525200	U	U	U	U
chr22	37545800	37546000	B	U	U	U
chr22	37546400	37546600	U	U	U	U
chr22	37547200	37547400	U	U	U	U
chr22	37560000	37560200	B	U	U	U
chr22	37561000	37561200	B	U	U	U
chr22	37561400	37561600	B	U	U	U
chr22	37562000	37562200	B	U	B	U
chr22	37562600	37562800	U	U	U	U
chr22	37563400	37563600	B	U	B	U
chr22	37569000	37569200	B	U	U	U
chr22	37569400	37569600	B	U	U	U
chr22	37576600	37576800	U	U	U	U
chr22	37581600	37581800	U	U	U	U
chr22	37608400	37608600	B	U	U	U
chr22	37608600	37608800	B	U	U	U
chr22	37610000	37610200	B	U	U	B
chr22	37610800	37611000	U	U	U	U
chr22	37611000	37611200	U	U	U	U
chr22	37611600	37611800	U	U	U	U
chr22	37612800	37613000	U	U	U	U
chr22	37613000	37613200	U	U	U	U
chr22	37614200	37614400	U	U	U	U
chr22	37616400	37616600	U	U	U	U
chr22	37620200	37620400	U	U	U	U
chr22	37620600	37620800	U	U	U	U
chr22	37622800	37623000	U	U	U	U
chr22	37623200	37623400	B	U	U	U
chr22	37623400	37623600	B	U	U	U
chr22	37626400	37626600	U	U	U	U
chr22	37629800	37630000	U	U	U	U
chr22	37631800	37632000	U	U	U	U
chr22	37632200	37632400	U	U	U	U
chr22	37633200	37633400	B	U	U	U
chr22	37634400	37634600	B	U	U	U
chr22	37635000	37635200	U	U	U	U
chr22	37635200	37635400	U	U	U	U
chr22	37638200	37638400	U	U	U	U
chr22	37639200	37639400	B	U	U	U
chr22	37639800	37640000	B	U	U	U
chr22	37640200	37640400	B	U	U	U
chr22	37644800	37645000	U	U	U	U
chr22	37647400	37647600	U	U	U	U
chr22	37654600	37654800	U	U	U	U
chr22	37655600	37655800	U	U	U	U
chr22	37658800	37659000	B	U	U	U
chr22	37660600	37660800	U	U	U	U
chr22	37662200	37662400	U	U	U	U
chr22	37673400	37673600	U	U	U	U
chr22	37676400	37676600	U	U	U	U
chr22	37676600	37676800	U	U	U	U
chr22	37678400	37678600	U	U	U	U
chr22	37688200	37688400	U	U	U	U
chr22	37690400	37690600	U	U	U	U
chr22	37709200	37709400	U	U	U	U
chr22	37710200	37710400	U	U	U	U
chr22	37710600	37710800	U	U	U	U
chr22	37710800	37711000	U	U	U	U
chr22	37725400	37725600	U	U	U	U
chr22	37730000	37730200	U	U	U	U
chr22	37734000	37734200	U	U	U	U
chr22	37734400	37734600	U	U	U	U
chr22	37738600	37738800	U	U	U	U
chr22	37745400	37745600	U	U	U	U
chr22	37746400	37746600	B	U	U	U
chr22	37746600	37746800	B	U	U	U
chr22	37749400	37749600	U	U	U	U
chr22	37751400	37751600	U	U	U	U
chr22	37751600	37751800	U	U	U	U
chr22	37752400	37752600	U	U	U	U
chr22	37762600	37762800	B	U	U	U
chr22	37762800	37763000	B	U	U	U
chr22	37763000	37763200	B	U	U	U
chr22	37773600	37773800	U	U	U	U
chr22	37783200	37783400	U	U	U	U
chr22	37803200	37803400	B	U	U	B
chr22	37807000	37807200	B	U	U	U
chr22	37813000	37813200	U	U	U	U
chr22	37816800	37817000	U	U	U	U
chr22	37818600	37818800	B	U	U	U
chr22	37820400	37820600	U	U	U	U
chr22	37823400	37823600	U	U	U	U
chr22	37825400	37825600	U	U	U	U
chr22	37831400	37831600	U	U	U	U
chr22	37832800	37833000	U	U	U	U
chr22	37838800	37839000	U	U	U	U
chr22	37844000	37844200	B	U	U	U
chr22	37855000	37855200	U	U	U	U
chr22	37862600	37862800	B	U	U	U
chr22	37865800	37866000	U	U	U	U
chr22	37898000	37898200	U	U	U	U
chr22	37905400	37905600	B	U	U	B
chr22	37907600	37907800	U	U	U	U
chr22	37910000	37910200	U	U	U	U
chr22	37911000	37911200	U	U	U	U
chr22	37912200	37912400	U	U	U	U
chr22	37917600	37917800	U	U	U	U
chr22	37917800	37918000	U	U	U	U
chr22	37924600	37924800	U	U	U	U
chr22	37926400	37926600	U	U	U	U
chr22	37932400	37932600	U	U	U	U
chr22	37937800	37938000	U	U	U	U
chr22	37941000	37941200	U	U	U	U
chr22	37942000	37942200	U	U	U	U
chr22	37943200	37943400	U	U	U	U
chr22	37943400	37943600	U	U	U	U
chr22	37953600	37953800	B	U	U	U
chr22	37953800	37954000	B	U	U	U
chr22	37961400	37961600	U	U	U	U
chr22	37966800	37967000	U	U	U	U
chr22	37967000	37967200	U	U	U	U
chr22	37967200	37967400	U	U	U	U
chr22	37973000	37973200	U	U	U	U
chr22	37973800	37974000	U	U	U	U
chr22	37974800	37975000	U	U	U	U
chr22	37977800	37978000	U	U	U	U
chr22	37980800	37981000	U	U	U	U
chr22	37982600	37982800	U	U	U	U
chr22	37985200	37985400	U	U	U	U
chr22	37985600	37985800	U	U	U	U
chr22	38016000	38016200	U	U	U	U
chr22	38016600	38016800	U	U	U	U
chr22	38018600	38018800	U	U	U	U
chr22	38019200	38019400	U	U	U	U
chr22	38019400	38019600	U	U	U	U
chr22	38025000	38025200	U	U	U	U
chr22	38027600	38027800	U	U	U	U
chr22	38028600	38028800	U	U	U	U
chr22	38030800	38031000	U	U	U	U
chr22	38034000	38034200	B	U	U	U
chr22	38035600	38035800	U	U	U	U
chr22	38043200	38043400	U	U	U	U
chr22	38046400	38046600	U	U	U	U
chr22	38051000	38051200	U	U	U	U
chr22	38054000	38054200	U	U	U	U
chr22	38056400	38056600	U	U	U	U
chr22	38068800	38069000	B	U	U	U
chr22	38073800	38074000	U	U	U	U
chr22	38077400	38077600	U	U	U	U
chr22	38078000	38078200	U	U	U	U
chr22	38081200	38081400	U	U	U	U
chr22	38081800	38082000	U	U	U	U
chr22	38083200	38083400	U	U	U	U
chr22	38083600	38083800	U	U	U	U
chr22	38084000	38084200	U	U	U	U
chr22	38084600	38084800	U	U	U	U
chr22	38085800	38086000	U	U	U	U
chr22	38086400	38086600	U	U	U	U
chr22	38087400	38087600	U	U	U	U
chr22	38097400	38097600	U	U	U	U
chr22	38108000	38108200	U	U	U	U
chr22	38108400	38108600	U	U	U	U
chr22	38110400	38110600	U	U	U	U
chr22	38110800	38111000	B	U	U	U
chr22	38111000	38111200	B	U	U	U
chr22	38111200	38111400	B	U	U	U
chr22	38115800	38116000	U	U	U	U
chr22	38123000	38123200	U	U	U	U
chr22	38127000	38127200	B	U	U	U
chr22	38128200	38128400	U	U	U	U
chr22	38128400	38128600	U	U	U	U
chr22	38128600	38128800	U	U	U	U
chr22	38129200	38129400	U	U	U	U
chr22	38129600	38129800	U	U	U	U
chr22	38137200	38137400	U	U	U	U
chr22	38143200	38143400	B	U	U	U
chr22	38145400	38145600	U	U	U	U
chr22	38163800	38164000	B	U	U	U
chr22	38169400	38169600	U	U	U	U
chr22	38181200	38181400	U	U	U	B
chr22	38203200	38203400	U	U	U	U
chr22	38210200	38210400	U	U	U	U
chr22	38218000	38218200	U	U	U	U
chr22	38219400	38219600	U	U	U	U
chr22	38220000	38220200	U	U	U	U
chr22	38220200	38220400	U	U	U	U
chr22	38220400	38220600	U	U	U	U
chr22	38221400	38221600	U	U	U	U
chr22	38221600	38221800	U	U	U	U
chr22	38221800	38222000	U	U	U	U
chr22	38224800	38225000	U	U	U	U
chr22	38225600	38225800	U	U	U	U
chr22	38227400	38227600	U	U	U	U
chr22	38227600	38227800	U	U	U	U
chr22	38228800	38229000	U	U	U	U
chr22	38233000	38233200	U	U	U	U
chr22	38235400	38235600	U	U	U	U
chr22	38235600	38235800	U	U	U	U
chr22	38239000	38239200	U	U	U	U
chr22	38239600	38239800	U	U	U	U
chr22	38245000	38245200	U	U	U	U
chr22	38246600	38246800	U	U	U	U
chr22	38248800	38249000	U	U	U	U
chr22	38250200	38250400	U	U	U	U
chr22	38252400	38252600	U	U	U	U
chr22	38264200	38264400	U	U	U	U
chr22	38267200	38267400	B	U	U	U
chr22	38276200	38276400	U	U	U	U
chr22	38276400	38276600	U	U	U	U
chr22	38282400	38282600	U	U	U	U
chr22	38282600	38282800	U	U	U	U
chr22	38283800	38284000	U	U	U	U
chr22	38287000	38287200	U	U	U	U
chr22	38291400	38291600	U	U	U	U
chr22	38292600	38292800	U	U	U	U
chr22	38297200	38297400	U	U	U	U
chr22	38297400	38297600	U	U	U	U
chr22	38298000	38298200	U	U	U	U
chr22	38310200	38310400	U	U	U	U
chr22	38313600	38313800	U	U	U	U
chr22	38317000	38317200	B	U	U	U
chr22	38325800	38326000	U	U	U	U
chr22	38327600	38327800	U	U	U	U
chr22	38347200	38347400	U	U	U	U
chr22	38348400	38348600	U	U	U	U
chr22	38363200	38363400	U	U	U	U
chr22	38363800	38364000	U	U	U	U
chr22	38369400	38369600	U	U	U	U
chr22	38369800	38370000	U	U	U	U
chr22	38377800	38378000	U	U	U	U
chr22	38382200	38382400	U	U	U	U
chr22	38390800	38391000	U	U	U	U
chr22	38391000	38391200	U	U	U	U
chr22	38391400	38391600	U	U	U	U
chr22	38391600	38391800	U	U	U	U
chr22	38392000	38392200	U	U	U	U
chr22	38392400	38392600	U	U	U	U
chr22	38394600	38394800	U	U	U	U
chr22	38395200	38395400	U	U	U	B
chr22	38398200	38398400	B	U	U	U
chr22	38399200	38399400	B	U	U	U
chr22	38399600	38399800	U	U	U	U
chr22	38403000	38403200	U	U	U	U
chr22	38404200	38404400	U	U	U	U
chr22	38415400	38415600	U	U	U	U
chr22	38417200	38417400	U	U	U	U
chr22	38417400	38417600	U	U	U	U
chr22	38417600	38417800	U	U	U	U
chr22	38418000	38418200	U	U	U	U
chr22	38419800	38420000	U	U	U	U
chr22	38423200	38423400	U	U	U	U
chr22	38426400	38426600	U	U	U	U
chr22	38427400	38427600	U	U	U	U
chr22	38444600	38444800	U	U	U	U
chr22	38453400	38453600	U	U	U	U
chr22	38453800	38454000	U	U	U	U
chr22	38454000	38454200	U	U	U	U
chr22	38455000	38455200	U	U	U	U
chr22	38455200	38455400	U	U	U	U
chr22	38457600	38457800	U	U	U	U
chr22	38461400	38461600	B	U	U	U
chr22	38468800	38469000	U	U	U	U
chr22	38471400	38471600	U	U	U	U
chr22	38479200	38479400	U	U	U	U
chr22	38483400	38483600	U	U	U	U
chr22	38483800	38484000	U	U	U	U
chr22	38484200	38484400	U	U	U	U
chr22	38488400	38488600	U	U	U	U
chr22	38490200	38490400	U	U	U	U
chr22	38490600	38490800	U	U	U	U
chr22	38503600	38503800	U	U	U	U
chr22	38505600	38505800	B	U	U	U
chr22	38506000	38506200	B	U	U	U
chr22	38506800	38507000	B	U	U	U
chr22	38519400	38519600	U	U	U	U
chr22	38531400	38531600	U	U	U	U
chr22	38531800	38532000	U	U	U	U
chr22	38536400	38536600	U	U	U	U
chr22	38538200	38538400	U	U	U	U
chr22	38540400	38540600	U	U	U	U
chr22	38556400	38556600	U	U	U	U
chr22	38568600	38568800	U	U	U	U
chr22	38569800	38570000	B	U	U	U
chr22	38570000	38570200	B	U	U	U
chr22	38571200	38571400	U	U	U	U
chr22	38571400	38571600	U	U	U	U
chr22	38591400	38591600	U	U	U	U
chr22	38614200	38614400	U	U	U	U
chr22	38619000	38619200	U	U	U	U
chr22	38628600	38628800	U	U	U	U
chr22	38628800	38629000	U	U	U	U
chr22	38632800	38633000	U	U	U	U
chr22	38633000	38633200	U	U	U	U
chr22	38638400	38638600	U	U	U	U
chr22	38647600	38647800	U	U	U	U
chr22	38647800	38648000	U	U	U	U
chr22	38656200	38656400	B	U	U	U
chr22	38656400	38656600	B	U	U	U
chr22	38657000	38657200	B	U	U	U
chr22	38675600	38675800	U	U	U	U
chr22	38681400	38681600	B	U	U	U
chr22	38686000	38686200	U	U	U	U
chr22	38686600	38686800	U	U	U	U
chr22	38689200	38689400	U	U	U	U
chr22	38694000	38694200	U	U	U	U
chr22	38695200	38695400	U	U	U	U
chr22	38699800	38700000	U	U	U	U
chr22	38700400	38700600	B	U	U	U
chr22	38701200	38701400	B	U	U	U
chr22	38705800	38706000	B	U	U	U
chr22	38707200	38707400	U	U	U	U
chr22	38709600	38709800	U	U	U	U
chr22	38712800	38713000	U	U	U	U
chr22	38716400	38716600	U	U	U	U
chr22	38717000	38717200	B	U	U	U
chr22	38722200	38722400	U	U	U	U
chr22	38723800	38724000	U	U	U	U
chr22	38724200	38724400	U	U	U	U
chr22	38727000	38727200	U	U	U	U
chr22	38728200	38728400	U	U	U	U
chr22	38730800	38731000	U	U	U	U
chr22	38731200	38731400	U	U	U	U
chr22	38734400	38734600	U	U	U	U
chr22	38738000	38738200	U	U	U	U
chr22	38739600	38739800	U	U	U	U
chr22	38740000	38740200	U	U	U	U
chr22	38740800	38741000	U	U	U	U
chr22	38742200	38742400	U	U	U	U
chr22	38742400	38742600	U	U	U	U
chr22	38748400	38748600	U	U	U	U
chr22	38749000	38749200	U	U	U	U
chr22	38749800	38750000	U	U	U	U
chr22	38751000	38751200	U	U	U	U
chr22	38751600	38751800	U	U	U	U
chr22	38752800	38753000	U	U	U	U
chr22	38755200	38755400	B	U	B	U
chr22	38756800	38757000	U	U	U	U
chr22	38757000	38757200	U	U	U	U
chr22	38761000	38761200	U	U	U	U
chr22	38764000	38764200	U	U	U	U
chr22	38767800	38768000	U	U	U	U
chr22	38770600	38770800	U	U	U	U
chr22	38779000	38779200	U	U	U	U
chr22	38779200	38779400	U	U	U	U
chr22	38800200	38800400	U	U	U	U
chr22	38817800	38818000	U	U	U	U
chr22	38818000	38818200	U	U	U	U
chr22	38822000	38822200	U	U	U	U
chr22	38834000	38834200	U	U	U	U
chr22	38842400	38842600	U	U	U	U
chr22	38842600	38842800	U	U	U	U
chr22	38843000	38843200	B	U	U	U
chr22	38843600	38843800	B	U	U	U
chr22	38844600	38844800	B	U	B	U
chr22	38844800	38845000	U	U	U	U
chr22	38851200	38851400	U	U	U	U
chr22	38858200	38858400	U	U	U	U
chr22	38858600	38858800	U	U	U	U
chr22	38860800	38861000	U	U	U	U
chr22	38861400	38861600	U	U	U	U
chr22	38864000	38864200	U	U	U	U
chr22	38864600	38864800	U	U	U	U
chr22	38865000	38865200	U	U	U	U
chr22	38866000	38866200	U	U	U	U
chr22	38872800	38873000	B	U	U	U
chr22	38879000	38879200	U	U	U	U
chr22	38881400	38881600	U	U	U	U
chr22	38921400	38921600	U	U	U	U
chr22	38936000	38936200	U	U	U	U
chr22	38937000	38937200	U	U	U	U
chr22	38944600	38944800	U	U	U	U
chr22	38948000	38948200	U	U	U	U
chr22	38950000	38950200	U	U	B	U
chr22	38950800	38951000	U	U	U	U
chr22	38953200	38953400	U	U	U	U
chr22	38953800	38954000	U	U	U	U
chr22	38954800	38955000	U	U	U	U
chr22	38956200	38956400	U	U	U	U
chr22	38957600	38957800	U	U	U	U
chr22	38959800	38960000	U	U	U	U
chr22	38960000	38960200	U	U	U	U
chr22	38962000	38962200	U	U	U	U
chr22	38963600	38963800	B	U	U	U
chr22	38964800	38965000	U	U	U	U
chr22	38967000	38967200	U	U	U	U
chr22	38968400	38968600	U	U	U	U
chr22	38974800	38975000	U	U	U	U
chr22	38986600	38986800	U	U	U	U
chr22	38986800	38987000	U	U	U	U
chr22	38987400	38987600	U	U	U	U
chr22	38992600	38992800	U	U	U	U
chr22	38993200	38993400	B	U	U	U
chr22	38997200	38997400	U	U	U	U
chr22	38999400	38999600	U	U	U	U
chr22	39015400	39015600	U	U	U	U
chr22	39017800	39018000	U	U	U	U
chr22	39018400	39018600	U	U	U	U
chr22	39021800	39022000	U	U	U	U
chr22	39022000	39022200	U	U	U	U
chr22	39032000	39032200	U	U	U	U
chr22	39040200	39040400	B	U	U	U
chr22	39041200	39041400	B	U	U	U
chr22	39045600	39045800	U	U	U	U
chr22	39046400	39046600	U	U	U	U
chr22	39063800	39064000	U	U	U	U
chr22	39076600	39076800	B	U	U	U
chr22	39076800	39077000	B	U	U	U
chr22	39077200	39077400	B	U	U	U
chr22	39081000	39081200	U	U	U	U
chr22	39081200	39081400	U	U	U	U
chr22	39084000	39084200	U	U	U	U
chr22	39086600	39086800	U	U	U	U
chr22	39087200	39087400	U	U	U	U
chr22	39088000	39088200	B	U	U	U
chr22	39088200	39088400	B	U	U	U
chr22	39092000	39092200	U	U	U	U
chr22	39095200	39095400	U	U	U	U
chr22	39100200	39100400	U	U	U	U
chr22	39100400	39100600	U	U	U	U
chr22	39124000	39124200	U	U	U	U
chr22	39131200	39131400	B	U	U	U
chr22	39133400	39133600	U	U	U	U
chr22	39133800	39134000	U	U	U	U
chr22	39134400	39134600	U	U	U	U
chr22	39134600	39134800	U	U	U	U
chr22	39135000	39135200	B	U	U	U
chr22	39138800	39139000	U	U	U	U
chr22	39140000	39140200	U	U	U	U
chr22	39144200	39144400	U	U	U	U
chr22	39150000	39150200	U	U	U	U
chr22	39152200	39152400	B	U	U	U
chr22	39155800	39156000	U	U	U	U
chr22	39170000	39170200	U	U	U	U
chr22	39171800	39172000	U	U	U	U
chr22	39173400	39173600	U	U	U	U
chr22	39176200	39176400	U	U	U	U
chr22	39177000	39177200	U	U	U	U
chr22	39185600	39185800	U	U	U	U
chr22	39207200	39207400	U	U	U	U
chr22	39221800	39222000	U	U	U	U
chr22	39223800	39224000	U	U	U	U
chr22	39224800	39225000	U	U	U	U
chr22	39230600	39230800	U	U	U	U
chr22	39234200	39234400	U	U	U	U
chr22	39235800	39236000	U	U	U	U
chr22	39237000	39237200	U	U	U	U
chr22	39237400	39237600	U	U	B	U
chr22	39239400	39239600	U	U	U	U
chr22	39239600	39239800	U	U	U	U
chr22	39243000	39243200	U	U	U	U
chr22	39245000	39245200	U	U	U	U
chr22	39245800	39246000	U	U	U	U
chr22	39254000	39254200	U	U	U	U
chr22	39254200	39254400	U	U	U	U
chr22	39257400	39257600	U	U	U	U
chr22	39265600	39265800	U	U	U	U
chr22	39270400	39270600	U	U	U	U
chr22	39283400	39283600	B	U	B	U
chr22	39289800	39290000	U	U	U	U
chr22	39290600	39290800	U	U	U	U
chr22	39292200	39292400	B	U	U	U
chr22	39297400	39297600	U	U	U	U
chr22	39311800	39312000	B	U	U	U
chr22	39312800	39313000	B	U	U	U
chr22	39313200	39313400	U	U	U	U
chr22	39313600	39313800	U	U	U	U
chr22	39317200	39317400	U	U	U	U
chr22	39319200	39319400	B	U	U	U
chr22	39320000	39320200	B	U	U	U
chr22	39327800	39328000	U	U	U	U
chr22	39363600	39363800	B	U	U	U
chr22	39373800	39374000	U	U	U	U
chr22	39374200	39374400	U	U	U	U
chr22	39374800	39375000	U	U	U	U
chr22	39375000	39375200	U	U	U	U
chr22	39375600	39375800	U	U	U	U
chr22	39375800	39376000	U	U	U	U
chr22	39376000	39376200	U	U	U	U
chr22	39378400	39378600	U	U	U	U
chr22	39380000	39380200	U	U	U	U
chr22	39382600	39382800	U	U	U	U
chr22	39401200	39401400	U	U	U	U
chr22	39401800	39402000	U	U	U	U
chr22	39404800	39405000	U	U	U	U
chr22	39415200	39415400	U	U	U	U
chr22	39417000	39417200	U	U	U	U
chr22	39417800	39418000	U	U	U	U
chr22	39426600	39426800	U	U	U	U
chr22	39427800	39428000	U	U	U	U
chr22	39428000	39428200	U	U	U	U
chr22	39428600	39428800	U	U	U	U
chr22	39434800	39435000	U	U	U	U
chr22	39436600	39436800	U	U	U	U
chr22	39436800	39437000	U	U	U	U
chr22	39448200	39448400	U	U	U	U
chr22	39449000	39449200	U	U	U	U
chr22	39456400	39456600	U	U	U	U
chr22	39457400	39457600	U	U	U	U
chr22	39458200	39458400	U	U	U	U
chr22	39460000	39460200	U	U	U	U
chr22	39461600	39461800	U	U	U	U
chr22	39465200	39465400	B	U	U	U
chr22	39466000	39466200	U	U	U	U
chr22	39469600	39469800	U	U	U	U
chr22	39471000	39471200	U	U	U	U
chr22	39471600	39471800	U	U	U	U
chr22	39474000	39474200	U	U	U	U
chr22	39474400	39474600	U	U	U	U
chr22	39478000	39478200	U	U	U	U
chr22	39478200	39478400	U	U	B	U
chr22	39478400	39478600	B	U	B	U
chr22	39478600	39478800	B	U	B	U
chr22	39488000	39488200	U	U	U	U
chr22	39489800	39490000	B	U	U	U
chr22	39504400	39504600	U	U	U	U
chr22	39515800	39516000	U	U	U	U
chr22	39518000	39518200	U	U	U	U
chr22	39518200	39518400	U	U	U	U
chr22	39520800	39521000	B	U	U	U
chr22	39522000	39522200	U	U	U	U
chr22	39522600	39522800	B	U	U	U
chr22	39527600	39527800	U	U	U	U
chr22	39528000	39528200	U	U	U	U
chr22	39528800	39529000	U	U	U	U
chr22	39529600	39529800	U	U	U	U
chr22	39532600	39532800	B	U	U	U
chr22	39536800	39537000	U	U	U	U
chr22	39538800	39539000	U	U	U	U
chr22	39540200	39540400	U	U	U	U
chr22	39545600	39545800	U	U	B	U
chr22	39545800	39546000	B	U	B	U
chr22	39552600	39552800	U	U	U	U
chr22	39554600	39554800	U	U	U	U
chr22	39558200	39558400	U	U	U	U
chr22	39558600	39558800	U	U	U	U
chr22	39577600	39577800	U	U	U	U
chr22	39580200	39580400	U	U	U	U
chr22	39589600	39589800	U	U	U	U
chr22	39590400	39590600	U	U	U	U
chr22	39592400	39592600	U	U	U	U
chr22	39597400	39597600	B	U	U	U
chr22	39614800	39615000	U	U	U	U
chr22	39617200	39617400	U	U	U	U
chr22	39625800	39626000	B	U	U	U
chr22	39628600	39628800	U	U	U	U
chr22	39630800	39631000	U	U	U	U
chr22	39634600	39634800	B	U	U	U
chr22	39636400	39636600	U	U	U	U
chr22	39646600	39646800	U	U	U	U
chr22	39647000	39647200	U	U	U	U
chr22	39653600	39653800	U	U	U	U
chr22	39653800	39654000	U	U	U	U
chr22	39656000	39656200	U	U	U	U
chr22	39659000	39659200	U	U	U	U
chr22	39661200	39661400	U	U	U	U
chr22	39661800	39662000	U	U	U	U
chr22	39662200	39662400	B	U	U	U
chr22	39663000	39663200	U	U	U	U
chr22	39663800	39664000	U	U	U	U
chr22	39669800	39670000	U	U	U	U
chr22	39670200	39670400	U	U	U	U
chr22	39670600	39670800	U	U	U	U
chr22	39673600	39673800	U	U	U	U
chr22	39674000	39674200	U	U	U	U
chr22	39678600	39678800	U	U	U	U
chr22	39679200	39679400	U	U	U	U
chr22	39679600	39679800	U	U	U	U
chr22	39682600	39682800	U	U	U	U
chr22	39683200	39683400	U	U	U	U
chr22	39683400	39683600	U	U	U	U
chr22	39684800	39685000	U	U	U	U
chr22	39685400	39685600	U	U	U	U
chr22	39687400	39687600	U	U	U	U
chr22	39700000	39700200	U	U	U	U
chr22	39700200	39700400	U	U	U	U
chr22	39704200	39704400	U	U	U	U
chr22	39706200	39706400	U	U	U	U
chr22	39707600	39707800	U	U	U	U
chr22	39710400	39710600	U	U	U	U
chr22	39711400	39711600	U	U	U	U
chr22	39711600	39711800	U	U	U	U
chr22	39712400	39712600	U	U	U	U
chr22	39713400	39713600	U	U	U	U
chr22	39718400	39718600	U	U	U	U
chr22	39719000	39719200	U	U	U	U
chr22	39721000	39721200	U	U	U	U
chr22	39721400	39721600	U	U	U	U
chr22	39727800	39728000	U	U	U	U
chr22	39730000	39730200	U	U	U	U
chr22	39731600	39731800	U	U	U	U
chr22	39733200	39733400	U	U	U	U
chr22	39736800	39737000	U	U	U	U
chr22	39737200	39737400	U	U	U	U
chr22	39737400	39737600	U	U	U	U
chr22	39737800	39738000	U	U	U	U
chr22	39738800	39739000	U	U	U	U
chr22	39744200	39744400	U	U	U	U
chr22	39745200	39745400	U	U	U	U
chr22	39749600	39749800	U	U	U	U
chr22	39750000	39750200	U	U	U	U
chr22	39750200	39750400	U	U	U	U
chr22	39754600	39754800	U	U	U	U
chr22	39765400	39765600	U	U	B	U
chr22	39766600	39766800	U	U	U	U
chr22	39768200	39768400	U	U	U	U
chr22	39776200	39776400	U	U	U	U
chr22	39777000	39777200	U	U	U	U
chr22	39777800	39778000	U	U	U	U
chr22	39800400	39800600	U	U	U	U
chr22	39820200	39820400	U	U	U	U
chr22	39821200	39821400	U	U	U	U
chr22	39854400	39854600	U	U	U	U
chr22	39865000	39865200	U	U	U	U
chr22	39872400	39872600	U	U	U	U
chr22	39875400	39875600	U	U	U	U
chr22	39876000	39876200	U	U	U	U
chr22	39876200	39876400	U	U	U	U
chr22	39887400	39887600	U	U	U	U
chr22	39887600	39887800	U	U	U	U
chr22	39889400	39889600	U	U	U	U
chr22	39889600	39889800	U	U	U	U
chr22	39890200	39890400	U	U	U	U
chr22	39899200	39899400	U	U	U	U
chr22	39901800	39902000	B	U	U	U
chr22	39906400	39906600	U	U	U	U
chr22	39908400	39908600	U	U	U	U
chr22	39908800	39909000	U	U	B	U
chr22	39914200	39914400	U	U	U	U
chr22	39915400	39915600	U	U	U	U
chr22	39918200	39918400	U	U	U	U
chr22	39919600	39919800	U	U	U	U
chr22	39920400	39920600	B	U	B	B
chr22	39924000	39924200	U	U	U	U
chr22	39925600	39925800	U	U	U	U
chr22	39926600	39926800	U	U	U	U
chr22	39926800	39927000	U	U	U	U
chr22	39927000	39927200	U	U	U	U
chr22	39936200	39936400	U	U	U	U
chr22	39936400	39936600	U	U	U	U
chr22	39946800	39947000	B	U	U	B
chr22	39947000	39947200	B	U	U	U
chr22	39947200	39947400	B	U	U	U
chr22	39947600	39947800	B	U	U	U
chr22	39959400	39959600	B	U	B	U
chr22	39960000	39960200	B	U	U	U
chr22	39963000	39963200	U	U	U	U
chr22	39965600	39965800	B	U	B	B
chr22	39965800	39966000	B	U	B	B
chr22	39966000	39966200	B	U	U	B
chr22	39971600	39971800	U	U	U	U
chr22	39972200	39972400	U	U	U	U
chr22	39973400	39973600	U	U	U	U
chr22	39974400	39974600	U	U	U	U
chr22	39976000	39976200	U	U	U	U
chr22	39983800	39984000	U	U	U	U
chr22	39985800	39986000	U	U	U	U
chr22	39988800	39989000	B	U	U	B
chr22	39997200	39997400	U	U	U	U
chr22	40000000	40000200	U	U	U	U
chr22	40001800	40002000	U	U	U	U
chr22	40003000	40003200	U	U	U	U
chr22	40005000	40005200	U	U	U	U
chr22	40006400	40006600	U	U	U	U
chr22	40006600	40006800	U	U	U	U
chr22	40010200	40010400	U	U	U	U
chr22	40010600	40010800	U	U	U	U
chr22	40019800	40020000	U	U	U	U
chr22	40021800	40022000	U	U	U	U
chr22	40023800	40024000	U	U	U	U
chr22	40025800	40026000	U	U	U	U
chr22	40029800	40030000	U	U	U	U
chr22	40030200	40030400	U	U	U	U
chr22	40030600	40030800	U	U	U	U
chr22	40032200	40032400	U	U	U	U
chr22	40033800	40034000	U	U	U	U
chr22	40035400	40035600	U	U	U	U
chr22	40036400	40036600	B	U	U	U
chr22	40041000	40041200	U	U	U	B
chr22	40044200	40044400	B	U	U	U
chr22	40044800	40045000	B	U	U	U
chr22	40045200	40045400	U	U	U	U
chr22	40070000	40070200	U	U	U	U
chr22	40072200	40072400	U	U	U	U
chr22	40094600	40094800	U	U	U	U
chr22	40095000	40095200	U	U	U	U
chr22	40106400	40106600	U	U	U	U
chr22	40106600	40106800	U	U	U	U
chr22	40110600	40110800	U	U	U	U
chr22	40120400	40120600	U	U	U	U
chr22	40121400	40121600	U	U	U	U
chr22	40136000	40136200	U	U	U	U
chr22	40138600	40138800	U	U	U	U
chr22	40162400	40162600	U	U	U	U
chr22	40162800	40163000	U	U	U	U
chr22	40177600	40177800	B	U	B	B
chr22	40179000	40179200	B	U	U	U
chr22	40179400	40179600	B	U	U	U
chr22	40188400	40188600	U	U	U	U
chr22	40188800	40189000	U	U	U	U
chr22	40197000	40197200	U	U	U	U
chr22	40201200	40201400	U	U	U	U
chr22	40203400	40203600	U	U	U	U
chr22	40205400	40205600	U	U	U	U
chr22	40209200	40209400	U	U	U	U
chr22	40210200	40210400	U	U	U	U
chr22	40217200	40217400	U	U	U	U
chr22	40220600	40220800	U	U	U	U
chr22	40222200	40222400	U	U	U	U
chr22	40226400	40226600	U	U	U	U
chr22	40229200	40229400	U	U	U	U
chr22	40244000	40244200	U	U	U	U
chr22	40244200	40244400	U	U	U	U
chr22	40246600	40246800	U	U	U	U
chr22	40247000	40247200	U	U	U	U
chr22	40249600	40249800	U	U	U	U
chr22	40252400	40252600	U	U	U	U
chr22	40253600	40253800	U	U	U	U
chr22	40262000	40262200	U	U	U	U
chr22	40264600	40264800	U	U	U	U
chr22	40265200	40265400	U	U	U	U
chr22	40265800	40266000	U	U	U	U
chr22	40266000	40266200	U	U	U	U
chr22	40271800	40272000	U	U	U	U
chr22	40272600	40272800	U	U	U	U
chr22	40274200	40274400	U	U	U	U
chr22	40275200	40275400	U	U	U	U
chr22	40276600	40276800	U	U	U	U
chr22	40276800	40277000	U	U	U	U
chr22	40277000	40277200	U	U	U	U
chr22	40279400	40279600	U	U	U	U
chr22	40279800	40280000	U	U	U	U
chr22	40281000	40281200	U	U	U	U
chr22	40281400	40281600	U	U	U	U
chr22	40282200	40282400	U	U	U	U
chr22	40284000	40284200	U	U	U	U
chr22	40285200	40285400	U	U	U	U
chr22	40290800	40291000	U	U	U	U
chr22	40304800	40305000	U	U	U	U
chr22	40307000	40307200	U	U	U	U
chr22	40307800	40308000	U	U	U	U
chr22	40308800	40309000	U	U	U	U
chr22	40309600	40309800	U	U	U	U
chr22	40310800	40311000	U	U	U	U
chr22	40311000	40311200	U	U	U	U
chr22	40314600	40314800	U	U	U	U
chr22	40315400	40315600	U	U	U	U
chr22	40315600	40315800	U	U	U	U
chr22	40321200	40321400	U	U	U	U
chr22	40324000	40324200	U	U	U	U
chr22	40325800	40326000	U	U	U	U
chr22	40326400	40326600	U	U	U	U
chr22	40327200	40327400	U	U	U	U
chr22	40327800	40328000	U	U	U	U
chr22	40329200	40329400	B	U	U	B
chr22	40334400	40334600	U	U	U	U
chr22	40335200	40335400	U	U	U	U
chr22	40343200	40343400	U	U	U	U
chr22	40346400	40346600	B	U	B	U
chr22	40349600	40349800	U	U	U	U
chr22	40361400	40361600	U	U	U	U
chr22	40364200	40364400	U	U	U	U
chr22	40364400	40364600	U	U	U	U
chr22	40366200	40366400	U	U	U	U
chr22	40366400	40366600	U	U	U	U
chr22	40371400	40371600	U	U	U	U
chr22	40379400	40379600	U	U	U	U
chr22	40386800	40387000	U	U	U	U
chr22	40387000	40387200	U	U	U	U
chr22	40388200	40388400	B	U	U	B
chr22	40392000	40392200	U	U	U	U
chr22	40396800	40397000	U	U	U	U
chr22	40400000	40400200	U	U	U	U
chr22	40406000	40406200	U	U	U	U
chr22	40406200	40406400	U	U	U	U
chr22	40407800	40408000	U	U	U	U
chr22	40409000	40409200	U	U	U	U
chr22	40410400	40410600	U	U	U	U
chr22	40415600	40415800	U	U	U	U
chr22	40417400	40417600	U	U	U	U
chr22	40419400	40419600	U	U	U	U
chr22	40420600	40420800	U	U	U	U
chr22	40422400	40422600	U	U	U	U
chr22	40422800	40423000	U	U	U	U
chr22	40424000	40424200	U	U	U	U
chr22	40424400	40424600	U	U	U	U
chr22	40425600	40425800	U	U	U	U
chr22	40433600	40433800	U	U	U	U
chr22	40436400	40436600	B	U	U	U
chr22	40439600	40439800	U	U	U	U
chr22	40442000	40442200	U	U	U	U
chr22	40442200	40442400	U	U	U	U
chr22	40450000	40450200	U	U	U	U
chr22	40450200	40450400	U	U	U	U
chr22	40451200	40451400	U	U	U	U
chr22	40458200	40458400	U	U	U	U
chr22	40458400	40458600	U	U	U	U
chr22	40462800	40463000	B	U	U	U
chr22	40464600	40464800	U	U	U	U
chr22	40464800	40465000	U	U	U	U
chr22	40472400	40472600	U	U	U	U
chr22	40476800	40477000	U	U	U	U
chr22	40481200	40481400	U	U	U	U
chr22	40482600	40482800	U	U	U	U
chr22	40486400	40486600	U	U	U	U
chr22	40492400	40492600	U	U	U	U
chr22	40499000	40499200	U	U	U	B
chr22	40499600	40499800	U	U	U	U
chr22	40506800	40507000	U	U	U	U
chr22	40509000	40509200	U	U	U	U
chr22	40509600	40509800	U	U	U	U
chr22	40510000	40510200	U	U	U	U
chr22	40511400	40511600	U	U	U	U
chr22	40511600	40511800	U	U	U	U
chr22	40512200	40512400	U	U	U	U
chr22	40512600	40512800	U	U	U	U
chr22	40513000	40513200	U	U	U	U
chr22	40515800	40516000	U	U	U	U
chr22	40532800	40533000	U	U	U	U
chr22	40533200	40533400	U	U	U	U
chr22	40535800	40536000	U	U	U	U
chr22	40543000	40543200	U	U	U	U
chr22	40543200	40543400	U	U	U	U
chr22	40545200	40545400	U	U	U	U
chr22	40557200	40557400	U	U	U	U
chr22	40560800	40561000	U	U	U	U
chr22	40567200	40567400	U	U	U	U
chr22	40568600	40568800	U	U	U	U
chr22	40575400	40575600	U	U	U	U
chr22	40583000	40583200	U	U	U	U
chr22	40587600	40587800	U	U	U	U
chr22	40592800	40593000	U	U	U	U
chr22	40593000	40593200	U	U	U	U
chr22	40593200	40593400	U	U	U	U
chr22	40593800	40594000	U	U	U	B
chr22	40594400	40594600	U	U	U	U
chr22	40598400	40598600	U	U	U	U
chr22	40599400	40599600	U	U	U	U
chr22	40602000	40602200	U	U	U	U
chr22	40607000	40607200	U	U	U	U
chr22	40610600	40610800	U	U	U	U
chr22	40637000	40637200	B	U	U	U
chr22	40638000	40638200	U	U	U	U
chr22	40639200	40639400	U	U	U	U
chr22	40644600	40644800	U	U	U	U
chr22	40652600	40652800	U	U	U	U
chr22	40679000	40679200	U	U	U	U
chr22	40679800	40680000	U	U	U	U
chr22	40680800	40681000	U	U	U	U
chr22	40681200	40681400	U	U	U	U
chr22	40681800	40682000	U	U	U	U
chr22	40682400	40682600	U	U	U	U
chr22	40712000	40712200	B	U	U	U
chr22	40764600	40764800	U	U	U	U
chr22	40770200	40770400	U	U	U	U
chr22	40773600	40773800	U	U	U	U
chr22	40776400	40776600	U	U	U	U
chr22	40777200	40777400	U	U	U	U
chr22	40780000	40780200	U	U	U	U
chr22	40780200	40780400	U	U	U	U
chr22	40789200	40789400	U	U	U	U
chr22	40792800	40793000	U	U	U	U
chr22	40794400	40794600	U	U	U	U
chr22	40799800	40800000	U	U	U	U
chr22	40801400	40801600	U	U	U	U
chr22	40809800	40810000	U	U	U	U
chr22	40812200	40812400	U	U	U	U
chr22	40815200	40815400	U	U	U	U
chr22	40819400	40819600	B	U	U	U
chr22	40825800	40826000	U	U	U	U
chr22	40826200	40826400	U	U	U	U
chr22	40828000	40828200	U	U	U	U
chr22	40830600	40830800	U	U	U	U
chr22	40831600	40831800	U	U	U	U
chr22	40832400	40832600	U	U	U	U
chr22	40832600	40832800	U	U	U	U
chr22	40839000	40839200	U	U	U	U
chr22	40854000	40854200	B	U	U	U
chr22	40855600	40855800	U	U	U	U
chr22	40857200	40857400	B	U	U	U
chr22	40857400	40857600	B	U	U	U
chr22	40857600	40857800	U	U	U	U
chr22	40860400	40860600	U	U	U	U
chr22	40862000	40862200	U	U	U	U
chr22	40863200	40863400	U	U	U	U
chr22	40869800	40870000	U	U	U	U
chr22	40885400	40885600	U	U	U	U
chr22	40895800	40896000	U	U	U	U
chr22	40928600	40928800	U	U	U	B
chr22	40928800	40929000	U	U	U	B
chr22	40933000	40933200	U	U	U	U
chr22	40950800	40951000	B	U	U	U
chr22	40966400	40966600	B	U	U	U
chr22	40966600	40966800	B	U	U	U
chr22	40972200	40972400	U	U	U	U
chr22	40989200	40989400	U	U	U	U
chr22	41009600	41009800	U	U	U	U
chr22	41022600	41022800	B	U	B	U
chr22	41032600	41032800	U	U	U	U
chr22	41064200	41064400	U	U	U	U
chr22	41074200	41074400	U	U	U	U
chr22	41074800	41075000	U	U	U	U
chr22	41077000	41077200	U	U	U	U
chr22	41077600	41077800	U	U	U	U
chr22	41091200	41091400	B	U	U	U
chr22	41092000	41092200	B	U	U	U
chr22	41093000	41093200	B	U	U	U
chr22	41093400	41093600	U	U	U	U
chr22	41094800	41095000	U	U	U	U
chr22	41107400	41107600	U	U	U	U
chr22	41118000	41118200	U	U	U	U
chr22	41121400	41121600	U	U	U	U
chr22	41123600	41123800	U	U	U	U
chr22	41126000	41126200	U	U	U	U
chr22	41129400	41129600	U	U	U	U
chr22	41137800	41138000	U	U	U	U
chr22	41139400	41139600	U	U	U	U
chr22	41146600	41146800	U	U	U	U
chr22	41148600	41148800	U	U	U	U
chr22	41149000	41149200	U	U	U	U
chr22	41149800	41150000	U	U	U	U
chr22	41153200	41153400	U	U	U	U
chr22	41154800	41155000	U	U	U	U
chr22	41156800	41157000	U	U	U	U
chr22	41159000	41159200	U	U	U	U
chr22	41159400	41159600	U	U	U	U
chr22	41160600	41160800	U	U	U	U
chr22	41161800	41162000	U	U	U	U
chr22	41164200	41164400	U	U	U	U
chr22	41166600	41166800	U	U	U	U
chr22	41170400	41170600	U	U	U	U
chr22	41174800	41175000	U	U	U	U
chr22	41177400	41177600	U	U	U	U
chr22	41177600	41177800	U	U	U	U
chr22	41178000	41178200	U	U	U	U
chr22	41178800	41179000	U	U	U	U
chr22	41179200	41179400	U	U	U	U
chr22	41196800	41197000	B	U	U	U
chr22	41197000	41197200	B	U	U	U
chr22	41197600	41197800	B	U	B	U
chr22	41205200	41205400	B	U	U	U
chr22	41209800	41210000	U	U	U	U
chr22	41216600	41216800	U	U	U	U
chr22	41217000	41217200	U	U	U	U
chr22	41217200	41217400	U	U	U	U
chr22	41217400	41217600	B	U	U	U
chr22	41224600	41224800	U	U	U	U
chr22	41224800	41225000	U	U	U	U
chr22	41227000	41227200	U	U	U	U
chr22	41228200	41228400	U	U	U	U
chr22	41229600	41229800	U	U	U	U
chr22	41231800	41232000	U	U	U	U
chr22	41232600	41232800	U	U	U	U
chr22	41240400	41240600	U	U	U	U
chr22	41240800	41241000	U	U	U	U
chr22	41244200	41244400	U	U	U	U
chr22	41247800	41248000	U	U	U	U
chr22	41253400	41253600	U	U	U	U
chr22	41264000	41264200	U	U	U	U
chr22	41264200	41264400	U	U	U	U
chr22	41264400	41264600	U	U	U	U
chr22	41275000	41275200	U	U	U	U
chr22	41281400	41281600	U	U	U	U
chr22	41282800	41283000	U	U	U	U
chr22	41286000	41286200	B	U	U	U
chr22	41303200	41303400	B	U	U	U
chr22	41320800	41321000	U	U	U	U
chr22	41327000	41327200	U	U	U	U
chr22	41332000	41332200	U	U	U	U
chr22	41332800	41333000	U	U	U	U
chr22	41334800	41335000	U	U	U	U
chr22	41335800	41336000	U	U	U	U
chr22	41342600	41342800	U	U	U	U
chr22	41344000	41344200	U	U	U	U
chr22	41347400	41347600	U	U	U	U
chr22	41349000	41349200	U	U	U	U
chr22	41354400	41354600	U	U	U	U
chr22	41354800	41355000	U	U	U	U
chr22	41355400	41355600	U	U	U	U
chr22	41355800	41356000	U	U	U	U
chr22	41356000	41356200	U	U	U	U
chr22	41356800	41357000	U	U	U	U
chr22	41359600	41359800	B	U	U	U
chr22	41359800	41360000	B	U	U	U
chr22	41368600	41368800	U	U	U	U
chr22	41369800	41370000	U	U	U	U
chr22	41371200	41371400	U	U	U	U
chr22	41377400	41377600	U	U	U	U
chr22	41377600	41377800	U	U	U	U
chr22	41380600	41380800	B	U	U	U
chr22	41381400	41381600	B	U	B	U
chr22	41382200	41382400	B	U	U	U
chr22	41382600	41382800	U	U	U	U
chr22	41383800	41384000	U	U	U	U
chr22	41387400	41387600	U	U	U	U
chr22	41396000	41396200	U	U	U	U
chr22	41397000	41397200	U	U	U	U
chr22	41397400	41397600	U	U	U	U
chr22	41398200	41398400	U	U	U	U
chr22	41399200	41399400	U	U	U	U
chr22	41402200	41402400	U	U	U	U
chr22	41410400	41410600	U	U	U	U
chr22	41412600	41412800	B	U	U	U
chr22	41414000	41414200	B	U	B	U
chr22	41426000	41426200	U	U	U	U
chr22	41431600	41431800	U	U	U	U
chr22	41432000	41432200	U	U	U	U
chr22	41435400	41435600	U	U	U	U
chr22	41442200	41442400	U	U	U	U
chr22	41444000	41444200	B	U	U	U
chr22	41444200	41444400	B	U	U	U
chr22	41445600	41445800	U	U	U	U
chr22	41445800	41446000	U	U	U	U
chr22	41446600	41446800	B	U	U	B
chr22	41447000	41447200	B	U	U	B
chr22	41447600	41447800	B	U	U	U
chr22	41447800	41448000	B	U	U	U
chr22	41448200	41448400	B	U	U	U
chr22	41449200	41449400	U	U	U	U
chr22	41449600	41449800	U	U	U	U
chr22	41450600	41450800	U	U	U	U
chr22	41459800	41460000	U	U	U	U
chr22	41460000	41460200	U	U	U	U
chr22	41460200	41460400	U	U	U	U
chr22	41462400	41462600	U	U	U	U
chr22	41466200	41466400	U	U	U	U
chr22	41472800	41473000	U	U	U	U
chr22	41488600	41488800	U	U	U	U
chr22	41506800	41507000	U	U	U	U
chr22	41510400	41510600	U	U	U	U
chr22	41510800	41511000	U	U	U	U
chr22	41511800	41512000	U	U	U	U
chr22	41522800	41523000	U	U	U	U
chr22	41523600	41523800	B	U	U	B
chr22	41524400	41524600	U	U	U	U
chr22	41525600	41525800	U	U	U	U
chr22	41526400	41526600	B	U	U	U
chr22	41527800	41528000	U	U	U	U
chr22	41528800	41529000	U	U	U	U
chr22	41529400	41529600	U	U	U	U
chr22	41530600	41530800	U	U	U	U
chr22	41532000	41532200	U	U	U	U
chr22	41532400	41532600	U	U	U	U
chr22	41542400	41542600	U	U	U	U
chr22	41555200	41555400	U	U	U	U
chr22	41555600	41555800	U	U	U	U
chr22	41557200	41557400	U	U	U	U
chr22	41561800	41562000	U	U	U	U
chr22	41562600	41562800	U	U	U	U
chr22	41573600	41573800	U	U	U	U
chr22	41576200	41576400	U	U	U	U
chr22	41579400	41579600	U	U	U	U
chr22	41588800	41589000	U	U	U	U
chr22	41589600	41589800	B	U	U	U
chr22	41598200	41598400	B	U	U	U
chr22	41598400	41598600	B	U	U	U
chr22	41599200	41599400	U	U	U	U
chr22	41602600	41602800	U	U	U	U
chr22	41603000	41603200	U	U	U	U
chr22	41603400	41603600	U	U	U	U
chr22	41605200	41605400	U	U	U	U
chr22	41607200	41607400	U	U	U	U
chr22	41616600	41616800	U	U	U	U
chr22	41621000	41621200	B	U	U	U
chr22	41621200	41621400	B	U	U	U
chr22	41636400	41636600	U	U	U	U
chr22	41640600	41640800	U	U	U	U
chr22	41642800	41643000	U	U	U	U
chr22	41650800	41651000	U	U	U	U
chr22	41657200	41657400	U	U	U	U
chr22	41661200	41661400	U	U	U	U
chr22	41674000	41674200	U	U	U	U
chr22	41674200	41674400	U	U	U	U
chr22	41674600	41674800	U	U	U	U
chr22	41674800	41675000	U	U	U	U
chr22	41678600	41678800	U	U	U	U
chr22	41687400	41687600	U	U	U	U
chr22	41695200	41695400	U	U	U	U
chr22	41695400	41695600	U	U	U	U
chr22	41696200	41696400	U	U	U	U
chr22	41697800	41698000	B	U	U	U
chr22	41708400	41708600	U	U	U	U
chr22	41709000	41709200	U	U	U	U
chr22	41724000	41724200	U	U	U	U
chr22	41730600	41730800	U	U	U	U
chr22	41739600	41739800	U	U	U	U
chr22	41743600	41743800	U	U	U	U
chr22	41745000	41745200	U	U	U	U
chr22	41751200	41751400	U	U	U	U
chr22	41767000	41767200	U	U	U	U
chr22	41774000	41774200	U	U	U	U
chr22	41776400	41776600	U	U	U	U
chr22	41789800	41790000	U	U	U	U
chr22	41799000	41799200	U	U	U	U
chr22	41799600	41799800	B	U	U	U
chr22	41800200	41800400	B	U	U	U
chr22	41800600	41800800	B	U	U	U
chr22	41801000	41801200	B	U	U	U
chr22	41811000	41811200	U	U	U	U
chr22	41828000	41828200	U	U	U	U
chr22	41829200	41829400	U	U	U	U
chr22	41832600	41832800	B	U	B	U
chr22	41839400	41839600	U	U	U	U
chr22	41841200	41841400	U	U	U	U
chr22	41844600	41844800	U	U	U	U
chr22	41846800	41847000	U	U	U	U
chr22	41847000	41847200	U	U	U	U
chr22	41853200	41853400	U	U	U	U
chr22	41858000	41858200	U	U	U	U
chr22	41862600	41862800	U	U	U	U
chr22	41867200	41867400	U	U	U	U
chr22	41868800	41869000	U	U	U	U
chr22	41870800	41871000	U	U	U	U
chr22	41874200	41874400	U	U	U	U
chr22	41875800	41876000	U	U	U	U
chr22	41877800	41878000	U	U	U	U
chr22	41879200	41879400	U	U	U	U
chr22	41883400	41883600	U	U	U	U
chr22	41885000	41885200	U	U	U	U
chr22	41894600	41894800	U	U	U	U
chr22	41894800	41895000	U	U	U	U
chr22	41897000	41897200	U	U	U	U
chr22	41900800	41901000	B	U	U	U
chr22	41905000	41905200	U	U	U	U
chr22	41911000	41911200	U	U	U	U
chr22	41911200	41911400	U	U	U	U
chr22	41912600	41912800	U	U	U	U
chr22	41912800	41913000	U	U	U	U
chr22	41913200	41913400	U	U	U	U
chr22	41914000	41914200	U	U	U	U
chr22	41919400	41919600	B	U	U	U
chr22	41920200	41920400	U	U	U	U
chr22	41923600	41923800	U	U	U	U
chr22	41923800	41924000	U	U	U	U
chr22	41927800	41928000	U	U	U	U
chr22	41932200	41932400	U	U	U	U
chr22	41932600	41932800	U	U	U	U
chr22	41933600	41933800	U	U	U	U
chr22	41934200	41934400	U	U	U	U
chr22	41934400	41934600	U	U	U	U
chr22	41935400	41935600	U	U	U	U
chr22	41942000	41942200	U	U	U	U
chr22	41946400	41946600	B	U	U	U
chr22	41958200	41958400	B	U	U	U
chr22	41960000	41960200	B	U	U	U
chr22	41962000	41962200	U	U	U	U
chr22	41969800	41970000	U	U	U	U
chr22	41978000	41978200	U	U	U	U
chr22	41980800	41981000	U	U	U	U
chr22	41981800	41982000	U	U	U	U
chr22	41985800	41986000	U	U	U	U
chr22	41986000	41986200	U	U	U	U
chr22	41987200	41987400	U	U	U	U
chr22	41988400	41988600	U	U	U	U
chr22	41989800	41990000	U	U	U	U
chr22	41991600	41991800	U	U	U	U
chr22	41994200	41994400	U	U	U	U
chr22	41994400	41994600	U	U	U	U
chr22	41995200	41995400	U	U	U	U
chr22	41996000	41996200	U	U	U	U
chr22	41997400	41997600	U	U	U	U
chr22	41998200	41998400	U	U	U	U
chr22	41998800	41999000	B	U	U	U
chr22	42000200	42000400	U	U	U	U
chr22	42019800	42020000	U	U	U	U
chr22	42027200	42027400	U	U	U	U
chr22	42030800	42031000	U	U	U	U
chr22	42046600	42046800	U	U	U	U
chr22	42058800	42059000	U	U	U	U
chr22	42059400	42059600	U	U	U	U
chr22	42060400	42060600	U	U	U	U
chr22	42060800	42061000	U	U	U	U
chr22	42065200	42065400	U	U	U	U
chr22	42066000	42066200	U	U	U	U
chr22	42066400	42066600	U	U	U	U
chr22	42068000	42068200	U	U	U	U
chr22	42068600	42068800	U	U	U	U
chr22	42074000	42074200	U	U	U	U
chr22	42076800	42077000	U	U	U	U
chr22	42079800	42080000	B	U	U	U
chr22	42080000	42080200	B	U	U	U
chr22	42080800	42081000	U	U	U	U
chr22	42085600	42085800	U	U	U	U
chr22	42088800	42089000	U	U	U	U
chr22	42091200	42091400	B	U	U	U
chr22	42108200	42108400	U	U	U	U
chr22	42124000	42124200	U	U	U	U
chr22	42125800	42126000	U	U	U	U
chr22	42126200	42126400	U	U	U	U
chr22	42127000	42127200	U	U	U	U
chr22	42129800	42130000	U	U	U	U
chr22	42130000	42130200	U	U	U	U
chr22	42131000	42131200	U	U	U	U
chr22	42142000	42142200	U	U	U	U
chr22	42142400	42142600	U	U	U	U
chr22	42142800	42143000	U	U	U	U
chr22	42143800	42144000	U	U	U	U
chr22	42144000	42144200	U	U	U	U
chr22	42151200	42151400	U	U	U	U
chr22	42151600	42151800	U	U	U	U
chr22	42157000	42157200	U	U	U	U
chr22	42159600	42159800	U	U	U	U
chr22	42162600	42162800	U	U	U	U
chr22	42163800	42164000	U	U	U	U
chr22	42167200	42167400	U	U	U	U
chr22	42168600	42168800	U	U	U	U
chr22	42169400	42169600	B	U	U	U
chr22	42169600	42169800	U	U	U	U
chr22	42172000	42172200	U	U	U	U
chr22	42172600	42172800	U	U	U	U
chr22	42179800	42180000	U	U	U	U
chr22	42180000	42180200	U	U	U	U
chr22	42185400	42185600	U	U	U	U
chr22	42185600	42185800	U	U	U	U
chr22	42186600	42186800	U	U	U	U
chr22	42187000	42187200	U	U	U	U
chr22	42187400	42187600	U	U	U	U
chr22	42192000	42192200	U	U	U	U
chr22	42192400	42192600	U	U	U	U
chr22	42193000	42193200	U	U	U	U
chr22	42194400	42194600	U	U	U	U
chr22	42196800	42197000	U	U	U	U
chr22	42197000	42197200	U	U	U	U
chr22	42202600	42202800	U	U	U	U
chr22	42203600	42203800	U	U	U	U
chr22	42205000	42205200	U	U	U	U
chr22	42206600	42206800	U	U	U	U
chr22	42209400	42209600	U	U	U	U
chr22	42211200	42211400	U	U	U	U
chr22	42211600	42211800	U	U	U	U
chr22	42212000	42212200	U	U	U	U
chr22	42212200	42212400	U	U	U	U
chr22	42214000	42214200	U	U	U	U
chr22	42216400	42216600	U	U	U	U
chr22	42229800	42230000	U	U	U	U
chr22	42234000	42234200	U	U	U	U
chr22	42234600	42234800	U	U	U	U
chr22	42235200	42235400	U	U	U	U
chr22	42236400	42236600	U	U	U	U
chr22	42253000	42253200	U	U	U	U
chr22	42258200	42258400	U	U	U	U
chr22	42263600	42263800	U	U	U	U
chr22	42264400	42264600	U	U	U	U
chr22	42265800	42266000	U	U	U	U
chr22	42268600	42268800	U	U	U	U
chr22	42268800	42269000	U	U	U	U
chr22	42270400	42270600	B	U	U	U
chr22	42271400	42271600	U	U	U	U
chr22	42272400	42272600	U	U	U	U
chr22	42274400	42274600	U	U	U	U
chr22	42279000	42279200	U	U	U	U
chr22	42282400	42282600	U	U	U	U
chr22	42290400	42290600	U	U	U	U
chr22	42292200	42292400	U	U	U	U
chr22	42294400	42294600	B	U	B	U
chr22	42296600	42296800	U	U	U	U
chr22	42298400	42298600	U	U	U	U
chr22	42302200	42302400	U	U	U	U
chr22	42304800	42305000	U	U	U	U
chr22	42306000	42306200	U	U	U	U
chr22	42309000	42309200	U	U	U	U
chr22	42315000	42315200	U	U	U	U
chr22	42322400	42322600	U	U	U	U
chr22	42329800	42330000	U	U	U	U
chr22	42331000	42331200	U	U	U	U
chr22	42335000	42335200	U	U	U	U
chr22	42336200	42336400	U	U	U	U
chr22	42342200	42342400	U	U	U	U
chr22	42344400	42344600	U	U	U	U
chr22	42345000	42345200	U	U	U	U
chr22	42345200	42345400	U	U	U	U
chr22	42355600	42355800	U	U	U	U
chr22	42365600	42365800	U	U	U	U
chr22	42373200	42373400	U	U	U	U
chr22	42381000	42381200	U	U	U	U
chr22	42381200	42381400	U	U	U	U
chr22	42383600	42383800	U	U	U	U
chr22	42384600	42384800	U	U	U	U
chr22	42385800	42386000	U	U	U	U
chr22	42388400	42388600	U	U	U	U
chr22	42399600	42399800	B	U	U	U
chr22	42413000	42413200	B	U	U	U
chr22	42414600	42414800	U	U	U	U
chr22	42416400	42416600	U	U	U	U
chr22	42419000	42419200	U	U	U	U
chr22	42419600	42419800	U	U	U	U
chr22	42425600	42425800	U	U	U	U
chr22	42426000	42426200	U	U	U	U
chr22	42426800	42427000	U	U	U	U
chr22	42428000	42428200	U	U	U	U
chr22	42430600	42430800	U	U	U	U
chr22	42433800	42434000	U	U	U	U
chr22	42434600	42434800	U	U	U	U
chr22	42434800	42435000	U	U	U	U
chr22	42436400	42436600	U	U	U	U
chr22	42440000	42440200	U	U	U	U
chr22	42460200	42460400	U	U	U	U
chr22	42461200	42461400	U	U	U	U
chr22	42469200	42469400	U	U	U	U
chr22	42483400	42483600	U	U	U	U
chr22	42500800	42501000	B	U	U	U
chr22	42501800	42502000	U	U	U	U
chr22	42503200	42503400	U	U	U	U
chr22	42504400	42504600	U	U	U	U
chr22	42505000	42505200	U	U	U	U
chr22	42510800	42511000	U	U	U	U
chr22	42515200	42515400	U	U	U	U
chr22	42515800	42516000	U	U	U	U
chr22	42516000	42516200	U	U	U	U
chr22	42521200	42521400	U	U	U	U
chr22	42528400	42528600	U	U	U	U
chr22	42535400	42535600	U	U	U	U
chr22	42536200	42536400	U	U	U	U
chr22	42550400	42550600	U	U	U	U
chr22	42553800	42554000	B	U	U	U
chr22	42555000	42555200	U	U	U	U
chr22	42555600	42555800	B	U	U	U
chr22	42555800	42556000	B	U	U	U
chr22	42556800	42557000	U	U	U	U
chr22	42558400	42558600	U	U	U	U
chr22	42566000	42566200	U	U	U	U
chr22	42569600	42569800	U	U	U	U
chr22	42572200	42572400	U	U	U	U
chr22	42572400	42572600	U	U	U	U
chr22	42573000	42573200	U	U	U	U
chr22	42574600	42574800	U	U	U	U
chr22	42574800	42575000	U	U	U	U
chr22	42575600	42575800	U	U	U	U
chr22	42576200	42576400	U	U	U	U
chr22	42576600	42576800	U	U	U	U
chr22	42576800	42577000	U	U	U	U
chr22	42581800	42582000	B	U	U	U
chr22	42583800	42584000	U	U	U	U
chr22	42584600	42584800	U	U	U	U
chr22	42584800	42585000	U	U	U	U
chr22	42585600	42585800	U	U	U	U
chr22	42592200	42592400	U	U	U	U
chr22	42596200	42596400	U	U	U	U
chr22	42597000	42597200	U	U	U	U
chr22	42602800	42603000	U	U	U	U
chr22	42603000	42603200	U	U	U	U
chr22	42604000	42604200	U	U	U	U
chr22	42605600	42605800	U	U	U	U
chr22	42608800	42609000	U	U	U	U
chr22	42610400	42610600	U	U	U	U
chr22	42618800	42619000	U	U	U	U
chr22	42619000	42619200	U	U	U	U
chr22	42619200	42619400	U	U	U	U
chr22	42624000	42624200	U	U	U	U
chr22	42627000	42627200	U	U	U	U
chr22	42627400	42627600	U	U	U	U
chr22	42628200	42628400	U	U	U	U
chr22	42642800	42643000	U	U	U	U
chr22	42648800	42649000	B	U	U	U
chr22	42653000	42653200	U	U	U	U
chr22	42674000	42674200	U	U	U	U
chr22	42680400	42680600	U	U	U	U
chr22	42688400	42688600	B	U	U	U
chr22	42688600	42688800	B	U	U	U
chr22	42692400	42692600	U	U	U	U
chr22	42692600	42692800	U	U	U	U
chr22	42700400	42700600	U	U	U	U
chr22	42700800	42701000	U	U	U	U
chr22	42716800	42717000	U	U	U	U
chr22	42717800	42718000	U	U	U	U
chr22	42725600	42725800	U	U	U	U
chr22	42732200	42732400	U	U	U	U
chr22	42734400	42734600	U	U	U	U
chr22	42759200	42759400	U	U	U	U
chr22	42765000	42765200	U	U	U	U
chr22	42765600	42765800	U	U	U	U
chr22	42776600	42776800	U	U	U	U
chr22	42776800	42777000	U	U	U	U
chr22	42785000	42785200	U	U	U	U
chr22	42785600	42785800	U	U	U	U
chr22	42786400	42786600	U	U	U	U
chr22	42786800	42787000	U	U	U	U
chr22	42787400	42787600	U	U	U	U
chr22	42788400	42788600	U	U	U	U
chr22	42790800	42791000	U	U	U	U
chr22	42792600	42792800	U	U	U	U
chr22	42793600	42793800	U	U	U	U
chr22	42793800	42794000	U	U	U	U
chr22	42797200	42797400	U	U	U	U
chr22	42799000	42799200	U	U	U	U
chr22	42800600	42800800	U	U	U	U
chr22	42801600	42801800	U	U	U	U
chr22	42807200	42807400	U	U	U	U
chr22	42813400	42813600	U	U	U	U
chr22	42814400	42814600	U	U	U	U
chr22	42815200	42815400	U	U	U	U
chr22	42816600	42816800	U	U	U	U
chr22	42817000	42817200	U	U	U	U
chr22	42817400	42817600	U	U	U	U
chr22	42819800	42820000	U	U	U	U
chr22	42823800	42824000	U	U	U	U
chr22	42826800	42827000	U	U	U	U
chr22	42841400	42841600	U	U	U	U
chr22	42846600	42846800	U	U	U	U
chr22	42856600	42856800	B	U	U	U
chr22	42857000	42857200	B	U	B	U
chr22	42862200	42862400	U	U	U	U
chr22	42866200	42866400	U	U	U	U
chr22	42869600	42869800	U	U	U	U
chr22	42870200	42870400	U	U	U	U
chr22	42870400	42870600	U	U	U	U
chr22	42871200	42871400	U	U	U	U
chr22	42872200	42872400	U	U	U	U
chr22	42873400	42873600	U	U	U	U
chr22	42874600	42874800	U	U	U	U
chr22	42876200	42876400	U	U	U	U
chr22	42876400	42876600	U	U	U	U
chr22	42877000	42877200	U	U	U	U
chr22	42877200	42877400	U	U	U	U
chr22	42879800	42880000	U	U	U	U
chr22	42881800	42882000	U	U	U	U
chr22	42885400	42885600	U	U	U	U
chr22	42885800	42886000	U	U	U	U
chr22	42888600	42888800	U	U	U	U
chr22	42891800	42892000	U	U	U	U
chr22	42893600	42893800	U	U	U	U
chr22	42895000	42895200	U	U	U	U
chr22	42898800	42899000	U	U	U	U
chr22	42901200	42901400	U	U	U	U
chr22	42901400	42901600	U	U	U	U
chr22	42903400	42903600	U	U	U	U
chr22	42904400	42904600	U	U	U	U
chr22	42906600	42906800	U	U	U	U
chr22	42908000	42908200	U	U	U	U
chr22	42908400	42908600	U	U	U	U
chr22	42909200	42909400	U	U	U	U
chr22	42909400	42909600	U	U	U	U
chr22	42909600	42909800	U	U	U	U
chr22	42912000	42912200	U	U	U	U
chr22	42914000	42914200	U	U	U	U
chr22	42916600	42916800	U	U	U	U
chr22	42926200	42926400	U	U	U	U
chr22	42927000	42927200	U	U	U	U
chr22	42928400	42928600	U	U	U	U
chr22	42929200	42929400	U	U	U	U
chr22	42930400	42930600	U	U	U	U
chr22	42937800	42938000	B	U	U	U
chr22	42938200	42938400	U	U	U	U
chr22	42938800	42939000	U	U	U	U
chr22	42947400	42947600	U	U	U	U
chr22	42955400	42955600	U	U	U	U
chr22	42958400	42958600	U	U	U	U
chr22	42958800	42959000	U	U	U	U
chr22	42960000	42960200	B	U	U	B
chr22	42961000	42961200	U	U	B	U
chr22	42964800	42965000	U	U	U	U
chr22	42973400	42973600	U	U	U	U
chr22	42974200	42974400	U	U	U	U
chr22	42975000	42975200	U	U	U	U
chr22	42978600	42978800	U	U	U	U
chr22	42986200	42986400	U	U	U	U
chr22	42995200	42995400	U	U	U	U
chr22	43011200	43011400	U	U	U	U
chr22	43013800	43014000	U	U	U	U
chr22	43014000	43014200	U	U	U	U
chr22	43014400	43014600	U	U	U	U
chr22	43018200	43018400	U	U	U	U
chr22	43020200	43020400	U	U	U	U
chr22	43020400	43020600	U	U	U	U
chr22	43023200	43023400	U	U	U	U
chr22	43028200	43028400	U	U	U	U
chr22	43028400	43028600	U	U	U	U
chr22	43037600	43037800	U	U	U	U
chr22	43040800	43041000	U	U	U	U
chr22	43051600	43051800	U	U	U	U
chr22	43052200	43052400	U	U	U	U
chr22	43058400	43058600	U	U	U	U
chr22	43069800	43070000	U	U	U	U
chr22	43111600	43111800	U	U	U	U
chr22	43113600	43113800	U	U	U	U
chr22	43122600	43122800	U	U	U	U
chr22	43127000	43127200	U	U	U	U
chr22	43127400	43127600	U	U	U	U
chr22	43127600	43127800	U	U	U	U
chr22	43127800	43128000	U	U	U	U
chr22	43128000	43128200	U	U	U	U
chr22	43128800	43129000	U	U	U	U
chr22	43129000	43129200	B	U	U	U
chr22	43129400	43129600	B	U	U	U
chr22	43132400	43132600	U	U	U	U
chr22	43132800	43133000	U	U	U	U
chr22	43141200	43141400	U	U	U	U
chr22	43143200	43143400	B	U	U	U
chr22	43152400	43152600	B	U	U	U
chr22	43154800	43155000	U	U	U	U
chr22	43155600	43155800	U	U	U	U
chr22	43155800	43156000	U	U	U	U
chr22	43157000	43157200	U	U	U	U
chr22	43163200	43163400	U	U	U	U
chr22	43163400	43163600	B	U	U	U
chr22	43164800	43165000	B	U	U	U
chr22	43167400	43167600	B	U	U	U
chr22	43167800	43168000	U	U	U	U
chr22	43168400	43168600	U	U	U	U
chr22	43169400	43169600	U	U	U	U
chr22	43170000	43170200	U	U	U	U
chr22	43170200	43170400	U	U	U	U
chr22	43174400	43174600	U	U	U	U
chr22	43175200	43175400	U	U	U	U
chr22	43182600	43182800	U	U	U	U
chr22	43185400	43185600	U	U	U	U
chr22	43186200	43186400	U	U	U	U
chr22	43199200	43199400	U	U	U	U
chr22	43199800	43200000	U	U	U	U
chr22	43200400	43200600	U	U	U	U
chr22	43203000	43203200	U	U	U	U
chr22	43207000	43207200	U	U	U	U
chr22	43207400	43207600	U	U	U	U
chr22	43209400	43209600	U	U	U	U
chr22	43210200	43210400	U	U	U	U
chr22	43210600	43210800	U	U	U	U
chr22	43210800	43211000	U	U	U	U
chr22	43211000	43211200	U	U	U	U
chr22	43213400	43213600	B	U	U	U
chr22	43214200	43214400	U	U	U	U
chr22	43220000	43220200	U	U	U	U
chr22	43220400	43220600	U	U	U	U
chr22	43221200	43221400	U	U	U	U
chr22	43221400	43221600	U	U	U	U
chr22	43222200	43222400	B	U	U	U
chr22	43224600	43224800	U	U	U	U
chr22	43224800	43225000	U	U	U	U
chr22	43227000	43227200	U	U	U	U
chr22	43227800	43228000	U	U	U	U
chr22	43233600	43233800	U	U	U	U
chr22	43234600	43234800	U	U	U	U
chr22	43235400	43235600	U	U	U	U
chr22	43236000	43236200	U	U	U	U
chr22	43240000	43240200	U	U	U	U
chr22	43245800	43246000	U	U	U	U
chr22	43248200	43248400	U	U	U	U
chr22	43253200	43253400	U	U	U	U
chr22	43256400	43256600	U	U	U	U
chr22	43260800	43261000	U	U	U	U
chr22	43261400	43261600	U	U	U	U
chr22	43261600	43261800	U	U	U	U
chr22	43263000	43263200	U	U	U	U
chr22	43263400	43263600	U	U	U	U
chr22	43269400	43269600	U	U	U	U
chr22	43273200	43273400	U	U	U	U
chr22	43275000	43275200	U	U	U	U
chr22	43276000	43276200	U	U	U	U
chr22	43277800	43278000	U	U	U	U
chr22	43278200	43278400	U	U	U	U
chr22	43278400	43278600	U	U	U	U
chr22	43279800	43280000	U	U	U	U
chr22	43281800	43282000	U	U	U	U
chr22	43284000	43284200	U	U	U	U
chr22	43285800	43286000	U	U	U	U
chr22	43288000	43288200	U	U	U	U
chr22	43289400	43289600	U	U	U	U
chr22	43290400	43290600	U	U	U	U
chr22	43292200	43292400	U	U	U	U
chr22	43293000	43293200	U	U	U	U
chr22	43296600	43296800	U	U	U	U
chr22	43302000	43302200	U	U	U	U
chr22	43303000	43303200	U	U	U	U
chr22	43303600	43303800	U	U	U	U
chr22	43308400	43308600	U	U	U	U
chr22	43311800	43312000	U	U	U	U
chr22	43314000	43314200	U	U	U	U
chr22	43320000	43320200	U	U	U	U
chr22	43329800	43330000	U	U	U	U
chr22	43333400	43333600	U	U	U	U
chr22	43334000	43334200	U	U	U	U
chr22	43334200	43334400	U	U	U	U
chr22	43335200	43335400	U	U	U	U
chr22	43340800	43341000	U	U	U	U
chr22	43341400	43341600	U	U	U	U
chr22	43342000	43342200	U	U	U	U
chr22	43342600	43342800	U	U	U	U
chr22	43343200	43343400	B	U	U	U
chr22	43343400	43343600	B	U	U	U
chr22	43344000	43344200	U	U	U	U
chr22	43349800	43350000	U	U	U	U
chr22	43367600	43367800	U	U	U	U
chr22	43377400	43377600	U	U	U	U
chr22	43391600	43391800	U	U	U	U
chr22	43393400	43393600	U	U	U	U
chr22	43395400	43395600	U	U	U	U
chr22	43398400	43398600	U	U	U	U
chr22	43399200	43399400	B	U	B	U
chr22	43400400	43400600	U	U	U	U
chr22	43407200	43407400	U	U	B	U
chr22	43410000	43410200	U	U	U	U
chr22	43413200	43413400	U	U	U	U
chr22	43413800	43414000	U	U	U	U
chr22	43414800	43415000	U	U	U	U
chr22	43415600	43415800	U	U	U	U
chr22	43417000	43417200	U	U	U	U
chr22	43417200	43417400	U	U	U	U
chr22	43417800	43418000	U	U	U	U
chr22	43418800	43419000	U	U	U	U
chr22	43421200	43421400	U	U	U	U
chr22	43423400	43423600	U	U	U	U
chr22	43426800	43427000	U	U	U	U
chr22	43427000	43427200	U	U	U	U
chr22	43431800	43432000	U	U	U	U
chr22	43434000	43434200	U	U	U	U
chr22	43435000	43435200	U	U	U	U
chr22	43436000	43436200	U	U	U	U
chr22	43436400	43436600	U	U	U	U
chr22	43438600	43438800	U	U	U	U
chr22	43440800	43441000	U	U	U	U
chr22	43442200	43442400	U	U	U	U
chr22	43451800	43452000	U	U	U	U
chr22	43452400	43452600	U	U	U	U
chr22	43464400	43464600	U	U	U	U
chr22	43469000	43469200	U	U	U	U
chr22	43469200	43469400	U	U	U	U
chr22	43478800	43479000	U	U	U	U
chr22	43479200	43479400	U	U	U	U
chr22	43484600	43484800	U	U	U	U
chr22	43486400	43486600	U	U	U	U
chr22	43486800	43487000	U	U	U	U
chr22	43502800	43503000	U	U	U	U
chr22	43503400	43503600	U	U	U	U
chr22	43503800	43504000	U	U	U	U
chr22	43505600	43505800	U	U	U	U
chr22	43530000	43530200	U	U	U	U
chr22	43537400	43537600	U	U	U	U
chr22	43540200	43540400	U	U	U	U
chr22	43540800	43541000	U	U	U	U
chr22	43545400	43545600	U	U	U	U
chr22	43552800	43553000	U	U	U	U
chr22	43555400	43555600	U	U	U	U
chr22	43561800	43562000	U	U	U	U
chr22	43562200	43562400	U	U	U	U
chr22	43563000	43563200	U	U	U	U
chr22	43566200	43566400	U	U	U	U
chr22	43568000	43568200	U	U	U	U
chr22	43568200	43568400	U	U	U	U
chr22	43568600	43568800	U	U	U	U
chr22	43569000	43569200	U	U	U	U
chr22	43569200	43569400	U	U	U	U
chr22	43569800	43570000	U	U	U	U
chr22	43576000	43576200	U	U	U	U
chr22	43577200	43577400	U	U	U	U
chr22	43581000	43581200	U	U	U	U
chr22	43581400	43581600	U	U	U	U
chr22	43581800	43582000	U	U	U	U
chr22	43590800	43591000	U	U	U	U
chr22	43592000	43592200	U	U	U	U
chr22	43599800	43600000	U	U	U	U
chr22	43604800	43605000	U	U	U	U
chr22	43607600	43607800	U	U	U	U
chr22	43626600	43626800	U	U	U	U
chr22	43629000	43629200	U	U	U	U
chr22	43634800	43635000	U	U	U	U
chr22	43635400	43635600	U	U	U	U
chr22	43637800	43638000	U	U	U	U
chr22	43642600	43642800	U	U	U	U
chr22	43644800	43645000	U	U	U	U
chr22	43645600	43645800	U	U	U	U
chr22	43646000	43646200	U	U	U	U
chr22	43659000	43659200	U	U	U	U
chr22	43660000	43660200	U	U	U	U
chr22	43662400	43662600	U	U	U	U
chr22	43662600	43662800	U	U	U	U
chr22	43664000	43664200	U	U	U	U
chr22	43665400	43665600	U	U	U	U
chr22	43666400	43666600	U	U	U	U
chr22	43667000	43667200	U	U	U	U
chr22	43667600	43667800	U	U	U	U
chr22	43677800	43678000	U	U	U	U
chr22	43691000	43691200	U	U	U	U
chr22	43697800	43698000	U	U	U	U
chr22	43698800	43699000	U	U	U	U
chr22	43701800	43702000	U	U	U	U
chr22	43708800	43709000	U	U	U	U
chr22	43712200	43712400	U	U	U	U
chr22	43712400	43712600	U	U	U	U
chr22	43712600	43712800	U	U	U	U
chr22	43715800	43716000	U	U	U	U
chr22	43730800	43731000	U	U	U	U
chr22	43731000	43731200	U	U	U	U
chr22	43732000	43732200	U	U	U	U
chr22	43734800	43735000	U	U	U	U
chr22	43735000	43735200	U	U	U	U
chr22	43740400	43740600	U	U	U	U
chr22	43740600	43740800	U	U	U	U
chr22	43740800	43741000	U	U	U	U
chr22	43741800	43742000	U	U	U	U
chr22	43746000	43746200	U	U	U	U
chr22	43748200	43748400	U	U	U	U
chr22	43748400	43748600	U	U	U	U
chr22	43750400	43750600	U	U	U	U
chr22	43751400	43751600	U	U	U	U
chr22	43754600	43754800	U	U	U	U
chr22	43755200	43755400	U	U	U	U
chr22	43759600	43759800	U	U	U	U
chr22	43764800	43765000	U	U	U	U
chr22	43765200	43765400	U	U	U	U
chr22	43767200	43767400	U	U	U	U
chr22	43767800	43768000	U	U	U	U
chr22	43768400	43768600	U	U	U	U
chr22	43778400	43778600	U	U	U	U
chr22	43780600	43780800	U	U	U	U
chr22	43790000	43790200	U	U	U	U
chr22	43792800	43793000	U	U	U	U
chr22	43797200	43797400	U	U	U	U
chr22	43797400	43797600	U	U	U	U
chr22	43802600	43802800	U	U	U	U
chr22	43803000	43803200	U	U	U	U
chr22	43816800	43817000	U	U	U	U
chr22	43817400	43817600	U	U	U	U
chr22	43819600	43819800	U	U	U	U
chr22	43820200	43820400	U	U	U	U
chr22	43820600	43820800	U	U	U	U
chr22	43824400	43824600	U	U	U	U
chr22	43824800	43825000	U	U	U	U
chr22	43831000	43831200	U	U	U	U
chr22	43833600	43833800	U	U	U	U
chr22	43833800	43834000	U	U	U	U
chr22	43837600	43837800	U	U	U	U
chr22	43841600	43841800	U	U	U	U
chr22	43844600	43844800	U	U	U	U
chr22	43845200	43845400	U	U	U	U
chr22	43846800	43847000	U	U	U	U
chr22	43847000	43847200	U	U	U	U
chr22	43849000	43849200	U	U	U	U
chr22	43852600	43852800	U	U	U	U
chr22	43854400	43854600	U	U	U	U
chr22	43854600	43854800	U	U	U	U
chr22	43855400	43855600	U	U	U	U
chr22	43856200	43856400	U	U	U	U
chr22	43861000	43861200	U	U	U	U
chr22	43881600	43881800	U	U	U	U
chr22	43884000	43884200	U	U	U	U
chr22	43884200	43884400	U	U	U	U
chr22	43893200	43893400	U	U	U	U
chr22	43893400	43893600	U	U	U	U
chr22	43893600	43893800	U	U	U	U
chr22	43897600	43897800	U	U	U	U
chr22	43908800	43909000	U	U	U	U
chr22	43909000	43909200	U	U	U	U
chr22	43918000	43918200	U	U	U	U
chr22	43923200	43923400	B	U	U	U
chr22	43924000	43924200	B	U	U	U
chr22	43926000	43926200	U	U	U	U
chr22	43930600	43930800	U	U	U	U
chr22	43933000	43933200	U	U	U	U
chr22	43933800	43934000	U	U	U	U
chr22	43944200	43944400	U	U	U	U
chr22	43949000	43949200	U	U	U	U
chr22	43968400	43968600	U	U	U	U
chr22	43971400	43971600	U	U	U	U
chr22	43972200	43972400	U	U	U	U
chr22	43974600	43974800	U	U	U	U
chr22	43974800	43975000	U	U	U	U
chr22	43975800	43976000	U	U	U	U
chr22	43976000	43976200	U	U	U	U
chr22	43981400	43981600	U	U	U	U
chr22	43983800	43984000	U	U	U	U
chr22	43988600	43988800	U	U	U	U
chr22	43990200	43990400	U	U	U	U
chr22	43994800	43995000	U	U	U	U
chr22	43995200	43995400	U	U	U	U
chr22	43995800	43996000	U	U	U	U
chr22	44002400	44002600	U	U	U	U
chr22	44002800	44003000	U	U	U	U
chr22	44007200	44007400	U	U	U	U
chr22	44007400	44007600	U	U	U	U
chr22	44012600	44012800	U	U	U	U
chr22	44017400	44017600	U	U	U	U
chr22	44024400	44024600	B	U	U	U
chr22	44024600	44024800	B	U	U	U
chr22	44025800	44026000	B	U	B	U
chr22	44026200	44026400	U	U	B	U
chr22	44026600	44026800	B	U	U	U
chr22	44027400	44027600	U	U	U	U
chr22	44032000	44032200	U	U	U	U
chr22	44049800	44050000	U	U	U	U
chr22	44057600	44057800	U	U	U	U
chr22	44059800	44060000	U	U	U	U
chr22	44063800	44064000	U	U	U	U
chr22	44067400	44067600	U	U	U	U
chr22	44069200	44069400	U	U	U	U
chr22	44070400	44070600	U	U	U	U
chr22	44070600	44070800	U	U	U	U
chr22	44071400	44071600	U	U	U	U
chr22	44074200	44074400	U	U	U	U
chr22	44076800	44077000	U	U	U	U
chr22	44081800	44082000	U	U	U	U
chr22	44084800	44085000	U	U	U	U
chr22	44086600	44086800	U	U	U	U
chr22	44094000	44094200	U	U	U	U
chr22	44095600	44095800	U	U	U	U
chr22	44096800	44097000	U	U	U	U
chr22	44099000	44099200	U	U	U	U
chr22	44099400	44099600	U	U	U	U
chr22	44100400	44100600	U	U	U	U
chr22	44100600	44100800	U	U	U	U
chr22	44106200	44106400	U	U	U	U
chr22	44106400	44106600	U	U	U	U
chr22	44106800	44107000	U	U	U	U
chr22	44117400	44117600	U	U	U	U
chr22	44119000	44119200	U	U	U	U
chr22	44119200	44119400	U	U	U	U
chr22	44124000	44124200	U	U	U	U
chr22	44127000	44127200	U	U	U	U
chr22	44130200	44130400	U	U	U	U
chr22	44132400	44132600	U	U	U	U
chr22	44132800	44133000	U	U	U	U
chr22	44139800	44140000	U	U	U	U
chr22	44140200	44140400	U	U	U	U
chr22	44143800	44144000	U	U	U	U
chr22	44146600	44146800	U	U	U	U
chr22	44147600	44147800	U	U	U	U
chr22	44149400	44149600	U	U	U	U
chr22	44155600	44155800	U	U	U	U
chr22	44159600	44159800	U	U	U	U
chr22	44160000	44160200	U	U	U	U
chr22	44160600	44160800	U	U	U	U
chr22	44163600	44163800	U	U	U	U
chr22	44163800	44164000	U	U	U	U
chr22	44164200	44164400	U	U	U	U
chr22	44165800	44166000	U	U	U	U
chr22	44166800	44167000	U	U	U	U
chr22	44167000	44167200	U	U	U	U
chr22	44173000	44173200	U	U	U	U
chr22	44174000	44174200	U	U	U	U
chr22	44174200	44174400	U	U	U	U
chr22	44192000	44192200	U	U	U	U
chr22	44193600	44193800	U	U	U	U
chr22	44196600	44196800	U	U	U	U
chr22	44201400	44201600	U	U	U	U
chr22	44202800	44203000	U	U	U	U
chr22	44205800	44206000	U	U	U	U
chr22	44207000	44207200	U	U	U	U
chr22	44208000	44208200	U	U	U	U
chr22	44218400	44218600	U	U	U	U
chr22	44221200	44221400	U	U	U	U
chr22	44227000	44227200	U	U	U	U
chr22	44244400	44244600	U	U	U	U
chr22	44244600	44244800	U	U	U	U
chr22	44244800	44245000	U	U	U	U
chr22	44262200	44262400	U	U	U	U
chr22	44262800	44263000	U	U	U	U
chr22	44267400	44267600	U	U	U	U
chr22	44273600	44273800	U	U	U	U
chr22	44275200	44275400	U	U	U	U
chr22	44279400	44279600	U	U	U	U
chr22	44279600	44279800	U	U	U	U
chr22	44282200	44282400	U	U	U	U
chr22	44284000	44284200	U	U	U	U
chr22	44286000	44286200	U	U	U	U
chr22	44286200	44286400	U	U	U	U
chr22	44292200	44292400	U	U	U	U
chr22	44294000	44294200	U	U	U	U
chr22	44296600	44296800	U	U	U	U
chr22	44304400	44304600	U	U	U	U
chr22	44305600	44305800	U	U	U	U
chr22	44307600	44307800	U	U	U	U
chr22	44311000	44311200	U	U	U	U
chr22	44315800	44316000	U	U	U	U
chr22	44321800	44322000	U	U	U	U
chr22	44326600	44326800	U	U	U	U
chr22	44328600	44328800	U	U	U	U
chr22	44329000	44329200	U	U	U	U
chr22	44330800	44331000	U	U	U	U
chr22	44340000	44340200	U	U	U	U
chr22	44340600	44340800	U	U	U	U
chr22	44342600	44342800	U	U	U	U
chr22	44350800	44351000	U	U	U	U
chr22	44352200	44352400	U	U	U	U
chr22	44352800	44353000	U	U	U	U
chr22	44360800	44361000	U	U	U	U
chr22	44363200	44363400	U	U	U	U
chr22	44364200	44364400	U	U	U	U
chr22	44373400	44373600	U	U	U	U
chr22	44384200	44384400	U	U	U	U
chr22	44384600	44384800	U	U	U	U
chr22	44386000	44386200	U	U	U	U
chr22	44386600	44386800	U	U	U	U
chr22	44391000	44391200	U	U	U	U
chr22	44395000	44395200	U	U	U	U
chr22	44399200	44399400	U	U	U	U
chr22	44399400	44399600	U	U	U	U
chr22	44400400	44400600	U	U	U	U
chr22	44404200	44404400	U	U	U	U
chr22	44405600	44405800	U	U	U	U
chr22	44407800	44408000	U	U	U	U
chr22	44409200	44409400	U	U	U	U
chr22	44409800	44410000	U	U	U	U
chr22	44410200	44410400	U	U	U	U
chr22	44410400	44410600	U	U	U	U
chr22	44413200	44413400	U	U	U	U
chr22	44423400	44423600	U	U	U	U
chr22	44437600	44437800	U	U	U	U
chr22	44438600	44438800	U	U	U	U
chr22	44439600	44439800	U	U	U	U
chr22	44440200	44440400	U	U	U	U
chr22	44440400	44440600	U	U	U	U
chr22	44441000	44441200	U	U	U	U
chr22	44441200	44441400	U	U	U	U
chr22	44441400	44441600	U	U	U	U
chr22	44450600	44450800	U	U	U	U
chr22	44452800	44453000	U	U	U	U
chr22	44453600	44453800	U	U	U	U
chr22	44456600	44456800	U	U	U	U
chr22	44458400	44458600	U	U	U	U
chr22	44484800	44485000	U	U	U	U
chr22	44486400	44486600	U	U	U	U
chr22	44486600	44486800	U	U	U	U
chr22	44488000	44488200	U	U	U	U
chr22	44493200	44493400	U	U	U	U
chr22	44494000	44494200	U	U	U	U
chr22	44494200	44494400	U	U	U	U
chr22	44495400	44495600	U	U	U	U
chr22	44495600	44495800	U	U	U	U
chr22	44496400	44496600	U	U	U	U
chr22	44497000	44497200	U	U	U	U
chr22	44522800	44523000	U	U	U	U
chr22	44526600	44526800	U	U	U	U
chr22	44530400	44530600	U	U	U	U
chr22	44535800	44536000	U	U	U	U
chr22	44536600	44536800	U	U	U	U
chr22	44537800	44538000	U	U	U	U
chr22	44540600	44540800	U	U	U	U
chr22	44544000	44544200	U	U	U	U
chr22	44545000	44545200	U	U	U	U
chr22	44547200	44547400	U	U	U	U
chr22	44567200	44567400	U	U	U	U
chr22	44567600	44567800	U	U	U	U
chr22	44567800	44568000	U	U	B	U
chr22	44571000	44571200	U	U	U	U
chr22	44572200	44572400	U	U	U	U
chr22	44576800	44577000	U	U	U	U
chr22	44577400	44577600	U	U	U	U
chr22	44580000	44580200	U	U	U	U
chr22	44580800	44581000	U	U	U	U
chr22	44584600	44584800	U	U	U	U
chr22	44592200	44592400	U	U	U	U
chr22	44592600	44592800	U	U	U	U
chr22	44592800	44593000	U	U	U	U
chr22	44595800	44596000	U	U	U	U
chr22	44597000	44597200	U	U	U	U
chr22	44598600	44598800	U	U	U	U
chr22	44599600	44599800	U	U	U	U
chr22	44607400	44607600	U	U	U	U
chr22	44607800	44608000	U	U	U	U
chr22	44610000	44610200	U	U	U	U
chr22	44616200	44616400	U	U	U	U
chr22	44621800	44622000	U	U	U	U
chr22	44625000	44625200	U	U	U	U
chr22	44627600	44627800	U	U	U	U
chr22	44628200	44628400	U	U	U	U
chr22	44628600	44628800	U	U	U	U
chr22	44636200	44636400	U	U	U	U
chr22	44639000	44639200	U	U	U	U
chr22	44641000	44641200	U	U	U	U
chr22	44645800	44646000	U	U	U	U
chr22	44651800	44652000	U	U	U	U
chr22	44667400	44667600	U	U	U	U
chr22	44667600	44667800	U	U	U	U
chr22	44671200	44671400	U	U	U	U
chr22	44671400	44671600	U	U	U	U
chr22	44672000	44672200	U	U	U	U
chr22	44677000	44677200	B	U	B	U
chr22	44680600	44680800	U	U	U	U
chr22	44682200	44682400	U	U	U	U
chr22	44683400	44683600	U	U	U	U
chr22	44690200	44690400	U	U	U	U
chr22	44691800	44692000	U	U	U	U
chr22	44699200	44699400	U	U	U	U
chr22	44701800	44702000	B	U	U	U
chr22	44704200	44704400	U	U	U	U
chr22	44704600	44704800	U	U	U	U
chr22	44704800	44705000	U	U	U	U
chr22	44707600	44707800	U	U	U	U
chr22	44710600	44710800	B	U	U	U
chr22	44711400	44711600	B	U	U	U
chr22	44712000	44712200	U	U	U	U
chr22	44714800	44715000	U	U	U	U
chr22	44715000	44715200	U	U	U	U
chr22	44728600	44728800	U	U	U	U
chr22	44732000	44732200	U	U	U	U
chr22	44733600	44733800	U	U	U	U
chr22	44735200	44735400	U	U	U	U
chr22	44736800	44737000	U	U	U	U
chr22	44738200	44738400	U	U	U	U
chr22	44740800	44741000	U	U	U	U
chr22	44746200	44746400	U	U	U	U
chr22	44746800	44747000	U	U	U	U
chr22	44752600	44752800	U	U	U	U
chr22	44753800	44754000	U	U	U	U
chr22	44756000	44756200	U	U	U	U
chr22	44759800	44760000	U	U	U	U
chr22	44760200	44760400	U	U	U	U
chr22	44760600	44760800	U	U	U	U
chr22	44764800	44765000	U	U	U	U
chr22	44766200	44766400	U	U	U	U
chr22	44775800	44776000	U	U	U	U
chr22	44777400	44777600	U	U	U	U
chr22	44786400	44786600	U	U	U	U
chr22	44795800	44796000	U	U	U	U
chr22	44799400	44799600	U	U	U	U
chr22	44799600	44799800	U	U	U	U
chr22	44803400	44803600	U	U	U	U
chr22	44811200	44811400	U	U	U	U
chr22	44814800	44815000	U	U	U	U
chr22	44829800	44830000	U	U	U	U
chr22	44848000	44848200	U	U	U	U
chr22	44849200	44849400	U	U	U	U
chr22	44849400	44849600	U	U	U	U
chr22	44860800	44861000	U	U	U	U
chr22	44863800	44864000	U	U	U	U
chr22	44870400	44870600	B	U	U	U
chr22	44871200	44871400	U	U	U	U
chr22	44880800	44881000	U	U	U	U
chr22	44881600	44881800	U	U	U	U
chr22	44881800	44882000	U	U	U	U
chr22	44886000	44886200	U	U	U	U
chr22	44887200	44887400	U	U	U	U
chr22	44888200	44888400	U	U	U	U
chr22	44890200	44890400	U	U	U	U
chr22	44891000	44891200	U	U	U	U
chr22	44891800	44892000	U	U	U	U
chr22	44901200	44901400	U	U	U	U
chr22	44902000	44902200	U	U	U	U
chr22	44907200	44907400	U	U	U	U
chr22	44913000	44913200	U	U	U	U
chr22	44917800	44918000	U	U	U	U
chr22	44920200	44920400	U	U	U	U
chr22	44927000	44927200	U	U	U	U
chr22	44927600	44927800	U	U	U	U
chr22	44928200	44928400	U	U	U	U
chr22	44929800	44930000	U	U	U	U
chr22	44931600	44931800	U	U	U	U
chr22	44932000	44932200	U	U	U	U
chr22	44932200	44932400	U	U	U	U
chr22	44932400	44932600	U	U	U	U
chr22	44932600	44932800	U	U	U	U
chr22	44934600	44934800	U	U	U	U
chr22	44934800	44935000	U	U	U	U
chr22	44940200	44940400	U	U	U	U
chr22	44942600	44942800	U	U	U	U
chr22	44953200	44953400	U	U	U	U
chr22	44954800	44955000	U	U	U	U
chr22	44955000	44955200	U	U	U	U
chr22	44956000	44956200	U	U	U	U
chr22	44956800	44957000	U	U	U	U
chr22	44957200	44957400	U	U	U	U
chr22	44963400	44963600	U	U	U	U
chr22	44965200	44965400	U	U	U	U
chr22	44965600	44965800	U	U	U	U
chr22	44966000	44966200	U	U	U	U
chr22	44966800	44967000	U	U	U	U
chr22	44970200	44970400	U	U	U	U
chr22	44970400	44970600	U	U	U	U
chr22	44971200	44971400	U	U	U	U
chr22	44975200	44975400	U	U	U	U
chr22	44979400	44979600	U	U	U	U
chr22	44980600	44980800	U	U	U	U
chr22	44991400	44991600	U	U	U	U
chr22	44991600	44991800	U	U	U	U
chr22	44992600	44992800	U	U	U	U
chr22	44994800	44995000	U	U	U	U
chr22	45000600	45000800	U	U	U	U
chr22	45001600	45001800	U	U	U	U
chr22	45002000	45002200	U	U	U	U
chr22	45006400	45006600	U	U	U	U
chr22	45007000	45007200	U	U	U	U
chr22	45010200	45010400	U	U	U	U
chr22	45012800	45013000	U	U	U	U
chr22	45024000	45024200	U	U	U	U
chr22	45025600	45025800	U	U	U	U
chr22	45032400	45032600	U	U	U	U
chr22	45036000	45036200	U	U	U	U
chr22	45040600	45040800	U	U	U	U
chr22	45047800	45048000	U	U	U	U
chr22	45048800	45049000	U	U	U	U
chr22	45049000	45049200	U	U	U	U
chr22	45051600	45051800	U	U	U	U
chr22	45052000	45052200	U	U	U	U
chr22	45055400	45055600	U	U	U	U
chr22	45058800	45059000	U	U	U	U
chr22	45065600	45065800	U	U	U	U
chr22	45066600	45066800	U	U	U	U
chr22	45070200	45070400	U	U	U	U
chr22	45077000	45077200	U	U	U	U
chr22	45077200	45077400	U	U	U	U
chr22	45101600	45101800	U	U	U	U
chr22	45103000	45103200	U	U	U	U
chr22	45125000	45125200	U	U	U	U
chr22	45125400	45125600	U	U	U	U
chr22	45158400	45158600	U	U	U	U
chr22	45163800	45164000	B	U	B	U
chr22	45164800	45165000	B	U	U	U
chr22	45166600	45166800	U	U	U	U
chr22	45166800	45167000	U	U	U	U
chr22	45170400	45170600	B	U	U	U
chr22	45172800	45173000	U	U	U	U
chr22	45173000	45173200	U	U	U	U
chr22	45173200	45173400	U	U	U	U
chr22	45174800	45175000	U	U	U	U
chr22	45178200	45178400	U	U	U	U
chr22	45178600	45178800	U	U	U	U
chr22	45180000	45180200	U	U	U	U
chr22	45183600	45183800	U	U	U	U
chr22	45183800	45184000	U	U	U	U
chr22	45185000	45185200	U	U	U	U
chr22	45186400	45186600	U	U	U	U
chr22	45186600	45186800	U	U	U	U
chr22	45190600	45190800	U	U	U	U
chr22	45195200	45195400	U	U	U	U
chr22	45196200	45196400	U	U	U	U
chr22	45196400	45196600	U	U	U	U
chr22	45197200	45197400	U	U	U	U
chr22	45197400	45197600	U	U	U	U
chr22	45198000	45198200	U	U	U	U
chr22	45199400	45199600	U	U	U	U
chr22	45204000	45204200	U	U	U	U
chr22	45205800	45206000	U	U	U	U
chr22	45207800	45208000	U	U	U	U
chr22	45209000	45209200	B	U	B	U
chr22	45209600	45209800	B	U	U	U
chr22	45213000	45213200	U	U	U	U
chr22	45228000	45228200	U	U	U	U
chr22	45229600	45229800	U	U	U	U
chr22	45232400	45232600	U	U	U	U
chr22	45232800	45233000	U	U	U	U
chr22	45233400	45233600	U	U	U	U
chr22	45234200	45234400	U	U	U	U
chr22	45239800	45240000	U	U	U	U
chr22	45240200	45240400	B	U	U	U
chr22	45241200	45241400	B	U	U	U
chr22	45255800	45256000	U	U	U	U
chr22	45260000	45260200	U	U	U	U
chr22	45272600	45272800	U	U	U	U
chr22	45284200	45284400	U	U	U	U
chr22	45284800	45285000	U	U	U	U
chr22	45289800	45290000	U	U	U	U
chr22	45292400	45292600	U	U	U	U
chr22	45293200	45293400	U	U	U	U
chr22	45294600	45294800	U	U	U	U
chr22	45308800	45309000	U	U	U	U
chr22	45310600	45310800	U	U	U	U
chr22	45315200	45315400	U	U	U	U
chr22	45316400	45316600	U	U	U	U
chr22	45317400	45317600	U	U	U	U
chr22	45321800	45322000	U	U	U	U
chr22	45323200	45323400	U	U	U	U
chr22	45334000	45334200	U	U	U	U
chr22	45340000	45340200	U	U	U	U
chr22	45342000	45342200	U	U	U	U
chr22	45344000	45344200	U	U	U	U
chr22	45344200	45344400	B	U	U	U
chr22	45345200	45345400	U	U	U	U
chr22	45351800	45352000	U	U	U	U
chr22	45352400	45352600	U	U	U	U
chr22	45359600	45359800	U	U	U	U
chr22	45360000	45360200	U	U	U	U
chr22	45371200	45371400	U	U	U	U
chr22	45372400	45372600	U	U	U	U
chr22	45386800	45387000	U	U	U	U
chr22	45393400	45393600	U	U	U	U
chr22	45396200	45396400	U	U	U	U
chr22	45396400	45396600	U	U	U	U
chr22	45406200	45406400	U	U	U	U
chr22	45413000	45413200	U	U	U	U
chr22	45413200	45413400	U	U	U	U
chr22	45418600	45418800	U	U	U	U
chr22	45426000	45426200	U	U	U	U
chr22	45434600	45434800	U	U	U	U
chr22	45435400	45435600	B	U	U	U
chr22	45452000	45452200	U	U	U	U
chr22	45454800	45455000	U	U	U	U
chr22	45457800	45458000	U	U	U	U
chr22	45460400	45460600	U	U	U	U
chr22	45475400	45475600	U	U	U	U
chr22	45476000	45476200	U	U	U	U
chr22	45503400	45503600	U	U	U	U
chr22	45504600	45504800	U	U	U	U
chr22	45509200	45509400	U	U	U	U
chr22	45516000	45516200	U	U	U	U
chr22	45517000	45517200	U	U	U	U
chr22	45518600	45518800	U	U	U	U
chr22	45521600	45521800	U	U	U	U
chr22	45526000	45526200	U	U	U	U
chr22	45530200	45530400	U	U	U	U
chr22	45531800	45532000	U	U	U	U
chr22	45532200	45532400	U	U	U	U
chr22	45533000	45533200	U	U	U	U
chr22	45534000	45534200	U	U	U	U
chr22	45534600	45534800	U	U	U	U
chr22	45537000	45537200	U	U	U	U
chr22	45538000	45538200	U	U	U	U
chr22	45547000	45547200	U	U	U	U
chr22	45548600	45548800	U	U	U	U
chr22	45551400	45551600	U	U	U	U
chr22	45552400	45552600	U	U	U	U
chr22	45553200	45553400	U	U	U	U
chr22	45554600	45554800	U	U	U	U
chr22	45563800	45564000	U	U	U	U
chr22	45574200	45574400	U	U	U	U
chr22	45578600	45578800	U	U	U	U
chr22	45585800	45586000	U	U	U	U
chr22	45586400	45586600	U	U	U	U
chr22	45590200	45590400	U	U	U	U
chr22	45593200	45593400	U	U	U	U
chr22	45594000	45594200	U	U	U	U
chr22	45598200	45598400	U	U	U	U
chr22	45600400	45600600	U	U	U	U
chr22	45601000	45601200	U	U	U	U
chr22	45608600	45608800	U	U	U	U
chr22	45608800	45609000	U	U	U	U
chr22	45613400	45613600	U	U	U	U
chr22	45626400	45626600	U	U	U	U
chr22	45627800	45628000	U	U	U	U
chr22	45628000	45628200	U	U	U	U
chr22	45632800	45633000	U	U	U	U
chr22	45636400	45636600	U	U	U	U
chr22	45637200	45637400	U	U	U	U
chr22	45643000	45643200	U	U	U	B
chr22	45646000	45646200	B	U	U	U
chr22	45647800	45648000	U	U	U	U
chr22	45648400	45648600	U	U	U	U
chr22	45665800	45666000	U	U	U	U
chr22	45671000	45671200	U	U	U	U
chr22	45679400	45679600	U	U	U	U
chr22	45679800	45680000	U	U	U	U
chr22	45684800	45685000	U	U	U	U
chr22	45686000	45686200	U	U	U	U
chr22	45687200	45687400	U	U	U	U
chr22	45690600	45690800	U	U	U	U
chr22	45692600	45692800	U	U	U	U
chr22	45693000	45693200	U	U	U	U
chr22	45695800	45696000	U	U	U	U
chr22	45696800	45697000	U	U	U	U
chr22	45701400	45701600	U	U	U	U
chr22	45713200	45713400	U	U	U	U
chr22	45717200	45717400	U	U	U	U
chr22	45717600	45717800	U	U	U	U
chr22	45718400	45718600	U	U	U	U
chr22	45721000	45721200	U	U	U	U
chr22	45722600	45722800	U	U	U	U
chr22	45722800	45723000	U	U	U	U
chr22	45728400	45728600	U	U	U	U
chr22	45728600	45728800	U	U	U	U
chr22	45738600	45738800	U	U	U	U
chr22	45739200	45739400	U	U	U	U
chr22	45739400	45739600	U	U	U	U
chr22	45744800	45745000	U	U	U	U
chr22	45745200	45745400	U	U	U	U
chr22	45748200	45748400	U	U	U	U
chr22	45749200	45749400	U	U	U	U
chr22	45753800	45754000	U	U	U	U
chr22	45755400	45755600	U	U	U	U
chr22	45760000	45760200	U	U	U	U
chr22	45763400	45763600	U	U	U	U
chr22	45765200	45765400	U	U	U	U
chr22	45770800	45771000	U	U	U	U
chr22	45774400	45774600	U	U	U	U
chr22	45775400	45775600	U	U	U	U
chr22	45775600	45775800	U	U	U	U
chr22	45777600	45777800	U	U	U	U
chr22	45783800	45784000	U	U	U	U
chr22	45784400	45784600	U	U	U	U
chr22	45787400	45787600	U	U	U	U
chr22	45790600	45790800	U	U	U	U
chr22	45792200	45792400	U	U	U	U
chr22	45802000	45802200	U	U	U	U
chr22	45802400	45802600	U	U	U	U
chr22	45806800	45807000	U	U	U	U
chr22	45812800	45813000	U	U	U	U
chr22	45816400	45816600	U	U	U	U
chr22	45816600	45816800	U	U	U	U
chr22	45819600	45819800	U	U	U	U
chr22	45820800	45821000	U	U	U	U
chr22	45832800	45833000	U	U	U	U
chr22	45833400	45833600	U	U	U	U
chr22	45833600	45833800	U	U	U	U
chr22	45834400	45834600	U	U	U	U
chr22	45836000	45836200	U	U	U	U
chr22	45836600	45836800	U	U	U	U
chr22	45838800	45839000	U	U	U	U
chr22	45843200	45843400	U	U	U	U
chr22	45851200	45851400	U	U	U	U
chr22	45864400	45864600	U	U	U	U
chr22	45865200	45865400	U	U	U	U
chr22	45866400	45866600	U	U	U	U
chr22	45866600	45866800	U	U	U	U
chr22	45877600	45877800	U	U	U	U
chr22	45879000	45879200	U	U	U	U
chr22	45879800	45880000	U	U	U	U
chr22	45884000	45884200	U	U	U	U
chr22	45884200	45884400	U	U	U	U
chr22	45884800	45885000	U	U	U	U
chr22	45885000	45885200	U	U	U	U
chr22	45885600	45885800	U	U	U	U
chr22	45886000	45886200	U	U	U	U
chr22	45888000	45888200	U	U	U	U
chr22	45888600	45888800	U	U	U	U
chr22	45889400	45889600	U	U	U	U
chr22	45889800	45890000	U	U	U	U
chr22	45891000	45891200	U	U	U	U
chr22	45892400	45892600	U	U	U	U
chr22	45893000	45893200	U	U	U	U
chr22	45899000	45899200	U	U	U	U
chr22	45911600	45911800	U	U	U	U
chr22	45912000	45912200	U	U	U	U
chr22	45917200	45917400	U	U	U	U
chr22	45919000	45919200	U	U	U	U
chr22	45919400	45919600	U	U	U	U
chr22	45922200	45922400	U	U	U	U
chr22	45922600	45922800	U	U	U	U
chr22	45924000	45924200	U	U	U	U
chr22	45924200	45924400	U	U	U	U
chr22	45926000	45926200	U	U	U	U
chr22	45927200	45927400	U	U	U	U
chr22	45928600	45928800	U	U	U	U
chr22	45930000	45930200	U	U	U	U
chr22	45932600	45932800	U	U	U	U
chr22	45933400	45933600	U	U	U	U
chr22	45935400	45935600	U	U	U	U
chr22	45943200	45943400	U	U	U	U
chr22	45944400	45944600	U	U	U	U
chr22	45947600	45947800	U	U	U	U
chr22	45948200	45948400	U	U	U	U
chr22	45949800	45950000	U	U	U	U
chr22	45950000	45950200	U	U	U	U
chr22	45952800	45953000	U	U	U	U
chr22	45955400	45955600	U	U	U	U
chr22	45955600	45955800	U	U	U	U
chr22	45958000	45958200	U	U	U	U
chr22	45959200	45959400	U	U	U	U
chr22	45960200	45960400	U	U	U	U
chr22	45960400	45960600	U	U	U	U
chr22	45960600	45960800	U	U	U	U
chr22	45962000	45962200	U	U	U	U
chr22	45966400	45966600	U	U	U	U
chr22	45967400	45967600	U	U	U	U
chr22	45967800	45968000	U	U	U	U
chr22	45968400	45968600	U	U	U	U
chr22	45968600	45968800	U	U	U	U
chr22	45970800	45971000	U	U	U	U
chr22	45971400	45971600	U	U	U	U
chr22	45971600	45971800	U	U	U	U
chr22	45971800	45972000	U	U	U	U
chr22	45972200	45972400	U	U	U	U
chr22	45976600	45976800	U	U	U	U
chr22	45988400	45988600	U	U	U	U
chr22	45990800	45991000	U	U	U	U
chr22	45994400	45994600	U	U	U	U
chr22	45997000	45997200	U	U	U	U
chr22	45998400	45998600	U	U	U	U
chr22	45999600	45999800	U	U	U	U
chr22	46000400	46000600	U	U	U	U
chr22	46001200	46001400	U	U	U	U
chr22	46002000	46002200	U	U	U	U
chr22	46011600	46011800	U	U	U	U
chr22	46011800	46012000	U	U	U	U
chr22	46013000	46013200	U	U	U	U
chr22	46013200	46013400	B	U	U	U
chr22	46013800	46014000	B	U	U	U
chr22	46015000	46015200	U	U	U	U
chr22	46027000	46027200	U	U	U	U
chr22	46032200	46032400	U	U	U	U
chr22	46038400	46038600	U	U	U	U
chr22	46040800	46041000	U	U	U	U
chr22	46041000	46041200	U	U	U	U
chr22	46043000	46043200	U	U	U	U
chr22	46043400	46043600	U	U	U	U
chr22	46045600	46045800	U	U	U	U
chr22	46047800	46048000	U	U	U	U
chr22	46048000	46048200	U	U	U	U
chr22	46050200	46050400	U	U	U	U
chr22	46054400	46054600	U	U	U	U
chr22	46056000	46056200	U	U	U	U
chr22	46057000	46057200	U	U	U	U
chr22	46059200	46059400	U	U	U	U
chr22	46059400	46059600	U	U	U	U
chr22	46060800	46061000	U	U	U	U
chr22	46062600	46062800	U	U	U	U
chr22	46063000	46063200	U	U	U	U
chr22	46063400	46063600	U	U	U	U
chr22	46064400	46064600	U	U	U	U
chr22	46065600	46065800	U	U	U	U
chr22	46069200	46069400	B	U	U	U
chr22	46071800	46072000	U	U	U	U
chr22	46077800	46078000	U	U	U	U
chr22	46082600	46082800	U	U	U	U
chr22	46085600	46085800	B	U	U	B
chr22	46096000	46096200	U	U	U	U
chr22	46098000	46098200	U	U	U	U
chr22	46100600	46100800	U	U	U	U
chr22	46101800	46102000	U	U	U	U
chr22	46105400	46105600	U	U	U	U
chr22	46107600	46107800	U	U	U	U
chr22	46108600	46108800	U	U	U	U
chr22	46109400	46109600	B	U	U	U
chr22	46113200	46113400	U	U	U	U
chr22	46115800	46116000	U	U	U	U
chr22	46117400	46117600	U	U	U	U
chr22	46122000	46122200	U	U	U	U
chr22	46123800	46124000	U	U	U	U
chr22	46125800	46126000	U	U	U	U
chr22	46127800	46128000	U	U	U	U
chr22	46129600	46129800	U	U	U	U
chr22	46133600	46133800	U	U	U	U
chr22	46135800	46136000	U	U	U	U
chr22	46137200	46137400	U	U	U	U
chr22	46143400	46143600	U	U	U	U
chr22	46143600	46143800	U	U	U	U
chr22	46145400	46145600	U	U	U	U
chr22	46147600	46147800	U	U	U	U
chr22	46149400	46149600	B	U	U	U
chr22	46149600	46149800	B	U	U	U
chr22	46150000	46150200	B	U	U	U
chr22	46151000	46151200	B	U	U	U
chr22	46151400	46151600	B	U	U	U
chr22	46151600	46151800	U	U	U	U
chr22	46155800	46156000	U	U	U	U
chr22	46156400	46156600	U	U	U	U
chr22	46158400	46158600	U	U	U	U
chr22	46162200	46162400	U	U	U	U
chr22	46162400	46162600	U	U	U	U
chr22	46183200	46183400	U	U	U	U
chr22	46185400	46185600	U	U	U	U
chr22	46203000	46203200	U	U	U	U
chr22	46224200	46224400	U	U	U	U
chr22	46232200	46232400	U	U	U	U
chr22	46235600	46235800	B	U	U	U
chr22	46236600	46236800	U	U	U	U
chr22	46239000	46239200	U	U	U	U
chr22	46239400	46239600	U	U	U	U
chr22	46239800	46240000	U	U	U	U
chr22	46241200	46241400	U	U	U	U
chr22	46242000	46242200	U	U	U	U
chr22	46243800	46244000	U	U	U	U
chr22	46244200	46244400	U	U	U	U
chr22	46252800	46253000	U	U	U	U
chr22	46254600	46254800	U	U	U	U
chr22	46255400	46255600	U	U	U	U
chr22	46257200	46257400	U	U	U	U
chr22	46257600	46257800	U	U	U	U
chr22	46258400	46258600	U	U	U	U
chr22	46258800	46259000	U	U	U	U
chr22	46259200	46259400	U	U	U	U
chr22	46262200	46262400	U	U	U	U
chr22	46263000	46263200	U	U	U	U
chr22	46273400	46273600	U	U	U	U
chr22	46274200	46274400	U	U	U	U
chr22	46277800	46278000	U	U	U	U
chr22	46278600	46278800	U	U	U	U
chr22	46284000	46284200	U	U	U	U
chr22	46287200	46287400	U	U	U	U
chr22	46288200	46288400	U	U	U	U
chr22	46288600	46288800	U	U	U	U
chr22	46289800	46290000	U	U	U	U
chr22	46296200	46296400	B	U	U	U
chr22	46309000	46309200	U	U	U	U
chr22	46309800	46310000	U	U	U	U
chr22	46315800	46316000	U	U	U	U
chr22	46322800	46323000	U	U	U	U
chr22	46326600	46326800	U	U	U	U
chr22	46329400	46329600	U	U	U	U
chr22	46332400	46332600	U	U	U	U
chr22	46332800	46333000	U	U	U	U
chr22	46335600	46335800	B	U	U	B
chr22	46336000	46336200	B	U	U	U
chr22	46337800	46338000	U	U	U	U
chr22	46348400	46348600	U	U	U	U
chr22	46348600	46348800	U	U	U	U
chr22	46350600	46350800	U	U	U	U
chr22	46351800	46352000	U	U	U	U
chr22	46352000	46352200	U	U	U	U
chr22	46353800	46354000	U	U	U	U
chr22	46355800	46356000	B	U	U	U
chr22	46356400	46356600	U	U	U	U
chr22	46357800	46358000	U	U	U	U
chr22	46358000	46358200	U	U	U	U
chr22	46361000	46361200	U	U	U	U
chr22	46361200	46361400	U	U	U	U
chr22	46361800	46362000	U	U	U	U
chr22	46362200	46362400	U	U	U	U
chr22	46362800	46363000	U	U	U	U
chr22	46363400	46363600	U	U	U	U
chr22	46366400	46366600	U	U	U	U
chr22	46366800	46367000	B	U	U	U
chr22	46367000	46367200	B	U	U	U
chr22	46371000	46371200	U	U	U	U
chr22	46372800	46373000	U	U	U	U
chr22	46373800	46374000	U	U	U	U
chr22	46374400	46374600	U	U	U	U
chr22	46379800	46380000	U	U	U	U
chr22	46381600	46381800	U	U	U	U
chr22	46381800	46382000	U	U	U	U
chr22	46384400	46384600	U	U	U	U
chr22	46387800	46388000	U	U	U	U
chr22	46388400	46388600	U	U	U	U
chr22	46391400	46391600	B	U	U	U
chr22	46394400	46394600	U	U	U	U
chr22	46395400	46395600	U	U	U	U
chr22	46399400	46399600	U	U	U	U
chr22	46407000	46407200	U	U	U	U
chr22	46408000	46408200	U	U	U	U
chr22	46409800	46410000	U	U	U	U
chr22	46410000	46410200	U	U	U	U
chr22	46411400	46411600	U	U	U	U
chr22	46412400	46412600	U	U	U	U
chr22	46414200	46414400	U	U	U	U
chr22	46415800	46416000	U	U	U	U
chr22	46416800	46417000	U	U	U	U
chr22	46420400	46420600	U	U	U	U
chr22	46420800	46421000	U	U	U	U
chr22	46428200	46428400	U	U	U	U
chr22	46430400	46430600	U	U	U	U
chr22	46431000	46431200	U	U	U	U
chr22	46434400	46434600	U	U	U	U
chr22	46439200	46439400	U	U	U	U
chr22	46441200	46441400	U	U	U	U
chr22	46446400	46446600	U	U	U	U
chr22	46446800	46447000	U	U	U	U
chr22	46448000	46448200	U	U	U	U
chr22	46448200	46448400	U	U	U	U
chr22	46448800	46449000	U	U	U	U
chr22	46450000	46450200	U	U	U	U
chr22	46453400	46453600	U	U	U	U
chr22	46460600	46460800	U	U	U	U
chr22	46472400	46472600	U	U	U	U
chr22	46473600	46473800	U	U	U	U
chr22	46477200	46477400	U	U	U	U
chr22	46480600	46480800	U	U	U	U
chr22	46485000	46485200	U	U	U	U
chr22	46489400	46489600	U	U	U	U
chr22	46490600	46490800	U	U	U	U
chr22	46507400	46507600	U	U	U	U
chr22	46507800	46508000	U	U	U	U
chr22	46508000	46508200	U	U	U	U
chr22	46510000	46510200	U	U	U	U
chr22	46511200	46511400	U	U	U	U
chr22	46517200	46517400	U	U	U	U
chr22	46519400	46519600	U	U	U	U
chr22	46520200	46520400	U	U	U	U
chr22	46522800	46523000	U	U	U	U
chr22	46523000	46523200	U	U	U	U
chr22	46524000	46524200	U	U	U	U
chr22	46524200	46524400	U	U	U	U
chr22	46524600	46524800	U	U	U	U
chr22	46525800	46526000	U	U	U	U
chr22	46526000	46526200	U	U	U	U
chr22	46526400	46526600	U	U	U	U
chr22	46528200	46528400	U	U	U	B
chr22	46530400	46530600	U	U	U	U
chr22	46535600	46535800	U	U	U	U
chr22	46535800	46536000	U	U	U	U
chr22	46547000	46547200	U	U	U	U
chr22	46549200	46549400	U	U	U	U
chr22	46550200	46550400	U	U	U	U
chr22	46550400	46550600	U	U	U	U
chr22	46551400	46551600	U	U	U	U
chr22	46573600	46573800	U	U	U	U
chr22	46574600	46574800	U	U	U	U
chr22	46575200	46575400	U	U	U	U
chr22	46577600	46577800	B	U	U	U
chr22	46578800	46579000	B	U	U	U
chr22	46579200	46579400	B	U	U	U
chr22	46580000	46580200	U	U	U	U
chr22	46584800	46585000	U	U	U	U
chr22	46586600	46586800	U	U	U	U
chr22	46587800	46588000	U	U	U	U
chr22	46590000	46590200	U	U	U	U
chr22	46593400	46593600	U	U	U	U
chr22	46594600	46594800	U	U	U	U
chr22	46595000	46595200	U	U	U	U
chr22	46596000	46596200	U	U	U	U
chr22	46597000	46597200	U	U	U	U
chr22	46597200	46597400	U	U	U	U
chr22	46613000	46613200	U	U	U	U
chr22	46613200	46613400	U	U	U	U
chr22	46617600	46617800	U	U	U	U
chr22	46618400	46618600	U	U	U	U
chr22	46623000	46623200	U	U	U	U
chr22	46625200	46625400	U	U	U	U
chr22	46632200	46632400	U	U	U	U
chr22	46632800	46633000	U	U	U	U
chr22	46633200	46633400	U	U	U	U
chr22	46639800	46640000	U	U	U	U
chr22	46645600	46645800	U	U	U	U
chr22	46646200	46646400	U	U	U	U
chr22	46647800	46648000	U	U	U	U
chr22	46649000	46649200	U	U	U	U
chr22	46649800	46650000	B	U	U	B
chr22	46651000	46651200	U	U	U	U
chr22	46651200	46651400	U	U	U	U
chr22	46652800	46653000	U	U	U	U
chr22	46653600	46653800	U	U	U	U
chr22	46654400	46654600	U	U	U	U
chr22	46656000	46656200	U	U	U	U
chr22	46656200	46656400	U	U	U	U
chr22	46661200	46661400	U	U	U	U
chr22	46663800	46664000	U	U	U	U
chr22	46665000	46665200	U	U	U	U
chr22	46665600	46665800	U	U	U	U
chr22	46666200	46666400	U	U	U	U
chr22	46666800	46667000	U	U	U	U
chr22	46667000	46667200	U	U	U	U
chr22	46669000	46669200	U	U	U	U
chr22	46671000	46671200	U	U	U	U
chr22	46673800	46674000	U	U	U	U
chr22	46678000	46678200	U	U	U	U
chr22	46678600	46678800	U	U	U	U
chr22	46679200	46679400	U	U	U	U
chr22	46682200	46682400	U	U	U	U
chr22	46684200	46684400	U	U	U	U
chr22	46684600	46684800	U	U	U	U
chr22	46686200	46686400	U	U	U	U
chr22	46694200	46694400	U	U	U	U
chr22	46695000	46695200	U	U	U	U
chr22	46695400	46695600	U	U	U	U
chr22	46696400	46696600	U	U	U	U
chr22	46696600	46696800	U	U	U	U
chr22	46702600	46702800	U	U	U	U
chr22	46703400	46703600	U	U	U	U
chr22	46707400	46707600	U	U	U	U
chr22	46707600	46707800	U	U	U	U
chr22	46709200	46709400	U	U	U	U
chr22	46712200	46712400	U	U	U	U
chr22	46712600	46712800	U	U	U	U
chr22	46720800	46721000	U	U	U	U
chr22	46723000	46723200	U	U	U	U
chr22	46725600	46725800	U	U	U	U
chr22	46726400	46726600	U	U	U	U
chr22	46727000	46727200	U	U	U	U
chr22	46731600	46731800	U	U	U	U
chr22	46732000	46732200	U	U	U	U
chr22	46736200	46736400	U	U	U	U
chr22	46737400	46737600	B	U	U	U
chr22	46741000	46741200	U	U	U	U
chr22	46742800	46743000	U	U	U	U
chr22	46743000	46743200	U	U	U	U
chr22	46747800	46748000	U	U	U	U
chr22	46748200	46748400	U	U	U	U
chr22	46750800	46751000	U	U	U	U
chr22	46752200	46752400	U	U	U	U
chr22	46767200	46767400	U	U	U	U
chr22	46770800	46771000	U	U	U	U
chr22	46774000	46774200	B	U	U	B
chr22	46775000	46775200	U	U	U	U
chr22	46780000	46780200	U	U	U	U
chr22	46780800	46781000	U	U	U	U
chr22	46788800	46789000	U	U	B	U
chr22	46792800	46793000	U	U	U	U
chr22	46793000	46793200	U	U	U	U
chr22	46796400	46796600	U	U	U	U
chr22	46796600	46796800	U	U	U	U
chr22	46796800	46797000	U	U	U	U
chr22	46801600	46801800	U	U	U	U
chr22	46806800	46807000	U	U	U	U
chr22	46811400	46811600	U	U	U	U
chr22	46812600	46812800	U	U	U	U
chr22	46813600	46813800	U	U	U	U
chr22	46815200	46815400	U	U	U	U
chr22	46816200	46816400	B	U	U	U
chr22	46830400	46830600	U	U	U	U
chr22	46830800	46831000	U	U	U	U
chr22	46833200	46833400	U	U	U	U
chr22	46842800	46843000	U	U	U	U
chr22	46843800	46844000	U	U	U	U
chr22	46851200	46851400	U	U	U	U
chr22	46851600	46851800	U	U	U	U
chr22	46853400	46853600	U	U	U	U
chr22	46858600	46858800	U	U	U	U
chr22	46863000	46863200	U	U	U	U
chr22	46869800	46870000	U	U	U	U
chr22	46877800	46878000	U	U	U	U
chr22	46882400	46882600	U	U	U	U
chr22	46883600	46883800	U	U	U	U
chr22	46891000	46891200	U	U	U	U
chr22	46891200	46891400	U	U	U	U
chr22	46892200	46892400	U	U	U	U
chr22	46892400	46892600	U	U	U	U
chr22	46892600	46892800	U	U	U	U
chr22	46894000	46894200	U	U	U	U
chr22	46901200	46901400	U	U	U	U
chr22	46901400	46901600	U	U	U	U
chr22	46902400	46902600	U	U	U	U
chr22	46903400	46903600	U	U	U	U
chr22	46905400	46905600	U	U	U	U
chr22	46906000	46906200	U	U	U	U
chr22	46906200	46906400	U	U	U	U
chr22	46908600	46908800	U	U	U	U
chr22	46916000	46916200	U	U	U	U
chr22	46916200	46916400	U	U	U	U
chr22	46917600	46917800	U	U	U	U
chr22	46919800	46920000	U	U	U	U
chr22	46923200	46923400	U	U	U	U
chr22	46929800	46930000	U	U	U	U
chr22	46931200	46931400	U	U	U	U
chr22	46932000	46932200	U	U	U	U
chr22	46936000	46936200	B	U	U	U
chr22	46943200	46943400	U	U	U	U
chr22	46945000	46945200	U	U	U	U
chr22	46946200	46946400	U	U	U	U
chr22	46948600	46948800	U	U	U	U
chr22	46950600	46950800	U	U	U	U
chr22	46951800	46952000	U	U	U	U
chr22	46954400	46954600	U	U	U	U
chr22	46956800	46957000	U	U	U	U
chr22	46964400	46964600	U	U	U	U
chr22	46965200	46965400	U	U	U	U
chr22	46972800	46973000	U	U	U	U
chr22	46974800	46975000	U	U	U	U
chr22	46976000	46976200	U	U	U	U
chr22	46976400	46976600	U	U	U	U
chr22	46976600	46976800	U	U	U	U
chr22	46984800	46985000	U	U	U	U
chr22	46993000	46993200	U	U	U	U
chr22	46993400	46993600	U	U	U	U
chr22	46993600	46993800	U	U	U	U
chr22	46995600	46995800	U	U	U	U
chr22	46996000	46996200	U	U	U	U
chr22	46999200	46999400	U	U	U	U
chr22	47002200	47002400	U	U	U	U
chr22	47007200	47007400	U	U	U	U
chr22	47008600	47008800	U	U	U	U
chr22	47011200	47011400	U	U	U	U
chr22	47011400	47011600	U	U	U	U
chr22	47013200	47013400	U	U	U	U
chr22	47013600	47013800	U	U	U	U
chr22	47016400	47016600	U	U	U	U
chr22	47018000	47018200	U	U	U	U
chr22	47022000	47022200	U	U	U	U
chr22	47028000	47028200	U	U	U	U
chr22	47029600	47029800	U	U	U	U
chr22	47030400	47030600	U	U	U	U
chr22	47031600	47031800	U	U	U	U
chr22	47036200	47036400	U	U	U	U
chr22	47037000	47037200	U	U	U	U
chr22	47037800	47038000	U	U	U	U
chr22	47038600	47038800	U	U	U	U
chr22	47038800	47039000	U	U	U	U
chr22	47039000	47039200	U	U	U	U
chr22	47039400	47039600	U	U	U	U
chr22	47040800	47041000	U	U	U	U
chr22	47043600	47043800	U	U	U	U
chr22	47045200	47045400	U	U	U	U
chr22	47046200	47046400	U	U	U	U
chr22	47046400	47046600	U	U	U	U
chr22	47047200	47047400	U	U	U	U
chr22	47047400	47047600	U	U	U	U
chr22	47047800	47048000	U	U	U	U
chr22	47048400	47048600	U	U	U	U
chr22	47052600	47052800	U	U	U	U
chr22	47055600	47055800	U	U	U	U
chr22	47056000	47056200	U	U	U	U
chr22	47056600	47056800	U	U	U	U
chr22	47056800	47057000	U	U	U	U
chr22	47057200	47057400	U	U	U	U
chr22	47059400	47059600	U	U	U	U
chr22	47061400	47061600	U	U	U	U
chr22	47064200	47064400	U	U	U	U
chr22	47066000	47066200	U	U	U	U
chr22	47066600	47066800	U	U	U	U
chr22	47068600	47068800	U	U	U	U
chr22	47071400	47071600	U	U	U	U
chr22	47072000	47072200	U	U	U	U
chr22	47086600	47086800	U	U	U	U
chr22	47090400	47090600	B	U	U	U
chr22	47092200	47092400	U	U	U	U
chr22	47095600	47095800	U	U	U	U
chr22	47101000	47101200	U	U	U	U
chr22	47101200	47101400	U	U	U	U
chr22	47102000	47102200	U	U	U	U
chr22	47111400	47111600	U	U	U	U
chr22	47114800	47115000	U	U	U	U
chr22	47116600	47116800	U	U	U	U
chr22	47126600	47126800	U	U	U	U
chr22	47127600	47127800	U	U	U	U
chr22	47128400	47128600	U	U	U	U
chr22	47128800	47129000	U	U	U	U
chr22	47130000	47130200	B	U	U	U
chr22	47133400	47133600	U	U	U	U
chr22	47135200	47135400	U	U	U	U
chr22	47136600	47136800	U	U	U	U
chr22	47140600	47140800	U	U	U	U
chr22	47144000	47144200	U	U	U	U
chr22	47147600	47147800	U	U	U	U
chr22	47148000	47148200	U	U	U	U
chr22	47149200	47149400	U	U	U	U
chr22	47149600	47149800	U	U	U	U
chr22	47150400	47150600	U	U	U	U
chr22	47151000	47151200	U	U	U	U
chr22	47151400	47151600	U	U	U	U
chr22	47158000	47158200	U	U	U	U
chr22	47160200	47160400	U	U	U	U
chr22	47160800	47161000	U	U	U	U
chr22	47161000	47161200	U	U	U	U
chr22	47162000	47162200	U	U	U	U
chr22	47163000	47163200	U	U	U	U
chr22	47163200	47163400	U	U	U	U
chr22	47165800	47166000	U	U	U	U
chr22	47166000	47166200	U	U	U	U
chr22	47173800	47174000	U	U	U	U
chr22	47175800	47176000	U	U	U	U
chr22	47177600	47177800	U	U	U	U
chr22	47178400	47178600	U	U	U	U
chr22	47188400	47188600	U	U	U	U
chr22	47191200	47191400	U	U	U	U
chr22	47194600	47194800	U	U	U	U
chr22	47203400	47203600	U	U	U	U
chr22	47208800	47209000	U	U	U	U
chr22	47210000	47210200	U	U	U	U
chr22	47210200	47210400	U	U	U	U
chr22	47224000	47224200	U	U	U	U
chr22	47232800	47233000	U	U	U	U
chr22	47238400	47238600	U	U	U	U
chr22	47238600	47238800	U	U	U	U
chr22	47238800	47239000	U	U	U	U
chr22	47239400	47239600	U	U	U	U
chr22	47245800	47246000	U	U	U	U
chr22	47251800	47252000	U	U	U	U
chr22	47256600	47256800	U	U	U	U
chr22	47267800	47268000	U	U	U	U
chr22	47268000	47268200	U	U	U	U
chr22	47273800	47274000	U	U	U	U
chr22	47274000	47274200	U	U	U	U
chr22	47278000	47278200	U	U	U	U
chr22	47279600	47279800	U	U	U	U
chr22	47280600	47280800	U	U	U	U
chr22	47281400	47281600	U	U	U	U
chr22	47285800	47286000	U	U	U	U
chr22	47288600	47288800	U	U	U	U
chr22	47290000	47290200	U	U	U	U
chr22	47292400	47292600	U	U	U	U
chr22	47294600	47294800	U	U	U	U
chr22	47295400	47295600	U	U	U	U
chr22	47299200	47299400	U	U	U	U
chr22	47299800	47300000	U	U	U	U
chr22	47303000	47303200	U	U	U	U
chr22	47331200	47331400	U	U	U	U
chr22	47332600	47332800	U	U	U	U
chr22	47353000	47353200	U	U	U	U
chr22	47354200	47354400	U	U	U	U
chr22	47356000	47356200	U	U	U	U
chr22	47358600	47358800	U	U	U	U
chr22	47359000	47359200	U	U	U	U
chr22	47366200	47366400	U	U	U	U
chr22	47366800	47367000	U	U	U	U
chr22	47367200	47367400	U	U	U	U
chr22	47367600	47367800	U	U	U	U
chr22	47369000	47369200	U	U	U	U
chr22	47370800	47371000	U	U	U	U
chr22	47371000	47371200	U	U	U	U
chr22	47372000	47372200	U	U	U	U
chr22	47373400	47373600	U	U	U	U
chr22	47373800	47374000	U	U	U	U
chr22	47375600	47375800	U	U	U	U
chr22	47376000	47376200	U	U	U	U
chr22	47383400	47383600	U	U	U	U
chr22	47384800	47385000	U	U	U	U
chr22	47386200	47386400	U	U	U	U
chr22	47386400	47386600	U	U	U	U
chr22	47388800	47389000	U	U	U	U
chr22	47389200	47389400	U	U	U	U
chr22	47390400	47390600	U	U	U	U
chr22	47391000	47391200	U	U	U	U
chr22	47394000	47394200	U	U	U	U
chr22	47396600	47396800	U	U	U	U
chr22	47400800	47401000	U	U	U	U
chr22	47401400	47401600	U	U	U	U
chr22	47402200	47402400	U	U	U	U
chr22	47407400	47407600	U	U	U	U
chr22	47409600	47409800	U	U	U	U
chr22	47409800	47410000	U	U	U	U
chr22	47440800	47441000	U	U	U	U
chr22	47443000	47443200	U	U	U	U
chr22	47443800	47444000	U	U	U	U
chr22	47446800	47447000	U	U	U	U
chr22	47448400	47448600	U	U	U	U
chr22	47450400	47450600	U	U	U	U
chr22	47451000	47451200	U	U	U	U
chr22	47453200	47453400	U	U	U	U
chr22	47457200	47457400	U	U	U	U
chr22	47457400	47457600	U	U	U	U
chr22	47458400	47458600	U	U	U	U
chr22	47460200	47460400	U	U	U	U
chr22	47462600	47462800	U	U	U	U
chr22	47464600	47464800	U	U	U	U
chr22	47465400	47465600	U	U	U	U
chr22	47465800	47466000	U	U	U	U
chr22	47469200	47469400	U	U	U	U
chr22	47487000	47487200	U	U	U	U
chr22	47498000	47498200	U	U	U	U
chr22	47499400	47499600	U	U	U	U
chr22	47499800	47500000	U	U	U	U
chr22	47508600	47508800	U	U	U	U
chr22	47510000	47510200	U	U	U	U
chr22	47511400	47511600	U	U	U	U
chr22	47514200	47514400	U	U	U	U
chr22	47534200	47534400	U	U	U	U
chr22	47534400	47534600	U	U	U	U
chr22	47536400	47536600	U	U	U	U
chr22	47539000	47539200	U	U	U	U
chr22	47541200	47541400	U	U	U	U
chr22	47544400	47544600	U	U	U	U
chr22	47547000	47547200	U	U	U	U
chr22	47551600	47551800	U	U	U	U
chr22	47558600	47558800	U	U	U	U
chr22	47564400	47564600	U	U	U	U
chr22	47564800	47565000	U	U	U	U
chr22	47572000	47572200	U	U	U	U
chr22	47572400	47572600	U	U	U	U
chr22	47573200	47573400	U	U	U	U
chr22	47575000	47575200	U	U	U	U
chr22	47587400	47587600	U	U	U	U
chr22	47591400	47591600	U	U	U	U
chr22	47596400	47596600	U	U	U	U
chr22	47604200	47604400	U	U	U	U
chr22	47605200	47605400	U	U	U	U
chr22	47609800	47610000	U	U	U	U
chr22	47614600	47614800	U	U	U	U
chr22	47619800	47620000	U	U	U	U
chr22	47620600	47620800	U	U	U	U
chr22	47620800	47621000	U	U	U	U
chr22	47624000	47624200	U	U	U	U
chr22	47624600	47624800	U	U	U	U
chr22	47625200	47625400	U	U	U	U
chr22	47625400	47625600	U	U	U	U
chr22	47626600	47626800	U	U	U	U
chr22	47627400	47627600	U	U	U	U
chr22	47629800	47630000	U	U	U	U
chr22	47657800	47658000	U	U	U	U
chr22	47659800	47660000	U	U	U	U
chr22	47662400	47662600	U	U	U	U
chr22	47662600	47662800	U	U	U	U
chr22	47669200	47669400	U	U	U	U
chr22	47671400	47671600	U	U	U	U
chr22	47672600	47672800	U	U	U	U
chr22	47678200	47678400	B	U	U	B
chr22	47681800	47682000	U	U	U	U
chr22	47692800	47693000	U	U	U	U
chr22	47693600	47693800	U	U	U	U
chr22	47704600	47704800	U	U	U	U
chr22	47714200	47714400	B	U	U	U
chr22	47715800	47716000	U	U	U	U
chr22	47716400	47716600	B	U	U	U
chr22	47718000	47718200	U	U	U	U
chr22	47718200	47718400	U	U	U	U
chr22	47728400	47728600	U	U	U	U
chr22	47728800	47729000	U	U	U	U
chr22	47738600	47738800	U	U	U	U
chr22	47740200	47740400	U	U	U	U
chr22	47740400	47740600	U	U	U	U
chr22	47740600	47740800	U	U	U	U
chr22	47743600	47743800	U	U	U	U
chr22	47744200	47744400	U	U	U	U
chr22	47748800	47749000	U	U	U	U
chr22	47750000	47750200	U	U	U	U
chr22	47779600	47779800	B	U	U	B
chr22	47785200	47785400	U	U	U	U
chr22	47786200	47786400	U	U	U	U
chr22	47788000	47788200	U	U	U	U
chr22	47788400	47788600	U	U	U	U
chr22	47793800	47794000	U	U	U	U
chr22	47795200	47795400	U	U	U	U
chr22	47796000	47796200	U	U	U	U
chr22	47796200	47796400	U	U	U	U
chr22	47796800	47797000	U	U	U	U
chr22	47797000	47797200	U	U	U	U
chr22	47802000	47802200	U	U	U	U
chr22	47808600	47808800	U	U	U	U
chr22	47809400	47809600	U	U	U	U
chr22	47818200	47818400	U	U	U	U
chr22	47822600	47822800	U	U	U	U
chr22	47822800	47823000	U	U	U	U
chr22	47831400	47831600	U	U	U	U
chr22	47832000	47832200	U	U	U	U
chr22	47839600	47839800	U	U	U	U
chr22	47842600	47842800	U	U	U	U
chr22	47848200	47848400	U	U	U	U
chr22	47848600	47848800	U	U	U	U
chr22	47850400	47850600	U	U	U	U
chr22	47852000	47852200	U	U	U	U
chr22	47852600	47852800	U	U	U	U
chr22	47880200	47880400	U	U	U	U
chr22	47880400	47880600	U	U	U	U
chr22	47883600	47883800	U	U	U	U
chr22	47885000	47885200	U	U	U	U
chr22	47885600	47885800	U	U	U	U
chr22	47887200	47887400	U	U	U	U
chr22	47888400	47888600	U	U	U	U
chr22	47890400	47890600	U	U	U	U
chr22	47890600	47890800	U	U	U	U
chr22	47892400	47892600	U	U	U	U
chr22	47908000	47908200	U	U	U	U
chr22	47908200	47908400	U	U	U	U
chr22	47918600	47918800	U	U	U	U
chr22	47920800	47921000	U	U	U	U
chr22	47921600	47921800	U	U	U	U
chr22	47922200	47922400	U	U	U	U
chr22	47929800	47930000	U	U	U	U
chr22	47930200	47930400	U	U	U	U
chr22	47930800	47931000	U	U	U	U
chr22	47942000	47942200	U	U	U	U
chr22	47945600	47945800	U	U	U	U
chr22	47945800	47946000	U	U	U	U
chr22	47946000	47946200	U	U	U	U
chr22	47963000	47963200	U	U	U	U
chr22	47963600	47963800	U	U	U	U
chr22	47964000	47964200	U	U	U	U
chr22	47964400	47964600	U	U	U	U
chr22	47970400	47970600	U	U	U	U
chr22	47991000	47991200	U	U	U	U
chr22	47993200	47993400	U	U	U	U
chr22	47995200	47995400	U	U	U	U
chr22	47996200	47996400	U	U	U	U
chr22	48001400	48001600	U	U	U	U
chr22	48002000	48002200	U	U	U	U
chr22	48004800	48005000	U	U	U	U
chr22	48016400	48016600	U	U	U	U
chr22	48018200	48018400	U	U	U	U
chr22	48027600	48027800	U	U	U	U
chr22	48027800	48028000	U	U	U	U
chr22	48037400	48037600	U	U	U	U
chr22	48039200	48039400	U	U	U	U
chr22	48042800	48043000	U	U	U	U
chr22	48048200	48048400	U	U	U	U
chr22	48048800	48049000	U	U	U	U
chr22	48057800	48058000	U	U	U	U
chr22	48060400	48060600	U	U	U	U
chr22	48061800	48062000	U	U	U	U
chr22	48063000	48063200	U	U	U	U
chr22	48066400	48066600	U	U	U	U
chr22	48068200	48068400	U	U	U	U
chr22	48069000	48069200	U	U	U	U
chr22	48071400	48071600	U	U	U	U
chr22	48074600	48074800	U	U	U	U
chr22	48077000	48077200	U	U	U	U
chr22	48077600	48077800	U	U	U	U
chr22	48080000	48080200	U	U	U	U
chr22	48081000	48081200	U	U	U	U
chr22	48082400	48082600	U	U	U	U
chr22	48082600	48082800	U	U	U	U
chr22	48084000	48084200	U	U	U	U
chr22	48084800	48085000	U	U	U	U
chr22	48089200	48089400	U	U	U	U
chr22	48095400	48095600	U	U	U	U
chr22	48097000	48097200	U	U	U	U
chr22	48099800	48100000	U	U	U	U
chr22	48104200	48104400	U	U	U	U
chr22	48116800	48117000	U	U	U	U
chr22	48121600	48121800	U	U	U	U
chr22	48132200	48132400	U	U	U	U
chr22	48134000	48134200	U	U	U	U
chr22	48134200	48134400	U	U	U	U
chr22	48139800	48140000	U	U	U	U
chr22	48140000	48140200	U	U	U	U
chr22	48142000	48142200	U	U	U	U
chr22	48142200	48142400	U	U	U	U
chr22	48143600	48143800	U	U	U	U
chr22	48144000	48144200	U	U	U	U
chr22	48144400	48144600	U	U	U	U
chr22	48145000	48145200	U	U	U	U
chr22	48145800	48146000	U	U	U	U
chr22	48148000	48148200	U	U	U	U
chr22	48148200	48148400	U	U	U	U
chr22	48152000	48152200	U	U	U	U
chr22	48152200	48152400	U	U	U	U
chr22	48152600	48152800	U	U	U	U
chr22	48154400	48154600	U	U	U	U
chr22	48155600	48155800	U	U	U	U
chr22	48158400	48158600	U	U	U	U
chr22	48164600	48164800	U	U	U	U
chr22	48168600	48168800	U	U	U	U
chr22	48169400	48169600	U	U	U	U
chr22	48171000	48171200	U	U	B	U
chr22	48180600	48180800	U	U	U	U
chr22	48183200	48183400	U	U	U	U
chr22	48186800	48187000	U	U	U	U
chr22	48188400	48188600	U	U	U	U
chr22	48193800	48194000	U	U	U	U
chr22	48194200	48194400	U	U	U	U
chr22	48196400	48196600	U	U	U	U
chr22	48206000	48206200	U	U	U	U
chr22	48207400	48207600	U	U	U	U
chr22	48208000	48208200	U	U	U	U
chr22	48209200	48209400	U	U	U	U
chr22	48209600	48209800	U	U	U	U
chr22	48210000	48210200	U	U	U	U
chr22	48210200	48210400	U	U	U	U
chr22	48210800	48211000	U	U	U	U
chr22	48215000	48215200	U	U	U	U
chr22	48224600	48224800	U	U	U	U
chr22	48230400	48230600	U	U	U	U
chr22	48230600	48230800	U	U	U	U
chr22	48239400	48239600	U	U	U	U
chr22	48244800	48245000	U	U	U	U
chr22	48245400	48245600	U	U	U	U
chr22	48246200	48246400	U	U	U	U
chr22	48250200	48250400	U	U	U	U
chr22	48250600	48250800	U	U	U	U
chr22	48254400	48254600	U	U	U	U
chr22	48254800	48255000	U	U	U	U
chr22	48256400	48256600	U	U	U	U
chr22	48260200	48260400	U	U	U	U
chr22	48262800	48263000	U	U	U	U
chr22	48263200	48263400	U	U	U	U
chr22	48263600	48263800	U	U	U	U
chr22	48263800	48264000	U	U	U	U
chr22	48264200	48264400	U	U	U	U
chr22	48264400	48264600	U	U	U	U
chr22	48266200	48266400	U	U	U	U
chr22	48266600	48266800	U	U	U	U
chr22	48270200	48270400	U	U	U	U
chr22	48278000	48278200	U	U	U	U
chr22	48279400	48279600	U	U	U	U
chr22	48299400	48299600	U	U	U	U
chr22	48299600	48299800	U	U	U	U
chr22	48299800	48300000	U	U	U	U
chr22	48310200	48310400	U	U	U	U
chr22	48313400	48313600	U	U	U	U
chr22	48316200	48316400	U	U	U	U
chr22	48324400	48324600	U	U	U	U
chr22	48326600	48326800	U	U	U	U
chr22	48326800	48327000	U	U	U	U
chr22	48328200	48328400	U	U	U	U
chr22	48329200	48329400	U	U	U	U
chr22	48335000	48335200	U	U	U	U
chr22	48335200	48335400	U	U	U	U
chr22	48336400	48336600	U	U	U	U
chr22	48338800	48339000	U	U	U	U
chr22	48340200	48340400	U	U	U	U
chr22	48340800	48341000	U	U	U	U
chr22	48342200	48342400	U	U	U	U
chr22	48342400	48342600	U	U	U	U
chr22	48352000	48352200	U	U	U	U
chr22	48360000	48360200	U	U	U	U
chr22	48360400	48360600	U	U	U	U
chr22	48362400	48362600	U	U	U	U
chr22	48369400	48369600	U	U	U	U
chr22	48369600	48369800	U	U	U	U
chr22	48370400	48370600	U	U	U	U
chr22	48371200	48371400	U	U	U	U
chr22	48372200	48372400	U	U	U	U
chr22	48375400	48375600	U	U	U	U
chr22	48379200	48379400	U	U	U	U
chr22	48382600	48382800	U	U	U	U
chr22	48394200	48394400	U	U	U	U
chr22	48396600	48396800	U	U	U	U
chr22	48402600	48402800	U	U	U	U
chr22	48415400	48415600	U	U	U	U
chr22	48416200	48416400	U	U	U	U
chr22	48417000	48417200	U	U	U	U
chr22	48417800	48418000	U	U	U	U
chr22	48418800	48419000	U	U	U	U
chr22	48420800	48421000	U	U	U	U
chr22	48422200	48422400	U	U	U	U
chr22	48424600	48424800	U	U	U	U
chr22	48425200	48425400	U	U	U	U
chr22	48426000	48426200	U	U	U	U
chr22	48426600	48426800	U	U	U	U
chr22	48427200	48427400	U	U	U	U
chr22	48429800	48430000	U	U	U	U
chr22	48430200	48430400	U	U	U	U
chr22	48431600	48431800	U	U	U	U
chr22	48432600	48432800	U	U	U	U
chr22	48433600	48433800	U	U	U	U
chr22	48438200	48438400	U	U	U	U
chr22	48441600	48441800	U	U	U	U
chr22	48441800	48442000	U	U	U	U
chr22	48442600	48442800	U	U	U	U
chr22	48442800	48443000	U	U	U	U
chr22	48445600	48445800	U	U	U	U
chr22	48446600	48446800	U	U	U	U
chr22	48447000	48447200	U	U	U	U
chr22	48449800	48450000	U	U	U	U
chr22	48450400	48450600	U	U	U	U
chr22	48450800	48451000	U	U	U	U
chr22	48452000	48452200	U	U	U	U
chr22	48452800	48453000	U	U	U	U
chr22	48453000	48453200	U	U	U	U
chr22	48454800	48455000	U	U	U	U
chr22	48456000	48456200	U	U	U	U
chr22	48462200	48462400	U	U	U	U
chr22	48463200	48463400	U	U	U	U
chr22	48474600	48474800	U	U	U	U
chr22	48474800	48475000	U	U	U	U
chr22	48475200	48475400	U	U	U	U
chr22	48485400	48485600	U	U	U	U
chr22	48485800	48486000	U	U	U	U
chr22	48490000	48490200	U	U	U	U
chr22	48491600	48491800	U	U	U	U
chr22	48492200	48492400	U	U	U	U
chr22	48494000	48494200	U	U	U	U
chr22	48494600	48494800	U	U	U	U
chr22	48495600	48495800	U	U	U	U
chr22	48496800	48497000	U	U	U	U
chr22	48500400	48500600	U	U	U	U
chr22	48501000	48501200	U	U	U	U
chr22	48503000	48503200	U	U	U	U
chr22	48503800	48504000	U	U	U	U
chr22	48504000	48504200	U	U	U	U
chr22	48504800	48505000	U	U	U	U
chr22	48506400	48506600	U	U	U	U
chr22	48507400	48507600	U	U	U	U
chr22	48508200	48508400	U	U	U	U
chr22	48508400	48508600	U	U	U	U
chr22	48515400	48515600	U	U	U	U
chr22	48516000	48516200	U	U	U	U
chr22	48517200	48517400	U	U	U	U
chr22	48518000	48518200	U	U	U	U
chr22	48518400	48518600	U	U	U	U
chr22	48518800	48519000	U	U	U	U
chr22	48519200	48519400	U	U	U	U
chr22	48521600	48521800	U	U	U	U
chr22	48522200	48522400	U	U	U	U
chr22	48523000	48523200	U	U	U	U
chr22	48523200	48523400	U	U	U	U
chr22	48524200	48524400	U	U	U	U
chr22	48528800	48529000	U	U	U	U
chr22	48530800	48531000	U	U	U	U
chr22	48531000	48531200	U	U	U	U
chr22	48532200	48532400	U	U	U	U
chr22	48533200	48533400	U	U	U	U
chr22	48534800	48535000	U	U	U	U
chr22	48536000	48536200	U	U	U	U
chr22	48539200	48539400	U	U	U	U
chr22	48540400	48540600	U	U	U	U
chr22	48541400	48541600	U	U	U	U
chr22	48543400	48543600	U	U	U	U
chr22	48544200	48544400	U	U	U	U
chr22	48546800	48547000	U	U	U	U
chr22	48547000	48547200	U	U	U	U
chr22	48547200	48547400	U	U	U	U
chr22	48548200	48548400	U	U	U	U
chr22	48550800	48551000	U	U	U	U
chr22	48551000	48551200	U	U	U	U
chr22	48553800	48554000	U	U	U	U
chr22	48555600	48555800	U	U	U	U
chr22	48556800	48557000	U	U	U	U
chr22	48557600	48557800	U	U	U	U
chr22	48558600	48558800	U	U	U	U
chr22	48559600	48559800	U	U	U	U
chr22	48561400	48561600	U	U	U	U
chr22	48561600	48561800	U	U	U	U
chr22	48563400	48563600	U	U	U	U
chr22	48565000	48565200	U	U	U	U
chr22	48568000	48568200	U	U	U	U
chr22	48568400	48568600	U	U	U	U
chr22	48573800	48574000	U	U	U	U
chr22	48577200	48577400	U	U	U	U
chr22	48578400	48578600	U	U	U	U
chr22	48586800	48587000	U	U	U	U
chr22	48587600	48587800	U	U	U	U
chr22	48587800	48588000	U	U	U	U
chr22	48592000	48592200	U	U	U	U
chr22	48595200	48595400	U	U	U	U
chr22	48595600	48595800	U	U	U	U
chr22	48600200	48600400	U	U	U	U
chr22	48603000	48603200	U	U	U	U
chr22	48608800	48609000	U	U	U	U
chr22	48614000	48614200	U	U	U	U
chr22	48615000	48615200	U	U	U	U
chr22	48615400	48615600	U	U	U	U
chr22	48622200	48622400	U	U	U	U
chr22	48623600	48623800	U	U	U	U
chr22	48628000	48628200	U	U	U	U
chr22	48628400	48628600	U	U	U	U
chr22	48630600	48630800	U	U	U	U
chr22	48643400	48643600	U	U	U	U
chr22	48643600	48643800	U	U	U	U
chr22	48645200	48645400	U	U	U	U
chr22	48646800	48647000	U	U	U	U
chr22	48648000	48648200	U	U	U	U
chr22	48650600	48650800	U	U	U	U
chr22	48652000	48652200	U	U	U	U
chr22	48652400	48652600	U	U	U	U
chr22	48652800	48653000	U	U	U	U
chr22	48653200	48653400	U	U	U	U
chr22	48653600	48653800	U	U	U	U
chr22	48658000	48658200	U	U	U	U
chr22	48659600	48659800	U	U	U	U
chr22	48660000	48660200	U	U	U	U
chr22	48662200	48662400	U	U	U	U
chr22	48662400	48662600	U	U	U	U
chr22	48663200	48663400	U	U	U	U
chr22	48665800	48666000	U	U	U	U
chr22	48670800	48671000	U	U	U	U
chr22	48671600	48671800	U	U	U	U
chr22	48673000	48673200	U	U	U	U
chr22	48675600	48675800	U	U	U	U
chr22	48677000	48677200	U	U	U	U
chr22	48677400	48677600	U	U	U	U
chr22	48678000	48678200	U	U	U	U
chr22	48678400	48678600	U	U	U	U
chr22	48681800	48682000	U	U	U	U
chr22	48683200	48683400	U	U	U	U
chr22	48688200	48688400	U	U	U	U
chr22	48689200	48689400	U	U	U	U
chr22	48691000	48691200	U	U	U	U
chr22	48692200	48692400	U	U	U	U
chr22	48700200	48700400	U	U	U	U
chr22	48701000	48701200	U	U	U	U
chr22	48703400	48703600	U	U	U	U
chr22	48705200	48705400	U	U	U	U
chr22	48708600	48708800	U	U	U	U
chr22	48709000	48709200	U	U	U	U
chr22	48710200	48710400	U	U	U	U
chr22	48714200	48714400	U	U	U	U
chr22	48717400	48717600	U	U	U	U
chr22	48718000	48718200	U	U	U	U
chr22	48718400	48718600	U	U	U	U
chr22	48722800	48723000	U	U	U	U
chr22	48723000	48723200	U	U	U	U
chr22	48724600	48724800	U	U	U	U
chr22	48727400	48727600	U	U	U	U
chr22	48728600	48728800	U	U	U	U
chr22	48729000	48729200	U	U	U	U
chr22	48735400	48735600	U	U	U	U
chr22	48739200	48739400	U	U	U	U
chr22	48740200	48740400	U	U	U	U
chr22	48745600	48745800	U	U	U	U
chr22	48747200	48747400	U	U	U	U
chr22	48748400	48748600	U	U	U	U
chr22	48750200	48750400	U	U	U	U
chr22	48751800	48752000	U	U	U	U
chr22	48753200	48753400	U	U	U	U
chr22	48755400	48755600	U	U	U	U
chr22	48756200	48756400	U	U	U	U
chr22	48757600	48757800	U	U	U	U
chr22	48758200	48758400	U	U	U	U
chr22	48777600	48777800	U	U	U	U
chr22	48779000	48779200	U	U	U	U
chr22	48779600	48779800	U	U	U	U
chr22	48783400	48783600	U	U	U	U
chr22	48784400	48784600	U	U	U	U
chr22	48796400	48796600	U	U	U	U
chr22	48798600	48798800	U	U	U	U
chr22	48802800	48803000	U	U	U	U
chr22	48803400	48803600	U	U	U	U
chr22	48804000	48804200	U	U	U	U
chr22	48804200	48804400	U	U	U	U
chr22	48805000	48805200	U	U	U	U
chr22	48806400	48806600	U	U	U	U
chr22	48806800	48807000	U	U	U	U
chr22	48807600	48807800	U	U	U	U
chr22	48807800	48808000	U	U	U	U
chr22	48808600	48808800	U	U	U	U
chr22	48821200	48821400	U	U	U	U
chr22	48824200	48824400	U	U	U	U
chr22	48825000	48825200	U	U	U	U
chr22	48826200	48826400	U	U	U	U
chr22	48827400	48827600	U	U	U	U
chr22	48827800	48828000	U	U	U	U
chr22	48828600	48828800	U	U	U	U
chr22	48836600	48836800	U	U	U	U
chr22	48838800	48839000	U	U	U	U
chr22	48840400	48840600	U	U	U	U
chr22	48841600	48841800	U	U	U	U
chr22	48841800	48842000	U	U	U	U
chr22	48842000	48842200	U	U	U	U
chr22	48845400	48845600	U	U	U	U
chr22	48854200	48854400	U	U	U	U
chr22	48856200	48856400	U	U	U	U
chr22	48856600	48856800	U	U	U	U
chr22	48857000	48857200	U	U	U	U
chr22	48858200	48858400	U	U	U	U
chr22	48864200	48864400	U	U	U	U
chr22	48864800	48865000	U	U	U	U
chr22	48870200	48870400	U	U	U	U
chr22	48870600	48870800	U	U	U	U
chr22	48871600	48871800	U	U	U	U
chr22	48884400	48884600	U	U	U	U
chr22	48886200	48886400	U	U	U	U
chr22	48889400	48889600	U	U	U	U
chr22	48892200	48892400	U	U	U	U
chr22	48892600	48892800	U	U	U	U
chr22	48894000	48894200	U	U	U	U
chr22	48894800	48895000	U	U	U	U
chr22	48895600	48895800	U	U	U	U
chr22	48897200	48897400	U	U	U	U
chr22	48897600	48897800	U	U	U	U
chr22	48899600	48899800	U	U	U	U
chr22	48900200	48900400	U	U	U	U
chr22	48901600	48901800	U	U	U	U
chr22	48902200	48902400	U	U	U	U
chr22	48902800	48903000	U	U	U	U
chr22	48906000	48906200	U	U	U	U
chr22	48913400	48913600	U	U	U	U
chr22	48921600	48921800	U	U	U	U
chr22	48929600	48929800	U	U	U	U
chr22	48939600	48939800	U	U	U	U
chr22	48941000	48941200	U	U	U	U
chr22	48944800	48945000	U	U	U	U
chr22	48945800	48946000	U	U	U	U
chr22	48950000	48950200	U	U	U	U
chr22	48950200	48950400	U	U	U	U
chr22	48950800	48951000	U	U	U	U
chr22	48952600	48952800	U	U	U	U
chr22	48957400	48957600	U	U	U	U
chr22	48958600	48958800	U	U	U	U
chr22	48977200	48977400	U	U	U	U
chr22	48980600	48980800	U	U	U	U
chr22	48981400	48981600	U	U	U	U
chr22	49004000	49004200	U	U	U	U
chr22	49006000	49006200	U	U	U	U
chr22	49006800	49007000	U	U	U	U
chr22	49009600	49009800	U	U	U	U
chr22	49010200	49010400	U	U	U	U
chr22	49010800	49011000	U	U	U	U
chr22	49018200	49018400	U	U	U	U
chr22	49018600	49018800	U	U	U	U
chr22	49021200	49021400	U	U	U	U
chr22	49024000	49024200	U	U	U	U
chr22	49025200	49025400	U	U	U	U
chr22	49028400	49028600	U	U	U	U
chr22	49034800	49035000	U	U	U	U
chr22	49035000	49035200	U	U	U	U
chr22	49036000	49036200	U	U	U	U
chr22	49037800	49038000	U	U	U	U
chr22	49038000	49038200	U	U	U	U
chr22	49040600	49040800	U	U	U	U
chr22	49040800	49041000	U	U	U	U
chr22	49041200	49041400	U	U	U	U
chr22	49041400	49041600	U	U	U	U
chr22	49042600	49042800	U	U	U	U
chr22	49046200	49046400	U	U	U	U
chr22	49047400	49047600	U	U	U	U
chr22	49048200	49048400	U	U	U	U
chr22	49052200	49052400	B	U	U	U
chr22	49052600	49052800	U	U	U	U
chr22	49059800	49060000	U	U	U	U
chr22	49062800	49063000	U	U	U	U
chr22	49064000	49064200	U	U	U	U
chr22	49064800	49065000	U	U	U	U
chr22	49067600	49067800	U	U	U	U
chr22	49070400	49070600	U	U	U	U
chr22	49076200	49076400	U	U	U	U
chr22	49079600	49079800	U	U	U	U
chr22	49079800	49080000	U	U	U	U
chr22	49080000	49080200	U	U	U	U
chr22	49081000	49081200	U	U	U	U
chr22	49081600	49081800	U	U	U	U
chr22	49086600	49086800	U	U	U	U
chr22	49088000	49088200	U	U	U	U
chr22	49088200	49088400	U	U	U	U
chr22	49093400	49093600	U	U	U	U
chr22	49095400	49095600	U	U	U	U
chr22	49100800	49101000	U	U	U	U
chr22	49102000	49102200	U	U	U	U
chr22	49104800	49105000	U	U	U	U
chr22	49105000	49105200	U	U	U	U
chr22	49106000	49106200	U	U	U	U
chr22	49106800	49107000	U	U	U	U
chr22	49107800	49108000	U	U	U	U
chr22	49110600	49110800	U	U	U	U
chr22	49111200	49111400	U	U	U	U
chr22	49114000	49114200	U	U	U	U
chr22	49114200	49114400	U	U	U	U
chr22	49116400	49116600	U	U	U	U
chr22	49117800	49118000	U	U	U	U
chr22	49118000	49118200	U	U	U	U
chr22	49137400	49137600	U	U	U	U
chr22	49146800	49147000	U	U	U	U
chr22	49150400	49150600	U	U	U	U
chr22	49150600	49150800	U	U	U	U
chr22	49152600	49152800	U	U	U	U
chr22	49153600	49153800	U	U	U	U
chr22	49154800	49155000	U	U	U	U
chr22	49155400	49155600	U	U	U	U
chr22	49155600	49155800	U	U	U	U
chr22	49156800	49157000	U	U	U	U
chr22	49159400	49159600	U	U	U	U
chr22	49161200	49161400	U	U	U	U
chr22	49166600	49166800	U	U	U	U
chr22	49178200	49178400	U	U	U	U
chr22	49183000	49183200	U	U	U	U
chr22	49191800	49192000	U	U	U	U
chr22	49192600	49192800	U	U	U	U
chr22	49193000	49193200	U	U	U	U
chr22	49197400	49197600	U	U	U	U
chr22	49198400	49198600	U	U	U	U
chr22	49203200	49203400	U	U	U	U
chr22	49206600	49206800	U	U	U	U
chr22	49207200	49207400	U	U	U	U
chr22	49207400	49207600	U	U	U	U
chr22	49208800	49209000	U	U	B	U
chr22	49209800	49210000	U	U	U	U
chr22	49210600	49210800	U	U	U	U
chr22	49210800	49211000	U	U	U	U
chr22	49211400	49211600	U	U	U	U
chr22	49211800	49212000	U	U	U	U
chr22	49214000	49214200	U	U	U	U
chr22	49230200	49230400	U	U	B	U
chr22	49231400	49231600	U	U	U	U
chr22	49231800	49232000	U	U	U	U
chr22	49232000	49232200	U	U	U	U
chr22	49235200	49235400	U	U	U	U
chr22	49235600	49235800	U	U	U	U
chr22	49238200	49238400	U	U	U	U
chr22	49241000	49241200	U	U	U	U
chr22	49242400	49242600	U	U	U	U
chr22	49244400	49244600	U	U	U	U
chr22	49244800	49245000	U	U	U	U
chr22	49245000	49245200	U	U	U	U
chr22	49246800	49247000	U	U	U	U
chr22	49254600	49254800	U	U	U	U
chr22	49254800	49255000	U	U	U	U
chr22	49255400	49255600	U	U	U	U
chr22	49255600	49255800	U	U	U	U
chr22	49258400	49258600	U	U	U	U
chr22	49259000	49259200	U	U	U	U
chr22	49261600	49261800	U	U	U	U
chr22	49261800	49262000	U	U	U	U
chr22	49270000	49270200	U	U	U	U
chr22	49272000	49272200	U	U	U	U
chr22	49272400	49272600	U	U	U	U
chr22	49276800	49277000	U	U	U	U
chr22	49278400	49278600	U	U	U	U
chr22	49283200	49283400	U	U	U	U
chr22	49285200	49285400	U	U	U	U
chr22	49290600	49290800	U	U	U	U
chr22	49291000	49291200	U	U	U	U
chr22	49291200	49291400	U	U	U	U
chr22	49294400	49294600	U	U	U	U
chr22	49295000	49295200	U	U	U	U
chr22	49295400	49295600	U	U	U	U
chr22	49296000	49296200	U	U	U	U
chr22	49297200	49297400	U	U	U	U
chr22	49298600	49298800	U	U	U	U
chr22	49300800	49301000	U	U	U	U
chr22	49301200	49301400	U	U	U	U
chr22	49302000	49302200	U	U	U	U
chr22	49305000	49305200	B	U	U	U
chr22	49305800	49306000	U	U	U	U
chr22	49306800	49307000	U	U	U	U
chr22	49307000	49307200	U	U	U	U
chr22	49321800	49322000	U	U	U	U
chr22	49322600	49322800	U	U	U	U
chr22	49328400	49328600	U	U	U	U
chr22	49331200	49331400	U	U	U	U
chr22	49335000	49335200	U	U	U	U
chr22	49344200	49344400	U	U	U	U
chr22	49346000	49346200	U	U	U	U
chr22	49349200	49349400	U	U	U	U
chr22	49352000	49352200	U	U	U	U
chr22	49364000	49364200	U	U	U	U
chr22	49366400	49366600	U	U	U	U
chr22	49367400	49367600	U	U	B	U
chr22	49370000	49370200	U	U	U	U
chr22	49370600	49370800	U	U	U	U
chr22	49371000	49371200	U	U	U	U
chr22	49373200	49373400	B	U	U	U
chr22	49376800	49377000	U	U	U	U
chr22	49377000	49377200	U	U	U	U
chr22	49377400	49377600	U	U	U	U
chr22	49379400	49379600	U	U	U	U
chr22	49379800	49380000	U	U	U	U
chr22	49380200	49380400	U	U	U	U
chr22	49381200	49381400	U	U	U	U
chr22	49381400	49381600	U	U	U	U
chr22	49391600	49391800	U	U	U	U
chr22	49391800	49392000	U	U	U	U
chr22	49392000	49392200	U	U	U	U
chr22	49393400	49393600	U	U	U	U
chr22	49400600	49400800	U	U	U	U
chr22	49400800	49401000	U	U	U	U
chr22	49401200	49401400	U	U	U	U
chr22	49411400	49411600	U	U	U	U
chr22	49414200	49414400	U	U	U	U
chr22	49418000	49418200	U	U	U	U
chr22	49418600	49418800	U	U	U	U
chr22	49424000	49424200	U	U	U	U
chr22	49424800	49425000	U	U	U	U
chr22	49426200	49426400	U	U	U	U
chr22	49429400	49429600	B	U	U	U
chr22	49433800	49434000	U	U	U	U
chr22	49434000	49434200	U	U	U	U
chr22	49436800	49437000	U	U	U	U
chr22	49437800	49438000	U	U	U	U
chr22	49446200	49446400	U	U	U	U
chr22	49454200	49454400	U	U	U	U
chr22	49454400	49454600	U	U	U	U
chr22	49454600	49454800	U	U	U	U
chr22	49459200	49459400	U	U	U	U
chr22	49460400	49460600	U	U	U	U
chr22	49461000	49461200	U	U	U	U
chr22	49461800	49462000	U	U	U	U
chr22	49462000	49462200	U	U	U	U
chr22	49467600	49467800	U	U	U	U
chr22	49469000	49469200	U	U	U	U
chr22	49469800	49470000	U	U	U	U
chr22	49470000	49470200	U	U	U	U
chr22	49471000	49471200	U	U	U	U
chr22	49471200	49471400	U	U	U	U
chr22	49473400	49473600	U	U	U	U
chr22	49480600	49480800	U	U	U	U
chr22	49482000	49482200	B	U	U	U
chr22	49482600	49482800	U	U	U	U
chr22	49488600	49488800	U	U	U	U
chr22	49490400	49490600	U	U	U	U
chr22	49493000	49493200	U	U	U	U
chr22	49502400	49502600	U	U	U	B
chr22	49503600	49503800	U	U	U	U
chr22	49504600	49504800	U	U	U	U
chr22	49506000	49506200	U	U	U	U
chr22	49506200	49506400	U	U	U	U
chr22	49513000	49513200	U	U	U	U
chr22	49514600	49514800	U	U	U	U
chr22	49516200	49516400	U	U	U	U
chr22	49517200	49517400	U	U	U	U
chr22	49517600	49517800	U	U	U	U
chr22	49518600	49518800	U	U	U	U
chr22	49518800	49519000	U	U	U	U
chr22	49526200	49526400	U	U	U	U
chr22	49526600	49526800	U	U	U	U
chr22	49530800	49531000	U	U	U	U
chr22	49531400	49531600	U	U	U	U
chr22	49532800	49533000	U	U	U	U
chr22	49533600	49533800	U	U	U	U
chr22	49534200	49534400	U	U	U	U
chr22	49535400	49535600	U	U	U	U
chr22	49537200	49537400	U	U	U	U
chr22	49540400	49540600	U	U	U	U
chr22	49550000	49550200	U	U	U	U
chr22	49550200	49550400	U	U	U	U
chr22	49552000	49552200	U	U	U	U
chr22	49554600	49554800	U	U	U	U
chr22	49560400	49560600	U	U	U	U
chr22	49562000	49562200	U	U	U	U
chr22	49564800	49565000	U	U	U	U
chr22	49566000	49566200	U	U	U	U
chr22	49566600	49566800	U	U	U	U
chr22	49567000	49567200	U	U	U	U
chr22	49569200	49569400	U	U	U	U
chr22	49570800	49571000	U	U	U	U
chr22	49574200	49574400	U	U	U	U
chr22	49575800	49576000	U	U	U	U
chr22	49576600	49576800	U	U	U	U
chr22	49577000	49577200	U	U	U	U
chr22	49582200	49582400	U	U	U	U
chr22	49583600	49583800	U	U	U	U
chr22	49585600	49585800	U	U	U	U
chr22	49587600	49587800	U	U	U	U
chr22	49588000	49588200	U	U	U	U
chr22	49590000	49590200	U	U	U	U
chr22	49593400	49593600	U	U	U	U
chr22	49593600	49593800	U	U	U	U
chr22	49594200	49594400	U	U	U	U
chr22	49596600	49596800	U	U	U	U
chr22	49598400	49598600	U	U	U	U
chr22	49602000	49602200	U	U	U	U
chr22	49603000	49603200	U	U	U	U
chr22	49606400	49606600	U	U	U	U
chr22	49609400	49609600	U	U	U	U
chr22	49613200	49613400	U	U	U	U
chr22	49614200	49614400	U	U	U	U
chr22	49614800	49615000	U	U	U	U
chr22	49615200	49615400	U	U	U	U
chr22	49617800	49618000	U	U	U	U
chr22	49618400	49618600	U	U	U	U
chr22	49619200	49619400	U	U	U	U
chr22	49621600	49621800	U	U	U	U
chr22	49627000	49627200	U	U	U	U
chr22	49632200	49632400	U	U	U	U
chr22	49633200	49633400	U	U	U	U
chr22	49634000	49634200	U	U	U	U
chr22	49638200	49638400	U	U	U	U
chr22	49640600	49640800	U	U	U	U
chr22	49641800	49642000	U	U	U	U
chr22	49643000	49643200	U	U	U	U
chr22	49647400	49647600	U	U	U	U
chr22	49648000	49648200	U	U	U	U
chr22	49650800	49651000	U	U	U	U
chr22	49656000	49656200	U	U	U	U
chr22	49658200	49658400	U	U	U	U
chr22	49659000	49659200	U	U	U	U
chr22	49659800	49660000	U	U	U	U
chr22	49661400	49661600	U	U	U	U
chr22	49661600	49661800	U	U	U	U
chr22	49663600	49663800	U	U	U	U
chr22	49664200	49664400	U	U	U	U
chr22	49664600	49664800	U	U	U	U
chr22	49665000	49665200	U	U	U	U
chr22	49671200	49671400	U	U	U	U
chr22	49675800	49676000	U	U	U	U
chr22	49677800	49678000	U	U	U	U
chr22	49679000	49679200	U	U	U	U
chr22	49679200	49679400	U	U	U	U
chr22	49685800	49686000	U	U	U	U
chr22	49687800	49688000	U	U	U	U
chr22	49688400	49688600	U	U	U	U
chr22	49688600	49688800	U	U	U	U
chr22	49690000	49690200	U	U	U	U
chr22	49693800	49694000	U	U	U	U
chr22	49694200	49694400	U	U	U	U
chr22	49704000	49704200	B	U	U	U
chr22	49709400	49709600	U	U	U	U
chr22	49712200	49712400	U	U	B	U
chr22	49713000	49713200	U	U	U	U
chr22	49718000	49718200	U	U	U	U
chr22	49720200	49720400	U	U	U	U
chr22	49725800	49726000	U	U	U	U
chr22	49726000	49726200	U	U	U	U
chr22	49726400	49726600	U	U	U	U
chr22	49728000	49728200	U	U	U	U
chr22	49729000	49729200	U	U	U	U
chr22	49734600	49734800	U	U	U	U
chr22	49734800	49735000	U	U	U	U
chr22	49748400	49748600	U	U	U	U
chr22	49749800	49750000	U	U	U	U
chr22	49753600	49753800	U	U	U	U
chr22	49754400	49754600	U	U	U	U
chr22	49757000	49757200	U	U	U	U
chr22	49758600	49758800	U	U	U	U
chr22	49763800	49764000	U	U	U	U
chr22	49764200	49764400	U	U	U	U
chr22	49769800	49770000	U	U	U	U
chr22	49770000	49770200	U	U	U	U
chr22	49770200	49770400	U	U	U	U
chr22	49771000	49771200	U	U	U	U
chr22	49774000	49774200	U	U	U	U
chr22	49774600	49774800	U	U	U	U
chr22	49775000	49775200	U	U	U	U
chr22	49775600	49775800	U	U	U	U
chr22	49776400	49776600	U	U	U	U
chr22	49776600	49776800	U	U	U	U
chr22	49778200	49778400	U	U	U	U
chr22	49780200	49780400	U	U	U	U
chr22	49780600	49780800	U	U	U	U
chr22	49780800	49781000	U	U	U	U
chr22	49781000	49781200	U	U	U	U
chr22	49785200	49785400	U	U	U	U
chr22	49785800	49786000	B	U	U	U
chr22	49787200	49787400	U	U	U	U
chr22	49788000	49788200	U	U	U	U
chr22	49788800	49789000	U	U	U	U
chr22	49789000	49789200	U	U	U	U
chr22	49794400	49794600	U	U	U	U
chr22	49795000	49795200	U	U	U	U
chr22	49798000	49798200	U	U	U	U
chr22	49798200	49798400	U	U	U	U
chr22	49798400	49798600	U	U	U	U
chr22	49798800	49799000	U	U	U	U
chr22	49801600	49801800	U	U	U	U
chr22	49802800	49803000	U	U	U	U
chr22	49805400	49805600	U	U	U	U
chr22	49811800	49812000	U	U	U	U
chr22	49814000	49814200	U	U	U	U
chr22	49814200	49814400	U	U	U	U
chr22	49815000	49815200	U	U	U	U
chr22	49817000	49817200	U	U	U	U
chr22	49817200	49817400	U	U	U	U
chr22	49818000	49818200	U	U	U	U
chr22	49821800	49822000	U	U	U	U
chr22	49825600	49825800	U	U	U	U
chr22	49826600	49826800	B	U	U	U
chr22	49846000	49846200	U	U	U	U
chr22	49848400	49848600	U	U	U	U
chr22	49850400	49850600	U	U	U	U
chr22	49850800	49851000	U	U	U	U
chr22	49851800	49852000	U	U	U	U
chr22	49853400	49853600	B	U	U	U
chr22	49854000	49854200	U	U	U	U
chr22	49855000	49855200	U	U	U	U
chr22	49882800	49883000	U	U	U	U
chr22	49883400	49883600	U	U	U	U
chr22	49884400	49884600	U	U	U	U
chr22	49885200	49885400	U	U	U	U
chr22	49887600	49887800	U	U	U	U
chr22	49889600	49889800	U	U	U	U
chr22	49896000	49896200	U	U	U	U
chr22	49903800	49904000	U	U	U	U
chr22	49904000	49904200	U	U	U	U
chr22	49907000	49907200	U	U	U	U
chr22	49907800	49908000	U	U	U	U
chr22	49909600	49909800	U	U	U	U
chr22	49910400	49910600	U	U	U	U
chr22	49913400	49913600	U	U	U	U
chr22	49914000	49914200	U	U	U	U
chr22	49917000	49917200	U	U	U	U
chr22	49918200	49918400	B	U	B	U
chr22	49923000	49923200	U	U	U	U
chr22	49924400	49924600	U	U	U	U
chr22	49927000	49927200	U	U	U	U
chr22	49927200	49927400	U	U	U	U
chr22	49927400	49927600	U	U	U	U
chr22	49927600	49927800	U	U	U	U
chr22	49927800	49928000	U	U	U	U
chr22	49928200	49928400	U	U	U	U
chr22	49928800	49929000	U	U	U	U
chr22	49929800	49930000	B	U	B	U
chr22	49936800	49937000	U	U	U	U
chr22	49937000	49937200	U	U	U	U
chr22	49941600	49941800	U	U	U	U
chr22	49943200	49943400	U	U	U	U
chr22	49943600	49943800	U	U	U	U
chr22	49947400	49947600	U	U	U	U
chr22	49948800	49949000	U	U	U	U
chr22	49949000	49949200	U	U	U	U
chr22	49949600	49949800	U	U	U	U
chr22	49950200	49950400	U	U	U	U
chr22	49951600	49951800	U	U	U	U
chr22	49953600	49953800	U	U	U	U
chr22	49954200	49954400	U	U	U	U
chr22	49956000	49956200	U	U	U	U
chr22	49957600	49957800	U	U	U	U
chr22	49957800	49958000	U	U	U	U
chr22	49959400	49959600	U	U	U	U
chr22	49960400	49960600	B	U	U	U
chr22	49960800	49961000	B	U	U	U
chr22	49961600	49961800	U	U	U	U
chr22	49964400	49964600	U	U	U	U
chr22	49966000	49966200	U	U	U	U
chr22	49966200	49966400	U	U	U	U
chr22	49966800	49967000	U	U	U	U
chr22	49967600	49967800	U	U	U	U
chr22	49968000	49968200	U	U	U	U
chr22	49968600	49968800	U	U	U	U
chr22	49972400	49972600	U	U	U	U
chr22	49983400	49983600	U	U	U	U
chr22	49994400	49994600	U	U	U	U
chr22	49996000	49996200	U	U	U	U
chr22	49996200	49996400	U	U	U	U
chr22	49996400	49996600	U	U	U	U
chr22	49996800	49997000	U	U	U	U
chr22	49997400	49997600	U	U	U	U
chr22	49998000	49998200	U	U	U	U
chr22	50000400	50000600	U	U	U	U
chr22	50000800	50001000	U	U	U	U
chr22	50009400	50009600	U	U	U	U
chr22	50012200	50012400	U	U	U	U
chr22	50014800	50015000	U	U	U	U
chr22	50015200	50015400	U	U	U	U
chr22	50028000	50028200	U	U	U	U
chr22	50030000	50030200	B	U	U	U
chr22	50033200	50033400	U	U	U	U
chr22	50034400	50034600	U	U	U	U
chr22	50035000	50035200	U	U	U	U
chr22	50035200	50035400	U	U	U	U
chr22	50036200	50036400	U	U	U	U
chr22	50041800	50042000	U	U	U	U
chr22	50045000	50045200	U	U	U	U
chr22	50046600	50046800	U	U	U	U
chr22	50046800	50047000	U	U	U	U
chr22	50049200	50049400	U	U	U	U
chr22	50050000	50050200	U	U	U	U
chr22	50056600	50056800	U	U	U	U
chr22	50059800	50060000	U	U	U	U
chr22	50060200	50060400	U	U	U	U
chr22	50061200	50061400	U	U	U	U
chr22	50062800	50063000	U	U	U	U
chr22	50064200	50064400	U	U	U	U
chr22	50071400	50071600	U	U	U	U
chr22	50072000	50072200	U	U	U	U
chr22	50073200	50073400	U	U	U	U
chr22	50077000	50077200	U	U	U	U
chr22	50079800	50080000	U	U	U	U
chr22	50084800	50085000	U	U	U	U
chr22	50085400	50085600	U	U	U	U
chr22	50087400	50087600	U	U	U	U
chr22	50107600	50107800	U	U	U	U
chr22	50112200	50112400	U	U	U	U
chr22	50112600	50112800	U	U	U	U
chr22	50112800	50113000	U	U	U	U
chr22	50114400	50114600	U	U	U	U
chr22	50115600	50115800	U	U	U	U
chr22	50116000	50116200	U	U	U	U
chr22	50119400	50119600	B	U	U	U
chr22	50119600	50119800	B	U	U	U
chr22	50119800	50120000	U	U	U	U
chr22	50120000	50120200	U	U	U	U
chr22	50125400	50125600	U	U	U	U
chr22	50126400	50126600	U	U	U	U
chr22	50145600	50145800	U	U	U	U
chr22	50146200	50146400	U	U	U	U
chr22	50149600	50149800	U	U	U	U
chr22	50150800	50151000	U	U	U	U
chr22	50151400	50151600	U	U	U	U
chr22	50169400	50169600	U	U	U	U
chr22	50171000	50171200	U	U	U	U
chr22	50171400	50171600	U	U	U	U
chr22	50174600	50174800	U	U	U	U
chr22	50176000	50176200	U	U	U	U
chr22	50176600	50176800	U	U	U	U
chr22	50177000	50177200	U	U	U	U
chr22	50178800	50179000	U	U	U	U
chr22	50179200	50179400	U	U	U	U
chr22	50182600	50182800	U	U	U	U
chr22	50183000	50183200	U	U	U	U
chr22	50183600	50183800	U	U	U	U
chr22	50184400	50184600	U	U	U	U
chr22	50187200	50187400	U	U	U	U
chr22	50194400	50194600	U	U	U	U
chr22	50196000	50196200	U	U	U	U
chr22	50196400	50196600	U	U	U	U
chr22	50197000	50197200	U	U	U	U
chr22	50198200	50198400	U	U	U	U
chr22	50198800	50199000	U	U	U	U
chr22	50200200	50200400	B	U	U	U
chr22	50201400	50201600	B	U	U	U
chr22	50202200	50202400	U	U	U	U
chr22	50217400	50217600	U	U	U	U
chr22	50217600	50217800	U	U	U	U
chr22	50219800	50220000	B	U	U	U
chr22	50221400	50221600	U	U	U	U
chr22	50223200	50223400	U	U	U	U
chr22	50226600	50226800	U	U	U	U
chr22	50229600	50229800	U	U	U	U
chr22	50229800	50230000	U	U	U	U
chr22	50232600	50232800	U	U	U	U
chr22	50233400	50233600	U	U	U	U
chr22	50243800	50244000	U	U	U	U
chr22	50244200	50244400	B	U	U	U
chr22	50246200	50246400	U	U	U	U
chr22	50248200	50248400	U	U	U	U
chr22	50248400	50248600	U	U	U	U
chr22	50250200	50250400	U	U	U	U
chr22	50251200	50251400	B	U	B	U
chr22	50251800	50252000	U	U	U	U
chr22	50253200	50253400	U	U	U	U
chr22	50255800	50256000	U	U	U	U
chr22	50256000	50256200	U	U	U	U
chr22	50256800	50257000	U	U	U	U
chr22	50257800	50258000	U	U	U	U
chr22	50258000	50258200	U	U	U	U
chr22	50260000	50260200	U	U	U	U
chr22	50260800	50261000	B	U	U	U
chr22	50262400	50262600	B	U	U	U
chr22	50262800	50263000	B	U	U	U
chr22	50264600	50264800	U	U	U	U
chr22	50265200	50265400	U	U	U	U
chr22	50272200	50272400	U	U	U	U
chr22	50278000	50278200	U	U	U	U
chr22	50278600	50278800	U	U	U	U
chr22	50279000	50279200	U	U	U	U
chr22	50280600	50280800	U	U	U	U
chr22	50283800	50284000	U	U	U	U
chr22	50284400	50284600	U	U	U	U
chr22	50286800	50287000	U	U	U	U
chr22	50291600	50291800	U	U	U	U
chr22	50291800	50292000	U	U	U	U
chr22	50292600	50292800	U	U	U	U
chr22	50292800	50293000	U	U	U	U
chr22	50293600	50293800	U	U	U	U
chr22	50294000	50294200	U	U	U	U
chr22	50297000	50297200	U	U	U	U
chr22	50300200	50300400	U	U	U	U
chr22	50302600	50302800	U	U	U	U
chr22	50303400	50303600	U	U	U	U
chr22	50304000	50304200	B	U	U	U
chr22	50306200	50306400	U	U	U	U
chr22	50308400	50308600	B	U	U	U
chr22	50308600	50308800	B	U	U	U
chr22	50309200	50309400	U	U	U	U
chr22	50311200	50311400	U	U	U	U
chr22	50311400	50311600	U	U	U	U
chr22	50314800	50315000	B	U	U	U
chr22	50315200	50315400	U	U	U	U
chr22	50315600	50315800	U	U	U	U
chr22	50317600	50317800	U	U	U	U
chr22	50318600	50318800	U	U	U	U
chr22	50319800	50320000	B	U	U	U
chr22	50346800	50347000	U	U	U	U
chr22	50363400	50363600	U	U	U	U
chr22	50364200	50364400	U	U	U	U
chr22	50383400	50383600	U	U	U	U
chr22	50392800	50393000	U	U	U	U
chr22	50396800	50397000	U	U	U	U
chr22	50405000	50405200	U	U	U	U
chr22	50406400	50406600	U	U	U	U
chr22	50406800	50407000	U	U	U	U
chr22	50408400	50408600	U	U	U	U
chr22	50415000	50415200	U	U	U	U
chr22	50415400	50415600	U	U	U	U
chr22	50416000	50416200	U	U	U	U
chr22	50423000	50423200	U	U	U	U
chr22	50431000	50431200	U	U	U	U
chr22	50431800	50432000	U	U	U	U
chr22	50435000	50435200	U	U	U	U
chr22	50435400	50435600	U	U	U	U
chr22	50439200	50439400	U	U	U	U
chr22	50439400	50439600	U	U	U	U
chr22	50439800	50440000	U	U	U	U
chr22	50443600	50443800	U	U	U	U
chr22	50444200	50444400	U	U	U	U
chr22	50450600	50450800	U	U	U	U
chr22	50455000	50455200	U	U	U	U
chr22	50461200	50461400	U	U	U	U
chr22	50461400	50461600	U	U	U	U
chr22	50462200	50462400	U	U	U	U
chr22	50464400	50464600	U	U	U	U
chr22	50465200	50465400	U	U	U	U
chr22	50466200	50466400	U	U	U	U
chr22	50468600	50468800	U	U	U	U
chr22	50470400	50470600	U	U	U	U
chr22	50470600	50470800	U	U	U	U
chr22	50471400	50471600	U	U	U	U
chr22	50471600	50471800	U	U	U	U
chr22	50472000	50472200	U	U	U	U
chr22	50472200	50472400	U	U	U	U
chr22	50477800	50478000	U	U	U	U
chr22	50478000	50478200	U	U	U	U
chr22	50481800	50482000	B	U	U	U
chr22	50482800	50483000	U	U	U	U
chr22	50483000	50483200	U	U	U	U
chr22	50484000	50484200	U	U	U	U
chr22	50486800	50487000	U	U	U	U
chr22	50489600	50489800	U	U	U	U
chr22	50504600	50504800	U	U	U	U
chr22	50505800	50506000	U	U	U	U
chr22	50506000	50506200	U	U	U	U
chr22	50506800	50507000	B	U	U	U
chr22	50514800	50515000	U	U	U	U
chr22	50519400	50519600	U	U	U	U
chr22	50522400	50522600	U	U	U	U
chr22	50523800	50524000	U	U	U	U
chr22	50525400	50525600	B	U	B	B
chr22	50526600	50526800	B	U	U	U
chr22	50527000	50527200	B	U	U	U
chr22	50529400	50529600	U	U	U	U
chr22	50530600	50530800	U	U	U	U
chr22	50531200	50531400	U	U	U	U
chr22	50532000	50532200	U	U	U	U
chr22	50532600	50532800	U	U	U	U
chr22	50537800	50538000	U	U	U	U
chr22	50538000	50538200	U	U	U	U
chr22	50539400	50539600	B	U	B	U
chr22	50546400	50546600	U	U	U	U
chr22	50546800	50547000	B	U	U	U
chr22	50548200	50548400	U	U	U	U
chr22	50548800	50549000	U	U	U	U
chr22	50549200	50549400	U	U	U	U
chr22	50550200	50550400	U	U	U	U
chr22	50551800	50552000	U	U	U	U
chr22	50560600	50560800	U	U	U	U
chr22	50571200	50571400	U	U	U	U
chr22	50577000	50577200	U	U	U	U
chr22	50577600	50577800	U	U	U	U
chr22	50577800	50578000	U	U	U	U
chr22	50578800	50579000	U	U	U	U
chr22	50603400	50603600	U	U	U	U
chr22	50605000	50605200	U	U	U	U
chr22	50606600	50606800	U	U	U	U
chr22	50610400	50610600	U	U	U	U
chr22	50611000	50611200	U	U	U	U
chr22	50611400	50611600	U	U	U	U
chr22	50611600	50611800	U	U	U	U
chr22	50625200	50625400	U	U	U	U
chr22	50625800	50626000	U	U	U	U
chr22	50641600	50641800	U	U	U	U
chr22	50655800	50656000	U	U	U	U
chr22	50671200	50671400	U	U	U	U
chr22	50671400	50671600	U	U	U	U
chr22	50672800	50673000	U	U	U	U
chr22	50673000	50673200	U	U	U	U
chr22	50673200	50673400	U	U	U	U
chr22	50673800	50674000	U	U	U	U
chr22	50674000	50674200	U	U	U	U
chr22	50676600	50676800	U	U	U	U
chr22	50679000	50679200	U	U	U	U
chr22	50683000	50683200	U	U	U	U
chr22	50683200	50683400	U	U	U	U
chr22	50695000	50695200	U	U	U	U
chr22	50695400	50695600	U	U	U	U
chr22	50697000	50697200	U	U	U	U
chr22	50699400	50699600	U	U	U	U
chr22	50703000	50703200	U	U	U	U
chr22	50703200	50703400	U	U	U	U
chr22	50703800	50704000	U	U	U	U
chr22	50704600	50704800	U	U	U	U
chr22	50706200	50706400	U	U	U	U
chr22	50711600	50711800	U	U	U	U
chr22	50714600	50714800	U	U	U	U
chr22	50719600	50719800	U	U	U	U
chr22	50721600	50721800	U	U	U	U
chr22	50723000	50723200	U	U	U	U
chr22	50731600	50731800	U	U	U	U
chr22	50733800	50734000	U	U	U	U
chr22	50734000	50734200	U	U	U	U
chr22	50735400	50735600	U	U	U	U
chr22	50735600	50735800	U	U	U	U
chr22	50739200	50739400	U	U	U	U
chr22	50739600	50739800	U	U	U	U
chr22	50744000	50744200	U	U	U	U
chr22	50744400	50744600	U	U	U	U
chr22	50746600	50746800	U	U	U	U
chr22	50746800	50747000	U	U	U	U
chr22	50747400	50747600	U	U	U	U
chr22	50767600	50767800	U	U	U	U
chr22	50769200	50769400	U	U	U	U
chr22	50772400	50772600	U	U	U	U
chr22	50777200	50777400	U	U	U	U
chr22	50777800	50778000	U	U	U	U
chr22	50778000	50778200	U	U	U	U
chr22	50779200	50779400	U	U	U	U
chr22	50781600	50781800	U	U	U	U
chr22	50782200	50782400	U	U	U	U
chr22	50782400	50782600	U	U	U	U
chr22	50787000	50787200	U	U	U	U
chr22	50788400	50788600	U	U	U	U
chr22	50788800	50789000	U	U	U	U
chr22	50789400	50789600	U	U	U	U
chr22	50789600	50789800	U	U	U	U
chr22	50792600	50792800	U	U	U	U
chr22	50799000	50799200	U	U	U	U
chr22	50802400	50802600	U	U	U	U
