chr	start	end	ATAC	CTCF	REST	EP300
chr22	12602200	12602400	B	B	U	U
chr22	16391800	16392000	B	B	U	U
chr22	16783800	16784000	B	B	B	B
chr22	17009800	17010000	B	B	U	U
chr22	17058400	17058600	B	B	B	U
chr22	17095800	17096000	B	B	U	U
chr22	17366800	17367000	B	B	U	U
chr22	17486200	17486400	B	B	U	U
chr22	17563200	17563400	B	B	U	U
chr22	17563600	17563800	B	B	U	U
chr22	17888800	17889000	B	B	B	U
chr22	17889000	17889200	B	B	B	U
chr22	17920000	17920200	B	B	U	U
chr22	18078000	18078200	B	B	U	B
chr22	18122000	18122200	U	B	U	U
chr22	19035600	19035800	B	B	B	U
chr22	19035800	19036000	B	B	B	U
chr22	19037000	19037200	B	B	B	U
chr22	19039200	19039400	U	B	U	U
chr22	19175200	19175400	U	B	U	U
chr22	19175400	19175600	U	B	U	U
chr22	19179600	19179800	B	B	U	B
chr22	19447800	19448000	B	B	B	B
chr22	19477800	19478000	U	B	U	U
chr22	19479200	19479400	B	B	U	B
chr22	19577800	19578000	U	B	B	U
chr22	19679600	19679800	B	B	B	B
chr22	19705400	19705600	U	B	U	U
chr22	19739800	19740000	U	B	U	U
chr22	19753400	19753600	U	B	B	U
chr22	19760200	19760400	U	B	U	U
chr22	19760400	19760600	U	B	U	U
chr22	19806600	19806800	B	B	B	B
chr22	19820800	19821000	U	B	B	U
chr22	19875800	19876000	U	B	U	U
chr22	19891600	19891800	B	B	B	B
chr22	19969800	19970000	U	B	U	U
chr22	19970600	19970800	B	B	B	B
chr22	19974800	19975000	B	B	U	B
chr22	20014800	20015000	U	B	U	U
chr22	20080600	20080800	B	B	U	U
chr22	20085000	20085200	B	B	U	U
chr22	20085200	20085400	B	B	U	U
chr22	20111400	20111600	B	B	U	U
chr22	20157000	20157200	B	B	B	U
chr22	20180200	20180400	B	B	U	U
chr22	20195400	20195600	U	B	U	U
chr22	20239800	20240000	U	B	U	U
chr22	20285800	20286000	B	B	B	U
chr22	20430000	20430200	U	B	U	U
chr22	20483000	20483200	U	B	B	U
chr22	20507600	20507800	B	B	U	B
chr22	20551600	20551800	U	B	U	U
chr22	20551800	20552000	U	B	U	U
chr22	20564200	20564400	B	B	U	B
chr22	20588400	20588600	B	B	U	U
chr22	20611600	20611800	U	B	U	U
chr22	20729400	20729600	U	B	U	U
chr22	20729600	20729800	U	B	U	U
chr22	20858800	20859000	B	B	U	B
chr22	20885400	20885600	B	B	B	U
chr22	20888800	20889000	U	B	U	U
chr22	20917200	20917400	B	B	U	B
chr22	20967800	20968000	B	B	U	U
chr22	20982000	20982200	B	B	U	B
chr22	21000600	21000800	B	B	U	B
chr22	21000800	21001000	B	B	U	B
chr22	21002200	21002400	B	B	U	U
chr22	21014200	21014400	B	B	U	B
chr22	21072600	21072800	U	B	U	U
chr22	21450200	21450400	U	B	U	U
chr22	21568600	21568800	B	B	U	B
chr22	21594000	21594200	B	B	U	U
chr22	21619000	21619200	U	B	U	U
chr22	21622200	21622400	U	B	U	U
chr22	21651800	21652000	B	B	U	U
chr22	21652800	21653000	U	B	U	U
chr22	21657400	21657600	B	B	U	U
chr22	21660200	21660400	B	B	U	U
chr22	21726600	21726800	B	B	U	U
chr22	21736200	21736400	B	B	U	U
chr22	21918000	21918200	B	B	U	U
chr22	21943400	21943600	U	B	U	U
chr22	21947600	21947800	B	B	U	B
chr22	21982800	21983000	B	B	U	B
chr22	21985000	21985200	B	B	U	B
chr22	22171600	22171800	B	B	B	U
chr22	22171800	22172000	B	B	B	U
chr22	22195400	22195600	B	B	B	B
chr22	22380600	22380800	B	B	U	U
chr22	22394800	22395000	U	B	U	U
chr22	22397200	22397400	B	B	B	U
chr22	22404000	22404200	B	B	U	U
chr22	22409200	22409400	B	B	U	U
chr22	22753000	22753200	B	B	U	U
chr22	22753600	22753800	B	B	B	B
chr22	22929600	22929800	U	B	U	U
chr22	23054400	23054600	B	B	U	U
chr22	23054600	23054800	B	B	U	U
chr22	23086800	23087000	B	B	U	B
chr22	23095000	23095200	B	B	U	U
chr22	23100800	23101000	U	B	U	U
chr22	23103400	23103600	U	B	U	U
chr22	23119800	23120000	B	B	U	U
chr22	23164400	23164600	U	B	U	U
chr22	23290400	23290600	B	B	U	U
chr22	23290600	23290800	B	B	U	U
chr22	23433400	23433600	B	B	U	U
chr22	23766800	23767000	B	B	B	U
chr22	23768400	23768600	B	B	B	U
chr22	23889000	23889200	B	B	U	U
chr22	23895600	23895800	B	B	U	U
chr22	24178600	24178800	U	B	U	U
chr22	24259400	24259600	U	B	U	U
chr22	24421400	24421600	B	B	B	U
chr22	24707600	24707800	B	B	U	U
chr22	24886600	24886800	U	B	U	U
chr22	25028400	25028600	B	B	B	U
chr22	25172400	25172600	U	B	U	U
chr22	25202400	25202600	B	B	B	U
chr22	25236000	25236200	B	B	B	U
chr22	25544000	25544200	U	B	U	U
chr22	25702200	25702400	U	B	B	U
chr22	25903200	25903400	U	B	U	U
chr22	26170800	26171000	U	B	B	U
chr22	26172600	26172800	B	B	U	U
chr22	26398800	26399000	B	B	B	U
chr22	26461200	26461400	B	B	B	U
chr22	26479000	26479200	B	B	U	U
chr22	26503000	26503200	B	B	U	U
chr22	26669000	26669200	U	B	U	U
chr22	26674600	26674800	U	B	U	U
chr22	26679200	26679400	B	B	B	U
chr22	26937200	26937400	U	B	U	U
chr22	27937600	27937800	U	B	U	U
chr22	27991200	27991400	B	B	U	U
chr22	28020200	28020400	B	B	B	U
chr22	28741600	28741800	B	B	U	U
chr22	29359600	29359800	U	B	U	U
chr22	29625600	29625800	B	B	U	U
chr22	29727200	29727400	B	B	U	U
chr22	29883600	29883800	B	B	U	U
chr22	30088800	30089000	U	B	B	U
chr22	30256000	30256200	B	B	B	U
chr22	30286800	30287000	B	B	B	U
chr22	30424000	30424200	B	B	B	U
chr22	30454200	30454400	U	B	U	U
chr22	30485400	30485600	B	B	B	U
chr22	30755400	30755600	B	B	B	U
chr22	30764000	30764200	B	B	B	U
chr22	30863400	30863600	B	B	U	U
chr22	30920400	30920600	B	B	B	U
chr22	31107600	31107800	B	B	B	U
chr22	31618400	31618600	U	B	U	U
chr22	31819000	31819200	U	B	U	U
chr22	31846800	31847000	B	B	U	U
chr22	31847000	31847200	B	B	U	U
chr22	31977400	31977600	B	B	B	U
chr22	32128000	32128200	B	B	U	U
chr22	32206800	32207000	B	B	U	U
chr22	32266400	32266600	B	B	U	U
chr22	32529000	32529200	B	B	B	U
chr22	32823200	32823400	B	B	B	U
chr22	33203400	33203600	U	B	B	U
chr22	33210400	33210600	B	B	U	U
chr22	33579600	33579800	U	B	U	U
chr22	33923600	33923800	U	B	U	U
chr22	35141000	35141200	B	B	B	U
chr22	35229800	35230000	U	B	U	U
chr22	35350800	35351000	B	B	B	U
chr22	35352400	35352600	B	B	U	U
chr22	35619800	35620000	U	B	U	U
chr22	35839000	35839200	U	B	B	U
chr22	36334000	36334200	B	B	U	U
chr22	36455000	36455200	B	B	B	U
chr22	36529200	36529400	B	B	U	B
chr22	36546400	36546600	B	B	U	U
chr22	36782000	36782200	B	B	U	U
chr22	36986400	36986600	U	B	U	U
chr22	37267000	37267200	B	B	B	U
chr22	37498400	37498600	B	B	U	U
chr22	37643400	37643600	B	B	B	U
chr22	37817600	37817800	B	B	B	U
chr22	38107200	38107400	U	B	U	U
chr22	38202400	38202600	B	B	U	U
chr22	38353200	38353400	B	B	B	U
chr22	38412800	38413000	B	B	B	U
chr22	38441200	38441400	U	B	U	U
chr22	38513200	38513400	B	B	U	U
chr22	38733200	38733400	B	B	U	U
chr22	38766200	38766400	B	B	U	U
chr22	38843400	38843600	B	B	U	U
chr22	38927200	38927400	U	B	U	U
chr22	38965800	38966000	B	B	U	U
chr22	39171000	39171200	B	B	B	U
chr22	39244000	39244200	U	B	U	U
chr22	39311000	39311200	B	B	B	U
chr22	39316600	39316800	B	B	U	U
chr22	39343600	39343800	B	B	U	U
chr22	39399800	39400000	B	B	U	U
chr22	39487200	39487400	B	B	U	U
chr22	39514400	39514600	U	B	B	U
chr22	39519800	39520000	B	B	U	U
chr22	39543200	39543400	B	B	B	U
chr22	40399400	40399600	B	B	B	U
chr22	40646200	40646400	B	B	B	U
chr22	40818800	40819000	B	B	U	U
chr22	41286400	41286600	B	B	U	U
chr22	41533400	41533600	B	B	B	U
chr22	41697000	41697200	B	B	B	U
chr22	41697200	41697400	B	B	B	U
chr22	42169000	42169200	B	B	B	U
chr22	42780200	42780400	B	B	U	U
chr22	42867600	42867800	B	B	B	U
chr22	42903000	42903200	U	B	U	U
chr22	43197000	43197200	U	B	U	U
chr22	43293600	43293800	B	B	U	U
chr22	43346400	43346600	B	B	B	U
chr22	43592400	43592600	U	B	U	U
chr22	43592800	43593000	U	B	U	U
chr22	43828000	43828200	U	B	U	U
chr22	43896400	43896600	U	B	U	U
chr22	43946000	43946200	B	B	B	U
chr22	44438200	44438400	U	B	U	U
chr22	44697400	44697600	B	B	B	U
chr22	45209200	45209400	B	B	B	U
chr22	45242800	45243000	U	B	U	U
chr22	45435600	45435800	B	B	B	U
chr22	45578200	45578400	B	B	B	U
chr22	46037000	46037200	U	B	U	U
chr22	46116600	46116800	B	B	B	U
chr22	46122600	46122800	B	B	B	U
chr22	46250600	46250800	B	B	U	U
chr22	46296600	46296800	B	B	B	U
chr22	46499800	46500000	U	B	U	U
chr22	46533600	46533800	B	B	U	U
chr22	46681000	46681200	B	B	U	U
chr22	46693800	46694000	U	B	U	U
chr22	46798800	46799000	B	B	B	U
chr22	46803400	46803600	B	B	B	U
chr22	47213800	47214000	U	B	U	U
chr22	47600000	47600200	U	B	U	U
chr22	48720000	48720200	B	B	U	U
chr22	49046600	49046800	B	B	B	U
chr22	49404200	49404400	U	B	U	U
chr22	49647600	49647800	U	B	U	U
chr22	49647800	49648000	U	B	U	U
chr22	49724800	49725000	B	B	B	U
chr22	49923600	49923800	U	B	U	U
chr22	49967400	49967600	U	B	U	U
chr22	50012800	50013000	B	B	B	U
chr22	50030400	50030600	B	B	B	U
chr22	50142000	50142200	U	B	U	U
chr22	50142200	50142400	U	B	U	U
chr22	50144000	50144200	U	B	U	U
chr22	50206600	50206800	U	B	U	U
chr22	50456800	50457000	B	B	U	U
chr22	50457000	50457200	B	B	U	U
chr22	50525800	50526000	B	B	B	U
chr22	50545400	50545600	B	B	U	U
chr22	50732200	50732400	B	B	B	U
chr22	10510000	10510200	U	U	U	U
chr22	10523000	10523200	U	U	U	U
chr22	10524200	10524400	U	U	U	U
chr22	10527400	10527600	U	U	U	U
chr22	10532800	10533000	U	U	U	U
chr22	10533000	10533200	U	U	U	U
chr22	10537600	10537800	U	U	U	U
chr22	10541200	10541400	U	U	U	U
chr22	10542800	10543000	U	U	U	U
chr22	10547600	10547800	U	U	U	U
chr22	10551200	10551400	U	U	U	U
chr22	10555000	10555200	U	U	U	U
chr22	10555200	10555400	U	U	U	U
chr22	10559800	10560000	U	U	U	U
chr22	10569600	10569800	U	U	U	U
chr22	10574000	10574200	U	U	U	U
chr22	10576400	10576600	U	U	U	U
chr22	10578600	10578800	U	U	U	U
chr22	10579400	10579600	U	U	U	U
chr22	10580200	10580400	U	U	U	U
chr22	10580600	10580800	U	U	U	U
chr22	10583000	10583200	U	U	U	U
chr22	10583800	10584000	U	U	U	U
chr22	10584000	10584200	U	U	U	U
chr22	10584200	10584400	U	U	U	U
chr22	10588800	10589000	U	U	U	U
chr22	10591200	10591400	U	U	U	U
chr22	10596200	10596400	U	U	U	U
chr22	10601600	10601800	U	U	U	U
chr22	10601800	10602000	U	U	U	U
chr22	10605400	10605600	U	U	U	U
chr22	10606400	10606600	U	U	U	U
chr22	10607200	10607400	U	U	U	U
chr22	10607400	10607600	U	U	U	U
chr22	10611600	10611800	U	U	U	U
chr22	10614600	10614800	U	U	U	U
chr22	10615600	10615800	U	U	U	U
chr22	10616200	10616400	U	U	U	U
chr22	10620600	10620800	U	U	U	U
chr22	10620800	10621000	U	U	U	U
chr22	10625000	10625200	U	U	U	U
chr22	10642200	10642400	U	U	U	U
chr22	10645000	10645200	U	U	U	U
chr22	10647400	10647600	U	U	U	U
chr22	10650800	10651000	U	U	U	U
chr22	10651600	10651800	U	U	U	U
chr22	10654800	10655000	U	U	U	U
chr22	10657600	10657800	U	U	U	U
chr22	10658000	10658200	U	U	U	U
chr22	10659400	10659600	U	U	U	U
chr22	10687200	10687400	U	U	U	U
chr22	10696600	10696800	U	U	U	U
chr22	10696800	10697000	U	U	U	U
chr22	10697400	10697600	U	U	U	U
chr22	10698200	10698400	U	U	U	U
chr22	10705600	10705800	U	U	U	U
chr22	10707400	10707600	U	U	U	U
chr22	10707600	10707800	U	U	U	U
chr22	10708000	10708200	U	U	U	U
chr22	10708800	10709000	U	U	U	U
chr22	10709000	10709200	U	U	U	U
chr22	10713600	10713800	U	U	U	U
chr22	10713800	10714000	U	U	U	U
chr22	10714000	10714200	U	U	U	U
chr22	10716000	10716200	U	U	U	U
chr22	10732600	10732800	U	U	U	U
chr22	10733400	10733600	U	U	U	U
chr22	10740600	10740800	U	U	U	U
chr22	10743000	10743200	U	U	U	U
chr22	10752800	10753000	U	U	U	U
chr22	10762400	10762600	U	U	U	U
chr22	10834800	10835000	U	U	U	U
chr22	10835000	10835200	U	U	U	U
chr22	10845400	10845600	U	U	U	U
chr22	10847400	10847600	U	U	U	U
chr22	10848800	10849000	U	U	U	U
chr22	10853000	10853200	U	U	U	U
chr22	10855600	10855800	U	U	U	U
chr22	10857800	10858000	U	U	U	U
chr22	10864200	10864400	U	U	U	U
chr22	10871600	10871800	U	U	U	U
chr22	10871800	10872000	U	U	U	U
chr22	10872600	10872800	U	U	U	U
chr22	10934400	10934600	U	U	U	U
chr22	10934600	10934800	U	U	U	U
chr22	10935400	10935600	U	U	U	U
chr22	10941800	10942000	U	U	U	U
chr22	10942400	10942600	U	U	U	U
chr22	10942600	10942800	U	U	U	U
chr22	10944800	10945000	U	U	U	U
chr22	10945200	10945400	U	U	U	U
chr22	10945800	10946000	U	U	U	U
chr22	10948600	10948800	U	U	U	U
chr22	10949600	10949800	U	U	U	U
chr22	10953800	10954000	U	U	U	U
chr22	10958800	10959000	U	U	U	U
chr22	10960400	10960600	U	U	U	U
chr22	10961800	10962000	U	U	U	U
chr22	10963000	10963200	U	U	U	U
chr22	11020000	11020200	U	U	U	U
chr22	11024600	11024800	U	U	U	U
chr22	11041200	11041400	U	U	U	U
chr22	11047800	11048000	U	U	U	U
chr22	11053600	11053800	U	U	U	U
chr22	11054800	11055000	U	U	U	U
chr22	11055000	11055200	U	U	U	U
chr22	11056000	11056200	B	U	U	U
chr22	11124400	11124600	U	U	U	U
chr22	11124800	11125000	U	U	U	U
chr22	11125200	11125400	U	U	U	U
chr22	11125400	11125600	U	U	U	U
chr22	11140800	11141000	U	U	U	U
chr22	11142600	11142800	U	U	U	U
chr22	11143000	11143200	U	U	U	U
chr22	11145600	11145800	U	U	U	U
chr22	11146400	11146600	U	U	U	U
chr22	11147200	11147400	U	U	U	U
chr22	11147600	11147800	U	U	U	U
chr22	11159400	11159600	U	U	U	U
chr22	11253600	11253800	U	U	U	U
chr22	11253800	11254000	U	U	U	U
chr22	11254000	11254200	U	U	U	U
chr22	11254200	11254400	U	U	U	U
chr22	11254600	11254800	U	U	U	U
chr22	11257800	11258000	U	U	U	U
chr22	11258400	11258600	U	U	U	U
chr22	11260800	11261000	U	U	U	U
chr22	11272000	11272200	U	U	U	U
chr22	11278400	11278600	U	U	U	U
chr22	11280800	11281000	U	U	U	U
chr22	11282400	11282600	U	U	U	U
chr22	11283800	11284000	U	U	U	U
chr22	11284200	11284400	U	U	U	U
chr22	11285200	11285400	U	U	U	U
chr22	11286200	11286400	U	U	U	U
chr22	11286600	11286800	U	U	U	U
chr22	11287000	11287200	U	U	U	U
chr22	11298000	11298200	U	U	U	U
chr22	11316200	11316400	U	U	U	U
chr22	11326600	11326800	U	U	U	U
chr22	11354000	11354200	U	U	U	U
chr22	11355200	11355400	U	U	U	U
chr22	11355600	11355800	U	U	U	U
chr22	11361400	11361600	U	U	U	U
chr22	11437200	11437400	U	U	U	U
chr22	11442400	11442600	U	U	U	U
chr22	11475000	11475200	U	U	U	U
chr22	11475400	11475600	U	U	U	U
chr22	11477000	11477200	U	U	U	U
chr22	11477600	11477800	U	U	U	U
chr22	11489800	11490000	U	U	U	U
chr22	11494600	11494800	U	U	U	U
chr22	11554000	11554200	U	U	U	U
chr22	11555000	11555200	U	U	U	U
chr22	11564200	11564400	U	U	U	U
chr22	11564600	11564800	U	U	U	U
chr22	11565000	11565200	U	U	U	U
chr22	11565200	11565400	U	U	U	U
chr22	11578200	11578400	U	U	U	U
chr22	11596400	11596600	U	U	U	U
chr22	11600600	11600800	U	U	U	U
chr22	11600800	11601000	U	U	U	U
chr22	11603400	11603600	U	U	U	U
chr22	11604400	11604600	U	U	U	U
chr22	11606200	11606400	U	U	U	U
chr22	11614000	11614200	U	U	U	U
chr22	11618200	11618400	U	U	U	U
chr22	11624600	11624800	U	U	U	U
chr22	11625000	11625200	U	U	U	U
chr22	11629200	11629400	U	U	U	U
chr22	11692600	11692800	U	U	U	U
chr22	11692800	11693000	U	U	U	U
chr22	11693200	11693400	U	U	U	U
chr22	11695200	11695400	U	U	U	U
chr22	11698000	11698200	U	U	U	U
chr22	11775600	11775800	U	U	U	U
chr22	11781400	11781600	U	U	U	U
chr22	11782800	11783000	U	U	U	U
chr22	11812600	11812800	U	U	U	U
chr22	11821400	11821600	U	U	U	U
chr22	11829800	11830000	U	U	U	U
chr22	11843400	11843600	U	U	U	U
chr22	11847200	11847400	U	U	U	U
chr22	11847600	11847800	U	U	U	U
chr22	11855200	11855400	U	U	U	U
chr22	11855600	11855800	U	U	U	U
chr22	11856200	11856400	U	U	U	U
chr22	11859600	11859800	U	U	U	U
chr22	11863000	11863200	U	U	U	U
chr22	11863800	11864000	U	U	U	U
chr22	11865400	11865600	U	U	U	U
chr22	11866600	11866800	U	U	U	U
chr22	11868200	11868400	U	U	U	U
chr22	11868400	11868600	U	U	U	U
chr22	11869800	11870000	U	U	U	U
chr22	11875200	11875400	U	U	U	U
chr22	11876200	11876400	U	U	U	U
chr22	11877400	11877600	U	U	U	U
chr22	11878800	11879000	U	U	U	U
chr22	11880400	11880600	U	U	U	U
chr22	11882000	11882200	U	U	U	U
chr22	11882200	11882400	U	U	U	U
chr22	11882400	11882600	U	U	U	U
chr22	11883800	11884000	U	U	U	U
chr22	11884200	11884400	U	U	U	U
chr22	11884600	11884800	U	U	U	U
chr22	11885400	11885600	U	U	U	U
chr22	11886000	11886200	U	U	U	U
chr22	11889800	11890000	U	U	U	U
chr22	11898800	11899000	U	U	U	U
chr22	11899200	11899400	U	U	U	U
chr22	11902600	11902800	U	U	U	U
chr22	11904200	11904400	U	U	U	U
chr22	11904400	11904600	U	U	U	U
chr22	11909000	11909200	U	U	U	U
chr22	11913800	11914000	U	U	U	U
chr22	11914000	11914200	U	U	U	U
chr22	11915000	11915200	U	U	U	U
chr22	11931800	11932000	U	U	U	U
chr22	11933200	11933400	U	U	U	U
chr22	11949800	11950000	U	U	U	U
chr22	11955200	11955400	U	U	U	U
chr22	11955800	11956000	U	U	U	U
chr22	11972000	11972200	U	U	U	U
chr22	12030800	12031000	U	U	U	U
chr22	12038200	12038400	U	U	U	U
chr22	12040200	12040400	U	U	U	U
chr22	12049600	12049800	U	U	U	U
chr22	12050000	12050200	U	U	U	U
chr22	12051400	12051600	U	U	U	U
chr22	12053000	12053200	U	U	U	U
chr22	12055400	12055600	U	U	U	U
chr22	12055800	12056000	U	U	U	U
chr22	12064200	12064400	U	U	U	U
chr22	12065400	12065600	U	U	U	U
chr22	12098000	12098200	U	U	U	U
chr22	12116000	12116200	U	U	U	U
chr22	12116400	12116600	U	U	U	U
chr22	12121600	12121800	U	U	U	U
chr22	12128400	12128600	U	U	U	U
chr22	12129400	12129600	U	U	U	U
chr22	12131400	12131600	U	U	U	U
chr22	12132400	12132600	U	U	U	U
chr22	12136200	12136400	U	U	U	U
chr22	12137200	12137400	U	U	U	U
chr22	12149000	12149200	U	U	U	U
chr22	12174600	12174800	U	U	U	U
chr22	12175000	12175200	U	U	U	U
chr22	12211600	12211800	U	U	U	U
chr22	12216200	12216400	U	U	U	U
chr22	12216600	12216800	U	U	U	U
chr22	12216800	12217000	U	U	U	U
chr22	12218000	12218200	U	U	U	U
chr22	12219200	12219400	U	U	U	U
chr22	12223400	12223600	U	U	U	U
chr22	12280200	12280400	U	U	U	U
chr22	12283000	12283200	U	U	U	U
chr22	12284000	12284200	U	U	U	U
chr22	12284800	12285000	U	U	U	U
chr22	12287000	12287200	U	U	U	U
chr22	12287400	12287600	U	U	U	U
chr22	12288000	12288200	U	U	U	U
chr22	12289800	12290000	U	U	U	U
chr22	12291200	12291400	U	U	U	U
chr22	12291600	12291800	U	U	U	U
chr22	12296200	12296400	U	U	U	U
chr22	12298400	12298600	U	U	U	U
chr22	12298600	12298800	U	U	U	U
chr22	12311800	12312000	U	U	U	U
chr22	12553200	12553400	U	U	U	U
chr22	12555600	12555800	U	U	U	U
chr22	12556800	12557000	U	U	U	U
chr22	12557200	12557400	U	U	U	U
chr22	12565800	12566000	U	U	U	U
chr22	12568800	12569000	U	U	U	U
chr22	12573000	12573200	U	U	U	U
chr22	12573600	12573800	U	U	U	U
chr22	12575200	12575400	U	U	U	U
chr22	12576600	12576800	U	U	U	U
chr22	12577400	12577600	U	U	U	U
chr22	12584400	12584600	U	U	U	U
chr22	12596600	12596800	U	U	U	U
chr22	12599400	12599600	U	U	U	U
chr22	12601200	12601400	U	U	U	U
chr22	12611000	12611200	U	U	U	U
chr22	12615600	12615800	U	U	U	U
chr22	12615800	12616000	U	U	U	U
chr22	12616000	12616200	U	U	U	U
chr22	12616800	12617000	U	U	U	U
chr22	12626600	12626800	U	U	U	U
chr22	12627000	12627200	U	U	U	U
chr22	12630400	12630600	U	U	U	U
chr22	12631200	12631400	U	U	U	U
chr22	12708200	12708400	U	U	U	U
chr22	12708400	12708600	U	U	U	U
chr22	12709000	12709200	U	U	U	U
chr22	12712200	12712400	U	U	U	U
chr22	12712800	12713000	U	U	U	U
chr22	12714200	12714400	U	U	U	U
chr22	12714600	12714800	U	U	U	U
chr22	12714800	12715000	U	U	U	U
chr22	12715200	12715400	U	U	U	U
chr22	12716200	12716400	U	U	U	U
chr22	12716600	12716800	U	U	U	U
chr22	12717000	12717200	U	U	U	U
chr22	12718000	12718200	U	U	U	U
chr22	12797800	12798000	U	U	U	U
chr22	12814800	12815000	U	U	U	U
chr22	12815600	12815800	U	U	U	U
chr22	12816600	12816800	U	U	U	U
chr22	12869000	12869200	U	U	U	U
chr22	12872400	12872600	U	U	U	U
chr22	12873200	12873400	U	U	U	U
chr22	12879600	12879800	U	U	U	U
chr22	12884000	12884200	U	U	U	U
chr22	12886000	12886200	U	U	U	U
chr22	12886200	12886400	U	U	U	U
chr22	12891200	12891400	U	U	U	U
chr22	12891400	12891600	U	U	U	U
chr22	12899400	12899600	U	U	U	U
chr22	15212400	15212600	U	U	U	U
chr22	15222000	15222200	U	U	U	U
chr22	15235000	15235200	U	U	U	U
chr22	15235400	15235600	U	U	U	U
chr22	15236800	15237000	U	U	U	U
chr22	15240400	15240600	U	U	U	U
chr22	15241400	15241600	U	U	U	U
chr22	15248600	15248800	U	U	U	U
chr22	15251600	15251800	U	U	U	U
chr22	15251800	15252000	U	U	U	U
chr22	15252200	15252400	U	U	U	U
chr22	15264000	15264200	U	U	U	U
chr22	15265000	15265200	U	U	U	U
chr22	15266800	15267000	U	U	U	U
chr22	15269800	15270000	U	U	U	U
chr22	15270600	15270800	U	U	U	U
chr22	15274000	15274200	U	U	U	U
chr22	15275600	15275800	U	U	U	U
chr22	15296400	15296600	U	U	U	U
chr22	15306200	15306400	U	U	U	U
chr22	15310000	15310200	U	U	U	U
chr22	15313200	15313400	U	U	U	U
chr22	15322200	15322400	U	U	U	U
chr22	15324000	15324200	U	U	U	U
chr22	15324400	15324600	U	U	U	U
chr22	15327600	15327800	U	U	U	U
chr22	15328200	15328400	U	U	U	U
chr22	15332800	15333000	U	U	U	U
chr22	15343000	15343200	U	U	U	U
chr22	15344600	15344800	U	U	U	U
chr22	15347400	15347600	U	U	U	U
chr22	15471200	15471400	U	U	U	U
chr22	15474400	15474600	U	U	U	U
chr22	15474800	15475000	U	U	U	U
chr22	15476800	15477000	U	U	U	U
chr22	15477400	15477600	U	U	U	U
chr22	15478800	15479000	U	U	U	U
chr22	15479200	15479400	U	U	U	U
chr22	15490000	15490200	U	U	U	U
chr22	15491600	15491800	U	U	U	U
chr22	15505400	15505600	U	U	U	U
chr22	15508000	15508200	U	U	U	U
chr22	15508200	15508400	U	U	U	U
chr22	15514000	15514200	U	U	U	U
chr22	15516000	15516200	U	U	U	U
chr22	15522600	15522800	U	U	U	U
chr22	15525800	15526000	U	U	U	U
chr22	15526800	15527000	U	U	U	U
chr22	15527200	15527400	U	U	U	U
chr22	15528600	15528800	U	U	U	U
chr22	15529600	15529800	U	U	U	U
chr22	15529800	15530000	U	U	U	U
chr22	15530400	15530600	U	U	U	U
chr22	15542600	15542800	U	U	U	U
chr22	15542800	15543000	U	U	U	U
chr22	15544400	15544600	U	U	U	U
chr22	15545000	15545200	U	U	U	U
chr22	15545400	15545600	U	U	U	U
chr22	15549800	15550000	U	U	U	U
chr22	15551000	15551200	U	U	U	U
chr22	15552200	15552400	U	U	U	U
chr22	15552400	15552600	U	U	U	U
chr22	15554000	15554200	U	U	U	U
chr22	15555400	15555600	U	U	U	U
chr22	15556400	15556600	U	U	U	U
chr22	15557800	15558000	U	U	U	U
chr22	15559800	15560000	U	U	U	U
chr22	15561600	15561800	U	U	U	U
chr22	15562400	15562600	U	U	U	U
chr22	15563600	15563800	U	U	U	U
chr22	15564000	15564200	U	U	U	U
chr22	15564400	15564600	U	U	U	U
chr22	15565000	15565200	U	U	U	U
chr22	15565200	15565400	U	U	U	U
chr22	15572400	15572600	U	U	U	U
chr22	15575400	15575600	U	U	U	U
chr22	15578200	15578400	U	U	U	U
chr22	15578600	15578800	U	U	U	U
chr22	15583400	15583600	U	U	U	U
chr22	15588600	15588800	U	U	U	U
chr22	15588800	15589000	U	U	U	U
chr22	15589400	15589600	U	U	U	U
chr22	15589800	15590000	U	U	U	U
chr22	15595400	15595600	U	U	U	U
chr22	15602000	15602200	U	U	U	U
chr22	15604000	15604200	U	U	U	U
chr22	15610600	15610800	U	U	U	U
chr22	15612200	15612400	U	U	U	U
chr22	15612400	15612600	U	U	U	U
chr22	15621600	15621800	U	U	U	U
chr22	15622400	15622600	U	U	U	U
chr22	15624000	15624200	U	U	U	U
chr22	15624200	15624400	U	U	U	U
chr22	15625000	15625200	U	U	U	U
chr22	15625400	15625600	U	U	U	U
chr22	15627200	15627400	U	U	U	U
chr22	15628000	15628200	U	U	U	U
chr22	15631600	15631800	U	U	U	U
chr22	15631800	15632000	U	U	U	U
chr22	15634800	15635000	U	U	U	U
chr22	15635000	15635200	U	U	U	U
chr22	15635200	15635400	U	U	U	U
chr22	15635400	15635600	U	U	U	U
chr22	15638000	15638200	U	U	U	U
chr22	15638200	15638400	U	U	U	U
chr22	15638400	15638600	U	U	U	U
chr22	15638600	15638800	U	U	U	U
chr22	15639000	15639200	U	U	U	U
chr22	15643600	15643800	U	U	U	U
chr22	15646000	15646200	U	U	U	U
chr22	15648000	15648200	U	U	U	U
chr22	15666800	15667000	U	U	U	U
chr22	15667000	15667200	U	U	U	U
chr22	15668800	15669000	U	U	U	U
chr22	15669000	15669200	U	U	U	U
chr22	15684400	15684600	U	U	U	U
chr22	15685000	15685200	U	U	U	U
chr22	15685400	15685600	U	U	U	U
chr22	15685600	15685800	U	U	U	U
chr22	15687200	15687400	U	U	U	U
chr22	15690600	15690800	U	U	U	U
chr22	15691600	15691800	U	U	U	U
chr22	15693200	15693400	U	U	U	U
chr22	15695800	15696000	U	U	U	U
chr22	15698800	15699000	U	U	U	U
chr22	15702000	15702200	U	U	U	U
chr22	15703800	15704000	U	U	U	U
chr22	15704000	15704200	U	U	U	U
chr22	15705600	15705800	U	U	U	U
chr22	15705800	15706000	U	U	U	U
chr22	15706000	15706200	U	U	U	U
chr22	15710000	15710200	U	U	U	U
chr22	15710800	15711000	U	U	U	U
chr22	15712600	15712800	U	U	U	U
chr22	15718800	15719000	U	U	U	U
chr22	15720400	15720600	U	U	U	U
chr22	15720800	15721000	U	U	U	U
chr22	15721400	15721600	U	U	U	U
chr22	15722200	15722400	U	U	U	U
chr22	15723000	15723200	U	U	U	U
chr22	15736000	15736200	U	U	U	U
chr22	15740600	15740800	U	U	U	U
chr22	15740800	15741000	U	U	U	U
chr22	15744800	15745000	U	U	U	U
chr22	15746400	15746600	U	U	U	U
chr22	15746800	15747000	U	U	U	U
chr22	15747000	15747200	U	U	U	U
chr22	15747200	15747400	U	U	U	U
chr22	15747600	15747800	U	U	U	U
chr22	15750800	15751000	U	U	U	U
chr22	15760400	15760600	U	U	U	U
chr22	15760600	15760800	U	U	U	U
chr22	15761400	15761600	U	U	U	U
chr22	15767600	15767800	U	U	U	U
chr22	15767800	15768000	U	U	U	U
chr22	15773200	15773400	U	U	U	U
chr22	15776600	15776800	B	U	U	U
chr22	15777600	15777800	B	U	U	U
chr22	15777800	15778000	B	U	U	U
chr22	15778200	15778400	U	U	U	U
chr22	15795400	15795600	U	U	U	U
chr22	15797200	15797400	U	U	U	U
chr22	15799600	15799800	U	U	U	U
chr22	15805800	15806000	U	U	U	U
chr22	15806200	15806400	U	U	U	U
chr22	15813000	15813200	U	U	U	U
chr22	15813200	15813400	U	U	U	U
chr22	15814200	15814400	U	U	U	U
chr22	15815200	15815400	B	U	U	U
chr22	15816400	15816600	U	U	U	U
chr22	15817800	15818000	B	U	U	U
chr22	15821200	15821400	U	U	U	U
chr22	15825600	15825800	U	U	U	U
chr22	15826800	15827000	U	U	U	U
chr22	15833200	15833400	U	U	U	U
chr22	15836200	15836400	U	U	U	U
chr22	15841400	15841600	U	U	U	U
chr22	15842000	15842200	U	U	U	U
chr22	15844600	15844800	U	U	U	U
chr22	15853400	15853600	U	U	U	U
chr22	15854200	15854400	U	U	U	U
chr22	15855400	15855600	U	U	U	U
chr22	15855600	15855800	U	U	U	U
chr22	15855800	15856000	U	U	U	U
chr22	15860800	15861000	U	U	U	U
chr22	15864400	15864600	U	U	U	U
chr22	15871600	15871800	U	U	U	U
chr22	15878000	15878200	U	U	U	U
chr22	15885000	15885200	U	U	U	U
chr22	15885400	15885600	U	U	U	U
chr22	15889800	15890000	U	U	U	U
chr22	15895600	15895800	U	U	U	U
chr22	15900000	15900200	U	U	U	U
chr22	15900200	15900400	U	U	U	U
chr22	15900800	15901000	U	U	U	U
chr22	15902400	15902600	U	U	U	U
chr22	15902600	15902800	U	U	U	U
chr22	15903000	15903200	U	U	U	U
chr22	15904400	15904600	U	U	U	U
chr22	15904600	15904800	U	U	U	U
chr22	15914400	15914600	U	U	U	U
chr22	15916600	15916800	U	U	U	U
chr22	15916800	15917000	U	U	U	U
chr22	15921800	15922000	U	U	U	U
chr22	15922000	15922200	U	U	U	U
chr22	15924600	15924800	U	U	U	U
chr22	15929400	15929600	U	U	U	U
chr22	15935200	15935400	U	U	U	U
chr22	16086800	16087000	U	U	U	U
chr22	16089000	16089200	U	U	U	U
chr22	16090800	16091000	U	U	U	U
chr22	16096200	16096400	U	U	U	U
chr22	16096600	16096800	U	U	U	U
chr22	16103600	16103800	U	U	U	U
chr22	16104800	16105000	U	U	U	U
chr22	16107600	16107800	U	U	U	U
chr22	16115600	16115800	U	U	U	U
chr22	16120200	16120400	U	U	U	U
chr22	16131800	16132000	U	U	U	U
chr22	16132600	16132800	U	U	U	U
chr22	16133000	16133200	U	U	U	U
chr22	16134400	16134600	U	U	U	U
chr22	16134800	16135000	U	U	U	U
chr22	16139200	16139400	U	U	U	U
chr22	16141200	16141400	U	U	U	U
chr22	16159600	16159800	U	U	U	U
chr22	16160400	16160600	U	U	U	U
chr22	16161000	16161200	U	U	U	U
chr22	16170400	16170600	U	U	U	U
chr22	16176600	16176800	U	U	U	U
chr22	16179200	16179400	U	U	U	U
chr22	16191800	16192000	U	U	U	U
chr22	16193800	16194000	U	U	U	U
chr22	16194400	16194600	U	U	U	U
chr22	16198000	16198200	U	U	U	U
chr22	16198400	16198600	U	U	U	U
chr22	16203200	16203400	U	U	U	U
chr22	16212000	16212200	U	U	U	U
chr22	16215200	16215400	U	U	U	U
chr22	16215400	16215600	U	U	U	U
chr22	16217000	16217200	U	U	U	U
chr22	16217400	16217600	U	U	U	U
chr22	16218200	16218400	U	U	U	U
chr22	16220400	16220600	U	U	U	U
chr22	16243600	16243800	U	U	U	U
chr22	16244200	16244400	U	U	U	U
chr22	16244400	16244600	U	U	U	U
chr22	16244600	16244800	U	U	U	U
chr22	16248600	16248800	U	U	U	U
chr22	16251600	16251800	U	U	U	U
chr22	16252000	16252200	U	U	U	U
chr22	16253000	16253200	U	U	U	U
chr22	16388000	16388200	U	U	U	U
chr22	16390000	16390200	U	U	U	U
chr22	16391000	16391200	U	U	U	U
chr22	16391400	16391600	B	U	U	U
chr22	16392000	16392200	U	U	U	U
chr22	16397200	16397400	U	U	U	U
chr22	16397800	16398000	U	U	U	U
chr22	16404000	16404200	U	U	U	U
chr22	16405000	16405200	U	U	U	U
chr22	16406000	16406200	U	U	U	U
chr22	16425800	16426000	U	U	U	U
chr22	16426000	16426200	U	U	U	U
chr22	16427800	16428000	U	U	U	U
chr22	16428200	16428400	U	U	U	U
chr22	16433400	16433600	U	U	U	U
chr22	16439200	16439400	U	U	U	U
chr22	16460000	16460200	U	U	U	U
chr22	16473000	16473200	U	U	U	U
chr22	16486800	16487000	U	U	U	U
chr22	16503000	16503200	U	U	U	U
chr22	16503800	16504000	U	U	U	U
chr22	16508000	16508200	U	U	U	U
chr22	16517800	16518000	U	U	U	U
chr22	16526600	16526800	U	U	U	U
chr22	16539200	16539400	U	U	U	U
chr22	16542800	16543000	U	U	U	U
chr22	16546400	16546600	U	U	U	U
chr22	16549000	16549200	U	U	U	U
chr22	16557400	16557600	U	U	U	U
chr22	16571400	16571600	U	U	U	U
chr22	16572600	16572800	U	U	U	U
chr22	16573600	16573800	U	U	U	U
chr22	16576800	16577000	U	U	U	U
chr22	16577200	16577400	U	U	U	U
chr22	16578600	16578800	U	U	U	U
chr22	16578800	16579000	U	U	U	U
chr22	16581200	16581400	U	U	U	U
chr22	16582200	16582400	U	U	U	U
chr22	16582400	16582600	U	U	U	U
chr22	16584800	16585000	U	U	U	U
chr22	16595400	16595600	U	U	U	U
chr22	16596600	16596800	U	U	U	U
chr22	16600000	16600200	U	U	U	U
chr22	16600800	16601000	U	U	B	U
chr22	16604000	16604200	B	U	U	U
chr22	16605000	16605200	U	U	U	U
chr22	16607400	16607600	U	U	U	U
chr22	16610800	16611000	U	U	U	U
chr22	16616200	16616400	B	U	U	U
chr22	16617200	16617400	U	U	U	U
chr22	16624800	16625000	B	U	U	U
chr22	16633200	16633400	U	U	U	U
chr22	16635000	16635200	U	U	U	U
chr22	16636400	16636600	U	U	U	U
chr22	16636600	16636800	U	U	U	U
chr22	16645600	16645800	U	U	U	U
chr22	16647400	16647600	U	U	U	U
chr22	16647600	16647800	U	U	U	U
chr22	16649600	16649800	U	U	U	U
chr22	16649800	16650000	U	U	U	U
chr22	16650800	16651000	B	U	U	U
chr22	16653800	16654000	U	U	U	U
chr22	16659600	16659800	U	U	U	U
chr22	16672800	16673000	U	U	U	U
chr22	16673000	16673200	U	U	U	U
chr22	16676000	16676200	U	U	U	U
chr22	16676800	16677000	U	U	U	U
chr22	16679200	16679400	U	U	U	U
chr22	16689800	16690000	U	U	U	U
chr22	16690600	16690800	U	U	U	U
chr22	16690800	16691000	U	U	U	U
chr22	16691800	16692000	U	U	U	U
chr22	16693800	16694000	B	U	U	U
chr22	16694000	16694200	B	U	U	U
chr22	16695000	16695200	U	U	U	U
chr22	16695400	16695600	U	U	U	U
chr22	16696400	16696600	U	U	U	U
chr22	16698000	16698200	U	U	U	U
chr22	16702200	16702400	U	U	U	U
chr22	16702600	16702800	U	U	U	U
chr22	16714800	16715000	U	U	U	U
chr22	16720000	16720200	U	U	U	U
chr22	16720400	16720600	U	U	U	U
chr22	16720800	16721000	U	U	U	U
chr22	16723600	16723800	U	U	U	U
chr22	16725400	16725600	U	U	U	U
chr22	16725800	16726000	U	U	U	U
chr22	16728200	16728400	U	U	U	U
chr22	16729200	16729400	U	U	U	U
chr22	16730600	16730800	U	U	U	U
chr22	16733600	16733800	U	U	U	U
chr22	16738800	16739000	U	U	U	U
chr22	16740800	16741000	U	U	U	U
chr22	16741000	16741200	U	U	U	U
chr22	16747600	16747800	B	U	U	U
chr22	16749800	16750000	U	U	U	U
chr22	16750000	16750200	U	U	U	U
chr22	16799600	16799800	U	U	U	U
chr22	16800600	16800800	U	U	U	U
chr22	16817200	16817400	U	U	U	U
chr22	16817800	16818000	U	U	U	U
chr22	16818000	16818200	U	U	U	U
chr22	16821600	16821800	U	U	U	U
chr22	16823800	16824000	U	U	U	U
chr22	16824200	16824400	U	U	U	U
chr22	16824800	16825000	U	U	U	U
chr22	16825000	16825200	B	U	U	U
chr22	16825600	16825800	B	U	U	U
chr22	16827800	16828000	U	U	U	U
chr22	16828000	16828200	U	U	U	U
chr22	16828800	16829000	U	U	U	U
chr22	16831000	16831200	U	U	U	U
chr22	16831200	16831400	U	U	U	U
chr22	16834000	16834200	U	U	U	U
chr22	16837800	16838000	U	U	U	U
chr22	16838000	16838200	U	U	U	U
chr22	16842800	16843000	U	U	U	U
chr22	16846200	16846400	U	U	U	U
chr22	16856400	16856600	U	U	U	U
chr22	16857600	16857800	U	U	U	U
chr22	16859000	16859200	U	U	U	U
chr22	16860000	16860200	U	U	U	U
chr22	16860200	16860400	U	U	U	U
chr22	16871600	16871800	U	U	U	U
chr22	16874400	16874600	U	U	U	U
chr22	16876400	16876600	U	U	U	U
chr22	16889600	16889800	U	U	U	U
chr22	16890600	16890800	U	U	U	U
chr22	16892000	16892200	U	U	U	U
chr22	16897400	16897600	U	U	U	U
chr22	16903400	16903600	U	U	U	U
chr22	16903800	16904000	U	U	U	U
chr22	16904200	16904400	U	U	U	U
chr22	16904400	16904600	U	U	U	U
chr22	16906000	16906200	U	U	U	U
chr22	16908200	16908400	U	U	U	U
chr22	16908600	16908800	U	U	U	U
chr22	16914000	16914200	U	U	U	U
chr22	16914200	16914400	U	U	U	U
chr22	16914600	16914800	U	U	U	U
chr22	16920600	16920800	U	U	U	U
chr22	16922000	16922200	U	U	U	U
chr22	16928600	16928800	U	U	U	U
chr22	16933000	16933200	U	U	B	U
chr22	16933600	16933800	U	U	U	U
chr22	16933800	16934000	U	U	U	U
chr22	16949600	16949800	U	U	U	U
chr22	16952800	16953000	U	U	U	U
chr22	16953000	16953200	U	U	U	U
chr22	16956400	16956600	U	U	U	U
chr22	16959400	16959600	U	U	U	U
chr22	16962200	16962400	U	U	U	U
chr22	16962800	16963000	U	U	U	U
chr22	16963400	16963600	U	U	U	U
chr22	16964200	16964400	U	U	U	U
chr22	16966200	16966400	U	U	U	U
chr22	16967600	16967800	U	U	U	U
chr22	16968200	16968400	U	U	U	U
chr22	16970000	16970200	U	U	U	U
chr22	16988200	16988400	U	U	U	U
chr22	16989200	16989400	U	U	U	U
chr22	16989600	16989800	U	U	U	U
chr22	16989800	16990000	U	U	U	U
chr22	16991400	16991600	U	U	U	U
chr22	16992200	16992400	U	U	U	U
chr22	17008800	17009000	B	U	U	U
chr22	17011600	17011800	U	U	U	U
chr22	17012400	17012600	U	U	U	U
chr22	17014600	17014800	U	U	U	U
chr22	17015400	17015600	U	U	U	U
chr22	17021000	17021200	U	U	U	U
chr22	17021200	17021400	U	U	U	U
chr22	17021400	17021600	U	U	U	U
chr22	17022400	17022600	U	U	U	U
chr22	17023800	17024000	U	U	U	U
chr22	17032000	17032200	U	U	U	U
chr22	17032400	17032600	U	U	U	U
chr22	17033400	17033600	U	U	U	U
chr22	17036000	17036200	U	U	U	U
chr22	17037200	17037400	B	U	U	U
chr22	17037400	17037600	B	U	U	U
chr22	17038600	17038800	U	U	U	U
chr22	17044800	17045000	U	U	U	U
chr22	17060400	17060600	U	U	U	U
chr22	17067200	17067400	U	U	U	U
chr22	17080400	17080600	U	U	U	U
chr22	17080600	17080800	U	U	U	U
chr22	17080800	17081000	U	U	U	U
chr22	17096000	17096200	B	U	U	U
chr22	17098200	17098400	B	U	U	U
chr22	17102200	17102400	B	U	U	U
chr22	17106800	17107000	U	U	U	U
chr22	17108400	17108600	U	U	U	U
chr22	17109000	17109200	U	U	U	U
chr22	17112000	17112200	U	U	U	U
chr22	17112600	17112800	U	U	U	U
chr22	17114200	17114400	U	U	U	U
chr22	17115600	17115800	U	U	U	U
chr22	17116600	17116800	U	U	U	U
chr22	17117400	17117600	U	U	U	U
chr22	17118800	17119000	U	U	U	U
chr22	17131800	17132000	B	U	U	U
chr22	17133400	17133600	U	U	U	U
chr22	17149000	17149200	U	U	U	U
chr22	17150200	17150400	U	U	U	U
chr22	17153200	17153400	U	U	U	U
chr22	17163000	17163200	U	U	U	U
chr22	17166400	17166600	U	U	U	U
chr22	17166600	17166800	U	U	U	U
chr22	17169000	17169200	U	U	U	U
chr22	17182000	17182200	U	U	U	U
chr22	17190000	17190200	U	U	U	U
chr22	17193000	17193200	U	U	U	U
chr22	17209000	17209200	U	U	U	U
chr22	17209200	17209400	U	U	U	U
chr22	17209600	17209800	U	U	U	U
chr22	17214400	17214600	B	U	U	U
chr22	17219200	17219400	U	U	U	U
chr22	17219400	17219600	U	U	U	U
chr22	17222000	17222200	U	U	U	U
chr22	17232200	17232400	U	U	U	U
chr22	17235600	17235800	U	U	U	U
chr22	17257400	17257600	U	U	U	U
chr22	17258200	17258400	B	U	U	U
chr22	17258600	17258800	B	U	U	U
chr22	17264200	17264400	U	U	U	U
chr22	17267000	17267200	U	U	U	U
chr22	17268200	17268400	U	U	U	U
chr22	17269400	17269600	U	U	U	U
chr22	17269600	17269800	U	U	U	U
chr22	17270400	17270600	U	U	U	U
chr22	17273400	17273600	U	U	U	U
chr22	17281200	17281400	U	U	U	U
chr22	17284600	17284800	U	U	U	U
chr22	17285200	17285400	U	U	U	U
chr22	17290400	17290600	U	U	U	U
chr22	17305400	17305600	U	U	U	U
chr22	17332200	17332400	U	U	U	U
chr22	17332600	17332800	U	U	U	U
chr22	17358800	17359000	U	U	U	U
chr22	17360000	17360200	U	U	U	U
chr22	17368600	17368800	B	U	U	U
chr22	17370200	17370400	U	U	U	U
chr22	17371000	17371200	U	U	U	U
chr22	17371200	17371400	U	U	U	U
chr22	17371400	17371600	U	U	U	U
chr22	17374200	17374400	U	U	U	U
chr22	17382200	17382400	U	U	U	U
chr22	17387600	17387800	U	U	U	U
chr22	17400000	17400200	U	U	U	U
chr22	17412600	17412800	U	U	U	U
chr22	17418600	17418800	U	U	U	U
chr22	17424400	17424600	U	U	U	U
chr22	17424600	17424800	U	U	U	U
chr22	17429000	17429200	U	U	U	U
chr22	17434200	17434400	U	U	U	U
chr22	17436400	17436600	U	U	U	U
chr22	17436800	17437000	U	U	U	U
chr22	17438200	17438400	U	U	U	U
chr22	17440600	17440800	U	U	U	U
chr22	17441400	17441600	U	U	U	U
chr22	17441800	17442000	U	U	U	U
chr22	17444000	17444200	U	U	U	U
chr22	17444800	17445000	U	U	U	U
chr22	17448000	17448200	U	U	U	U
chr22	17451800	17452000	U	U	U	U
chr22	17453600	17453800	U	U	U	U
chr22	17459000	17459200	U	U	U	U
chr22	17462400	17462600	U	U	U	U
chr22	17464200	17464400	U	U	U	U
chr22	17468000	17468200	U	U	U	U
chr22	17472200	17472400	U	U	U	U
chr22	17474200	17474400	U	U	U	U
chr22	17477400	17477600	U	U	U	U
chr22	17478800	17479000	U	U	U	U
chr22	17487000	17487200	U	U	U	U
chr22	17492400	17492600	U	U	U	U
chr22	17500600	17500800	U	U	U	U
chr22	17503000	17503200	U	U	U	U
chr22	17504800	17505000	U	U	U	U
chr22	17507600	17507800	U	U	U	U
chr22	17511200	17511400	U	U	U	U
chr22	17513400	17513600	U	U	U	U
chr22	17514000	17514200	U	U	U	U
chr22	17514200	17514400	U	U	U	U
chr22	17517600	17517800	U	U	U	U
chr22	17518200	17518400	U	U	U	U
chr22	17518600	17518800	U	U	U	U
chr22	17522400	17522600	U	U	U	U
chr22	17523800	17524000	U	U	U	U
chr22	17530000	17530200	U	U	U	U
chr22	17539000	17539200	U	U	U	U
chr22	17548600	17548800	B	U	U	U
chr22	17549200	17549400	B	U	U	U
chr22	17552200	17552400	U	U	U	U
chr22	17553000	17553200	U	U	U	U
chr22	17553800	17554000	U	U	U	U
chr22	17555800	17556000	U	U	U	U
chr22	17556400	17556600	U	U	U	U
chr22	17557800	17558000	U	U	U	U
chr22	17558000	17558200	B	U	U	U
chr22	17564000	17564200	U	U	U	U
chr22	17569400	17569600	U	U	U	U
chr22	17573400	17573600	U	U	U	U
chr22	17575600	17575800	U	U	U	U
chr22	17575800	17576000	U	U	U	U
chr22	17580200	17580400	U	U	U	U
chr22	17580400	17580600	U	U	U	U
chr22	17581200	17581400	U	U	U	U
chr22	17581800	17582000	U	U	U	U
chr22	17587800	17588000	U	U	U	U
chr22	17589800	17590000	U	U	U	U
chr22	17590000	17590200	U	U	U	U
chr22	17590400	17590600	U	U	U	U
chr22	17592000	17592200	U	U	U	U
chr22	17597400	17597600	U	U	U	U
chr22	17603800	17604000	U	U	U	U
chr22	17610600	17610800	U	U	U	U
chr22	17611600	17611800	U	U	U	U
chr22	17612600	17612800	U	U	U	U
chr22	17623200	17623400	U	U	U	U
chr22	17632400	17632600	U	U	U	U
chr22	17638000	17638200	B	U	U	U
chr22	17648600	17648800	U	U	U	U
chr22	17695800	17696000	U	U	U	U
chr22	17696000	17696200	U	U	U	U
chr22	17700800	17701000	U	U	U	U
chr22	17701000	17701200	U	U	U	U
chr22	17707400	17707600	U	U	U	U
chr22	17712000	17712200	U	U	U	U
chr22	17712200	17712400	U	U	U	U
chr22	17716400	17716600	U	U	U	U
chr22	17718200	17718400	U	U	U	U
chr22	17718400	17718600	U	U	U	U
chr22	17718600	17718800	U	U	U	U
chr22	17726800	17727000	U	U	U	U
chr22	17729400	17729600	U	U	U	U
chr22	17730200	17730400	U	U	U	U
chr22	17731800	17732000	U	U	U	U
chr22	17732200	17732400	U	U	U	U
chr22	17732400	17732600	U	U	U	U
chr22	17732800	17733000	U	U	U	U
chr22	17735400	17735600	U	U	U	U
chr22	17739800	17740000	U	U	U	U
chr22	17742000	17742200	U	U	U	U
chr22	17744400	17744600	U	U	U	U
chr22	17750200	17750400	U	U	U	U
chr22	17751600	17751800	U	U	U	U
chr22	17753400	17753600	U	U	U	U
chr22	17764000	17764200	U	U	U	U
chr22	17769800	17770000	U	U	U	U
chr22	17770000	17770200	U	U	U	U
chr22	17770400	17770600	U	U	U	U
chr22	17770600	17770800	U	U	U	U
chr22	17773200	17773400	B	U	U	U
chr22	17775800	17776000	U	U	U	U
chr22	17777200	17777400	U	U	U	U
chr22	17778000	17778200	U	U	U	U
chr22	17778200	17778400	U	U	U	U
chr22	17778600	17778800	U	U	U	U
chr22	17780200	17780400	U	U	U	U
chr22	17781200	17781400	U	U	U	U
chr22	17783800	17784000	U	U	U	U
chr22	17788000	17788200	U	U	U	U
chr22	17788200	17788400	U	U	U	U
chr22	17789800	17790000	U	U	U	U
chr22	17790400	17790600	U	U	U	U
chr22	17791000	17791200	U	U	U	U
chr22	17791200	17791400	U	U	U	U
chr22	17793200	17793400	U	U	U	U
chr22	17794200	17794400	U	U	U	U
chr22	17795400	17795600	U	U	U	U
chr22	17798400	17798600	U	U	U	U
chr22	17800400	17800600	U	U	U	U
chr22	17802400	17802600	B	U	U	U
chr22	17803800	17804000	U	U	U	U
chr22	17804200	17804400	U	U	U	U
chr22	17804600	17804800	U	U	U	U
chr22	17807800	17808000	U	U	U	U
chr22	17810800	17811000	U	U	U	U
chr22	17811000	17811200	U	U	U	U
chr22	17811200	17811400	U	U	U	U
chr22	17811400	17811600	U	U	U	U
chr22	17813200	17813400	U	U	U	U
chr22	17813400	17813600	U	U	U	U
chr22	17815000	17815200	U	U	U	U
chr22	17815200	17815400	U	U	U	U
chr22	17815600	17815800	U	U	U	U
chr22	17816000	17816200	B	U	U	U
chr22	17817200	17817400	U	U	U	U
chr22	17818000	17818200	U	U	U	U
chr22	17821600	17821800	U	U	U	U
chr22	17822600	17822800	U	U	U	U
chr22	17823000	17823200	U	U	U	U
chr22	17824600	17824800	U	U	U	U
chr22	17827200	17827400	U	U	U	U
chr22	17828600	17828800	U	U	U	U
chr22	17830800	17831000	B	U	U	U
chr22	17831200	17831400	U	U	U	U
chr22	17832600	17832800	U	U	U	U
chr22	17834600	17834800	U	U	U	U
chr22	17834800	17835000	U	U	U	U
chr22	17837000	17837200	U	U	U	U
chr22	17841400	17841600	U	U	U	U
chr22	17844200	17844400	U	U	U	U
chr22	17844400	17844600	U	U	U	U
chr22	17844600	17844800	U	U	U	U
chr22	17845200	17845400	U	U	U	U
chr22	17847600	17847800	B	U	U	B
chr22	17848200	17848400	U	U	U	U
chr22	17848400	17848600	U	U	U	U
chr22	17851200	17851400	U	U	U	U
chr22	17853200	17853400	B	U	U	U
chr22	17854600	17854800	U	U	U	U
chr22	17855400	17855600	U	U	U	U
chr22	17856200	17856400	U	U	U	U
chr22	17858800	17859000	U	U	U	U
chr22	17859000	17859200	U	U	U	U
chr22	17860400	17860600	U	U	U	U
chr22	17861800	17862000	U	U	U	U
chr22	17867200	17867400	B	U	U	U
chr22	17868000	17868200	U	U	U	U
chr22	17868600	17868800	U	U	U	U
chr22	17873000	17873200	U	U	U	U
chr22	17874600	17874800	U	U	U	U
chr22	17874800	17875000	U	U	U	U
chr22	17875000	17875200	U	U	U	U
chr22	17875200	17875400	U	U	U	U
chr22	17879200	17879400	U	U	U	U
chr22	17881800	17882000	U	U	U	U
chr22	17882800	17883000	U	U	U	U
chr22	17883200	17883400	U	U	U	U
chr22	17883800	17884000	U	U	U	U
chr22	17885000	17885200	U	U	U	U
chr22	17890600	17890800	U	U	U	U
chr22	17892400	17892600	U	U	U	U
chr22	17898400	17898600	U	U	U	U
chr22	17899800	17900000	U	U	U	U
chr22	17902600	17902800	U	U	U	U
chr22	17902800	17903000	U	U	U	U
chr22	17904400	17904600	U	U	U	U
chr22	17905000	17905200	U	U	U	U
chr22	17905200	17905400	U	U	U	U
chr22	17905600	17905800	U	U	U	U
chr22	17905800	17906000	U	U	U	U
chr22	17906400	17906600	U	U	U	U
chr22	17922600	17922800	U	U	U	U
chr22	17922800	17923000	U	U	U	U
chr22	17923000	17923200	U	U	U	U
chr22	17923400	17923600	U	U	U	U
chr22	17925600	17925800	U	U	U	U
chr22	17925800	17926000	U	U	U	U
chr22	17926000	17926200	U	U	U	U
chr22	17938600	17938800	U	U	U	U
chr22	17939600	17939800	U	U	U	U
chr22	17942000	17942200	U	U	U	U
chr22	17943800	17944000	U	U	U	U
chr22	17945800	17946000	U	U	U	U
chr22	17946800	17947000	U	U	U	U
chr22	17948200	17948400	U	U	U	U
chr22	17952200	17952400	B	U	U	U
chr22	17955600	17955800	U	U	U	U
chr22	17961800	17962000	U	U	U	U
chr22	17962200	17962400	U	U	U	U
chr22	17964600	17964800	U	U	U	U
chr22	17966000	17966200	B	U	U	U
chr22	17974000	17974200	U	U	U	U
chr22	17991000	17991200	U	U	U	U
chr22	17991200	17991400	U	U	U	U
chr22	17991600	17991800	U	U	U	U
chr22	17993000	17993200	U	U	U	U
chr22	17994200	17994400	U	U	U	U
chr22	17996800	17997000	U	U	U	U
chr22	18000200	18000400	B	U	U	U
chr22	18000400	18000600	B	U	U	U
chr22	18000600	18000800	B	U	U	U
chr22	18005800	18006000	U	U	U	U
chr22	18010600	18010800	U	U	U	U
chr22	18011000	18011200	U	U	U	U
chr22	18013000	18013200	U	U	U	U
chr22	18023800	18024000	U	U	U	U
chr22	18024800	18025000	B	U	U	U
chr22	18027400	18027600	U	U	U	U
chr22	18033800	18034000	U	U	U	U
chr22	18035800	18036000	U	U	U	U
chr22	18045000	18045200	U	U	U	U
chr22	18048400	18048600	B	U	B	U
chr22	18048600	18048800	B	U	B	U
chr22	18048800	18049000	B	U	B	U
chr22	18050200	18050400	U	U	U	U
chr22	18063000	18063200	U	U	U	U
chr22	18064600	18064800	U	U	U	U
chr22	18066000	18066200	U	U	U	U
chr22	18066200	18066400	U	U	U	U
chr22	18066600	18066800	U	U	U	U
chr22	18070800	18071000	U	U	U	U
chr22	18076600	18076800	U	U	U	U
chr22	18079800	18080000	U	U	U	U
chr22	18080000	18080200	U	U	U	U
chr22	18088000	18088200	U	U	U	U
chr22	18088200	18088400	U	U	U	U
chr22	18089000	18089200	U	U	U	U
chr22	18089200	18089400	U	U	U	U
chr22	18089400	18089600	U	U	U	U
chr22	18090800	18091000	U	U	U	U
chr22	18093600	18093800	U	U	U	U
chr22	18093800	18094000	U	U	U	U
chr22	18099000	18099200	U	U	U	U
chr22	18100800	18101000	U	U	U	U
chr22	18102400	18102600	U	U	U	U
chr22	18104000	18104200	U	U	U	U
chr22	18109600	18109800	U	U	U	U
chr22	18110000	18110200	U	U	U	U
chr22	18110200	18110400	U	U	U	U
chr22	18111600	18111800	U	U	U	U
chr22	18112400	18112600	U	U	U	U
chr22	18113600	18113800	U	U	U	U
chr22	18115200	18115400	U	U	U	U
chr22	18119200	18119400	U	U	U	U
chr22	18122400	18122600	U	U	U	U
chr22	18122600	18122800	U	U	U	U
chr22	18124400	18124600	U	U	U	U
chr22	18126200	18126400	U	U	U	U
chr22	18129200	18129400	U	U	U	U
chr22	18129600	18129800	U	U	U	U
chr22	18132600	18132800	U	U	U	U
chr22	18145200	18145400	U	U	U	U
chr22	18148200	18148400	U	U	U	U
chr22	18167200	18167400	U	U	U	U
chr22	18168800	18169000	U	U	U	U
chr22	18171000	18171200	U	U	U	U
chr22	18182600	18182800	U	U	U	U
chr22	18182800	18183000	U	U	U	U
chr22	18183800	18184000	U	U	U	U
chr22	18184000	18184200	U	U	U	U
chr22	18184400	18184600	U	U	U	U
chr22	18188000	18188200	U	U	U	U
chr22	18189600	18189800	U	U	U	U
chr22	18191800	18192000	U	U	U	U
chr22	18194000	18194200	U	U	U	U
chr22	18196400	18196600	U	U	U	U
chr22	18200000	18200200	U	U	U	U
chr22	18209600	18209800	U	U	U	U
chr22	18211000	18211200	U	U	U	U
chr22	18211400	18211600	U	U	U	U
chr22	18220200	18220400	U	U	U	U
chr22	18222000	18222200	U	U	U	U
chr22	18222400	18222600	U	U	U	U
chr22	18222600	18222800	U	U	U	U
chr22	18223800	18224000	U	U	U	U
chr22	18233200	18233400	U	U	U	U
chr22	18234800	18235000	U	U	U	U
chr22	18340200	18340400	U	U	U	U
chr22	18341600	18341800	U	U	U	U
chr22	18344400	18344600	U	U	U	U
chr22	18345000	18345200	U	U	U	U
chr22	18351000	18351200	U	U	U	U
chr22	18352400	18352600	U	U	U	U
chr22	18359000	18359200	U	U	U	U
chr22	18364600	18364800	U	U	U	U
chr22	18364800	18365000	U	U	U	U
chr22	18366600	18366800	U	U	U	U
chr22	18367000	18367200	U	U	U	U
chr22	18373600	18373800	U	U	U	U
chr22	18375600	18375800	U	U	U	U
chr22	18376000	18376200	U	U	U	U
chr22	18378200	18378400	U	U	U	U
chr22	18380200	18380400	U	U	U	U
chr22	18382400	18382600	U	U	U	U
chr22	18382600	18382800	U	U	U	U
chr22	18383800	18384000	U	U	U	U
chr22	18389600	18389800	U	U	U	U
chr22	18391800	18392000	U	U	U	U
chr22	18392400	18392600	U	U	U	U
chr22	18400200	18400400	U	U	U	U
chr22	18400800	18401000	U	U	U	U
chr22	18401400	18401600	U	U	U	U
chr22	18403200	18403400	U	U	U	U
chr22	18423600	18423800	U	U	U	U
chr22	18426200	18426400	U	U	U	U
chr22	18428200	18428400	U	U	U	U
chr22	18430600	18430800	U	U	U	U
chr22	18486600	18486800	U	U	U	U
chr22	18496000	18496200	U	U	U	U
chr22	18497600	18497800	U	U	U	U
chr22	18499000	18499200	U	U	U	U
chr22	18499600	18499800	U	U	U	U
chr22	18499800	18500000	U	U	U	U
chr22	18513200	18513400	U	U	U	U
chr22	18513400	18513600	U	U	U	U
chr22	18517400	18517600	U	U	U	U
chr22	18528200	18528400	B	U	U	U
chr22	18529200	18529400	B	U	U	U
chr22	18529400	18529600	B	U	U	U
chr22	18533800	18534000	U	U	U	U
chr22	18534000	18534200	U	U	U	U
chr22	18534200	18534400	U	U	U	U
chr22	18534400	18534600	U	U	U	U
chr22	18534800	18535000	U	U	U	U
chr22	18537400	18537600	U	U	U	U
chr22	18538800	18539000	U	U	U	U
chr22	18542400	18542600	U	U	U	U
chr22	18544000	18544200	U	U	U	U
chr22	18544200	18544400	U	U	U	U
chr22	18548000	18548200	U	U	U	U
chr22	18549400	18549600	U	U	U	U
chr22	18552800	18553000	B	U	U	U
chr22	18553200	18553400	B	U	U	U
chr22	18554600	18554800	U	U	U	U
chr22	18556600	18556800	U	U	U	U
chr22	18556800	18557000	U	U	U	U
chr22	18557400	18557600	U	U	U	U
chr22	18559000	18559200	B	U	U	U
chr22	18560200	18560400	B	U	U	U
chr22	18560800	18561000	B	U	U	U
chr22	18571200	18571400	U	U	U	U
chr22	18572200	18572400	U	U	U	U
chr22	18573000	18573200	U	U	U	U
chr22	18575400	18575600	U	U	U	U
chr22	18576000	18576200	U	U	U	U
chr22	18576800	18577000	B	U	U	U
chr22	18593400	18593600	U	U	U	U
chr22	18605600	18605800	B	U	U	U
chr22	18607000	18607200	U	U	U	U
chr22	18608000	18608200	U	U	U	U
chr22	18608600	18608800	U	U	U	U
chr22	18609800	18610000	U	U	U	U
chr22	18619800	18620000	U	U	U	U
chr22	18624000	18624200	U	U	U	U
chr22	18624600	18624800	U	U	U	U
chr22	18625400	18625600	U	U	U	U
chr22	18626600	18626800	U	U	U	U
chr22	18626800	18627000	U	U	U	U
chr22	18629600	18629800	U	U	U	U
chr22	18629800	18630000	B	U	U	U
chr22	18630400	18630600	B	U	U	U
chr22	18630600	18630800	B	U	U	U
chr22	18638600	18638800	B	U	U	U
chr22	18639000	18639200	B	U	U	U
chr22	18649800	18650000	U	U	U	U
chr22	18650000	18650200	U	U	U	U
chr22	18650600	18650800	U	U	U	U
chr22	18650800	18651000	U	U	U	U
chr22	18651800	18652000	U	U	U	U
chr22	18652600	18652800	U	U	U	U
chr22	18653000	18653200	U	U	U	U
chr22	18715600	18715800	U	U	U	U
chr22	18718200	18718400	U	U	U	U
chr22	18719400	18719600	U	U	U	U
chr22	18725200	18725400	U	U	U	U
chr22	18725400	18725600	U	U	U	U
chr22	18725800	18726000	U	U	U	U
chr22	18734600	18734800	U	U	U	U
chr22	18735800	18736000	U	U	U	U
chr22	18736000	18736200	U	U	U	U
chr22	18736200	18736400	U	U	U	U
chr22	18739000	18739200	U	U	U	U
chr22	18744000	18744200	U	U	U	U
chr22	18745600	18745800	U	U	U	U
chr22	18746000	18746200	U	U	U	U
chr22	18746400	18746600	U	U	U	U
chr22	18747600	18747800	U	U	U	U
chr22	18748200	18748400	U	U	U	U
chr22	18753000	18753200	U	U	U	U
chr22	18753400	18753600	U	U	U	U
chr22	18763200	18763400	U	U	U	U
chr22	18769800	18770000	U	U	U	U
chr22	18772800	18773000	U	U	U	U
chr22	18773000	18773200	U	U	U	U
chr22	18773800	18774000	U	U	U	U
chr22	18774800	18775000	U	U	U	U
chr22	18778200	18778400	U	U	U	U
chr22	18779600	18779800	U	U	U	U
chr22	18782000	18782200	U	U	U	U
chr22	18787400	18787600	U	U	U	U
chr22	18791800	18792000	U	U	U	U
chr22	18792400	18792600	U	U	U	U
chr22	18794200	18794400	U	U	U	U
chr22	18797600	18797800	U	U	U	U
chr22	18801200	18801400	U	U	U	U
chr22	18804400	18804600	U	U	U	U
chr22	18806000	18806200	U	U	U	U
chr22	18806600	18806800	U	U	U	U
chr22	18807000	18807200	U	U	U	U
chr22	18810000	18810200	U	U	U	U
chr22	18810400	18810600	U	U	U	U
chr22	18810600	18810800	U	U	U	U
chr22	18811000	18811200	U	U	U	U
chr22	18811200	18811400	U	U	U	U
chr22	18816400	18816600	U	U	U	U
chr22	18817600	18817800	U	U	U	U
chr22	18820600	18820800	U	U	U	U
chr22	18822200	18822400	U	U	U	U
chr22	18822400	18822600	U	U	U	U
chr22	18822600	18822800	U	U	U	U
chr22	18826200	18826400	U	U	U	U
chr22	18830600	18830800	U	U	U	U
chr22	18831600	18831800	U	U	U	U
chr22	18832400	18832600	U	U	U	U
chr22	18832800	18833000	U	U	U	U
chr22	18834000	18834200	U	U	U	U
chr22	18835200	18835400	U	U	U	U
chr22	18836000	18836200	U	U	U	U
chr22	18838800	18839000	U	U	U	U
chr22	18841200	18841400	U	U	U	U
chr22	18843200	18843400	U	U	U	U
chr22	18846400	18846600	U	U	U	U
chr22	18846600	18846800	U	U	U	U
chr22	18851600	18851800	U	U	U	U
chr22	18851800	18852000	U	U	U	U
chr22	18852400	18852600	U	U	U	U
chr22	18853400	18853600	U	U	U	U
chr22	18856800	18857000	U	U	U	U
chr22	18862200	18862400	U	U	U	U
chr22	18863600	18863800	U	U	U	U
chr22	18867200	18867400	U	U	U	U
chr22	18869400	18869600	U	U	U	U
chr22	18870800	18871000	U	U	U	U
chr22	18871200	18871400	U	U	U	U
chr22	18874400	18874600	U	U	U	U
chr22	18875600	18875800	U	U	U	U
chr22	18876400	18876600	U	U	U	U
chr22	18876600	18876800	U	U	U	U
chr22	18878600	18878800	U	U	U	U
chr22	18885600	18885800	U	U	U	U
chr22	18886600	18886800	U	U	U	U
chr22	18908800	18909000	U	U	U	U
chr22	18910800	18911000	U	U	U	U
chr22	18912200	18912400	B	U	U	U
chr22	18912800	18913000	B	U	U	U
chr22	18913200	18913400	U	U	U	U
chr22	18915800	18916000	U	U	U	U
chr22	18917400	18917600	U	U	U	U
chr22	18919600	18919800	U	U	U	U
chr22	18921800	18922000	U	U	U	U
chr22	18922200	18922400	U	U	U	U
chr22	18922400	18922600	U	U	U	U
chr22	18923000	18923200	U	U	U	U
chr22	18925200	18925400	U	U	U	U
chr22	18926000	18926200	U	U	U	U
chr22	18928000	18928200	U	U	U	U
chr22	18929600	18929800	U	U	U	U
chr22	18930400	18930600	U	U	U	U
chr22	18932200	18932400	U	U	U	U
chr22	18934200	18934400	U	U	U	U
chr22	18937800	18938000	U	U	U	U
chr22	18948200	18948400	U	U	U	U
chr22	18948400	18948600	U	U	U	U
chr22	18950400	18950600	U	U	U	U
chr22	18956400	18956600	U	U	U	U
chr22	18956800	18957000	U	U	U	U
chr22	18957200	18957400	U	U	U	U
chr22	18958800	18959000	U	U	U	U
chr22	18960000	18960200	U	U	U	U
chr22	18960400	18960600	U	U	U	U
chr22	18961200	18961400	U	U	U	U
chr22	18961400	18961600	U	U	U	U
chr22	18967200	18967400	U	U	U	U
chr22	18967400	18967600	B	U	U	U
chr22	18968400	18968600	B	U	B	U
chr22	18970600	18970800	B	U	B	U
chr22	18970800	18971000	B	U	B	U
chr22	18973000	18973200	U	U	U	U
chr22	18973600	18973800	U	U	U	U
chr22	18974400	18974600	U	U	U	U
chr22	18974600	18974800	U	U	U	U
chr22	18975000	18975200	U	U	U	U
chr22	18978000	18978200	U	U	U	U
chr22	18981000	18981200	U	U	U	U
chr22	18991200	18991400	U	U	U	U
chr22	18991800	18992000	U	U	U	U
chr22	18992400	18992600	U	U	U	U
chr22	18992800	18993000	U	U	U	U
chr22	18994200	18994400	U	U	U	U
chr22	18994600	18994800	U	U	U	U
chr22	18997400	18997600	U	U	U	U
chr22	19001800	19002000	U	U	U	U
chr22	19002600	19002800	U	U	U	U
chr22	19002800	19003000	U	U	U	U
chr22	19003200	19003400	U	U	U	U
chr22	19013000	19013200	U	U	U	U
chr22	19016400	19016600	U	U	U	U
chr22	19018600	19018800	U	U	U	U
chr22	19019000	19019200	U	U	U	U
chr22	19019600	19019800	U	U	U	U
chr22	19025200	19025400	U	U	U	U
chr22	19027000	19027200	U	U	U	U
chr22	19027600	19027800	B	U	U	U
chr22	19028000	19028200	B	U	U	U
chr22	19029400	19029600	U	U	U	U
chr22	19029800	19030000	U	U	U	U
chr22	19030000	19030200	U	U	U	U
chr22	19031400	19031600	U	U	U	U
chr22	19032600	19032800	U	U	U	U
chr22	19033000	19033200	U	U	U	U
chr22	19033200	19033400	U	U	U	U
chr22	19034600	19034800	U	U	U	U
chr22	19036800	19037000	B	U	B	U
chr22	19040600	19040800	U	U	U	U
chr22	19041200	19041400	U	U	U	U
chr22	19042200	19042400	U	U	U	U
chr22	19042800	19043000	U	U	U	U
chr22	19043600	19043800	U	U	U	U
chr22	19048200	19048400	U	U	U	U
chr22	19048800	19049000	U	U	U	U
chr22	19057600	19057800	U	U	U	U
chr22	19058800	19059000	U	U	U	U
chr22	19061400	19061600	U	U	U	U
chr22	19067000	19067200	U	U	U	U
chr22	19069800	19070000	U	U	U	U
chr22	19104600	19104800	U	U	U	U
chr22	19106800	19107000	U	U	U	U
chr22	19109800	19110000	B	U	U	U
chr22	19120600	19120800	U	U	U	U
chr22	19121800	19122000	B	U	U	U
chr22	19125400	19125600	U	U	U	U
chr22	19125800	19126000	U	U	U	U
chr22	19126400	19126600	U	U	U	U
chr22	19129400	19129600	U	U	U	U
chr22	19135200	19135400	U	U	U	U
chr22	19136400	19136600	U	U	U	U
chr22	19138000	19138200	U	U	U	U
chr22	19138200	19138400	U	U	U	U
chr22	19139200	19139400	U	U	U	U
chr22	19148800	19149000	U	U	U	U
chr22	19149000	19149200	U	U	U	U
chr22	19149800	19150000	U	U	U	U
chr22	19150800	19151000	U	U	U	U
chr22	19168600	19168800	U	U	U	U
chr22	19169400	19169600	B	U	U	B
chr22	19172400	19172600	U	U	U	U
chr22	19172800	19173000	U	U	U	U
chr22	19173800	19174000	U	U	U	U
chr22	19176200	19176400	U	U	U	U
chr22	19176400	19176600	U	U	U	U
chr22	19176600	19176800	U	U	U	U
chr22	19177000	19177200	U	U	U	U
chr22	19178200	19178400	B	U	U	B
chr22	19180000	19180200	U	U	U	U
chr22	19180800	19181000	U	U	U	U
chr22	19181400	19181600	U	U	U	U
chr22	19183200	19183400	U	U	U	U
chr22	19191200	19191400	U	U	U	U
chr22	19199800	19200000	U	U	U	U
chr22	19201200	19201400	U	U	U	U
chr22	19208400	19208600	U	U	U	U
chr22	19208800	19209000	U	U	U	U
chr22	19210000	19210200	U	U	U	U
chr22	19215200	19215400	U	U	U	U
chr22	19215800	19216000	U	U	U	U
chr22	19216000	19216200	U	U	U	U
chr22	19216400	19216600	U	U	U	U
chr22	19216800	19217000	U	U	U	U
chr22	19221800	19222000	U	U	U	U
chr22	19222800	19223000	U	U	U	U
chr22	19223600	19223800	U	U	U	U
chr22	19226200	19226400	U	U	U	U
chr22	19228000	19228200	U	U	U	U
chr22	19232800	19233000	U	U	U	U
chr22	19233400	19233600	B	U	U	U
chr22	19233800	19234000	U	U	U	U
chr22	19235400	19235600	U	U	U	U
chr22	19236400	19236600	U	U	U	U
chr22	19236800	19237000	U	U	U	U
chr22	19239400	19239600	U	U	U	U
chr22	19240400	19240600	U	U	U	U
chr22	19241000	19241200	U	U	U	U
chr22	19241200	19241400	U	U	U	U
chr22	19241400	19241600	U	U	U	U
chr22	19252400	19252600	U	U	U	U
chr22	19253400	19253600	U	U	U	U
chr22	19257800	19258000	U	U	U	U
chr22	19258000	19258200	U	U	U	U
chr22	19272200	19272400	U	U	U	U
chr22	19275200	19275400	U	U	U	U
chr22	19275600	19275800	U	U	U	U
chr22	19286400	19286600	U	U	U	U
chr22	19293000	19293200	U	U	U	U
chr22	19331000	19331200	U	U	U	U
chr22	19346600	19346800	U	U	U	U
chr22	19346800	19347000	U	U	U	U
chr22	19353200	19353400	U	U	U	U
chr22	19356200	19356400	U	U	U	U
chr22	19357200	19357400	U	U	U	U
chr22	19357800	19358000	U	U	U	U
chr22	19358600	19358800	U	U	U	U
chr22	19358800	19359000	U	U	U	U
chr22	19359600	19359800	U	U	U	U
chr22	19361400	19361600	U	U	U	U
chr22	19369400	19369600	U	U	U	U
chr22	19375400	19375600	U	U	U	U
chr22	19376400	19376600	U	U	U	U
chr22	19382400	19382600	U	U	U	U
chr22	19385000	19385200	U	U	U	U
chr22	19386600	19386800	U	U	U	U
chr22	19388400	19388600	U	U	U	U
chr22	19388800	19389000	U	U	U	U
chr22	19389000	19389200	U	U	U	U
chr22	19392000	19392200	U	U	U	U
chr22	19395400	19395600	U	U	U	U
chr22	19397400	19397600	B	U	B	U
chr22	19399800	19400000	U	U	U	U
chr22	19400200	19400400	U	U	U	U
chr22	19407600	19407800	U	U	U	U
chr22	19409800	19410000	U	U	U	U
chr22	19424800	19425000	U	U	U	U
chr22	19427800	19428000	U	U	U	U
chr22	19444400	19444600	U	U	U	U
chr22	19444800	19445000	U	U	U	U
chr22	19453200	19453400	U	U	U	U
chr22	19453600	19453800	U	U	U	U
chr22	19453800	19454000	U	U	U	U
chr22	19455600	19455800	U	U	U	U
chr22	19460400	19460600	U	U	U	U
chr22	19463600	19463800	U	U	U	U
chr22	19464400	19464600	U	U	U	U
chr22	19466000	19466200	U	U	U	U
chr22	19467400	19467600	U	U	U	U
chr22	19468200	19468400	U	U	U	U
chr22	19469800	19470000	U	U	U	U
chr22	19470800	19471000	U	U	U	U
chr22	19471200	19471400	U	U	U	U
chr22	19471800	19472000	U	U	U	U
chr22	19474800	19475000	U	U	U	U
chr22	19497000	19497200	U	U	U	U
chr22	19499800	19500000	U	U	U	U
chr22	19506200	19506400	U	U	U	U
chr22	19507200	19507400	U	U	U	U
chr22	19515400	19515600	U	U	U	U
chr22	19516200	19516400	U	U	U	U
chr22	19517200	19517400	U	U	U	U
chr22	19518000	19518200	U	U	U	U
chr22	19518400	19518600	U	U	U	U
chr22	19519400	19519600	U	U	U	U
chr22	19522200	19522400	B	U	U	U
chr22	19524400	19524600	U	U	U	U
chr22	19527600	19527800	U	U	U	U
chr22	19537200	19537400	U	U	U	U
chr22	19549600	19549800	U	U	U	U
chr22	19555800	19556000	U	U	U	U
chr22	19569400	19569600	U	U	U	U
chr22	19572000	19572200	U	U	U	U
chr22	19572200	19572400	U	U	U	U
chr22	19580000	19580200	U	U	B	U
chr22	19597000	19597200	U	U	U	U
chr22	19597600	19597800	U	U	U	U
chr22	19605000	19605200	B	U	U	B
chr22	19606000	19606200	U	U	U	U
chr22	19607400	19607600	U	U	U	U
chr22	19607800	19608000	U	U	U	U
chr22	19610800	19611000	U	U	U	U
chr22	19611000	19611200	U	U	U	U
chr22	19613800	19614000	U	U	U	U
chr22	19615400	19615600	U	U	U	U
chr22	19617400	19617600	U	U	U	U
chr22	19622000	19622200	U	U	U	U
chr22	19623000	19623200	U	U	U	U
chr22	19629400	19629600	U	U	U	U
chr22	19634400	19634600	U	U	U	U
chr22	19637800	19638000	U	U	U	U
chr22	19638600	19638800	U	U	U	U
chr22	19656000	19656200	U	U	U	U
chr22	19656200	19656400	U	U	U	U
chr22	19666000	19666200	U	U	U	U
chr22	19666400	19666600	U	U	U	U
chr22	19674800	19675000	U	U	U	U
chr22	19688000	19688200	U	U	U	U
chr22	19688200	19688400	U	U	U	U
chr22	19691800	19692000	B	U	U	U
chr22	19692200	19692400	U	U	U	U
chr22	19693600	19693800	U	U	U	U
chr22	19695000	19695200	U	U	U	U
chr22	19708800	19709000	U	U	U	U
chr22	19709200	19709400	B	U	U	U
chr22	19709800	19710000	U	U	U	U
chr22	19710800	19711000	U	U	U	U
chr22	19711200	19711400	U	U	U	U
chr22	19713400	19713600	U	U	U	U
chr22	19713800	19714000	U	U	U	U
chr22	19715000	19715200	U	U	U	U
chr22	19715200	19715400	U	U	U	U
chr22	19719600	19719800	U	U	U	U
chr22	19720200	19720400	U	U	U	U
chr22	19720800	19721000	U	U	U	U
chr22	19721200	19721400	U	U	U	U
chr22	19722600	19722800	B	U	U	B
chr22	19723200	19723400	B	U	U	B
chr22	19723800	19724000	B	U	U	U
chr22	19724400	19724600	B	U	U	U
chr22	19724600	19724800	U	U	U	U
chr22	19724800	19725000	U	U	U	U
chr22	19728000	19728200	U	U	U	U
chr22	19733200	19733400	U	U	U	U
chr22	19735600	19735800	U	U	U	U
chr22	19736000	19736200	U	U	U	U
chr22	19736600	19736800	U	U	U	U
chr22	19737200	19737400	U	U	U	U
chr22	19738400	19738600	U	U	U	U
chr22	19742800	19743000	U	U	U	U
chr22	19743200	19743400	U	U	U	U
chr22	19744200	19744400	U	U	U	U
chr22	19744400	19744600	U	U	U	U
chr22	19746400	19746600	U	U	U	U
chr22	19747600	19747800	U	U	U	U
chr22	19747800	19748000	U	U	U	U
chr22	19749400	19749600	U	U	U	U
chr22	19749800	19750000	U	U	U	U
chr22	19750200	19750400	U	U	U	U
chr22	19752200	19752400	U	U	U	U
chr22	19753000	19753200	U	U	U	U
chr22	19754400	19754600	U	U	U	U
chr22	19757200	19757400	B	U	U	U
chr22	19758000	19758200	U	U	U	U
chr22	19759600	19759800	U	U	U	U
chr22	19761200	19761400	U	U	U	U
chr22	19762000	19762200	B	U	U	U
chr22	19763400	19763600	U	U	U	U
chr22	19764200	19764400	U	U	U	U
chr22	19765400	19765600	U	U	U	U
chr22	19767800	19768000	U	U	U	U
chr22	19768600	19768800	U	U	U	U
chr22	19770600	19770800	U	U	U	U
chr22	19773400	19773600	B	U	U	U
chr22	19773600	19773800	B	U	U	U
chr22	19779000	19779200	U	U	U	U
chr22	19779200	19779400	U	U	U	U
chr22	19779600	19779800	B	U	U	U
chr22	19784600	19784800	U	U	U	U
chr22	19786600	19786800	U	U	U	U
chr22	19788800	19789000	U	U	U	U
chr22	19792600	19792800	U	U	U	U
chr22	19792800	19793000	U	U	U	U
chr22	19800800	19801000	B	U	U	U
chr22	19802800	19803000	U	U	U	U
chr22	19803400	19803600	U	U	U	U
chr22	19806800	19807000	B	U	B	U
chr22	19807000	19807200	B	U	B	U
chr22	19807200	19807400	U	U	U	U
chr22	19810200	19810400	U	U	U	U
chr22	19811600	19811800	U	U	U	U
chr22	19818800	19819000	U	U	U	U
chr22	19820000	19820200	U	U	U	U
chr22	19820200	19820400	U	U	U	U
chr22	19821200	19821400	U	U	U	U
chr22	19821400	19821600	U	U	U	U
chr22	19822400	19822600	U	U	U	U
chr22	19826000	19826200	U	U	U	U
chr22	19842400	19842600	B	U	U	U
chr22	19844600	19844800	U	U	U	U
chr22	19845600	19845800	U	U	U	U
chr22	19845800	19846000	U	U	U	U
chr22	19849000	19849200	U	U	U	U
chr22	19850600	19850800	U	U	U	U
chr22	19850800	19851000	U	U	U	U
chr22	19853000	19853200	U	U	U	U
chr22	19854400	19854600	B	U	U	U
chr22	19860800	19861000	U	U	U	U
chr22	19869200	19869400	U	U	U	U
chr22	19870600	19870800	U	U	U	U
chr22	19871400	19871600	U	U	U	U
chr22	19872400	19872600	U	U	U	U
chr22	19872600	19872800	U	U	U	U
chr22	19873800	19874000	U	U	U	U
chr22	19874000	19874200	U	U	U	U
chr22	19875000	19875200	U	U	U	U
chr22	19875400	19875600	U	U	U	U
chr22	19878000	19878200	U	U	U	U
chr22	19878800	19879000	U	U	U	U
chr22	19880600	19880800	U	U	U	U
chr22	19884200	19884400	U	U	U	U
chr22	19885200	19885400	U	U	U	U
chr22	19886400	19886600	U	U	U	U
chr22	19887800	19888000	U	U	U	U
chr22	19889800	19890000	U	U	U	U
chr22	19890400	19890600	U	U	U	U
chr22	19892000	19892200	B	U	B	U
chr22	19892400	19892600	B	U	B	U
chr22	19895000	19895200	U	U	U	U
chr22	19896600	19896800	U	U	U	U
chr22	19902800	19903000	U	U	U	U
chr22	19903200	19903400	U	U	U	U
chr22	19903600	19903800	U	U	U	U
chr22	19904200	19904400	U	U	U	U
chr22	19904600	19904800	U	U	U	U
chr22	19905000	19905200	U	U	U	U
chr22	19911400	19911600	U	U	U	U
chr22	19911600	19911800	U	U	U	U
chr22	19912800	19913000	B	U	U	U
chr22	19915000	19915200	U	U	U	U
chr22	19915400	19915600	U	U	U	U
chr22	19918400	19918600	B	U	U	U
chr22	19919800	19920000	U	U	U	U
chr22	19929800	19930000	U	U	U	U
chr22	19931200	19931400	U	U	U	U
chr22	19932800	19933000	B	U	U	U
chr22	19933000	19933200	B	U	U	U
chr22	19933800	19934000	B	U	U	U
chr22	19940800	19941000	B	U	U	U
chr22	19942200	19942400	B	U	U	U
chr22	19963600	19963800	U	U	U	U
chr22	19964800	19965000	U	U	U	U
chr22	19967600	19967800	U	U	U	U
chr22	19968400	19968600	U	U	U	U
chr22	19971200	19971400	U	U	U	U
chr22	19972000	19972200	U	U	U	U
chr22	19972200	19972400	U	U	U	U
chr22	19973800	19974000	U	U	U	U
chr22	19974200	19974400	U	U	U	U
chr22	19975600	19975800	B	U	U	B
chr22	19975800	19976000	U	U	U	U
chr22	19977400	19977600	U	U	U	U
chr22	19978000	19978200	U	U	U	U
chr22	19979200	19979400	U	U	U	U
chr22	19979600	19979800	U	U	U	U
chr22	19980000	19980200	U	U	U	U
chr22	19980200	19980400	U	U	U	U
chr22	19981200	19981400	U	U	U	U
chr22	19981800	19982000	U	U	U	U
chr22	19983200	19983400	U	U	U	U
chr22	19984400	19984600	U	U	U	U
chr22	19985200	19985400	U	U	U	U
chr22	19985800	19986000	U	U	U	U
chr22	19990000	19990200	U	U	U	U
chr22	19990800	19991000	U	U	U	U
chr22	19991600	19991800	U	U	U	U
chr22	19992600	19992800	U	U	U	U
chr22	19998200	19998400	U	U	U	U
chr22	19999400	19999600	U	U	U	U
chr22	19999600	19999800	U	U	U	U
chr22	20000000	20000200	U	U	U	U
chr22	20000200	20000400	U	U	U	U
chr22	20002200	20002400	B	U	U	U
chr22	20009000	20009200	U	U	U	U
chr22	20009200	20009400	U	U	U	U
chr22	20010400	20010600	U	U	U	U
chr22	20012800	20013000	U	U	U	U
chr22	20013200	20013400	B	U	U	U
chr22	20014600	20014800	U	U	U	U
chr22	20015200	20015400	U	U	U	U
chr22	20018400	20018600	U	U	U	U
chr22	20019600	20019800	U	U	U	U
chr22	20022400	20022600	U	U	U	U
chr22	20022600	20022800	U	U	U	U
chr22	20027400	20027600	U	U	U	U
chr22	20031400	20031600	U	U	U	U
chr22	20032800	20033000	U	U	U	U
chr22	20033400	20033600	U	U	U	U
chr22	20035000	20035200	B	U	U	U
chr22	20040800	20041000	U	U	U	U
chr22	20043200	20043400	U	U	U	U
chr22	20044600	20044800	U	U	U	U
chr22	20052200	20052400	U	U	U	U
chr22	20052600	20052800	U	U	U	U
chr22	20053600	20053800	U	U	U	U
chr22	20054200	20054400	U	U	U	U
chr22	20054800	20055000	U	U	U	U
chr22	20061400	20061600	U	U	U	U
chr22	20063400	20063600	U	U	U	U
chr22	20064400	20064600	U	U	U	U
chr22	20066400	20066600	U	U	U	U
chr22	20070000	20070200	U	U	U	U
chr22	20084600	20084800	U	U	U	U
chr22	20086200	20086400	U	U	U	U
chr22	20088400	20088600	U	U	U	U
chr22	20089600	20089800	U	U	U	U
chr22	20091400	20091600	U	U	U	U
chr22	20092000	20092200	U	U	U	U
chr22	20092400	20092600	U	U	U	U
chr22	20092800	20093000	U	U	U	U
chr22	20094000	20094200	U	U	U	U
chr22	20094600	20094800	U	U	U	U
chr22	20100600	20100800	U	U	U	U
chr22	20107000	20107200	U	U	U	U
chr22	20108800	20109000	U	U	U	U
chr22	20109600	20109800	U	U	U	U
chr22	20112000	20112200	B	U	U	U
chr22	20112200	20112400	U	U	U	U
chr22	20113000	20113200	U	U	U	U
chr22	20113400	20113600	U	U	U	U
chr22	20114000	20114200	U	U	U	U
chr22	20114800	20115000	U	U	U	U
chr22	20115400	20115600	U	U	U	U
chr22	20118000	20118200	B	U	U	U
chr22	20123800	20124000	U	U	U	U
chr22	20124000	20124200	U	U	U	U
chr22	20127400	20127600	B	U	U	U
chr22	20129000	20129200	B	U	U	U
chr22	20131400	20131600	B	U	U	U
chr22	20133200	20133400	U	U	U	U
chr22	20135800	20136000	U	U	U	U
chr22	20136400	20136600	U	U	U	U
chr22	20137800	20138000	B	U	U	U
chr22	20139000	20139200	U	U	U	U
chr22	20139200	20139400	U	U	U	U
chr22	20139600	20139800	U	U	U	U
chr22	20141600	20141800	U	U	U	U
chr22	20142400	20142600	U	U	U	U
chr22	20142800	20143000	U	U	U	U
chr22	20143400	20143600	U	U	U	U
chr22	20143600	20143800	U	U	U	U
chr22	20145000	20145200	U	U	U	U
chr22	20145400	20145600	U	U	U	U
chr22	20146800	20147000	U	U	U	U
chr22	20147000	20147200	U	U	U	U
chr22	20149400	20149600	U	U	U	U
chr22	20150600	20150800	U	U	U	U
chr22	20152600	20152800	U	U	U	U
chr22	20156600	20156800	B	U	U	U
chr22	20157800	20158000	B	U	U	U
chr22	20159800	20160000	U	U	U	U
chr22	20166000	20166200	U	U	U	U
chr22	20166400	20166600	U	U	U	U
chr22	20166600	20166800	U	U	U	U
chr22	20167400	20167600	U	U	U	U
chr22	20169000	20169200	U	U	U	U
chr22	20170400	20170600	U	U	U	U
chr22	20171800	20172000	U	U	U	U
chr22	20173600	20173800	U	U	U	U
chr22	20174200	20174400	U	U	U	U
chr22	20175400	20175600	U	U	U	U
chr22	20177000	20177200	U	U	U	U
chr22	20180000	20180200	B	U	U	U
chr22	20182200	20182400	U	U	U	U
chr22	20183000	20183200	U	U	U	U
chr22	20185600	20185800	U	U	U	U
chr22	20188000	20188200	U	U	U	U
chr22	20192400	20192600	U	U	U	U
chr22	20193000	20193200	U	U	U	U
chr22	20193200	20193400	U	U	U	U
chr22	20197400	20197600	U	U	U	U
chr22	20197600	20197800	U	U	U	U
chr22	20198000	20198200	U	U	U	U
chr22	20198200	20198400	U	U	U	U
chr22	20203000	20203200	U	U	U	U
chr22	20203200	20203400	U	U	U	U
chr22	20204400	20204600	U	U	U	U
chr22	20204600	20204800	U	U	U	U
chr22	20204800	20205000	U	U	U	U
chr22	20210200	20210400	U	U	U	U
chr22	20210400	20210600	U	U	U	U
chr22	20213000	20213200	U	U	U	U
chr22	20214200	20214400	U	U	U	U
chr22	20214400	20214600	U	U	U	U
chr22	20214600	20214800	U	U	U	U
chr22	20214800	20215000	U	U	U	U
chr22	20216200	20216400	U	U	U	U
chr22	20218000	20218200	U	U	U	U
chr22	20218200	20218400	U	U	U	U
chr22	20220400	20220600	B	U	U	U
chr22	20221400	20221600	U	U	U	U
chr22	20221800	20222000	U	U	U	U
chr22	20224200	20224400	U	U	U	U
chr22	20230000	20230200	U	U	U	U
chr22	20231000	20231200	U	U	U	U
chr22	20233400	20233600	U	U	U	U
chr22	20234200	20234400	U	U	U	U
chr22	20234600	20234800	U	U	U	U
chr22	20235000	20235200	U	U	U	U
chr22	20235200	20235400	U	U	U	U
chr22	20236600	20236800	U	U	U	U
chr22	20237200	20237400	U	U	U	U
chr22	20241400	20241600	U	U	U	U
chr22	20241800	20242000	U	U	U	U
chr22	20243200	20243400	U	U	U	U
chr22	20243800	20244000	B	U	U	U
chr22	20244600	20244800	U	U	U	U
chr22	20245800	20246000	U	U	U	U
chr22	20246000	20246200	U	U	U	U
chr22	20246200	20246400	U	U	U	U
chr22	20248600	20248800	U	U	U	U
chr22	20248800	20249000	U	U	U	U
chr22	20249200	20249400	U	U	U	U
chr22	20251000	20251200	U	U	U	U
chr22	20251200	20251400	U	U	U	U
chr22	20255000	20255200	U	U	U	U
chr22	20255200	20255400	U	U	U	U
chr22	20256200	20256400	U	U	U	U
chr22	20258400	20258600	U	U	U	U
chr22	20259400	20259600	B	U	U	U
chr22	20261000	20261200	U	U	U	U
chr22	20261200	20261400	U	U	U	U
chr22	20263000	20263200	U	U	U	U
chr22	20263200	20263400	U	U	U	U
chr22	20263600	20263800	U	U	U	U
chr22	20264200	20264400	U	U	U	U
chr22	20266600	20266800	U	U	U	U
chr22	20269600	20269800	U	U	U	U
chr22	20271000	20271200	U	U	U	U
chr22	20272000	20272200	U	U	U	U
chr22	20272800	20273000	U	U	U	U
chr22	20273000	20273200	U	U	U	U
chr22	20274600	20274800	U	U	U	U
chr22	20276200	20276400	U	U	U	U
chr22	20278400	20278600	U	U	U	U
chr22	20280400	20280600	U	U	U	U
chr22	20281000	20281200	U	U	U	U
chr22	20283400	20283600	U	U	U	U
chr22	20283600	20283800	U	U	U	U
chr22	20284000	20284200	U	U	U	U
chr22	20285200	20285400	B	U	U	U
chr22	20286200	20286400	B	U	U	U
chr22	20291200	20291400	U	U	U	U
chr22	20292800	20293000	U	U	U	U
chr22	20299400	20299600	B	U	U	U
chr22	20300600	20300800	U	U	U	U
chr22	20306800	20307000	U	U	U	U
chr22	20307200	20307400	U	U	U	U
chr22	20308800	20309000	U	U	U	U
chr22	20310000	20310200	U	U	U	U
chr22	20312800	20313000	U	U	U	U
chr22	20313200	20313400	U	U	U	U
chr22	20314600	20314800	U	U	U	U
chr22	20316200	20316400	U	U	U	U
chr22	20316400	20316600	U	U	U	U
chr22	20319600	20319800	B	U	U	B
chr22	20324200	20324400	U	U	U	U
chr22	20340600	20340800	U	U	U	U
chr22	20341400	20341600	U	U	U	U
chr22	20346600	20346800	U	U	U	U
chr22	20351000	20351200	U	U	U	U
chr22	20352000	20352200	U	U	U	U
chr22	20352200	20352400	U	U	U	U
chr22	20353600	20353800	U	U	U	U
chr22	20364200	20364400	U	U	U	U
chr22	20366200	20366400	U	U	U	U
chr22	20366600	20366800	U	U	U	U
chr22	20367000	20367200	U	U	U	U
chr22	20370200	20370400	U	U	U	U
chr22	20390200	20390400	U	U	U	U
chr22	20393800	20394000	B	U	U	B
chr22	20396000	20396200	U	U	U	U
chr22	20400200	20400400	U	U	U	U
chr22	20402200	20402400	U	U	U	U
chr22	20403000	20403200	U	U	U	U
chr22	20405600	20405800	U	U	U	U
chr22	20408000	20408200	U	U	U	U
chr22	20408200	20408400	U	U	U	U
chr22	20423000	20423200	U	U	U	U
chr22	20425000	20425200	U	U	U	U
chr22	20427000	20427200	U	U	U	U
chr22	20427200	20427400	U	U	U	U
chr22	20430600	20430800	U	U	U	U
chr22	20431400	20431600	U	U	U	U
chr22	20435800	20436000	U	U	U	U
chr22	20438400	20438600	U	U	U	U
chr22	20438800	20439000	U	U	U	U
chr22	20439000	20439200	B	U	U	U
chr22	20440600	20440800	U	U	U	U
chr22	20442200	20442400	U	U	U	U
chr22	20446600	20446800	U	U	U	U
chr22	20450400	20450600	U	U	U	U
chr22	20450600	20450800	U	U	U	U
chr22	20456600	20456800	B	U	B	U
chr22	20458600	20458800	U	U	U	U
chr22	20459000	20459200	U	U	U	U
chr22	20463400	20463600	U	U	U	U
chr22	20464600	20464800	U	U	U	U
chr22	20465400	20465600	U	U	U	U
chr22	20465600	20465800	U	U	U	U
chr22	20466400	20466600	U	U	U	U
chr22	20466800	20467000	U	U	U	U
chr22	20483400	20483600	U	U	U	U
chr22	20483600	20483800	U	U	U	U
chr22	20483800	20484000	U	U	U	U
chr22	20488200	20488400	U	U	U	U
chr22	20493200	20493400	U	U	U	U
chr22	20495200	20495400	B	U	U	U
chr22	20497400	20497600	U	U	U	U
chr22	20497800	20498000	U	U	U	U
chr22	20517800	20518000	U	U	U	U
chr22	20523800	20524000	B	U	U	U
chr22	20524400	20524600	U	U	U	U
chr22	20530200	20530400	U	U	U	U
chr22	20530400	20530600	U	U	U	U
chr22	20530600	20530800	U	U	U	U
chr22	20533000	20533200	B	U	U	U
chr22	20533200	20533400	B	U	U	U
chr22	20537200	20537400	U	U	U	U
chr22	20537400	20537600	U	U	U	U
chr22	20537600	20537800	U	U	U	U
chr22	20546200	20546400	B	U	U	B
chr22	20549600	20549800	U	U	U	U
chr22	20550400	20550600	U	U	U	U
chr22	20550800	20551000	U	U	U	U
chr22	20551400	20551600	U	U	U	U
chr22	20552600	20552800	U	U	U	U
chr22	20553000	20553200	U	U	U	U
chr22	20553200	20553400	U	U	U	U
chr22	20554800	20555000	U	U	U	U
chr22	20574200	20574400	U	U	U	U
chr22	20576400	20576600	U	U	U	U
chr22	20577000	20577200	B	U	U	U
chr22	20579400	20579600	U	U	U	U
chr22	20582000	20582200	U	U	U	U
chr22	20583000	20583200	U	U	U	U
chr22	20584000	20584200	U	U	B	U
chr22	20587400	20587600	U	U	U	U
chr22	20587800	20588000	B	U	U	U
chr22	20589800	20590000	U	U	U	U
chr22	20591000	20591200	U	U	U	U
chr22	20600800	20601000	U	U	U	U
chr22	20604400	20604600	U	U	U	U
chr22	20605200	20605400	B	U	U	U
chr22	20606000	20606200	B	U	B	U
chr22	20606600	20606800	B	U	B	U
chr22	20611000	20611200	U	U	U	U
chr22	20611800	20612000	U	U	U	U
chr22	20612000	20612200	U	U	U	U
chr22	20612200	20612400	U	U	U	U
chr22	20615800	20616000	U	U	U	U
chr22	20620600	20620800	U	U	U	U
chr22	20620800	20621000	U	U	U	U
chr22	20621200	20621400	U	U	U	U
chr22	20621600	20621800	U	U	U	U
chr22	20624200	20624400	U	U	U	U
chr22	20624400	20624600	U	U	U	U
chr22	20628600	20628800	U	U	U	U
chr22	20628800	20629000	U	U	U	U
chr22	20629200	20629400	U	U	U	U
chr22	20631600	20631800	U	U	U	U
chr22	20636600	20636800	U	U	U	U
chr22	20646000	20646200	U	U	U	U
chr22	20646400	20646600	U	U	B	U
chr22	20650200	20650400	U	U	U	U
chr22	20650600	20650800	U	U	U	U
chr22	20653200	20653400	U	U	U	U
chr22	20653400	20653600	U	U	U	U
chr22	20654200	20654400	U	U	U	U
chr22	20667800	20668000	U	U	U	U
chr22	20669200	20669400	U	U	U	U
chr22	20671000	20671200	B	U	U	U
chr22	20671600	20671800	U	U	U	U
chr22	20673400	20673600	U	U	U	U
chr22	20689600	20689800	U	U	U	U
chr22	20690000	20690200	U	U	U	U
chr22	20691000	20691200	U	U	U	U
chr22	20696800	20697000	U	U	U	U
chr22	20698000	20698200	U	U	U	U
chr22	20702000	20702200	B	U	B	U
chr22	20702400	20702600	B	U	B	U
chr22	20704400	20704600	U	U	U	U
chr22	20709600	20709800	U	U	U	U
chr22	20709800	20710000	U	U	U	U
chr22	20710000	20710200	U	U	U	U
chr22	20710200	20710400	U	U	U	U
chr22	20711200	20711400	U	U	U	U
chr22	20712400	20712600	U	U	U	U
chr22	20713200	20713400	U	U	U	U
chr22	20713400	20713600	U	U	U	U
chr22	20714200	20714400	U	U	U	U
chr22	20714600	20714800	U	U	U	U
chr22	20721000	20721200	U	U	U	U
chr22	20721200	20721400	U	U	U	U
chr22	20721600	20721800	U	U	U	U
chr22	20724800	20725000	U	U	U	U
chr22	20726400	20726600	U	U	U	U
chr22	20726600	20726800	U	U	U	U
chr22	20727400	20727600	U	U	U	U
chr22	20730000	20730200	U	U	U	U
chr22	20733400	20733600	U	U	U	U
chr22	20734200	20734400	U	U	U	U
chr22	20735200	20735400	U	U	U	U
chr22	20735400	20735600	U	U	U	U
chr22	20741200	20741400	U	U	U	U
chr22	20741400	20741600	U	U	U	U
chr22	20742800	20743000	U	U	U	U
chr22	20746400	20746600	U	U	U	U
chr22	20746600	20746800	U	U	U	U
chr22	20748600	20748800	U	U	U	U
chr22	20749000	20749200	U	U	U	U
chr22	20752000	20752200	U	U	U	U
chr22	20752400	20752600	U	U	U	U
chr22	20752600	20752800	U	U	U	U
chr22	20752800	20753000	U	U	U	U
chr22	20753000	20753200	U	U	U	U
chr22	20757000	20757200	U	U	U	U
chr22	20762200	20762400	U	U	U	U
chr22	20764600	20764800	U	U	U	U
chr22	20765400	20765600	U	U	U	U
chr22	20776400	20776600	U	U	U	U
chr22	20781000	20781200	U	U	U	U
chr22	20782200	20782400	U	U	U	U
chr22	20784800	20785000	B	U	U	U
chr22	20786000	20786200	U	U	U	U
chr22	20786200	20786400	U	U	U	U
chr22	20786800	20787000	U	U	U	U
chr22	20787800	20788000	U	U	U	U
chr22	20791000	20791200	U	U	U	U
chr22	20791200	20791400	U	U	U	U
chr22	20792600	20792800	U	U	U	U
chr22	20793000	20793200	U	U	U	U
chr22	20795800	20796000	U	U	U	U
chr22	20803200	20803400	U	U	U	U
chr22	20804600	20804800	B	U	U	U
chr22	20805000	20805200	B	U	U	U
chr22	20813200	20813400	U	U	U	U
chr22	20815600	20815800	U	U	U	U
chr22	20819800	20820000	U	U	U	U
chr22	20824400	20824600	U	U	U	U
chr22	20836800	20837000	U	U	U	U
chr22	20837400	20837600	U	U	U	U
chr22	20841200	20841400	B	U	B	B
chr22	20844000	20844200	U	U	U	B
chr22	20845000	20845200	U	U	U	U
chr22	20859200	20859400	B	U	U	U
chr22	20859800	20860000	U	U	U	U
chr22	20868000	20868200	B	U	U	U
chr22	20868200	20868400	U	U	U	U
chr22	20875400	20875600	U	U	U	U
chr22	20878600	20878800	U	U	U	U
chr22	20882400	20882600	U	U	U	U
chr22	20889200	20889400	U	U	U	U
chr22	20900000	20900200	U	U	U	U
chr22	20917800	20918000	B	U	U	U
chr22	20937600	20937800	B	U	U	U
chr22	20945400	20945600	U	U	U	B
chr22	20948000	20948200	U	U	U	U
chr22	20951400	20951600	U	U	U	U
chr22	20952200	20952400	U	U	U	U
chr22	20952400	20952600	U	U	U	U
chr22	20962800	20963000	U	U	U	U
chr22	20963000	20963200	U	U	U	U
chr22	20963200	20963400	U	U	U	U
chr22	20965000	20965200	U	U	U	U
chr22	20967000	20967200	U	U	U	U
chr22	20969800	20970000	U	U	U	U
chr22	20973200	20973400	U	U	U	U
chr22	20974400	20974600	U	U	U	U
chr22	20978400	20978600	U	U	U	U
chr22	20978800	20979000	U	U	U	U
chr22	20979800	20980000	U	U	U	U
chr22	20980200	20980400	U	U	U	U
chr22	20981200	20981400	U	U	U	U
chr22	20982600	20982800	B	U	U	B
chr22	20983400	20983600	U	U	U	U
chr22	20984400	20984600	U	U	U	U
chr22	20985400	20985600	U	U	U	U
chr22	20991000	20991200	U	U	U	U
chr22	20991400	20991600	U	U	U	U
chr22	20992000	20992200	U	U	U	U
chr22	20993600	20993800	U	U	U	U
chr22	20996000	20996200	U	U	U	U
chr22	20996600	20996800	U	U	U	U
chr22	20997400	20997600	U	U	U	U
chr22	20997800	20998000	U	U	U	U
chr22	20998200	20998400	U	U	U	U
chr22	20998600	20998800	U	U	U	U
chr22	21000400	21000600	U	U	U	B
chr22	21008800	21009000	U	U	U	U
chr22	21009000	21009200	U	U	U	U
chr22	21010200	21010400	U	U	U	U
chr22	21012800	21013000	U	U	U	U
chr22	21015800	21016000	B	U	U	U
chr22	21021400	21021600	B	U	U	U
chr22	21021600	21021800	B	U	U	U
chr22	21022600	21022800	B	U	U	U
chr22	21026000	21026200	U	U	U	U
chr22	21026600	21026800	U	U	B	U
chr22	21027000	21027200	U	U	U	U
chr22	21027600	21027800	U	U	U	U
chr22	21028000	21028200	U	U	U	U
chr22	21028400	21028600	U	U	U	U
chr22	21029600	21029800	U	U	U	U
chr22	21030800	21031000	U	U	U	U
chr22	21032200	21032400	B	U	U	U
chr22	21032800	21033000	B	U	U	U
chr22	21043800	21044000	U	U	U	U
chr22	21053200	21053400	U	U	U	U
chr22	21054800	21055000	U	U	U	U
chr22	21055600	21055800	B	U	U	U
chr22	21058600	21058800	U	U	U	U
chr22	21067200	21067400	U	U	U	U
chr22	21070800	21071000	U	U	U	U
chr22	21075400	21075600	U	U	U	U
chr22	21076800	21077000	U	U	U	U
chr22	21077200	21077400	U	U	U	U
chr22	21078400	21078600	B	U	U	U
chr22	21079400	21079600	B	U	U	U
chr22	21080800	21081000	U	U	U	U
chr22	21085600	21085800	B	U	U	U
chr22	21096600	21096800	U	U	U	U
chr22	21106800	21107000	U	U	U	U
chr22	21115000	21115200	U	U	U	U
chr22	21118600	21118800	U	U	U	U
chr22	21120600	21120800	U	U	U	U
chr22	21121600	21121800	U	U	U	U
chr22	21122200	21122400	U	U	U	U
chr22	21123000	21123200	U	U	U	U
chr22	21125800	21126000	U	U	U	U
chr22	21127600	21127800	U	U	U	U
chr22	21128000	21128200	U	U	U	U
chr22	21131000	21131200	U	U	U	U
chr22	21131200	21131400	U	U	U	U
chr22	21140200	21140400	U	U	U	U
chr22	21142000	21142200	U	U	U	U
chr22	21144200	21144400	U	U	U	U
chr22	21145000	21145200	U	U	U	U
chr22	21146800	21147000	U	U	U	U
chr22	21149200	21149400	U	U	U	U
chr22	21149400	21149600	U	U	U	U
chr22	21161800	21162000	U	U	U	U
chr22	21169000	21169200	U	U	U	U
chr22	21171200	21171400	U	U	U	U
chr22	21171600	21171800	U	U	U	U
chr22	21172400	21172600	U	U	U	U
chr22	21173400	21173600	U	U	U	U
chr22	21173600	21173800	U	U	U	U
chr22	21179800	21180000	U	U	U	U
chr22	21180800	21181000	U	U	U	U
chr22	21181000	21181200	U	U	U	U
chr22	21182200	21182400	U	U	U	U
chr22	21186600	21186800	U	U	U	U
chr22	21187000	21187200	U	U	U	U
chr22	21187200	21187400	U	U	U	U
chr22	21189800	21190000	U	U	U	U
chr22	21202600	21202800	U	U	U	U
chr22	21204000	21204200	U	U	U	U
chr22	21205200	21205400	U	U	U	U
chr22	21209200	21209400	U	U	U	U
chr22	21216000	21216200	U	U	U	U
chr22	21226200	21226400	U	U	U	U
chr22	21227000	21227200	U	U	U	U
chr22	21229800	21230000	U	U	U	U
chr22	21231800	21232000	U	U	U	U
chr22	21232000	21232200	U	U	U	U
chr22	21238200	21238400	U	U	U	U
chr22	21240000	21240200	U	U	U	U
chr22	21240200	21240400	U	U	U	U
chr22	21240800	21241000	U	U	U	U
chr22	21241600	21241800	U	U	U	U
chr22	21243000	21243200	U	U	U	U
chr22	21246400	21246600	U	U	U	U
chr22	21248600	21248800	U	U	U	U
chr22	21258400	21258600	U	U	U	U
chr22	21266200	21266400	U	U	U	U
chr22	21267400	21267600	U	U	U	U
chr22	21267800	21268000	U	U	U	U
chr22	21268800	21269000	U	U	U	U
chr22	21269000	21269200	U	U	U	U
chr22	21269400	21269600	U	U	U	U
chr22	21275600	21275800	U	U	U	U
chr22	21279800	21280000	U	U	U	U
chr22	21283400	21283600	U	U	U	U
chr22	21287600	21287800	U	U	U	U
chr22	21288000	21288200	U	U	U	U
chr22	21289400	21289600	U	U	U	U
chr22	21290400	21290600	U	U	U	U
chr22	21290800	21291000	U	U	U	U
chr22	21292600	21292800	U	U	U	U
chr22	21292800	21293000	U	U	U	U
chr22	21293000	21293200	U	U	U	U
chr22	21295000	21295200	U	U	U	U
chr22	21299600	21299800	U	U	U	U
chr22	21300400	21300600	U	U	U	U
chr22	21303600	21303800	U	U	U	U
chr22	21304200	21304400	U	U	U	U
chr22	21305600	21305800	U	U	U	U
chr22	21306600	21306800	U	U	U	U
chr22	21306800	21307000	U	U	U	U
chr22	21311000	21311200	U	U	U	U
chr22	21314400	21314600	U	U	U	U
chr22	21315000	21315200	U	U	U	U
chr22	21319000	21319200	U	U	U	U
chr22	21320200	21320400	U	U	U	U
chr22	21320400	21320600	U	U	U	U
chr22	21321200	21321400	U	U	U	U
chr22	21321400	21321600	U	U	U	U
chr22	21324000	21324200	U	U	U	U
chr22	21341200	21341400	U	U	U	U
chr22	21342600	21342800	U	U	U	U
chr22	21343000	21343200	U	U	U	U
chr22	21343200	21343400	U	U	U	U
chr22	21344200	21344400	U	U	U	U
chr22	21344600	21344800	U	U	U	U
chr22	21344800	21345000	U	U	U	U
chr22	21353800	21354000	U	U	U	U
chr22	21354400	21354600	U	U	U	U
chr22	21354600	21354800	U	U	U	U
chr22	21357000	21357200	B	U	U	U
chr22	21358000	21358200	U	U	U	U
chr22	21358600	21358800	U	U	U	U
chr22	21359200	21359400	U	U	U	U
chr22	21360400	21360600	U	U	U	U
chr22	21361000	21361200	U	U	U	U
chr22	21361600	21361800	U	U	U	U
chr22	21362800	21363000	B	U	U	U
chr22	21363000	21363200	B	U	U	U
chr22	21364200	21364400	U	U	U	U
chr22	21364400	21364600	U	U	U	U
chr22	21365400	21365600	U	U	U	U
chr22	21368000	21368200	U	U	U	U
chr22	21371000	21371200	U	U	U	U
chr22	21375400	21375600	U	U	U	U
chr22	21375600	21375800	U	U	U	U
chr22	21383600	21383800	B	U	U	U
chr22	21384400	21384600	B	U	U	U
chr22	21387400	21387600	U	U	U	U
chr22	21387600	21387800	U	U	U	U
chr22	21387800	21388000	U	U	U	U
chr22	21401600	21401800	U	U	U	U
chr22	21403400	21403600	B	U	U	U
chr22	21416400	21416600	B	U	U	U
chr22	21417600	21417800	B	U	U	U
chr22	21417800	21418000	B	U	U	U
chr22	21418200	21418400	B	U	U	U
chr22	21418600	21418800	B	U	U	U
chr22	21419000	21419200	U	U	U	U
chr22	21419800	21420000	U	U	U	U
chr22	21420000	21420200	U	U	U	U
chr22	21420600	21420800	U	U	U	U
chr22	21421200	21421400	U	U	U	U
chr22	21422000	21422200	U	U	U	U
chr22	21423400	21423600	U	U	U	U
chr22	21436200	21436400	B	U	U	U
chr22	21438200	21438400	B	U	U	U
chr22	21438600	21438800	B	U	U	U
chr22	21440200	21440400	U	U	U	U
chr22	21440800	21441000	U	U	U	U
chr22	21441000	21441200	U	U	U	U
chr22	21443400	21443600	U	U	U	U
chr22	21444200	21444400	U	U	U	U
chr22	21444400	21444600	U	U	U	U
chr22	21445200	21445400	U	U	U	U
chr22	21446400	21446600	U	U	U	U
chr22	21446600	21446800	U	U	U	U
chr22	21446800	21447000	U	U	U	U
chr22	21447400	21447600	U	U	U	U
chr22	21449600	21449800	U	U	B	U
chr22	21450600	21450800	U	U	U	U
chr22	21451000	21451200	U	U	U	U
chr22	21462200	21462400	B	U	U	U
chr22	21463000	21463200	B	U	U	U
chr22	21468400	21468600	B	U	U	U
chr22	21468600	21468800	B	U	U	U
chr22	21472600	21472800	U	U	U	U
chr22	21473400	21473600	U	U	U	U
chr22	21474200	21474400	U	U	U	U
chr22	21476600	21476800	U	U	U	U
chr22	21479600	21479800	U	U	U	U
chr22	21479800	21480000	U	U	U	U
chr22	21482800	21483000	U	U	U	U
chr22	21483000	21483200	U	U	U	U
chr22	21486600	21486800	U	U	U	U
chr22	21487200	21487400	U	U	U	U
chr22	21487400	21487600	U	U	U	U
chr22	21489000	21489200	U	U	U	U
chr22	21491800	21492000	U	U	U	U
chr22	21493600	21493800	U	U	U	U
chr22	21497000	21497200	U	U	U	U
chr22	21498200	21498400	U	U	U	U
chr22	21500400	21500600	U	U	U	U
chr22	21503200	21503400	U	U	U	U
chr22	21504800	21505000	U	U	U	U
chr22	21511000	21511200	B	U	U	U
chr22	21512200	21512400	B	U	U	U
chr22	21512800	21513000	U	U	U	U
chr22	21516600	21516800	B	U	U	U
chr22	21517000	21517200	B	U	U	U
chr22	21517200	21517400	B	U	U	U
chr22	21518000	21518200	B	U	U	U
chr22	21531400	21531600	B	U	U	U
chr22	21544600	21544800	B	U	U	U
chr22	21545000	21545200	B	U	U	U
chr22	21545800	21546000	U	U	U	U
chr22	21546200	21546400	U	U	U	U
chr22	21548400	21548600	U	U	U	U
chr22	21549200	21549400	U	U	U	U
chr22	21551200	21551400	B	U	U	U
chr22	21560200	21560400	B	U	U	U
chr22	21561600	21561800	U	U	U	U
chr22	21564400	21564600	U	U	U	U
chr22	21568400	21568600	B	U	U	B
chr22	21571200	21571400	B	U	U	B
chr22	21573600	21573800	U	U	U	U
chr22	21583000	21583200	B	U	U	U
chr22	21587800	21588000	B	U	U	U
chr22	21592000	21592200	U	U	U	U
chr22	21593000	21593200	U	U	U	U
chr22	21594600	21594800	U	U	U	U
chr22	21594800	21595000	U	U	U	U
chr22	21599400	21599600	U	U	U	U
chr22	21607600	21607800	B	U	U	B
chr22	21607800	21608000	B	U	U	B
chr22	21611000	21611200	U	U	U	U
chr22	21613000	21613200	U	U	U	U
chr22	21613200	21613400	U	U	U	U
chr22	21621800	21622000	U	U	U	U
chr22	21622400	21622600	U	U	U	U
chr22	21623600	21623800	U	U	U	U
chr22	21623800	21624000	U	U	U	U
chr22	21624400	21624600	B	U	U	B
chr22	21624600	21624800	U	U	U	U
chr22	21628800	21629000	B	U	U	U
chr22	21636600	21636800	U	U	U	U
chr22	21642800	21643000	B	U	U	U
chr22	21646400	21646600	U	U	U	U
chr22	21652600	21652800	B	U	U	U
chr22	21654000	21654200	U	U	U	U
chr22	21657600	21657800	B	U	U	U
chr22	21658200	21658400	B	U	U	U
chr22	21660400	21660600	U	U	U	U
chr22	21660800	21661000	U	U	U	U
chr22	21670600	21670800	U	U	U	U
chr22	21671000	21671200	U	U	U	U
chr22	21672800	21673000	U	U	U	U
chr22	21673200	21673400	U	U	U	U
chr22	21675600	21675800	U	U	U	U
chr22	21681000	21681200	U	U	U	U
chr22	21681200	21681400	U	U	U	U
chr22	21686200	21686400	U	U	U	U
chr22	21686800	21687000	B	U	U	U
chr22	21691800	21692000	U	U	U	U
chr22	21694600	21694800	U	U	U	U
chr22	21695200	21695400	U	U	U	U
chr22	21696200	21696400	U	U	U	U
chr22	21696400	21696600	U	U	U	U
chr22	21697000	21697200	U	U	U	U
chr22	21698800	21699000	B	U	U	U
chr22	21699200	21699400	B	U	U	U
chr22	21703800	21704000	U	U	U	U
chr22	21713800	21714000	U	U	U	U
chr22	21727600	21727800	U	U	U	U
chr22	21728000	21728200	U	U	U	U
chr22	21730800	21731000	U	U	U	U
chr22	21741800	21742000	U	U	U	U
chr22	21747000	21747200	U	U	U	U
chr22	21753400	21753600	U	U	U	U
chr22	21754800	21755000	B	U	U	U
chr22	21755200	21755400	B	U	U	U
chr22	21756800	21757000	U	U	U	U
chr22	21757600	21757800	U	U	U	U
chr22	21759400	21759600	U	U	U	U
chr22	21762000	21762200	U	U	U	U
chr22	21762800	21763000	U	U	U	U
chr22	21763000	21763200	U	U	U	U
chr22	21763600	21763800	U	U	U	U
chr22	21764000	21764200	U	U	U	U
chr22	21767600	21767800	U	U	U	U
chr22	21772000	21772200	U	U	U	U
chr22	21775200	21775400	U	U	U	U
chr22	21777000	21777200	U	U	U	U
chr22	21788800	21789000	U	U	U	U
chr22	21806200	21806400	U	U	U	U
chr22	21806600	21806800	U	U	U	U
chr22	21810000	21810200	U	U	U	U
chr22	21825800	21826000	U	U	U	U
chr22	21826000	21826200	U	U	U	U
chr22	21827000	21827200	U	U	U	U
chr22	21831600	21831800	U	U	U	U
chr22	21832400	21832600	B	U	U	U
chr22	21832800	21833000	B	U	U	U
chr22	21860400	21860600	U	U	U	U
chr22	21867000	21867200	B	U	U	U
chr22	21868000	21868200	B	U	U	U
chr22	21884800	21885000	U	U	U	U
chr22	21885400	21885600	U	U	U	U
chr22	21885600	21885800	U	U	U	U
chr22	21919400	21919600	U	U	U	U
chr22	21919800	21920000	B	U	U	U
chr22	21920800	21921000	U	U	U	U
chr22	21922600	21922800	U	U	U	U
chr22	21923200	21923400	U	U	U	U
chr22	21925800	21926000	U	U	U	U
chr22	21926600	21926800	U	U	U	U
chr22	21931000	21931200	U	U	U	U
chr22	21933200	21933400	U	U	U	U
chr22	21933800	21934000	U	U	U	U
chr22	21934200	21934400	U	U	U	U
chr22	21941600	21941800	U	U	U	U
chr22	21941800	21942000	U	U	U	U
chr22	21942000	21942200	U	U	U	U
chr22	21943000	21943200	U	U	U	U
chr22	21943600	21943800	U	U	U	U
chr22	21945800	21946000	U	U	U	U
chr22	21946200	21946400	U	U	U	U
chr22	21947400	21947600	B	U	U	U
chr22	21949400	21949600	U	U	U	U
chr22	21949600	21949800	U	U	U	U
chr22	21955000	21955200	U	U	U	U
chr22	21955200	21955400	U	U	U	U
chr22	21955600	21955800	U	U	U	U
chr22	21957000	21957200	U	U	U	U
chr22	21958000	21958200	U	U	U	U
chr22	21960000	21960200	B	U	U	U
chr22	21961400	21961600	B	U	U	U
chr22	21961600	21961800	B	U	U	U
chr22	21962400	21962600	U	U	U	U
chr22	21963600	21963800	U	U	U	U
chr22	21963800	21964000	U	U	U	U
chr22	21968800	21969000	U	U	U	U
chr22	21970800	21971000	U	U	U	U
chr22	21971600	21971800	U	U	U	U
chr22	21974600	21974800	U	U	U	U
chr22	21975800	21976000	U	U	U	U
chr22	21976400	21976600	U	U	U	U
chr22	21980600	21980800	U	U	U	U
chr22	21985200	21985400	B	U	U	B
chr22	21990000	21990200	U	U	U	U
chr22	22001000	22001200	U	U	U	U
chr22	22006800	22007000	U	U	U	U
chr22	22009200	22009400	U	U	U	U
chr22	22019800	22020000	U	U	U	U
chr22	22021600	22021800	U	U	U	U
chr22	22022600	22022800	B	U	U	U
chr22	22023000	22023200	U	U	U	U
chr22	22025800	22026000	B	U	U	U
chr22	22026400	22026600	U	U	U	U
chr22	22030400	22030600	B	U	U	U
chr22	22031200	22031400	B	U	U	U
chr22	22033200	22033400	U	U	U	U
chr22	22034400	22034600	U	U	U	U
chr22	22036000	22036200	U	U	U	U
chr22	22036800	22037000	U	U	U	U
chr22	22037000	22037200	U	U	U	U
chr22	22037600	22037800	B	U	U	U
chr22	22040800	22041000	U	U	U	U
chr22	22041400	22041600	U	U	U	U
chr22	22041600	22041800	U	U	U	U
chr22	22042800	22043000	B	U	U	U
chr22	22044600	22044800	U	U	U	U
chr22	22058600	22058800	U	U	U	U
chr22	22059400	22059600	U	U	U	U
chr22	22061000	22061200	B	U	U	U
chr22	22061200	22061400	B	U	U	U
chr22	22068600	22068800	U	U	U	U
chr22	22069800	22070000	B	U	U	U
chr22	22073200	22073400	U	U	U	U
chr22	22075200	22075400	B	U	U	U
chr22	22086000	22086200	B	U	U	B
chr22	22088200	22088400	U	U	U	U
chr22	22089400	22089600	U	U	U	U
chr22	22100400	22100600	B	U	U	U
chr22	22100600	22100800	B	U	U	U
chr22	22102600	22102800	U	U	U	U
chr22	22102800	22103000	U	U	U	U
chr22	22103200	22103400	B	U	U	U
chr22	22113200	22113400	U	U	U	U
chr22	22113400	22113600	U	U	U	U
chr22	22114800	22115000	U	U	U	U
chr22	22115800	22116000	U	U	U	U
chr22	22116200	22116400	U	U	U	U
chr22	22118000	22118200	U	U	U	U
chr22	22119200	22119400	U	U	U	U
chr22	22126600	22126800	U	U	U	U
chr22	22126800	22127000	U	U	U	U
chr22	22130000	22130200	U	U	U	U
chr22	22130400	22130600	U	U	U	U
chr22	22140600	22140800	U	U	U	U
chr22	22145800	22146000	U	U	U	U
chr22	22152800	22153000	U	U	U	U
chr22	22154200	22154400	U	U	U	U
chr22	22155400	22155600	U	U	U	U
chr22	22156000	22156200	U	U	U	U
chr22	22157000	22157200	B	U	U	B
chr22	22157600	22157800	B	U	U	U
chr22	22159400	22159600	U	U	U	U
chr22	22165800	22166000	U	U	U	U
chr22	22166800	22167000	U	U	U	U
chr22	22168800	22169000	B	U	B	U
chr22	22183200	22183400	U	U	U	U
chr22	22187400	22187600	U	U	U	U
chr22	22194000	22194200	U	U	U	U
chr22	22194200	22194400	U	U	U	U
chr22	22195000	22195200	B	U	U	U
chr22	22198000	22198200	U	U	U	U
chr22	22201400	22201600	B	U	U	U
chr22	22207200	22207400	U	U	U	U
chr22	22209600	22209800	U	U	U	U
chr22	22213000	22213200	U	U	U	U
chr22	22213200	22213400	U	U	U	U
chr22	22213400	22213600	U	U	U	U
chr22	22213800	22214000	U	U	U	U
chr22	22215000	22215200	B	U	U	U
chr22	22215600	22215800	U	U	U	U
chr22	22216400	22216600	U	U	U	U
chr22	22216600	22216800	U	U	U	U
chr22	22219200	22219400	U	U	U	U
chr22	22223200	22223400	U	U	U	U
chr22	22223800	22224000	U	U	U	U
chr22	22227800	22228000	U	U	U	U
chr22	22229000	22229200	U	U	U	U
chr22	22229800	22230000	U	U	U	U
chr22	22239600	22239800	U	U	U	U
chr22	22243200	22243400	U	U	U	U
chr22	22250800	22251000	U	U	U	U
chr22	22268800	22269000	U	U	U	U
chr22	22269800	22270000	U	U	U	U
chr22	22270200	22270400	U	U	B	U
chr22	22271400	22271600	U	U	U	U
chr22	22272600	22272800	U	U	U	U
chr22	22274000	22274200	U	U	U	U
chr22	22274800	22275000	U	U	U	U
chr22	22275000	22275200	U	U	U	U
chr22	22284400	22284600	U	U	U	U
chr22	22288400	22288600	U	U	U	U
chr22	22290000	22290200	U	U	U	U
chr22	22290200	22290400	U	U	U	U
chr22	22304000	22304200	U	U	U	U
chr22	22304400	22304600	U	U	U	U
chr22	22304600	22304800	U	U	U	U
chr22	22307200	22307400	U	U	U	U
chr22	22308600	22308800	U	U	U	U
chr22	22310200	22310400	U	U	U	U
chr22	22318400	22318600	U	U	U	U
chr22	22318600	22318800	U	U	U	U
chr22	22321200	22321400	U	U	U	U
chr22	22322600	22322800	B	U	U	U
chr22	22324400	22324600	U	U	U	U
chr22	22324800	22325000	U	U	U	U
chr22	22325600	22325800	U	U	U	U
chr22	22327400	22327600	U	U	U	U
chr22	22330000	22330200	U	U	U	U
chr22	22340800	22341000	U	U	U	U
chr22	22341600	22341800	U	U	U	U
chr22	22347000	22347200	U	U	U	U
chr22	22348800	22349000	U	U	U	U
chr22	22351400	22351600	U	U	U	U
chr22	22352000	22352200	U	U	U	U
chr22	22353800	22354000	U	U	U	U
chr22	22354200	22354400	U	U	U	U
chr22	22354600	22354800	U	U	U	U
chr22	22354800	22355000	U	U	U	U
chr22	22355600	22355800	U	U	U	U
chr22	22355800	22356000	U	U	U	U
chr22	22363800	22364000	U	U	U	U
chr22	22369600	22369800	U	U	U	U
chr22	22373400	22373600	U	U	U	U
chr22	22374200	22374400	U	U	U	U
chr22	22375800	22376000	U	U	U	U
chr22	22377000	22377200	U	U	U	U
chr22	22377600	22377800	U	U	U	U
chr22	22378400	22378600	U	U	U	U
chr22	22380200	22380400	B	U	U	U
chr22	22381200	22381400	B	U	U	U
chr22	22391200	22391400	U	U	U	U
chr22	22391400	22391600	U	U	U	U
chr22	22391600	22391800	U	U	U	U
chr22	22391800	22392000	U	U	U	U
chr22	22395000	22395200	U	U	U	U
chr22	22395200	22395400	U	U	U	U
chr22	22395600	22395800	U	U	U	U
chr22	22403200	22403400	U	U	U	U
chr22	22405200	22405400	U	U	U	U
chr22	22406000	22406200	U	U	U	U
chr22	22406400	22406600	U	U	U	U
chr22	22406600	22406800	U	U	U	U
chr22	22407400	22407600	U	U	U	U
chr22	22407800	22408000	U	U	U	U
chr22	22408800	22409000	B	U	U	U
chr22	22409600	22409800	B	U	U	U
chr22	22409800	22410000	B	U	U	U
chr22	22410600	22410800	U	U	U	U
chr22	22414800	22415000	U	U	U	U
chr22	22415000	22415200	U	U	U	U
chr22	22415200	22415400	U	U	U	U
chr22	22416000	22416200	U	U	U	U
chr22	22420600	22420800	U	U	U	U
chr22	22421200	22421400	U	U	U	U
chr22	22422800	22423000	B	U	B	U
chr22	22425600	22425800	U	U	U	U
chr22	22425800	22426000	U	U	U	U
chr22	22429800	22430000	U	U	U	U
chr22	22440200	22440400	U	U	U	U
chr22	22447600	22447800	U	U	U	U
chr22	22449400	22449600	U	U	U	U
chr22	22450200	22450400	B	U	U	U
chr22	22450600	22450800	B	U	U	U
chr22	22452200	22452400	U	U	U	U
chr22	22470400	22470600	U	U	U	U
chr22	22473600	22473800	U	U	U	U
chr22	22486400	22486600	U	U	U	U
chr22	22489000	22489200	U	U	U	U
chr22	22508600	22508800	B	U	U	U
chr22	22514400	22514600	U	U	U	U
chr22	22515400	22515600	U	U	U	U
chr22	22523200	22523400	U	U	U	U
chr22	22523400	22523600	U	U	U	U
chr22	22524600	22524800	U	U	U	U
chr22	22547000	22547200	B	U	U	U
chr22	22547200	22547400	B	U	U	U
chr22	22548000	22548200	B	U	U	U
chr22	22548200	22548400	B	U	U	U
chr22	22549400	22549600	U	U	U	U
chr22	22553800	22554000	U	U	U	U
chr22	22554200	22554400	U	U	U	U
chr22	22557000	22557200	B	U	U	U
chr22	22557200	22557400	B	U	U	U
chr22	22558600	22558800	B	U	U	U
chr22	22560000	22560200	U	U	U	U
chr22	22562600	22562800	U	U	U	U
chr22	22563600	22563800	U	U	U	U
chr22	22564800	22565000	U	U	U	U
chr22	22566200	22566400	U	U	U	U
chr22	22568400	22568600	U	U	U	U
chr22	22568800	22569000	U	U	U	U
chr22	22569000	22569200	U	U	U	U
chr22	22569400	22569600	U	U	U	U
chr22	22573400	22573600	U	U	U	U
chr22	22575400	22575600	U	U	U	U
chr22	22576600	22576800	B	U	U	B
chr22	22579600	22579800	U	U	U	U
chr22	22579800	22580000	U	U	U	U
chr22	22580600	22580800	U	U	U	U
chr22	22588000	22588200	U	U	U	U
chr22	22588200	22588400	U	U	U	U
chr22	22594200	22594400	B	U	U	U
chr22	22599000	22599200	U	U	U	U
chr22	22603000	22603200	U	U	U	U
chr22	22609000	22609200	U	U	U	U
chr22	22612400	22612600	U	U	U	U
chr22	22615000	22615200	U	U	U	U
chr22	22618600	22618800	U	U	U	U
chr22	22630200	22630400	B	U	U	U
chr22	22630400	22630600	U	U	U	U
chr22	22630800	22631000	B	U	U	U
chr22	22633600	22633800	U	U	U	U
chr22	22634800	22635000	U	U	U	U
chr22	22637400	22637600	U	U	U	U
chr22	22638000	22638200	U	U	U	U
chr22	22638400	22638600	U	U	U	U
chr22	22638600	22638800	U	U	U	U
chr22	22639000	22639200	U	U	U	U
chr22	22639400	22639600	U	U	U	U
chr22	22643000	22643200	U	U	U	U
chr22	22647800	22648000	U	U	U	U
chr22	22648000	22648200	U	U	U	U
chr22	22651400	22651600	U	U	U	U
chr22	22652200	22652400	U	U	U	U
chr22	22654200	22654400	U	U	U	U
chr22	22655800	22656000	U	U	U	U
chr22	22656000	22656200	U	U	U	U
chr22	22656400	22656600	U	U	U	U
chr22	22658200	22658400	U	U	U	U
chr22	22660000	22660200	B	U	U	U
chr22	22661600	22661800	U	U	U	U
chr22	22666800	22667000	B	U	U	U
chr22	22667000	22667200	B	U	U	U
chr22	22667200	22667400	B	U	U	U
chr22	22668600	22668800	U	U	U	U
chr22	22672800	22673000	U	U	U	U
chr22	22678000	22678200	U	U	U	U
chr22	22679200	22679400	U	U	U	U
chr22	22679800	22680000	U	U	U	U
chr22	22684600	22684800	U	U	U	U
chr22	22685200	22685400	B	U	U	U
chr22	22686200	22686400	U	U	U	U
chr22	22686400	22686600	U	U	U	U
chr22	22690400	22690600	U	U	U	U
chr22	22690800	22691000	U	U	U	U
chr22	22693200	22693400	B	U	U	U
chr22	22695600	22695800	U	U	U	U
chr22	22697000	22697200	U	U	U	U
chr22	22698400	22698600	U	U	U	U
chr22	22702200	22702400	U	U	U	U
chr22	22704200	22704400	U	U	U	U
chr22	22710800	22711000	B	U	U	U
chr22	22712600	22712800	U	U	U	U
chr22	22715600	22715800	U	U	U	U
chr22	22721200	22721400	U	U	U	U
chr22	22725200	22725400	U	U	U	U
chr22	22729000	22729200	U	U	U	U
chr22	22729200	22729400	U	U	U	U
chr22	22731200	22731400	U	U	U	U
chr22	22744800	22745000	U	U	U	U
chr22	22746200	22746400	B	U	U	U
chr22	22746400	22746600	U	U	U	U
chr22	22746600	22746800	U	U	U	U
chr22	22746800	22747000	U	U	U	U
chr22	22750600	22750800	U	U	U	U
chr22	22751400	22751600	U	U	U	U
chr22	22754600	22754800	U	U	U	U
chr22	22755800	22756000	U	U	U	U
chr22	22756000	22756200	U	U	U	U
chr22	22758600	22758800	U	U	U	U
chr22	22761000	22761200	U	U	U	U
chr22	22762000	22762200	U	U	U	U
chr22	22762400	22762600	U	U	U	U
chr22	22766400	22766600	U	U	U	U
chr22	22768200	22768400	U	U	U	U
chr22	22770600	22770800	B	U	U	U
chr22	22772200	22772400	U	U	U	U
chr22	22772600	22772800	B	U	U	U
chr22	22773400	22773600	U	U	U	U
chr22	22786200	22786400	U	U	U	U
chr22	22787200	22787400	U	U	U	U
chr22	22788800	22789000	B	U	U	U
chr22	22801200	22801400	U	U	U	U
chr22	22801400	22801600	U	U	U	U
chr22	22801600	22801800	U	U	U	U
chr22	22802800	22803000	B	U	U	U
chr22	22810200	22810400	B	U	U	U
chr22	22810800	22811000	B	U	U	U
chr22	22815200	22815400	U	U	U	U
chr22	22817600	22817800	B	U	U	U
chr22	22818400	22818600	U	U	U	U
chr22	22819800	22820000	U	U	U	U
chr22	22820600	22820800	U	U	U	U
chr22	22822000	22822200	U	U	U	U
chr22	22822200	22822400	U	U	U	U
chr22	22835000	22835200	B	U	U	U
chr22	22849600	22849800	U	U	U	U
chr22	22850200	22850400	U	U	U	U
chr22	22850800	22851000	U	U	U	U
chr22	22857200	22857400	U	U	U	U
chr22	22857800	22858000	U	U	U	U
chr22	22866600	22866800	U	U	U	U
chr22	22868000	22868200	U	U	U	U
chr22	22870200	22870400	U	U	U	U
chr22	22871200	22871400	B	U	U	U
chr22	22871800	22872000	U	U	U	U
chr22	22872400	22872600	U	U	U	U
chr22	22873200	22873400	U	U	U	U
chr22	22878200	22878400	U	U	U	U
chr22	22878400	22878600	U	U	U	U
chr22	22881400	22881600	U	U	U	U
chr22	22882600	22882800	U	U	U	U
chr22	22884800	22885000	U	U	U	U
chr22	22885400	22885600	U	U	U	U
chr22	22887400	22887600	U	U	U	U
chr22	22894000	22894200	B	U	U	U
chr22	22895000	22895200	B	U	U	U
chr22	22895800	22896000	U	U	U	U
chr22	22896000	22896200	U	U	U	U
chr22	22896200	22896400	U	U	U	U
chr22	22896400	22896600	U	U	U	U
chr22	22896600	22896800	U	U	U	U
chr22	22897200	22897400	U	U	U	U
chr22	22899400	22899600	U	U	U	U
chr22	22901200	22901400	U	U	U	U
chr22	22902000	22902200	U	U	U	U
chr22	22903400	22903600	U	U	U	U
chr22	22905000	22905200	U	U	U	U
chr22	22907200	22907400	U	U	U	U
chr22	22908000	22908200	U	U	U	U
chr22	22908600	22908800	U	U	U	U
chr22	22910000	22910200	U	U	U	U
chr22	22911000	22911200	U	U	U	U
chr22	22912400	22912600	U	U	U	U
chr22	22916000	22916200	U	U	U	U
chr22	22918200	22918400	U	U	U	U
chr22	22920000	22920200	U	U	U	U
chr22	22925200	22925400	U	U	U	U
chr22	22925400	22925600	U	U	U	U
chr22	22928600	22928800	B	U	U	B
chr22	22928800	22929000	B	U	U	B
chr22	22929400	22929600	U	U	U	U
chr22	22931200	22931400	U	U	U	U
chr22	22932000	22932200	U	U	U	U
chr22	22932400	22932600	U	U	U	U
chr22	22933400	22933600	U	U	U	U
chr22	22934000	22934200	U	U	U	U
chr22	22937200	22937400	U	U	U	U
chr22	22939600	22939800	U	U	U	U
chr22	22942200	22942400	B	U	U	U
chr22	22944800	22945000	U	U	U	U
chr22	22948600	22948800	U	U	U	U
chr22	22950000	22950200	U	U	U	U
chr22	22958200	22958400	U	U	U	U
chr22	22985400	22985600	U	U	U	U
chr22	22985600	22985800	U	U	U	U
chr22	22988200	22988400	U	U	U	U
chr22	22992200	22992400	U	U	U	U
chr22	22992600	22992800	U	U	U	U
chr22	22992800	22993000	U	U	U	U
chr22	22993400	22993600	U	U	U	U
chr22	22994000	22994200	U	U	U	U
chr22	22994200	22994400	U	U	U	U
chr22	23032800	23033000	U	U	U	U
chr22	23038000	23038200	U	U	U	U
chr22	23054000	23054200	B	U	U	U
chr22	23054200	23054400	B	U	U	U
chr22	23058800	23059000	U	U	U	U
chr22	23059400	23059600	U	U	U	U
chr22	23061800	23062000	U	U	U	U
chr22	23066600	23066800	U	U	U	U
chr22	23066800	23067000	U	U	U	U
chr22	23067200	23067400	U	U	U	U
chr22	23069200	23069400	U	U	U	U
chr22	23070800	23071000	U	U	U	U
chr22	23076600	23076800	U	U	U	U
chr22	23077400	23077600	U	U	U	U
chr22	23079800	23080000	U	U	U	U
chr22	23080000	23080200	U	U	U	U
chr22	23083400	23083600	U	U	U	U
chr22	23092200	23092400	U	U	U	U
chr22	23092600	23092800	U	U	U	U
chr22	23094600	23094800	B	U	U	U
chr22	23098400	23098600	U	U	U	U
chr22	23104000	23104200	B	U	U	U
chr22	23105000	23105200	U	U	U	U
chr22	23106000	23106200	U	U	U	U
chr22	23106200	23106400	U	U	U	U
chr22	23106600	23106800	U	U	U	U
chr22	23110400	23110600	U	U	U	U
chr22	23112200	23112400	U	U	U	U
chr22	23116200	23116400	U	U	U	U
chr22	23116600	23116800	U	U	U	U
chr22	23117400	23117600	U	U	U	U
chr22	23118200	23118400	U	U	U	U
chr22	23119000	23119200	B	U	U	U
chr22	23119200	23119400	B	U	U	U
chr22	23122400	23122600	U	U	U	U
chr22	23122800	23123000	U	U	U	U
chr22	23123800	23124000	U	U	U	U
chr22	23124800	23125000	B	U	U	U
chr22	23126000	23126200	U	U	U	U
chr22	23128400	23128600	B	U	U	B
chr22	23136400	23136600	U	U	U	U
chr22	23137600	23137800	U	U	U	U
chr22	23138000	23138200	U	U	U	U
chr22	23145200	23145400	B	U	U	U
chr22	23145800	23146000	B	U	U	U
chr22	23150000	23150200	U	U	U	U
chr22	23151400	23151600	U	U	U	U
chr22	23152000	23152200	U	U	U	U
chr22	23152800	23153000	U	U	U	U
chr22	23154000	23154200	U	U	U	U
chr22	23154200	23154400	U	U	U	U
chr22	23155800	23156000	U	U	U	U
chr22	23163600	23163800	U	U	U	U
chr22	23168200	23168400	U	U	U	U
chr22	23168800	23169000	U	U	U	U
chr22	23180200	23180400	B	U	U	U
chr22	23181600	23181800	U	U	U	U
chr22	23182800	23183000	B	U	U	U
chr22	23188600	23188800	B	U	U	U
chr22	23191800	23192000	B	U	U	U
chr22	23192000	23192200	B	U	U	U
chr22	23192200	23192400	B	U	U	U
chr22	23196200	23196400	U	U	U	U
chr22	23198200	23198400	B	U	U	U
chr22	23199200	23199400	U	U	U	U
chr22	23199600	23199800	U	U	U	U
chr22	23203600	23203800	U	U	U	U
chr22	23204000	23204200	U	U	U	U
chr22	23204600	23204800	U	U	U	U
chr22	23217600	23217800	U	U	U	U
chr22	23218800	23219000	B	U	U	U
chr22	23221000	23221200	U	U	U	U
chr22	23222400	23222600	U	U	U	U
chr22	23223200	23223400	B	U	U	U
chr22	23225200	23225400	U	U	U	U
chr22	23226000	23226200	U	U	U	U
chr22	23237800	23238000	U	U	U	U
chr22	23238800	23239000	U	U	U	U
chr22	23244800	23245000	U	U	U	U
chr22	23245000	23245200	U	U	U	U
chr22	23245200	23245400	U	U	U	U
chr22	23245600	23245800	U	U	U	U
chr22	23248800	23249000	U	U	U	U
chr22	23252200	23252400	B	U	U	U
chr22	23253800	23254000	U	U	U	U
chr22	23255600	23255800	U	U	U	U
chr22	23255800	23256000	U	U	U	U
chr22	23256000	23256200	U	U	U	U
chr22	23256400	23256600	U	U	U	U
chr22	23257600	23257800	U	U	U	U
chr22	23260200	23260400	B	U	U	U
chr22	23261000	23261200	U	U	U	U
chr22	23261200	23261400	U	U	U	U
chr22	23264000	23264200	U	U	U	U
chr22	23267400	23267600	U	U	U	U
chr22	23268600	23268800	U	U	U	U
chr22	23269400	23269600	U	U	U	U
chr22	23270800	23271000	U	U	U	U
chr22	23272600	23272800	U	U	U	U
chr22	23274000	23274200	U	U	U	U
chr22	23277800	23278000	U	U	U	U
chr22	23278200	23278400	U	U	U	U
chr22	23281400	23281600	B	U	U	U
chr22	23283000	23283200	U	U	U	U
chr22	23287200	23287400	U	U	U	U
chr22	23287600	23287800	U	U	U	U
chr22	23289000	23289200	B	U	U	U
chr22	23289600	23289800	B	U	U	U
chr22	23293000	23293200	U	U	U	U
chr22	23295800	23296000	U	U	U	U
chr22	23296800	23297000	U	U	U	U
chr22	23302400	23302600	U	U	U	U
chr22	23307600	23307800	U	U	U	U
chr22	23308800	23309000	U	U	U	U
chr22	23310200	23310400	U	U	U	U
chr22	23310800	23311000	U	U	U	U
chr22	23311200	23311400	U	U	U	U
chr22	23315400	23315600	U	U	U	U
chr22	23317400	23317600	U	U	U	U
chr22	23322600	23322800	U	U	U	U
chr22	23324200	23324400	U	U	U	U
chr22	23328400	23328600	U	U	U	U
chr22	23330600	23330800	U	U	U	U
chr22	23330800	23331000	U	U	U	U
chr22	23333600	23333800	U	U	U	U
chr22	23343800	23344000	U	U	U	U
chr22	23354400	23354600	U	U	U	U
chr22	23359200	23359400	U	U	U	U
chr22	23359600	23359800	U	U	U	U
chr22	23366200	23366400	U	U	U	U
chr22	23368800	23369000	U	U	U	U
chr22	23378800	23379000	U	U	U	U
chr22	23379000	23379200	U	U	U	U
chr22	23382600	23382800	U	U	U	U
chr22	23382800	23383000	U	U	U	U
chr22	23383200	23383400	U	U	U	U
chr22	23383400	23383600	U	U	U	U
chr22	23387200	23387400	U	U	U	U
chr22	23388600	23388800	U	U	U	U
chr22	23392400	23392600	U	U	U	U
chr22	23394800	23395000	U	U	U	U
chr22	23395400	23395600	U	U	U	U
chr22	23395600	23395800	U	U	U	U
chr22	23396000	23396200	U	U	U	U
chr22	23396400	23396600	U	U	U	U
chr22	23396600	23396800	U	U	U	U
chr22	23396800	23397000	U	U	U	U
chr22	23397000	23397200	U	U	U	U
chr22	23398000	23398200	U	U	U	U
chr22	23398400	23398600	U	U	U	U
chr22	23402200	23402400	B	U	U	U
chr22	23403800	23404000	U	U	U	U
chr22	23414800	23415000	U	U	U	U
chr22	23415000	23415200	U	U	U	U
chr22	23419000	23419200	U	U	U	U
chr22	23419800	23420000	U	U	U	U
chr22	23421800	23422000	U	U	U	U
chr22	23422000	23422200	U	U	U	U
chr22	23422200	23422400	U	U	U	U
chr22	23434600	23434800	U	U	U	U
chr22	23436800	23437000	U	U	U	U
chr22	23449800	23450000	U	U	U	U
chr22	23451800	23452000	U	U	U	U
chr22	23452800	23453000	U	U	U	U
chr22	23459600	23459800	U	U	U	U
chr22	23460400	23460600	B	U	U	U
chr22	23462600	23462800	U	U	U	U
chr22	23464400	23464600	U	U	U	U
chr22	23466400	23466600	U	U	U	U
chr22	23466600	23466800	U	U	U	U
chr22	23469800	23470000	U	U	U	U
chr22	23470000	23470200	U	U	U	U
chr22	23470600	23470800	U	U	U	U
chr22	23472200	23472400	U	U	U	U
chr22	23473000	23473200	U	U	U	U
chr22	23473800	23474000	U	U	U	U
chr22	23474000	23474200	U	U	U	U
chr22	23474200	23474400	U	U	U	U
chr22	23478200	23478400	U	U	U	U
chr22	23480400	23480600	U	U	U	U
chr22	23480600	23480800	U	U	U	U
chr22	23481000	23481200	U	U	U	U
chr22	23481200	23481400	U	U	U	U
chr22	23481600	23481800	U	U	U	U
chr22	23481800	23482000	U	U	U	U
chr22	23485800	23486000	U	U	U	U
chr22	23511800	23512000	U	U	U	U
chr22	23514200	23514400	U	U	U	U
chr22	23514800	23515000	U	U	U	U
chr22	23526800	23527000	U	U	U	U
chr22	23527000	23527200	U	U	U	U
chr22	23530200	23530400	U	U	U	U
chr22	23530400	23530600	U	U	U	U
chr22	23533000	23533200	U	U	U	U
chr22	23548800	23549000	U	U	U	U
chr22	23554200	23554400	U	U	U	U
chr22	23569200	23569400	U	U	U	U
chr22	23572800	23573000	U	U	U	U
chr22	23573400	23573600	U	U	U	U
chr22	23574200	23574400	U	U	U	U
chr22	23580000	23580200	U	U	U	U
chr22	23583600	23583800	U	U	U	U
chr22	23587000	23587200	U	U	U	U
chr22	23591800	23592000	U	U	U	U
chr22	23595000	23595200	U	U	U	U
chr22	23595800	23596000	U	U	U	U
chr22	23599600	23599800	U	U	U	U
chr22	23606400	23606600	U	U	U	U
chr22	23606600	23606800	U	U	U	U
chr22	23607400	23607600	U	U	U	U
chr22	23613400	23613600	U	U	U	U
chr22	23614000	23614200	U	U	U	U
chr22	23614200	23614400	U	U	U	U
chr22	23616000	23616200	U	U	U	U
chr22	23618600	23618800	U	U	U	U
chr22	23622600	23622800	U	U	U	U
chr22	23622800	23623000	U	U	U	U
chr22	23639000	23639200	U	U	U	U
chr22	23641400	23641600	U	U	U	U
chr22	23651600	23651800	U	U	U	U
chr22	23671800	23672000	U	U	U	U
chr22	23675600	23675800	U	U	U	U
chr22	23677600	23677800	U	U	U	U
chr22	23683000	23683200	U	U	U	U
chr22	23683400	23683600	U	U	U	U
chr22	23683600	23683800	U	U	U	U
chr22	23685000	23685200	B	U	B	U
chr22	23685200	23685400	B	U	B	U
chr22	23687800	23688000	U	U	U	U
chr22	23688400	23688600	U	U	U	U
chr22	23689000	23689200	U	U	U	U
chr22	23690400	23690600	U	U	U	U
chr22	23695200	23695400	U	U	U	U
chr22	23695600	23695800	U	U	U	U
chr22	23698000	23698200	U	U	U	U
chr22	23699800	23700000	U	U	U	U
chr22	23715000	23715200	U	U	U	U
chr22	23717400	23717600	B	U	B	U
chr22	23743400	23743600	U	U	U	U
chr22	23749800	23750000	U	U	U	U
chr22	23764600	23764800	U	U	U	U
chr22	23767200	23767400	B	U	U	U
chr22	23768000	23768200	B	U	U	U
chr22	23769600	23769800	U	U	U	U
chr22	23773400	23773600	U	U	U	U
chr22	23775400	23775600	U	U	U	U
chr22	23777800	23778000	U	U	U	U
chr22	23778600	23778800	U	U	U	U
chr22	23781800	23782000	U	U	U	U
chr22	23787800	23788000	B	U	U	U
chr22	23789200	23789400	U	U	U	U
chr22	23791000	23791200	U	U	U	U
chr22	23791400	23791600	U	U	U	U
chr22	23792400	23792600	U	U	U	U
chr22	23792600	23792800	U	U	U	U
chr22	23792800	23793000	U	U	U	U
chr22	23793200	23793400	U	U	U	U
chr22	23793400	23793600	U	U	U	U
chr22	23802600	23802800	U	U	U	U
chr22	23803600	23803800	U	U	U	U
chr22	23805200	23805400	U	U	U	U
chr22	23816400	23816600	U	U	U	U
chr22	23816600	23816800	U	U	U	U
chr22	23816800	23817000	U	U	U	U
chr22	23824600	23824800	U	U	U	U
chr22	23827400	23827600	U	U	U	U
chr22	23827800	23828000	U	U	U	U
chr22	23829000	23829200	U	U	U	U
chr22	23831600	23831800	U	U	U	U
chr22	23832400	23832600	U	U	U	U
chr22	23834000	23834200	U	U	U	U
chr22	23836000	23836200	U	U	U	U
chr22	23842000	23842200	U	U	U	U
chr22	23842600	23842800	U	U	U	U
chr22	23844400	23844600	U	U	U	U
chr22	23845600	23845800	U	U	U	U
chr22	23846600	23846800	U	U	U	U
chr22	23856600	23856800	U	U	U	U
chr22	23876400	23876600	U	U	U	U
chr22	23882400	23882600	U	U	U	U
chr22	23889200	23889400	B	U	U	U
chr22	23890600	23890800	U	U	U	U
chr22	23895200	23895400	B	U	U	U
chr22	23897000	23897200	U	U	U	U
chr22	23898400	23898600	U	U	U	U
chr22	23904400	23904600	U	U	U	U
chr22	23904600	23904800	U	U	U	U
chr22	23905800	23906000	U	U	U	U
chr22	23906200	23906400	U	U	U	U
chr22	23913800	23914000	B	U	U	U
chr22	23915600	23915800	U	U	U	U
chr22	23918400	23918600	U	U	U	U
chr22	23929400	23929600	U	U	U	U
chr22	23929600	23929800	U	U	U	U
chr22	23941000	23941200	U	U	U	U
chr22	23942200	23942400	U	U	U	U
chr22	23942400	23942600	U	U	U	U
chr22	23947600	23947800	U	U	U	U
chr22	23951400	23951600	U	U	U	U
chr22	23952000	23952200	U	U	U	U
chr22	23960400	23960600	U	U	U	U
chr22	23961600	23961800	U	U	U	U
chr22	23963000	23963200	U	U	U	U
chr22	23963400	23963600	U	U	U	U
chr22	23970800	23971000	U	U	U	U
chr22	23971200	23971400	U	U	U	U
chr22	23973400	23973600	U	U	U	U
chr22	23974200	23974400	B	U	U	U
chr22	23974400	23974600	B	U	U	U
chr22	23977600	23977800	U	U	U	U
chr22	23980600	23980800	U	U	U	U
chr22	23986000	23986200	U	U	U	U
chr22	23987200	23987400	U	U	U	U
chr22	23989200	23989400	U	U	U	U
chr22	23989400	23989600	U	U	U	U
chr22	23994000	23994200	B	U	U	U
chr22	23995400	23995600	U	U	U	U
chr22	23999400	23999600	U	U	U	U
chr22	23999600	23999800	U	U	U	U
chr22	23999800	24000000	U	U	U	U
chr22	24005200	24005400	U	U	U	U
chr22	24008200	24008400	U	U	U	U
chr22	24008600	24008800	U	U	U	U
chr22	24010200	24010400	U	U	U	U
chr22	24028600	24028800	U	U	U	U
chr22	24030600	24030800	U	U	U	U
chr22	24035400	24035600	U	U	U	U
chr22	24039600	24039800	U	U	U	U
chr22	24040200	24040400	U	U	U	U
chr22	24043000	24043200	U	U	U	U
chr22	24046400	24046600	U	U	U	U
chr22	24048000	24048200	U	U	U	U
chr22	24049200	24049400	U	U	U	U
chr22	24049400	24049600	U	U	U	U
chr22	24050200	24050400	U	U	U	U
chr22	24050800	24051000	U	U	U	U
chr22	24051200	24051400	U	U	U	U
chr22	24056000	24056200	U	U	U	U
chr22	24057600	24057800	U	U	U	U
chr22	24057800	24058000	U	U	U	U
chr22	24058400	24058600	U	U	U	U
chr22	24059400	24059600	U	U	U	U
chr22	24059800	24060000	U	U	U	U
chr22	24060200	24060400	U	U	U	U
chr22	24061800	24062000	U	U	U	U
chr22	24062800	24063000	U	U	U	U
chr22	24071800	24072000	U	U	U	U
chr22	24072200	24072400	U	U	U	U
chr22	24076200	24076400	U	U	U	U
chr22	24076600	24076800	U	U	U	U
chr22	24077800	24078000	U	U	U	U
chr22	24084800	24085000	U	U	U	U
chr22	24085000	24085200	U	U	U	U
chr22	24085200	24085400	U	U	U	U
chr22	24087400	24087600	U	U	U	U
chr22	24089800	24090000	U	U	U	U
chr22	24090600	24090800	B	U	U	U
chr22	24091600	24091800	B	U	U	U
chr22	24092000	24092200	B	U	U	B
chr22	24094200	24094400	U	U	U	U
chr22	24095600	24095800	U	U	U	U
chr22	24098600	24098800	U	U	U	U
chr22	24101600	24101800	U	U	U	U
chr22	24102200	24102400	U	U	U	U
chr22	24102400	24102600	U	U	U	U
chr22	24102600	24102800	U	U	U	U
chr22	24103200	24103400	U	U	U	U
chr22	24104400	24104600	U	U	U	U
chr22	24105000	24105200	U	U	U	U
chr22	24105200	24105400	U	U	U	U
chr22	24106800	24107000	U	U	U	U
chr22	24108400	24108600	U	U	U	U
chr22	24115400	24115600	U	U	U	U
chr22	24115800	24116000	U	U	U	U
chr22	24116400	24116600	U	U	U	U
chr22	24116600	24116800	U	U	U	U
chr22	24120200	24120400	U	U	U	U
chr22	24121200	24121400	U	U	U	U
chr22	24121400	24121600	U	U	U	U
chr22	24123200	24123400	U	U	U	U
chr22	24123800	24124000	U	U	U	U
chr22	24125200	24125400	U	U	U	U
chr22	24130600	24130800	U	U	U	U
chr22	24131000	24131200	U	U	U	U
chr22	24134400	24134600	U	U	U	U
chr22	24141000	24141200	U	U	U	U
chr22	24143800	24144000	U	U	U	U
chr22	24144200	24144400	U	U	U	U
chr22	24145600	24145800	U	U	U	U
chr22	24146400	24146600	B	U	U	U
chr22	24148000	24148200	U	U	U	U
chr22	24150000	24150200	U	U	U	U
chr22	24150400	24150600	U	U	U	U
chr22	24150600	24150800	U	U	U	U
chr22	24151000	24151200	U	U	U	U
chr22	24152200	24152400	U	U	U	U
chr22	24153400	24153600	U	U	U	U
chr22	24153600	24153800	U	U	U	U
chr22	24153800	24154000	U	U	U	U
chr22	24161200	24161400	U	U	U	U
chr22	24161400	24161600	U	U	U	U
chr22	24161800	24162000	U	U	U	U
chr22	24162400	24162600	U	U	U	U
chr22	24164000	24164200	U	U	U	U
chr22	24164800	24165000	U	U	U	U
chr22	24166600	24166800	U	U	U	U
chr22	24167200	24167400	U	U	U	U
chr22	24167400	24167600	U	U	U	U
chr22	24168200	24168400	U	U	U	U
chr22	24168600	24168800	U	U	U	U
chr22	24171000	24171200	U	U	U	U
chr22	24171800	24172000	U	U	U	U
chr22	24172600	24172800	U	U	U	U
chr22	24173200	24173400	U	U	U	U
chr22	24175600	24175800	B	U	U	U
chr22	24176000	24176200	U	U	U	U
chr22	24176800	24177000	U	U	U	U
chr22	24180200	24180400	U	U	U	U
chr22	24182200	24182400	U	U	U	U
chr22	24184800	24185000	U	U	U	U
chr22	24188200	24188400	U	U	U	U
chr22	24190200	24190400	U	U	U	U
chr22	24191000	24191200	U	U	U	U
chr22	24214800	24215000	U	U	U	U
chr22	24215600	24215800	U	U	U	U
chr22	24224600	24224800	U	U	U	U
chr22	24225400	24225600	U	U	U	U
chr22	24232200	24232400	U	U	U	U
chr22	24235600	24235800	U	U	U	U
chr22	24243000	24243200	U	U	U	U
chr22	24243800	24244000	U	U	U	U
chr22	24245600	24245800	U	U	U	U
chr22	24245800	24246000	U	U	U	U
chr22	24246000	24246200	U	U	U	U
chr22	24247200	24247400	U	U	U	U
chr22	24247400	24247600	B	U	U	U
chr22	24249000	24249200	U	U	U	U
chr22	24252000	24252200	U	U	U	U
chr22	24253200	24253400	U	U	U	U
chr22	24256200	24256400	U	U	U	U
chr22	24257000	24257200	U	U	U	U
chr22	24257200	24257400	U	U	U	U
chr22	24258600	24258800	U	U	U	U
chr22	24259200	24259400	U	U	U	U
chr22	24260000	24260200	U	U	U	U
chr22	24261200	24261400	U	U	U	U
chr22	24261600	24261800	U	U	U	U
chr22	24269400	24269600	U	U	U	U
chr22	24271400	24271600	B	U	U	U
chr22	24274400	24274600	U	U	U	U
chr22	24284800	24285000	B	U	U	U
chr22	24285000	24285200	B	U	U	U
chr22	24286600	24286800	U	U	U	U
chr22	24287200	24287400	U	U	U	U
chr22	24288000	24288200	U	U	U	U
chr22	24289000	24289200	U	U	U	U
chr22	24289200	24289400	U	U	U	U
chr22	24289600	24289800	B	U	U	U
chr22	24289800	24290000	B	U	U	U
chr22	24290800	24291000	U	U	U	U
chr22	24291000	24291200	U	U	U	U
chr22	24292000	24292200	U	U	U	U
chr22	24295000	24295200	U	U	U	U
chr22	24303200	24303400	U	U	U	U
chr22	24303400	24303600	U	U	U	U
chr22	24324000	24324200	U	U	U	U
chr22	24331200	24331400	U	U	U	U
chr22	24351600	24351800	U	U	U	U
chr22	24352200	24352400	U	U	U	U
chr22	24363600	24363800	U	U	U	U
chr22	24379600	24379800	U	U	U	U
chr22	24381200	24381400	U	U	U	U
chr22	24390200	24390400	U	U	U	U
chr22	24390400	24390600	U	U	U	U
chr22	24391200	24391400	U	U	U	U
chr22	24397200	24397400	U	U	U	U
chr22	24397800	24398000	U	U	U	U
chr22	24402200	24402400	U	U	U	U
chr22	24402400	24402600	U	U	U	U
chr22	24403000	24403200	U	U	U	U
chr22	24406400	24406600	B	U	U	U
chr22	24408200	24408400	U	U	U	U
chr22	24408400	24408600	U	U	U	U
chr22	24408800	24409000	U	U	U	U
chr22	24415800	24416000	U	U	U	U
chr22	24417000	24417200	U	U	U	U
chr22	24419200	24419400	U	U	U	U
chr22	24419800	24420000	U	U	U	U
chr22	24421800	24422000	B	U	B	U
chr22	24424400	24424600	B	U	U	U
chr22	24426800	24427000	U	U	U	U
chr22	24427200	24427400	U	U	U	U
chr22	24427800	24428000	U	U	U	U
chr22	24429200	24429400	U	U	U	U
chr22	24430600	24430800	U	U	U	U
chr22	24431600	24431800	U	U	U	U
chr22	24433200	24433400	U	U	U	U
chr22	24436400	24436600	U	U	U	U
chr22	24437200	24437400	U	U	U	U
chr22	24440600	24440800	U	U	U	U
chr22	24441000	24441200	U	U	U	U
chr22	24444000	24444200	U	U	U	U
chr22	24445000	24445200	B	U	U	U
chr22	24445600	24445800	B	U	U	U
chr22	24446600	24446800	U	U	U	U
chr22	24450800	24451000	U	U	U	U
chr22	24454600	24454800	U	U	U	U
chr22	24455800	24456000	B	U	U	U
chr22	24460600	24460800	U	U	U	U
chr22	24467000	24467200	U	U	U	U
chr22	24474200	24474400	U	U	U	U
chr22	24477400	24477600	U	U	U	U
chr22	24481200	24481400	U	U	U	U
chr22	24482400	24482600	B	U	U	B
chr22	24482800	24483000	B	U	U	B
chr22	24485400	24485600	U	U	U	U
chr22	24488800	24489000	U	U	U	U
chr22	24494800	24495000	U	U	U	U
chr22	24498600	24498800	U	U	U	U
chr22	24499000	24499200	U	U	U	U
chr22	24510800	24511000	U	U	U	U
chr22	24514000	24514200	U	U	U	U
chr22	24514200	24514400	U	U	U	U
chr22	24515000	24515200	U	U	U	U
chr22	24515400	24515600	U	U	U	U
chr22	24517400	24517600	U	U	U	U
chr22	24519200	24519400	U	U	U	U
chr22	24520400	24520600	U	U	U	U
chr22	24525000	24525200	U	U	U	U
chr22	24540800	24541000	U	U	U	U
chr22	24541800	24542000	U	U	U	U
chr22	24543000	24543200	U	U	U	U
chr22	24544400	24544600	U	U	U	U
chr22	24548000	24548200	U	U	U	U
chr22	24551200	24551400	U	U	U	U
chr22	24556800	24557000	U	U	U	U
chr22	24559200	24559400	U	U	U	U
chr22	24563400	24563600	U	U	U	U
chr22	24566000	24566200	U	U	U	U
chr22	24566800	24567000	U	U	U	U
chr22	24584800	24585000	U	U	U	U
chr22	24588200	24588400	U	U	U	U
chr22	24591600	24591800	U	U	U	U
chr22	24595000	24595200	U	U	U	U
chr22	24601000	24601200	U	U	U	U
chr22	24602000	24602200	U	U	U	U
chr22	24606800	24607000	B	U	U	U
chr22	24609000	24609200	U	U	U	U
chr22	24614800	24615000	U	U	U	U
chr22	24621000	24621200	U	U	U	U
chr22	24623200	24623400	U	U	U	U
chr22	24624400	24624600	U	U	U	U
chr22	24624800	24625000	U	U	U	U
chr22	24625000	24625200	U	U	U	U
chr22	24628400	24628600	U	U	U	U
chr22	24628600	24628800	U	U	U	U
chr22	24634000	24634200	U	U	U	U
chr22	24634200	24634400	U	U	U	U
chr22	24635400	24635600	U	U	U	U
chr22	24644400	24644600	U	U	U	U
chr22	24644800	24645000	U	U	U	U
chr22	24646800	24647000	U	U	U	U
chr22	24647000	24647200	U	U	U	U
chr22	24648800	24649000	U	U	U	U
chr22	24649400	24649600	U	U	U	U
chr22	24649600	24649800	U	U	U	U
chr22	24650600	24650800	U	U	U	U
chr22	24651200	24651400	U	U	U	U
chr22	24652400	24652600	U	U	U	U
chr22	24654000	24654200	U	U	U	U
chr22	24658800	24659000	U	U	U	U
chr22	24668600	24668800	U	U	U	U
chr22	24671400	24671600	U	U	U	U
chr22	24672600	24672800	U	U	U	U
chr22	24673600	24673800	U	U	U	U
chr22	24688600	24688800	U	U	U	U
chr22	24689600	24689800	U	U	U	U
chr22	24692000	24692200	U	U	U	U
chr22	24692800	24693000	U	U	U	U
chr22	24694200	24694400	U	U	U	U
chr22	24694600	24694800	U	U	U	U
chr22	24697200	24697400	U	U	U	U
chr22	24699200	24699400	U	U	U	U
chr22	24700600	24700800	U	U	U	U
chr22	24701200	24701400	U	U	U	U
chr22	24707200	24707400	B	U	U	U
chr22	24717400	24717600	U	U	U	U
chr22	24717600	24717800	U	U	U	U
chr22	24719200	24719400	U	U	U	U
chr22	24723200	24723400	U	U	U	U
chr22	24725600	24725800	U	U	U	U
chr22	24727000	24727200	B	U	U	U
chr22	24728000	24728200	U	U	U	U
chr22	24733200	24733400	U	U	U	U
chr22	24735800	24736000	U	U	U	U
chr22	24749800	24750000	U	U	U	U
chr22	24750200	24750400	U	U	U	U
chr22	24753800	24754000	U	U	U	U
chr22	24756200	24756400	U	U	U	U
chr22	24758000	24758200	U	U	B	U
chr22	24759600	24759800	U	U	U	U
chr22	24765600	24765800	U	U	U	U
chr22	24773200	24773400	U	U	U	U
chr22	24780600	24780800	U	U	U	U
chr22	24806800	24807000	U	U	U	U
chr22	24810400	24810600	U	U	U	U
chr22	24813600	24813800	U	U	U	U
chr22	24819800	24820000	U	U	U	U
chr22	24827000	24827200	U	U	U	U
chr22	24827400	24827600	U	U	U	U
chr22	24831800	24832000	U	U	U	U
chr22	24833800	24834000	U	U	U	U
chr22	24842000	24842200	U	U	U	U
chr22	24847400	24847600	U	U	U	U
chr22	24859800	24860000	U	U	U	U
chr22	24870000	24870200	U	U	U	U
chr22	24874200	24874400	U	U	U	U
chr22	24876400	24876600	U	U	U	U
chr22	24876600	24876800	U	U	U	U
chr22	24881800	24882000	U	U	U	U
chr22	24884200	24884400	U	U	U	U
chr22	24898400	24898600	U	U	U	U
chr22	24901600	24901800	U	U	U	U
chr22	24919800	24920000	U	U	U	U
chr22	24924400	24924600	U	U	U	U
chr22	24926200	24926400	U	U	U	U
chr22	24926400	24926600	U	U	U	U
chr22	24936000	24936200	U	U	U	U
chr22	24939400	24939600	U	U	U	U
chr22	24939600	24939800	U	U	U	U
chr22	24943200	24943400	U	U	U	U
chr22	24945600	24945800	U	U	U	U
chr22	24950400	24950600	U	U	U	U
chr22	24952600	24952800	B	U	U	U
chr22	24953600	24953800	U	U	U	U
chr22	24954200	24954400	U	U	U	U
chr22	24976000	24976200	U	U	U	U
chr22	24976600	24976800	U	U	U	U
chr22	24984400	24984600	U	U	U	U
chr22	24989800	24990000	U	U	U	U
chr22	25009000	25009200	U	U	U	U
chr22	25013400	25013600	U	U	U	U
chr22	25022200	25022400	U	U	U	U
chr22	25022600	25022800	U	U	U	U
chr22	25032800	25033000	U	U	U	U
chr22	25039000	25039200	U	U	U	U
chr22	25039400	25039600	U	U	U	U
chr22	25041000	25041200	U	U	U	U
chr22	25044600	25044800	U	U	U	U
chr22	25049200	25049400	U	U	U	U
chr22	25050800	25051000	U	U	U	U
chr22	25055000	25055200	U	U	U	U
chr22	25059800	25060000	U	U	U	U
chr22	25064600	25064800	U	U	U	U
chr22	25077600	25077800	U	U	U	U
chr22	25078600	25078800	U	U	U	U
chr22	25080800	25081000	U	U	U	U
chr22	25083800	25084000	U	U	U	U
chr22	25091600	25091800	U	U	U	U
chr22	25091800	25092000	U	U	U	U
chr22	25096400	25096600	U	U	U	U
chr22	25112200	25112400	U	U	U	U
chr22	25126400	25126600	U	U	U	U
chr22	25126800	25127000	U	U	U	U
chr22	25130800	25131000	U	U	U	U
chr22	25133200	25133400	U	U	U	U
chr22	25134400	25134600	U	U	U	U
chr22	25137600	25137800	U	U	U	U
chr22	25139000	25139200	U	U	U	U
chr22	25153600	25153800	U	U	U	U
chr22	25154200	25154400	U	U	U	U
chr22	25154800	25155000	U	U	U	U
chr22	25155000	25155200	U	U	U	U
chr22	25156800	25157000	U	U	U	U
chr22	25162200	25162400	U	U	U	U
chr22	25166400	25166600	U	U	U	U
chr22	25174000	25174200	U	U	U	U
chr22	25179400	25179600	U	U	U	U
chr22	25181200	25181400	U	U	U	U
chr22	25192800	25193000	U	U	U	U
chr22	25196200	25196400	U	U	U	U
chr22	25199600	25199800	U	U	U	U
chr22	25209400	25209600	U	U	U	U
chr22	25220800	25221000	U	U	U	U
chr22	25221200	25221400	U	U	U	U
chr22	25222000	25222200	U	U	U	U
chr22	25231600	25231800	U	U	U	U
chr22	25245600	25245800	U	U	U	U
chr22	25256000	25256200	U	U	U	U
chr22	25258000	25258200	U	U	U	U
chr22	25263000	25263200	U	U	U	U
chr22	25272800	25273000	U	U	U	U
chr22	25276600	25276800	U	U	U	U
chr22	25283400	25283600	U	U	U	U
chr22	25283800	25284000	U	U	U	U
chr22	25284200	25284400	U	U	U	U
chr22	25289000	25289200	U	U	U	U
chr22	25299200	25299400	U	U	U	U
chr22	25305400	25305600	U	U	U	U
chr22	25309200	25309400	U	U	U	U
chr22	25310000	25310200	U	U	U	U
chr22	25319200	25319400	U	U	U	U
chr22	25320200	25320400	U	U	U	U
chr22	25320400	25320600	U	U	U	U
chr22	25327400	25327600	U	U	U	U
chr22	25330000	25330200	U	U	U	U
chr22	25333000	25333200	U	U	U	U
chr22	25337800	25338000	U	U	U	U
chr22	25339000	25339200	U	U	U	U
chr22	25349800	25350000	U	U	U	U
chr22	25353800	25354000	U	U	U	U
chr22	25354000	25354200	U	U	U	U
chr22	25354800	25355000	U	U	U	U
chr22	25360800	25361000	U	U	U	U
chr22	25362400	25362600	B	U	U	U
chr22	25363000	25363200	B	U	U	U
chr22	25364200	25364400	U	U	U	U
chr22	25364800	25365000	U	U	U	U
chr22	25367200	25367400	U	U	U	U
chr22	25369800	25370000	U	U	U	U
chr22	25370400	25370600	U	U	U	U
chr22	25374800	25375000	U	U	U	U
chr22	25375000	25375200	U	U	U	U
chr22	25383400	25383600	U	U	U	U
chr22	25386200	25386400	U	U	U	U
chr22	25386600	25386800	U	U	U	U
chr22	25387200	25387400	U	U	U	U
chr22	25388600	25388800	U	U	U	U
chr22	25390400	25390600	U	U	U	U
chr22	25391000	25391200	U	U	U	U
chr22	25399800	25400000	U	U	U	U
chr22	25405800	25406000	U	U	U	U
chr22	25409200	25409400	U	U	U	U
chr22	25416600	25416800	U	U	U	U
chr22	25421800	25422000	U	U	U	U
chr22	25422400	25422600	U	U	U	U
chr22	25424000	25424200	U	U	U	U
chr22	25424200	25424400	U	U	U	U
chr22	25424400	25424600	U	U	U	U
chr22	25434000	25434200	U	U	U	U
chr22	25435000	25435200	U	U	U	U
chr22	25448400	25448600	B	U	U	U
chr22	25457000	25457200	U	U	U	U
chr22	25468600	25468800	U	U	U	U
chr22	25481400	25481600	U	U	U	U
chr22	25481600	25481800	U	U	U	U
chr22	25488400	25488600	U	U	U	U
chr22	25490600	25490800	U	U	U	U
chr22	25493400	25493600	U	U	U	U
chr22	25493800	25494000	U	U	U	U
chr22	25506600	25506800	U	U	U	U
chr22	25528000	25528200	U	U	U	U
chr22	25547000	25547200	U	U	U	U
chr22	25547800	25548000	U	U	U	U
chr22	25559000	25559200	U	U	U	U
chr22	25563600	25563800	B	U	U	U
chr22	25565200	25565400	B	U	U	U
chr22	25565600	25565800	B	U	U	U
chr22	25566600	25566800	U	U	U	U
chr22	25566800	25567000	U	U	U	U
chr22	25570000	25570200	U	U	U	U
chr22	25571000	25571200	U	U	U	U
chr22	25585600	25585800	U	U	U	U
chr22	25596000	25596200	U	U	U	U
chr22	25605200	25605400	U	U	U	U
chr22	25613400	25613600	U	U	U	U
chr22	25615200	25615400	U	U	U	U
chr22	25615400	25615600	U	U	U	U
chr22	25617000	25617200	U	U	U	U
chr22	25624000	25624200	U	U	U	U
chr22	25624600	25624800	U	U	U	U
chr22	25629800	25630000	U	U	U	U
chr22	25630200	25630400	U	U	U	U
chr22	25634400	25634600	U	U	U	U
chr22	25640600	25640800	U	U	U	U
chr22	25641000	25641200	U	U	U	U
chr22	25648600	25648800	U	U	U	U
chr22	25649400	25649600	U	U	U	U
chr22	25651000	25651200	U	U	U	U
chr22	25651200	25651400	U	U	U	U
chr22	25654600	25654800	U	U	U	U
chr22	25661200	25661400	U	U	U	U
chr22	25661600	25661800	U	U	U	U
chr22	25662600	25662800	U	U	U	U
chr22	25663400	25663600	U	U	U	U
chr22	25666200	25666400	U	U	U	U
chr22	25666800	25667000	U	U	U	U
chr22	25668600	25668800	U	U	U	U
chr22	25669400	25669600	U	U	U	U
chr22	25672600	25672800	U	U	U	U
chr22	25673400	25673600	U	U	U	U
chr22	25674200	25674400	U	U	U	U
chr22	25677800	25678000	U	U	U	U
chr22	25680000	25680200	U	U	U	U
chr22	25685200	25685400	U	U	U	U
chr22	25687400	25687600	U	U	U	U
chr22	25687600	25687800	U	U	U	U
chr22	25688400	25688600	U	U	U	U
chr22	25688800	25689000	U	U	U	U
chr22	25689600	25689800	U	U	U	U
chr22	25690400	25690600	U	U	U	U
chr22	25694600	25694800	U	U	U	U
chr22	25695400	25695600	U	U	U	U
chr22	25701000	25701200	U	U	U	U
chr22	25701600	25701800	U	U	U	U
chr22	25703600	25703800	U	U	U	U
chr22	25704000	25704200	U	U	U	U
chr22	25708400	25708600	U	U	U	U
chr22	25709800	25710000	U	U	U	U
chr22	25710000	25710200	U	U	U	U
chr22	25710800	25711000	U	U	U	U
chr22	25713600	25713800	U	U	U	U
chr22	25714200	25714400	U	U	U	U
chr22	25715600	25715800	U	U	U	U
chr22	25720000	25720200	U	U	U	U
chr22	25721200	25721400	U	U	U	U
chr22	25722600	25722800	U	U	U	U
chr22	25724600	25724800	U	U	U	U
chr22	25729400	25729600	U	U	U	U
chr22	25739800	25740000	U	U	U	U
chr22	25742000	25742200	B	U	B	B
chr22	25745600	25745800	U	U	U	U
chr22	25762600	25762800	B	U	U	U
chr22	25765000	25765200	U	U	U	U
chr22	25765800	25766000	U	U	U	U
chr22	25767000	25767200	U	U	U	U
chr22	25772200	25772400	U	U	U	U
chr22	25774000	25774200	U	U	U	U
chr22	25782600	25782800	U	U	U	U
chr22	25795400	25795600	U	U	U	U
chr22	25798000	25798200	U	U	U	U
chr22	25799600	25799800	U	U	U	U
chr22	25804800	25805000	U	U	U	U
chr22	25809600	25809800	U	U	U	U
chr22	25823200	25823400	U	U	U	U
chr22	25823400	25823600	U	U	U	U
chr22	25835200	25835400	U	U	U	U
chr22	25844000	25844200	U	U	U	U
chr22	25845800	25846000	B	U	U	U
chr22	25847400	25847600	U	U	U	U
chr22	25848800	25849000	U	U	U	U
chr22	25851400	25851600	U	U	U	U
chr22	25857200	25857400	U	U	U	U
chr22	25858400	25858600	U	U	U	U
chr22	25866200	25866400	U	U	U	U
chr22	25872000	25872200	U	U	U	U
chr22	25881400	25881600	U	U	U	U
chr22	25884000	25884200	U	U	U	U
chr22	25887400	25887600	U	U	U	U
chr22	25889600	25889800	U	U	U	U
chr22	25890800	25891000	U	U	U	U
chr22	25892400	25892600	U	U	U	U
chr22	25894600	25894800	U	U	U	U
chr22	25898400	25898600	U	U	U	U
chr22	25899200	25899400	U	U	U	U
chr22	25899800	25900000	U	U	U	U
chr22	25900000	25900200	U	U	U	U
chr22	25901200	25901400	U	U	U	U
chr22	25902600	25902800	U	U	U	U
chr22	25903000	25903200	U	U	U	U
chr22	25903600	25903800	U	U	U	U
chr22	25907200	25907400	U	U	U	U
chr22	25909600	25909800	U	U	U	U
chr22	25918400	25918600	U	U	U	U
chr22	25923600	25923800	U	U	U	U
chr22	25931000	25931200	U	U	U	U
chr22	25941600	25941800	U	U	U	U
chr22	25949400	25949600	U	U	U	U
chr22	25950200	25950400	U	U	U	U
chr22	25952000	25952200	U	U	U	U
chr22	25952200	25952400	U	U	U	U
chr22	25953800	25954000	U	U	U	U
chr22	25955400	25955600	U	U	U	U
chr22	25966800	25967000	U	U	U	U
chr22	25967000	25967200	U	U	U	U
chr22	25969200	25969400	U	U	U	U
chr22	25970600	25970800	U	U	U	U
chr22	25971600	25971800	U	U	U	U
chr22	25975000	25975200	U	U	U	U
chr22	25979000	25979200	U	U	U	U
chr22	25992400	25992600	U	U	U	U
chr22	25995600	25995800	U	U	U	U
chr22	26000400	26000600	U	U	U	U
chr22	26000800	26001000	U	U	U	U
chr22	26003600	26003800	U	U	U	U
chr22	26006000	26006200	U	U	U	U
chr22	26006200	26006400	U	U	U	U
chr22	26010000	26010200	U	U	U	U
chr22	26023600	26023800	U	U	U	U
chr22	26025600	26025800	U	U	U	U
chr22	26026800	26027000	U	U	U	U
chr22	26027000	26027200	U	U	U	U
chr22	26029400	26029600	U	U	U	U
chr22	26030400	26030600	U	U	U	U
chr22	26031800	26032000	U	U	U	U
chr22	26048200	26048400	U	U	U	U
chr22	26048400	26048600	U	U	U	U
chr22	26053600	26053800	U	U	U	U
chr22	26056000	26056200	U	U	U	U
chr22	26056800	26057000	U	U	U	U
chr22	26057000	26057200	U	U	U	U
chr22	26064600	26064800	U	U	U	U
chr22	26064800	26065000	U	U	U	U
chr22	26068600	26068800	U	U	U	U
chr22	26072400	26072600	U	U	U	U
chr22	26076800	26077000	U	U	U	U
chr22	26078600	26078800	U	U	U	U
chr22	26079000	26079200	U	U	B	U
chr22	26081800	26082000	U	U	U	U
chr22	26091000	26091200	U	U	U	U
chr22	26095600	26095800	U	U	U	U
chr22	26095800	26096000	U	U	U	U
chr22	26096800	26097000	U	U	U	U
chr22	26101600	26101800	U	U	U	U
chr22	26103600	26103800	U	U	U	U
chr22	26118400	26118600	U	U	U	U
chr22	26118600	26118800	U	U	U	U
chr22	26134200	26134400	U	U	U	U
chr22	26136000	26136200	U	U	U	U
chr22	26136400	26136600	U	U	U	U
chr22	26138600	26138800	U	U	U	U
chr22	26142000	26142200	U	U	U	U
chr22	26152400	26152600	U	U	U	U
chr22	26153800	26154000	U	U	U	U
chr22	26154600	26154800	U	U	U	U
chr22	26154800	26155000	U	U	U	U
chr22	26161400	26161600	U	U	U	U
chr22	26161800	26162000	U	U	U	U
chr22	26164200	26164400	U	U	U	U
chr22	26164400	26164600	U	U	U	U
chr22	26169000	26169200	U	U	U	U
chr22	26183000	26183200	U	U	U	U
chr22	26190800	26191000	U	U	U	U
chr22	26193400	26193600	U	U	U	U
chr22	26197400	26197600	U	U	U	U
chr22	26203800	26204000	U	U	U	U
chr22	26205200	26205400	U	U	U	U
chr22	26206600	26206800	U	U	U	U
chr22	26214000	26214200	U	U	U	U
chr22	26215000	26215200	U	U	U	U
chr22	26215600	26215800	U	U	U	U
chr22	26223200	26223400	U	U	U	U
chr22	26236200	26236400	U	U	U	U
chr22	26236400	26236600	U	U	U	U
chr22	26237600	26237800	U	U	U	U
chr22	26238400	26238600	U	U	U	U
chr22	26241200	26241400	U	U	B	U
chr22	26245000	26245200	U	U	U	U
chr22	26245200	26245400	U	U	U	U
chr22	26245400	26245600	U	U	U	U
chr22	26246000	26246200	U	U	U	U
chr22	26246200	26246400	U	U	U	U
chr22	26251600	26251800	U	U	U	U
chr22	26252200	26252400	U	U	U	U
chr22	26254800	26255000	U	U	U	U
chr22	26256200	26256400	U	U	U	U
chr22	26259200	26259400	U	U	U	U
chr22	26265000	26265200	U	U	U	U
chr22	26266000	26266200	U	U	U	U
chr22	26270800	26271000	U	U	U	U
chr22	26279800	26280000	U	U	U	U
chr22	26287200	26287400	U	U	U	U
chr22	26287800	26288000	U	U	U	U
chr22	26292400	26292600	U	U	U	U
chr22	26303800	26304000	U	U	U	U
chr22	26308000	26308200	U	U	U	U
chr22	26326800	26327000	U	U	U	U
chr22	26333400	26333600	U	U	U	U
chr22	26335200	26335400	U	U	U	U
chr22	26335400	26335600	U	U	U	U
chr22	26337400	26337600	U	U	U	U
chr22	26343000	26343200	U	U	U	U
chr22	26357600	26357800	U	U	U	U
chr22	26357800	26358000	U	U	U	U
chr22	26365400	26365600	U	U	U	U
chr22	26373400	26373600	U	U	U	U
chr22	26373800	26374000	U	U	U	U
chr22	26380600	26380800	U	U	U	U
chr22	26381200	26381400	U	U	U	U
chr22	26410000	26410200	U	U	U	U
chr22	26410400	26410600	U	U	U	U
chr22	26410600	26410800	U	U	U	U
chr22	26410800	26411000	U	U	U	U
chr22	26415800	26416000	U	U	U	U
chr22	26420000	26420200	U	U	U	U
chr22	26422800	26423000	U	U	U	U
chr22	26430400	26430600	U	U	U	U
chr22	26431000	26431200	U	U	U	U
chr22	26431200	26431400	U	U	U	U
chr22	26431600	26431800	U	U	U	U
chr22	26432800	26433000	U	U	U	U
chr22	26433400	26433600	U	U	U	U
chr22	26434000	26434200	U	U	U	U
chr22	26434200	26434400	U	U	U	U
chr22	26436600	26436800	U	U	U	U
chr22	26437400	26437600	U	U	U	U
chr22	26437600	26437800	U	U	U	U
chr22	26438000	26438200	U	U	U	U
chr22	26443000	26443200	U	U	U	U
chr22	26444800	26445000	U	U	U	U
chr22	26446200	26446400	U	U	U	U
chr22	26448600	26448800	U	U	U	U
chr22	26451200	26451400	U	U	U	U
chr22	26452800	26453000	U	U	U	U
chr22	26456000	26456200	U	U	U	U
chr22	26458000	26458200	U	U	U	U
chr22	26462600	26462800	U	U	U	U
chr22	26463200	26463400	U	U	U	U
chr22	26465600	26465800	U	U	U	U
chr22	26466400	26466600	U	U	U	U
chr22	26470600	26470800	U	U	U	U
chr22	26472200	26472400	U	U	U	U
chr22	26472600	26472800	U	U	U	U
chr22	26476600	26476800	U	U	U	U
chr22	26483600	26483800	B	U	U	U
chr22	26485200	26485400	U	U	U	U
chr22	26489600	26489800	U	U	U	U
chr22	26491200	26491400	U	U	U	U
chr22	26492000	26492200	U	U	U	U
chr22	26496200	26496400	U	U	U	U
chr22	26496400	26496600	U	U	U	U
chr22	26496600	26496800	U	U	U	U
chr22	26505400	26505600	U	U	U	U
chr22	26506200	26506400	U	U	U	U
chr22	26506400	26506600	U	U	U	U
chr22	26506800	26507000	U	U	U	U
chr22	26510200	26510400	U	U	U	U
chr22	26510400	26510600	U	U	U	U
chr22	26526400	26526600	U	U	U	U
chr22	26541000	26541200	U	U	U	U
chr22	26541200	26541400	U	U	U	U
chr22	26543200	26543400	U	U	U	U
chr22	26560800	26561000	U	U	U	U
chr22	26565200	26565400	U	U	U	U
chr22	26565400	26565600	U	U	U	U
chr22	26570200	26570400	U	U	U	U
chr22	26573600	26573800	B	U	U	U
chr22	26579200	26579400	U	U	U	U
chr22	26589800	26590000	B	U	U	U
chr22	26592200	26592400	U	U	U	U
chr22	26608800	26609000	U	U	U	U
chr22	26629000	26629200	B	U	U	U
chr22	26636600	26636800	U	U	U	U
chr22	26638600	26638800	U	U	U	U
chr22	26645000	26645200	B	U	U	U
chr22	26658000	26658200	U	U	U	U
chr22	26661000	26661200	U	U	U	U
chr22	26661200	26661400	U	U	U	U
chr22	26662400	26662600	U	U	U	U
chr22	26665400	26665600	B	U	B	U
chr22	26665800	26666000	B	U	B	U
chr22	26666000	26666200	U	U	U	U
chr22	26666600	26666800	U	U	U	U
chr22	26668200	26668400	U	U	U	U
chr22	26673400	26673600	B	U	U	U
chr22	26673800	26674000	U	U	U	U
chr22	26675400	26675600	U	U	U	U
chr22	26681200	26681400	U	U	U	U
chr22	26686200	26686400	U	U	U	U
chr22	26689600	26689800	U	U	U	U
chr22	26699200	26699400	U	U	U	U
chr22	26714600	26714800	U	U	U	U
chr22	26714800	26715000	U	U	U	U
chr22	26722600	26722800	U	U	U	U
chr22	26724600	26724800	U	U	U	U
chr22	26733200	26733400	U	U	U	U
chr22	26737200	26737400	U	U	U	U
chr22	26740400	26740600	U	U	U	U
chr22	26741600	26741800	U	U	U	U
chr22	26748800	26749000	U	U	U	U
chr22	26752000	26752200	U	U	U	U
chr22	26752800	26753000	U	U	U	U
chr22	26762000	26762200	U	U	U	U
chr22	26775000	26775200	U	U	U	U
chr22	26775200	26775400	U	U	U	U
chr22	26775600	26775800	U	U	U	U
chr22	26776600	26776800	U	U	U	U
chr22	26776800	26777000	U	U	U	U
chr22	26777600	26777800	U	U	U	U
chr22	26780400	26780600	U	U	U	U
chr22	26781800	26782000	U	U	U	U
chr22	26783800	26784000	U	U	U	U
chr22	26785400	26785600	U	U	U	U
chr22	26796800	26797000	U	U	U	U
chr22	26806600	26806800	U	U	U	U
chr22	26822400	26822600	U	U	U	U
chr22	26826000	26826200	U	U	U	U
chr22	26826800	26827000	U	U	U	U
chr22	26827400	26827600	U	U	U	U
chr22	26830400	26830600	U	U	U	U
chr22	26842200	26842400	U	U	U	U
chr22	26843800	26844000	U	U	U	U
chr22	26847000	26847200	U	U	U	U
chr22	26847800	26848000	U	U	U	U
chr22	26851000	26851200	U	U	U	U
chr22	26853000	26853200	U	U	U	U
chr22	26853400	26853600	U	U	U	U
chr22	26853800	26854000	U	U	U	U
chr22	26885800	26886000	U	U	U	U
chr22	26889800	26890000	U	U	U	U
chr22	26900000	26900200	U	U	U	U
chr22	26901200	26901400	U	U	U	U
chr22	26913000	26913200	U	U	U	U
chr22	26914400	26914600	U	U	U	U
chr22	26915800	26916000	U	U	U	U
chr22	26928000	26928200	U	U	U	U
chr22	26928400	26928600	U	U	U	U
chr22	26936800	26937000	U	U	U	U
chr22	26940600	26940800	U	U	U	U
chr22	26944200	26944400	U	U	U	U
chr22	26948200	26948400	U	U	U	U
chr22	26953000	26953200	U	U	U	U
chr22	26953200	26953400	U	U	U	U
chr22	26954600	26954800	U	U	U	U
chr22	26959000	26959200	U	U	U	U
chr22	26959200	26959400	U	U	U	U
chr22	26961400	26961600	U	U	U	U
chr22	26963400	26963600	U	U	U	U
chr22	26965800	26966000	U	U	U	U
chr22	26966600	26966800	U	U	U	U
chr22	26975600	26975800	U	U	U	U
chr22	26985000	26985200	U	U	U	U
chr22	26992000	26992200	U	U	U	U
chr22	26994000	26994200	U	U	U	U
chr22	26995000	26995200	U	U	U	U
chr22	26996200	26996400	U	U	U	U
chr22	27003400	27003600	U	U	U	U
chr22	27006200	27006400	U	U	U	U
chr22	27020600	27020800	U	U	U	U
chr22	27022200	27022400	U	U	U	U
chr22	27022400	27022600	U	U	U	U
chr22	27024000	27024200	U	U	U	U
chr22	27026000	27026200	U	U	U	U
chr22	27029200	27029400	U	U	U	U
chr22	27033400	27033600	U	U	U	U
chr22	27039200	27039400	U	U	U	U
chr22	27042000	27042200	U	U	U	U
chr22	27044400	27044600	U	U	U	U
chr22	27052200	27052400	U	U	U	U
chr22	27054000	27054200	U	U	U	U
chr22	27060400	27060600	U	U	U	U
chr22	27070000	27070200	U	U	U	U
chr22	27090600	27090800	U	U	U	U
chr22	27091800	27092000	U	U	U	U
chr22	27102400	27102600	U	U	U	U
chr22	27104200	27104400	U	U	U	U
chr22	27107200	27107400	U	U	U	U
chr22	27110800	27111000	U	U	U	U
chr22	27120800	27121000	U	U	U	U
chr22	27128000	27128200	U	U	U	U
chr22	27134200	27134400	U	U	U	U
chr22	27137800	27138000	U	U	U	U
chr22	27139000	27139200	U	U	U	U
chr22	27140400	27140600	U	U	U	U
chr22	27149800	27150000	U	U	U	U
chr22	27157800	27158000	U	U	U	U
chr22	27161000	27161200	U	U	U	U
chr22	27164600	27164800	U	U	U	U
chr22	27175200	27175400	U	U	U	U
chr22	27181600	27181800	U	U	U	U
chr22	27188600	27188800	U	U	U	U
chr22	27192400	27192600	U	U	U	U
chr22	27198000	27198200	U	U	U	U
chr22	27202600	27202800	U	U	U	U
chr22	27205800	27206000	U	U	U	U
chr22	27210400	27210600	U	U	U	U
chr22	27216000	27216200	U	U	U	U
chr22	27218600	27218800	U	U	U	U
chr22	27218800	27219000	U	U	U	U
chr22	27229200	27229400	U	U	U	U
chr22	27243400	27243600	U	U	U	U
chr22	27245000	27245200	U	U	U	U
chr22	27248200	27248400	U	U	U	U
chr22	27254800	27255000	U	U	U	U
chr22	27260400	27260600	U	U	U	U
chr22	27267000	27267200	U	U	U	U
chr22	27267400	27267600	U	U	U	U
chr22	27267800	27268000	U	U	U	U
chr22	27268800	27269000	U	U	U	U
chr22	27269200	27269400	U	U	U	U
chr22	27272000	27272200	U	U	U	U
chr22	27272200	27272400	U	U	U	U
chr22	27273600	27273800	U	U	U	U
chr22	27274000	27274200	U	U	U	U
chr22	27281200	27281400	U	U	U	U
chr22	27286000	27286200	U	U	U	U
chr22	27286200	27286400	U	U	U	U
chr22	27288600	27288800	U	U	U	U
chr22	27291000	27291200	U	U	U	U
chr22	27297800	27298000	U	U	U	U
chr22	27298400	27298600	U	U	U	U
chr22	27298600	27298800	U	U	U	U
chr22	27302400	27302600	U	U	U	U
chr22	27307800	27308000	U	U	U	U
chr22	27311800	27312000	U	U	U	U
chr22	27313000	27313200	U	U	U	U
chr22	27323600	27323800	U	U	U	U
chr22	27329200	27329400	U	U	U	U
chr22	27329400	27329600	U	U	U	U
chr22	27329600	27329800	U	U	U	U
chr22	27339600	27339800	U	U	U	U
chr22	27340000	27340200	U	U	U	U
chr22	27347000	27347200	U	U	U	U
chr22	27350800	27351000	U	U	U	U
chr22	27372800	27373000	U	U	U	U
chr22	27377400	27377600	U	U	U	U
chr22	27378200	27378400	U	U	U	U
chr22	27382600	27382800	U	U	U	U
chr22	27384200	27384400	U	U	U	U
chr22	27389200	27389400	U	U	U	U
chr22	27389800	27390000	U	U	U	U
chr22	27399000	27399200	U	U	U	U
chr22	27404400	27404600	U	U	U	U
chr22	27413600	27413800	U	U	U	U
chr22	27419000	27419200	U	U	U	U
chr22	27420800	27421000	U	U	U	U
chr22	27424800	27425000	U	U	U	U
chr22	27425000	27425200	U	U	U	U
chr22	27429800	27430000	U	U	U	U
chr22	27430600	27430800	U	U	U	U
chr22	27440200	27440400	U	U	U	U
chr22	27441800	27442000	U	U	U	U
chr22	27442200	27442400	U	U	U	U
chr22	27442400	27442600	U	U	U	U
chr22	27443600	27443800	U	U	U	U
chr22	27446000	27446200	U	U	U	U
chr22	27449000	27449200	U	U	U	U
chr22	27455600	27455800	U	U	U	U
chr22	27457200	27457400	U	U	U	U
chr22	27461800	27462000	U	U	U	U
chr22	27466200	27466400	U	U	U	U
chr22	27475000	27475200	U	U	U	U
chr22	27475200	27475400	U	U	U	U
chr22	27477400	27477600	U	U	U	U
chr22	27488200	27488400	U	U	U	U
chr22	27499000	27499200	U	U	U	U
chr22	27504600	27504800	U	U	U	U
chr22	27504800	27505000	U	U	U	U
chr22	27507200	27507400	U	U	U	U
chr22	27510800	27511000	U	U	U	U
chr22	27519200	27519400	U	U	U	U
chr22	27525800	27526000	U	U	U	U
chr22	27533800	27534000	U	U	U	U
chr22	27537000	27537200	U	U	U	U
chr22	27537600	27537800	U	U	U	U
chr22	27538600	27538800	U	U	U	U
chr22	27540400	27540600	U	U	U	U
chr22	27560200	27560400	U	U	U	U
chr22	27560400	27560600	U	U	U	U
chr22	27567600	27567800	U	U	U	U
chr22	27573400	27573600	U	U	U	U
chr22	27573600	27573800	U	U	U	U
chr22	27575800	27576000	U	U	U	U
chr22	27577200	27577400	U	U	U	U
chr22	27580600	27580800	U	U	U	U
chr22	27588600	27588800	U	U	U	U
chr22	27606800	27607000	U	U	U	U
chr22	27608400	27608600	U	U	U	U
chr22	27609200	27609400	U	U	U	U
chr22	27611400	27611600	U	U	U	U
chr22	27611600	27611800	U	U	U	U
chr22	27615000	27615200	U	U	U	U
chr22	27620400	27620600	U	U	U	U
chr22	27621200	27621400	U	U	U	U
chr22	27623200	27623400	U	U	U	U
chr22	27623400	27623600	U	U	U	U
chr22	27624200	27624400	U	U	U	U
chr22	27624400	27624600	U	U	U	U
chr22	27625200	27625400	U	U	U	U
chr22	27632400	27632600	U	U	U	U
chr22	27635800	27636000	U	U	U	U
chr22	27637400	27637600	U	U	U	U
chr22	27649600	27649800	U	U	U	U
chr22	27651400	27651600	U	U	U	U
chr22	27660400	27660600	U	U	U	U
chr22	27665600	27665800	U	U	U	U
chr22	27667000	27667200	U	U	U	U
chr22	27669800	27670000	B	U	U	U
chr22	27680800	27681000	U	U	U	U
chr22	27681600	27681800	U	U	U	U
chr22	27693600	27693800	U	U	U	U
chr22	27703400	27703600	U	U	U	U
chr22	27712800	27713000	U	U	U	U
chr22	27715600	27715800	U	U	U	U
chr22	27718200	27718400	B	U	U	U
chr22	27718400	27718600	B	U	U	U
chr22	27718600	27718800	B	U	U	U
chr22	27719000	27719200	U	U	U	U
chr22	27726800	27727000	B	U	U	B
chr22	27732400	27732600	U	U	U	U
chr22	27748200	27748400	U	U	U	U
chr22	27748600	27748800	U	U	U	U
chr22	27749000	27749200	U	U	U	U
chr22	27750000	27750200	U	U	U	U
chr22	27750600	27750800	U	U	U	U
chr22	27752200	27752400	U	U	U	U
chr22	27752400	27752600	U	U	U	U
chr22	27756200	27756400	U	U	U	U
chr22	27767200	27767400	U	U	U	U
chr22	27772200	27772400	U	U	U	U
chr22	27773000	27773200	U	U	U	U
chr22	27776800	27777000	U	U	U	U
chr22	27778000	27778200	U	U	U	U
chr22	27778800	27779000	U	U	U	U
chr22	27782000	27782200	U	U	U	U
chr22	27787600	27787800	U	U	U	U
chr22	27788200	27788400	U	U	U	U
chr22	27789600	27789800	U	U	U	U
chr22	27791200	27791400	U	U	U	U
chr22	27791800	27792000	U	U	U	U
chr22	27792600	27792800	U	U	U	U
chr22	27794400	27794600	U	U	U	U
chr22	27797600	27797800	U	U	U	U
chr22	27798000	27798200	U	U	U	U
chr22	27798200	27798400	U	U	U	U
chr22	27798400	27798600	U	U	U	U
chr22	27799200	27799400	U	U	U	U
chr22	27800000	27800200	U	U	U	U
chr22	27800400	27800600	U	U	U	U
chr22	27802600	27802800	U	U	U	U
chr22	27803400	27803600	U	U	U	U
chr22	27803800	27804000	U	U	U	U
chr22	27804000	27804200	U	U	U	U
chr22	27807400	27807600	U	U	U	U
chr22	27808200	27808400	U	U	U	U
chr22	27808800	27809000	U	U	U	U
chr22	27810000	27810200	U	U	U	U
chr22	27810600	27810800	U	U	U	U
chr22	27811000	27811200	U	U	U	U
chr22	27828200	27828400	U	U	U	U
chr22	27830200	27830400	U	U	U	U
chr22	27841000	27841200	U	U	U	U
chr22	27842800	27843000	U	U	U	U
chr22	27845400	27845600	U	U	U	U
chr22	27845800	27846000	U	U	U	U
chr22	27847200	27847400	B	U	U	B
chr22	27854600	27854800	U	U	U	U
chr22	27855600	27855800	U	U	U	U
chr22	27856000	27856200	U	U	U	U
chr22	27856200	27856400	U	U	U	U
chr22	27857800	27858000	U	U	U	U
chr22	27858200	27858400	U	U	U	U
chr22	27858400	27858600	U	U	U	U
chr22	27858600	27858800	U	U	U	U
chr22	27860200	27860400	U	U	U	U
chr22	27862600	27862800	U	U	U	U
chr22	27863200	27863400	U	U	U	U
chr22	27866200	27866400	U	U	U	U
chr22	27867000	27867200	U	U	U	U
chr22	27868600	27868800	U	U	U	U
chr22	27869400	27869600	U	U	U	U
chr22	27874200	27874400	U	U	U	U
chr22	27875600	27875800	U	U	U	U
chr22	27877200	27877400	U	U	U	U
chr22	27878000	27878200	U	U	U	U
chr22	27879200	27879400	U	U	U	U
chr22	27881400	27881600	U	U	U	U
chr22	27882000	27882200	U	U	U	U
chr22	27882200	27882400	U	U	U	U
chr22	27883800	27884000	U	U	U	U
chr22	27884200	27884400	U	U	U	U
chr22	27884400	27884600	U	U	U	U
chr22	27885000	27885200	U	U	U	U
chr22	27885800	27886000	U	U	U	U
chr22	27887200	27887400	U	U	U	U
chr22	27888800	27889000	U	U	U	U
chr22	27889600	27889800	U	U	U	U
chr22	27892600	27892800	U	U	U	U
chr22	27905600	27905800	U	U	U	U
chr22	27906000	27906200	U	U	U	U
chr22	27907400	27907600	U	U	U	U
chr22	27910800	27911000	U	U	U	U
chr22	27911800	27912000	U	U	U	U
chr22	27914600	27914800	U	U	U	U
chr22	27915000	27915200	U	U	U	U
chr22	27916000	27916200	U	U	U	U
chr22	27918400	27918600	B	U	U	U
chr22	27921200	27921400	U	U	U	U
chr22	27922000	27922200	U	U	U	U
chr22	27949000	27949200	U	U	U	U
chr22	27949600	27949800	U	U	U	U
chr22	27955600	27955800	U	U	U	U
chr22	27962800	27963000	U	U	U	U
chr22	27963800	27964000	U	U	U	U
chr22	27973800	27974000	U	U	U	U
chr22	27974200	27974400	U	U	U	U
chr22	27974400	27974600	U	U	U	U
chr22	27978200	27978400	U	U	U	U
chr22	27980200	27980400	U	U	U	U
chr22	27981000	27981200	U	U	U	U
chr22	27981800	27982000	U	U	U	U
chr22	27982800	27983000	U	U	U	U
chr22	27985600	27985800	U	U	U	U
chr22	27986600	27986800	U	U	U	U
chr22	27987000	27987200	U	U	U	U
chr22	27989200	27989400	U	U	U	U
chr22	27992200	27992400	U	U	U	U
chr22	27992400	27992600	U	U	U	U
chr22	27993400	27993600	U	U	U	U
chr22	27994600	27994800	U	U	U	U
chr22	27995200	27995400	U	U	U	U
chr22	27996400	27996600	U	U	U	U
chr22	27997200	27997400	U	U	U	U
chr22	27997400	27997600	U	U	U	U
chr22	27997800	27998000	U	U	U	U
chr22	28000000	28000200	U	U	U	U
chr22	28001800	28002000	U	U	U	U
chr22	28003600	28003800	U	U	U	U
chr22	28004400	28004600	U	U	U	U
chr22	28007400	28007600	U	U	U	U
chr22	28007800	28008000	U	U	U	U
chr22	28008200	28008400	U	U	U	U
chr22	28010200	28010400	U	U	U	U
chr22	28010600	28010800	U	U	U	U
chr22	28015800	28016000	U	U	U	U
chr22	28016000	28016200	U	U	U	U
chr22	28016800	28017000	U	U	U	U
chr22	28017000	28017200	U	U	U	U
chr22	28021200	28021400	U	U	U	U
chr22	28022800	28023000	U	U	U	U
chr22	28028000	28028200	U	U	U	U
chr22	28028200	28028400	U	U	U	U
chr22	28029200	28029400	U	U	U	U
chr22	28029400	28029600	U	U	U	U
chr22	28030000	28030200	U	U	U	U
chr22	28031200	28031400	U	U	U	U
chr22	28032800	28033000	U	U	U	U
chr22	28034400	28034600	B	U	U	U
chr22	28044000	28044200	U	U	U	U
chr22	28047800	28048000	U	U	U	U
chr22	28049200	28049400	U	U	U	U
chr22	28052000	28052200	U	U	B	U
chr22	28052600	28052800	U	U	U	U
chr22	28054200	28054400	U	U	U	U
chr22	28065000	28065200	U	U	U	U
chr22	28065200	28065400	U	U	U	U
chr22	28068600	28068800	U	U	U	U
chr22	28072600	28072800	U	U	U	U
chr22	28073200	28073400	U	U	U	U
chr22	28073800	28074000	U	U	U	U
chr22	28091000	28091200	U	U	U	U
chr22	28095200	28095400	U	U	U	U
chr22	28095400	28095600	U	U	U	U
chr22	28096400	28096600	U	U	U	U
chr22	28102000	28102200	U	U	U	U
chr22	28102200	28102400	U	U	U	U
chr22	28105600	28105800	U	U	U	U
chr22	28106200	28106400	U	U	U	U
chr22	28107600	28107800	U	U	U	U
chr22	28108000	28108200	U	U	U	U
chr22	28115800	28116000	U	U	U	U
chr22	28120800	28121000	U	U	U	U
chr22	28127200	28127400	U	U	U	U
chr22	28132000	28132200	U	U	U	U
chr22	28136600	28136800	U	U	U	U
chr22	28142600	28142800	U	U	U	U
chr22	28143400	28143600	U	U	U	U
chr22	28144400	28144600	U	U	U	U
chr22	28146400	28146600	U	U	U	U
chr22	28152200	28152400	U	U	U	U
chr22	28153800	28154000	U	U	U	U
chr22	28160400	28160600	U	U	U	U
chr22	28162400	28162600	U	U	U	U
chr22	28171200	28171400	U	U	U	U
chr22	28173400	28173600	U	U	U	U
chr22	28173600	28173800	U	U	U	U
chr22	28180000	28180200	U	U	U	U
chr22	28180600	28180800	U	U	U	U
chr22	28185200	28185400	U	U	U	U
chr22	28203400	28203600	U	U	U	U
chr22	28205400	28205600	U	U	U	U
chr22	28221000	28221200	U	U	U	U
chr22	28222400	28222600	U	U	U	U
chr22	28223600	28223800	U	U	U	U
chr22	28229200	28229400	U	U	U	U
chr22	28230600	28230800	U	U	U	U
chr22	28231600	28231800	U	U	U	U
chr22	28233200	28233400	U	U	U	U
chr22	28234800	28235000	U	U	U	U
chr22	28243600	28243800	U	U	U	U
chr22	28244800	28245000	U	U	U	U
chr22	28248000	28248200	B	U	U	U
chr22	28248200	28248400	B	U	U	U
chr22	28248800	28249000	U	U	U	U
chr22	28249600	28249800	U	U	U	U
chr22	28252000	28252200	U	U	U	U
chr22	28252400	28252600	U	U	U	U
chr22	28260000	28260200	U	U	U	U
chr22	28260800	28261000	U	U	U	U
chr22	28262200	28262400	U	U	U	U
chr22	28262600	28262800	U	U	U	U
chr22	28267800	28268000	U	U	U	U
chr22	28268000	28268200	U	U	U	U
chr22	28270400	28270600	U	U	U	U
chr22	28275000	28275200	U	U	U	U
chr22	28276400	28276600	U	U	U	U
chr22	28283400	28283600	U	U	U	U
chr22	28289000	28289200	U	U	U	U
chr22	28293800	28294000	U	U	U	U
chr22	28297600	28297800	U	U	U	U
chr22	28298200	28298400	U	U	U	U
chr22	28300200	28300400	U	U	U	U
chr22	28305400	28305600	U	U	U	U
chr22	28305800	28306000	U	U	U	U
chr22	28306000	28306200	U	U	U	U
chr22	28308200	28308400	U	U	U	U
chr22	28308800	28309000	U	U	U	U
chr22	28309200	28309400	U	U	U	U
chr22	28310200	28310400	U	U	U	U
chr22	28321200	28321400	U	U	U	U
chr22	28330200	28330400	U	U	U	U
chr22	28331600	28331800	U	U	U	U
chr22	28332600	28332800	U	U	U	U
chr22	28341000	28341200	U	U	U	U
chr22	28342600	28342800	U	U	U	U
chr22	28344400	28344600	U	U	U	U
chr22	28344600	28344800	U	U	U	U
chr22	28348600	28348800	U	U	U	U
chr22	28350000	28350200	U	U	U	U
chr22	28358000	28358200	U	U	U	U
chr22	28359200	28359400	U	U	U	U
chr22	28360400	28360600	U	U	U	U
chr22	28365600	28365800	U	U	U	U
chr22	28373200	28373400	U	U	U	U
chr22	28373600	28373800	U	U	U	U
chr22	28382000	28382200	U	U	U	U
chr22	28385600	28385800	U	U	U	U
chr22	28396200	28396400	U	U	U	U
chr22	28396800	28397000	U	U	U	U
chr22	28397400	28397600	U	U	U	U
chr22	28398200	28398400	U	U	U	U
chr22	28400200	28400400	U	U	U	U
chr22	28400800	28401000	U	U	U	U
chr22	28403200	28403400	U	U	U	U
chr22	28406400	28406600	U	U	U	U
chr22	28407000	28407200	U	U	U	U
chr22	28411800	28412000	U	U	U	U
chr22	28412800	28413000	U	U	U	U
chr22	28413600	28413800	U	U	U	U
chr22	28413800	28414000	U	U	U	U
chr22	28414200	28414400	U	U	U	U
chr22	28422000	28422200	U	U	U	U
chr22	28426600	28426800	U	U	U	U
chr22	28426800	28427000	U	U	U	U
chr22	28428000	28428200	U	U	U	U
chr22	28430400	28430600	U	U	U	U
chr22	28430600	28430800	U	U	U	U
chr22	28434800	28435000	U	U	U	U
chr22	28435200	28435400	U	U	U	U
chr22	28435400	28435600	U	U	U	U
chr22	28438200	28438400	U	U	U	U
chr22	28442000	28442200	B	U	U	U
chr22	28442800	28443000	B	U	U	U
chr22	28443200	28443400	U	U	U	U
chr22	28443400	28443600	B	U	U	U
chr22	28444000	28444200	U	U	U	U
chr22	28444200	28444400	U	U	U	U
chr22	28447800	28448000	U	U	U	U
chr22	28454800	28455000	U	U	U	U
chr22	28455200	28455400	U	U	U	U
chr22	28457200	28457400	U	U	U	U
chr22	28461800	28462000	U	U	U	U
chr22	28471400	28471600	U	U	U	U
chr22	28480200	28480400	U	U	U	U
chr22	28483600	28483800	U	U	U	U
chr22	28485600	28485800	U	U	U	U
chr22	28486400	28486600	U	U	U	U
chr22	28487000	28487200	U	U	U	U
chr22	28499600	28499800	U	U	U	U
chr22	28513200	28513400	U	U	U	U
chr22	28517600	28517800	U	U	U	U
chr22	28520000	28520200	U	U	U	U
chr22	28525600	28525800	U	U	U	U
chr22	28537400	28537600	U	U	U	U
chr22	28565200	28565400	U	U	U	U
chr22	28566000	28566200	U	U	U	U
chr22	28580200	28580400	U	U	U	U
chr22	28582600	28582800	U	U	U	U
chr22	28583000	28583200	U	U	U	U
chr22	28586600	28586800	U	U	U	U
chr22	28596600	28596800	U	U	U	U
chr22	28602000	28602200	U	U	U	U
chr22	28629400	28629600	U	U	U	U
chr22	28632600	28632800	U	U	U	U
chr22	28634000	28634200	U	U	U	U
chr22	28643400	28643600	U	U	U	U
chr22	28658000	28658200	U	U	U	U
chr22	28658200	28658400	U	U	U	U
chr22	28669800	28670000	U	U	U	U
chr22	28672800	28673000	U	U	U	U
chr22	28686200	28686400	U	U	U	U
chr22	28687800	28688000	U	U	U	U
chr22	28688800	28689000	U	U	U	U
chr22	28695000	28695200	U	U	U	U
chr22	28697000	28697200	U	U	U	U
chr22	28698600	28698800	U	U	U	U
chr22	28701600	28701800	U	U	U	U
chr22	28707000	28707200	U	U	U	U
chr22	28707600	28707800	U	U	U	U
chr22	28709400	28709600	U	U	U	U
chr22	28710000	28710200	U	U	U	U
chr22	28712600	28712800	U	U	U	U
chr22	28741200	28741400	B	U	U	U
chr22	28742200	28742400	B	U	U	U
chr22	28745800	28746000	U	U	U	U
chr22	28751000	28751200	U	U	U	U
chr22	28759800	28760000	U	U	U	U
chr22	28786000	28786200	U	U	U	U
chr22	28786800	28787000	U	U	U	U
chr22	28788400	28788600	U	U	U	U
chr22	28794600	28794800	U	U	U	U
chr22	28795600	28795800	U	U	U	U
chr22	28795800	28796000	U	U	U	U
chr22	28800000	28800200	B	U	U	U
chr22	28811000	28811200	U	U	U	U
chr22	28814800	28815000	U	U	U	U
chr22	28815400	28815600	U	U	U	U
chr22	28818400	28818600	U	U	U	U
chr22	28818800	28819000	U	U	U	U
chr22	28827000	28827200	U	U	U	U
chr22	28828000	28828200	U	U	U	U
chr22	28841200	28841400	U	U	U	U
chr22	28878000	28878200	U	U	U	U
chr22	28884200	28884400	B	U	U	U
chr22	28884400	28884600	B	U	U	U
chr22	28887000	28887200	U	U	U	U
chr22	28888000	28888200	U	U	U	U
chr22	28888400	28888600	U	U	U	U
chr22	28896600	28896800	U	U	U	U
chr22	28900400	28900600	U	U	U	U
chr22	28904000	28904200	U	U	U	U
chr22	28905400	28905600	U	U	U	U
chr22	28908400	28908600	U	U	U	U
chr22	28911200	28911400	U	U	U	U
chr22	28913400	28913600	U	U	U	U
chr22	28913800	28914000	U	U	U	U
chr22	28915800	28916000	U	U	U	U
chr22	28916600	28916800	U	U	U	U
chr22	28916800	28917000	U	U	U	U
chr22	28917000	28917200	U	U	U	U
chr22	28918600	28918800	U	U	U	U
chr22	28923200	28923400	U	U	U	U
chr22	28923800	28924000	U	U	U	U
chr22	28933000	28933200	U	U	U	U
chr22	28936800	28937000	U	U	U	U
chr22	28941000	28941200	U	U	U	U
chr22	28942200	28942400	U	U	U	U
chr22	28943200	28943400	U	U	U	U
chr22	28943400	28943600	U	U	U	U
chr22	28943800	28944000	U	U	U	U
chr22	28946200	28946400	U	U	U	U
chr22	28946800	28947000	U	U	U	U
chr22	28947000	28947200	U	U	U	U
chr22	28951000	28951200	U	U	U	U
chr22	28952600	28952800	U	U	U	U
chr22	28953000	28953200	U	U	U	U
chr22	28953400	28953600	U	U	U	U
chr22	28958200	28958400	U	U	U	U
chr22	28974400	28974600	U	U	U	U
chr22	28977400	28977600	U	U	U	U
chr22	28978200	28978400	U	U	U	U
chr22	28982800	28983000	U	U	U	U
chr22	28983000	28983200	U	U	U	U
chr22	28983200	28983400	U	U	U	U
chr22	28983400	28983600	U	U	U	U
chr22	28983800	28984000	U	U	U	U
chr22	28989800	28990000	U	U	U	U
chr22	29002000	29002200	U	U	U	U
chr22	29002200	29002400	U	U	U	U
chr22	29004000	29004200	U	U	U	U
chr22	29005200	29005400	U	U	U	U
chr22	29009200	29009400	U	U	U	U
chr22	29011400	29011600	U	U	U	U
chr22	29012200	29012400	U	U	U	U
chr22	29015000	29015200	U	U	U	U
chr22	29016200	29016400	U	U	U	U
chr22	29016400	29016600	U	U	U	U
chr22	29019400	29019600	U	U	U	U
chr22	29023200	29023400	U	U	U	U
chr22	29024000	29024200	U	U	U	U
chr22	29024200	29024400	U	U	U	U
chr22	29024400	29024600	U	U	U	U
chr22	29026800	29027000	U	U	U	U
chr22	29031600	29031800	B	U	U	B
chr22	29031800	29032000	B	U	U	U
chr22	29034600	29034800	U	U	U	U
chr22	29036800	29037000	U	U	U	U
chr22	29037000	29037200	U	U	U	U
chr22	29038000	29038200	U	U	U	U
chr22	29043200	29043400	U	U	U	U
chr22	29044800	29045000	U	U	U	U
chr22	29048000	29048200	U	U	U	U
chr22	29049600	29049800	B	U	U	U
chr22	29050200	29050400	B	U	U	U
chr22	29053000	29053200	U	U	U	U
chr22	29054000	29054200	U	U	U	U
chr22	29054400	29054600	U	U	U	U
chr22	29055000	29055200	U	U	U	U
chr22	29056800	29057000	U	U	U	U
chr22	29057000	29057200	U	U	U	U
chr22	29059000	29059200	U	U	U	U
chr22	29060600	29060800	U	U	U	U
chr22	29060800	29061000	U	U	U	U
chr22	29062600	29062800	U	U	U	U
chr22	29062800	29063000	U	U	U	U
chr22	29065600	29065800	U	U	U	U
chr22	29071600	29071800	U	U	U	U
chr22	29074000	29074200	U	U	U	U
chr22	29078800	29079000	B	U	U	U
chr22	29079200	29079400	B	U	U	U
chr22	29079400	29079600	B	U	U	U
chr22	29079600	29079800	U	U	U	U
chr22	29088000	29088200	U	U	U	U
chr22	29093400	29093600	U	U	U	U
chr22	29093800	29094000	U	U	U	U
chr22	29094200	29094400	U	U	U	U
chr22	29096000	29096200	U	U	U	U
chr22	29102000	29102200	U	U	U	U
chr22	29102800	29103000	U	U	U	U
chr22	29109200	29109400	U	U	U	U
chr22	29112800	29113000	U	U	U	U
chr22	29117600	29117800	U	U	U	U
chr22	29140600	29140800	U	U	U	U
chr22	29144200	29144400	U	U	U	U
chr22	29144400	29144600	U	U	U	U
chr22	29149600	29149800	U	U	U	U
chr22	29149800	29150000	U	U	U	U
chr22	29155000	29155200	U	U	U	U
chr22	29167000	29167200	U	U	U	U
chr22	29169800	29170000	U	U	U	U
chr22	29200400	29200600	U	U	U	U
chr22	29201200	29201400	U	U	U	U
chr22	29202200	29202400	B	U	U	U
chr22	29204000	29204200	U	U	U	U
chr22	29208200	29208400	U	U	U	U
chr22	29213200	29213400	U	U	U	U
chr22	29213400	29213600	U	U	U	U
chr22	29213600	29213800	U	U	U	U
chr22	29225200	29225400	U	U	U	U
chr22	29225800	29226000	U	U	U	U
chr22	29231600	29231800	U	U	U	U
chr22	29232200	29232400	U	U	U	U
chr22	29234200	29234400	U	U	U	U
chr22	29243400	29243600	U	U	U	U
chr22	29243800	29244000	U	U	U	U
chr22	29245000	29245200	B	U	U	U
chr22	29252800	29253000	U	U	U	U
chr22	29254000	29254200	U	U	U	U
chr22	29254600	29254800	U	U	U	U
chr22	29260000	29260200	B	U	U	U
chr22	29263800	29264000	U	U	U	U
chr22	29264000	29264200	U	U	U	U
chr22	29265600	29265800	U	U	U	U
chr22	29270600	29270800	U	U	U	U
chr22	29270800	29271000	U	U	U	U
chr22	29273200	29273400	U	U	U	U
chr22	29275000	29275200	U	U	U	U
chr22	29276400	29276600	U	U	U	U
chr22	29277000	29277200	U	U	U	U
chr22	29277200	29277400	U	U	U	U
chr22	29278000	29278200	U	U	U	U
chr22	29279400	29279600	U	U	U	U
chr22	29279800	29280000	U	U	U	U
chr22	29282400	29282600	U	U	U	U
chr22	29288600	29288800	U	U	U	U
chr22	29288800	29289000	U	U	U	U
chr22	29289000	29289200	U	U	U	U
chr22	29289800	29290000	U	U	U	U
chr22	29290400	29290600	U	U	U	U
chr22	29291400	29291600	U	U	U	U
chr22	29292000	29292200	U	U	U	U
chr22	29292400	29292600	U	U	U	U
chr22	29299200	29299400	U	U	U	U
chr22	29300400	29300600	U	U	U	U
chr22	29302400	29302600	U	U	U	U
chr22	29302600	29302800	U	U	U	U
chr22	29303000	29303200	U	U	U	U
chr22	29308200	29308400	U	U	U	U
chr22	29308600	29308800	U	U	U	U
chr22	29308800	29309000	U	U	U	U
chr22	29310600	29310800	U	U	U	U
chr22	29311000	29311200	B	U	U	U
chr22	29311400	29311600	U	U	U	U
chr22	29311600	29311800	U	U	U	U
chr22	29313600	29313800	U	U	U	U
chr22	29316200	29316400	U	U	U	U
chr22	29317000	29317200	U	U	U	U
chr22	29318000	29318200	U	U	U	U
chr22	29319200	29319400	U	U	U	U
chr22	29326600	29326800	U	U	U	U
chr22	29327000	29327200	U	U	U	U
chr22	29327200	29327400	U	U	U	U
chr22	29328400	29328600	U	U	U	U
chr22	29329200	29329400	U	U	U	U
chr22	29329400	29329600	U	U	U	U
chr22	29329800	29330000	U	U	U	U
chr22	29332400	29332600	U	U	U	U
chr22	29336000	29336200	U	U	U	U
chr22	29340000	29340200	U	U	U	U
chr22	29340800	29341000	U	U	U	U
chr22	29341400	29341600	U	U	U	U
chr22	29350200	29350400	U	U	U	U
chr22	29350400	29350600	U	U	U	U
chr22	29353200	29353400	U	U	U	U
chr22	29356600	29356800	U	U	U	U
chr22	29369000	29369200	U	U	U	U
chr22	29369400	29369600	B	U	U	U
chr22	29376200	29376400	U	U	U	U
chr22	29386800	29387000	U	U	U	U
chr22	29391400	29391600	U	U	U	U
chr22	29401400	29401600	U	U	U	U
chr22	29402400	29402600	U	U	U	U
chr22	29402600	29402800	U	U	U	U
chr22	29402800	29403000	U	U	U	U
chr22	29404400	29404600	U	U	U	U
chr22	29408400	29408600	U	U	U	U
chr22	29409400	29409600	U	U	U	U
chr22	29410000	29410200	U	U	U	U
chr22	29412200	29412400	U	U	U	U
chr22	29412400	29412600	U	U	U	U
chr22	29419200	29419400	U	U	U	U
chr22	29430600	29430800	U	U	U	U
chr22	29430800	29431000	U	U	U	U
chr22	29431000	29431200	U	U	U	U
chr22	29434600	29434800	U	U	U	U
chr22	29436800	29437000	U	U	U	U
chr22	29437000	29437200	U	U	U	U
chr22	29438600	29438800	U	U	U	U
chr22	29440000	29440200	U	U	U	U
chr22	29441600	29441800	U	U	U	U
chr22	29449400	29449600	U	U	U	U
chr22	29454200	29454400	U	U	U	U
chr22	29457200	29457400	U	U	U	U
chr22	29462800	29463000	U	U	U	U
chr22	29478200	29478400	U	U	U	U
chr22	29479400	29479600	U	U	U	U
chr22	29481600	29481800	B	U	B	U
chr22	29491000	29491200	U	U	U	U
chr22	29504000	29504200	B	U	U	U
chr22	29511400	29511600	U	U	U	U
chr22	29512000	29512200	U	U	U	U
chr22	29517000	29517200	U	U	U	U
chr22	29517200	29517400	U	U	U	U
chr22	29517400	29517600	U	U	U	U
chr22	29518800	29519000	U	U	U	U
chr22	29519000	29519200	U	U	U	U
chr22	29527800	29528000	U	U	U	U
chr22	29531200	29531400	U	U	U	U
chr22	29536400	29536600	U	U	U	U
chr22	29542000	29542200	U	U	U	U
chr22	29542200	29542400	U	U	U	U
chr22	29544400	29544600	U	U	U	U
chr22	29548800	29549000	U	U	U	U
chr22	29555000	29555200	U	U	U	U
chr22	29555600	29555800	U	U	U	U
chr22	29561200	29561400	U	U	U	U
chr22	29569000	29569200	B	U	U	U
chr22	29588800	29589000	U	U	U	U
chr22	29594000	29594200	U	U	U	U
chr22	29601600	29601800	U	U	U	U
chr22	29603400	29603600	B	U	U	U
chr22	29603600	29603800	B	U	U	U
chr22	29604400	29604600	U	U	U	U
chr22	29618200	29618400	U	U	U	U
chr22	29626600	29626800	U	U	U	U
chr22	29629400	29629600	U	U	U	U
chr22	29630800	29631000	U	U	U	U
chr22	29635000	29635200	U	U	U	U
chr22	29636600	29636800	U	U	U	U
chr22	29637000	29637200	U	U	U	U
chr22	29638000	29638200	U	U	U	U
chr22	29639400	29639600	U	U	U	U
chr22	29641600	29641800	U	U	U	U
chr22	29646400	29646600	U	U	U	U
chr22	29653800	29654000	U	U	U	U
chr22	29654600	29654800	U	U	U	U
chr22	29655200	29655400	U	U	U	U
chr22	29655400	29655600	U	U	U	U
chr22	29655600	29655800	U	U	U	U
chr22	29658200	29658400	U	U	U	U
chr22	29660000	29660200	U	U	U	U
chr22	29661000	29661200	U	U	U	U
chr22	29662800	29663000	U	U	U	U
chr22	29663400	29663600	U	U	U	U
chr22	29670600	29670800	U	U	U	U
chr22	29670800	29671000	U	U	U	U
chr22	29671000	29671200	U	U	U	U
chr22	29674000	29674200	U	U	U	U
chr22	29678000	29678200	U	U	U	U
chr22	29678200	29678400	U	U	U	U
chr22	29678800	29679000	U	U	U	U
chr22	29682200	29682400	U	U	U	U
chr22	29682600	29682800	U	U	U	U
chr22	29682800	29683000	U	U	U	U
chr22	29683400	29683600	U	U	U	U
chr22	29684400	29684600	U	U	U	U
chr22	29684600	29684800	U	U	U	U
chr22	29684800	29685000	U	U	U	U
chr22	29690200	29690400	U	U	U	U
chr22	29692400	29692600	U	U	U	U
chr22	29693200	29693400	U	U	U	U
chr22	29695800	29696000	U	U	U	U
chr22	29698400	29698600	U	U	U	U
chr22	29698800	29699000	U	U	U	U
chr22	29703000	29703200	U	U	U	U
chr22	29706400	29706600	U	U	U	U
chr22	29706800	29707000	U	U	U	U
chr22	29707600	29707800	U	U	U	U
chr22	29710200	29710400	U	U	U	U
chr22	29713200	29713400	U	U	U	U
chr22	29713400	29713600	U	U	U	U
chr22	29715000	29715200	U	U	U	U
chr22	29720200	29720400	U	U	U	U
chr22	29721800	29722000	U	U	U	U
chr22	29722600	29722800	U	U	U	U
chr22	29723400	29723600	U	U	U	U
chr22	29723800	29724000	U	U	U	U
chr22	29724000	29724200	U	U	U	U
chr22	29729200	29729400	U	U	U	U
chr22	29730400	29730600	U	U	U	U
chr22	29730600	29730800	U	U	U	U
chr22	29730800	29731000	U	U	U	U
chr22	29735600	29735800	U	U	U	U
chr22	29735800	29736000	U	U	U	U
chr22	29740600	29740800	U	U	U	U
chr22	29741000	29741200	U	U	U	U
chr22	29743200	29743400	U	U	U	U
chr22	29748400	29748600	B	U	U	U
chr22	29750800	29751000	U	U	U	U
chr22	29759000	29759200	U	U	U	U
chr22	29767200	29767400	B	U	U	U
chr22	29767800	29768000	U	U	U	U
chr22	29787400	29787600	U	U	U	U
chr22	29788800	29789000	U	U	U	U
chr22	29789000	29789200	U	U	U	U
chr22	29790600	29790800	U	U	U	U
chr22	29792200	29792400	U	U	U	U
chr22	29795800	29796000	U	U	U	U
chr22	29804600	29804800	U	U	U	U
chr22	29806200	29806400	U	U	U	U
chr22	29806400	29806600	U	U	U	U
chr22	29810200	29810400	U	U	U	U
chr22	29812400	29812600	U	U	U	U
chr22	29813400	29813600	U	U	U	U
chr22	29814800	29815000	U	U	U	U
chr22	29816000	29816200	U	U	U	U
chr22	29816400	29816600	U	U	U	U
chr22	29817200	29817400	U	U	U	U
chr22	29821000	29821200	B	U	U	U
chr22	29825600	29825800	U	U	U	U
chr22	29831600	29831800	U	U	U	U
chr22	29842800	29843000	U	U	U	U
chr22	29866200	29866400	U	U	U	U
chr22	29870000	29870200	U	U	U	U
chr22	29871800	29872000	U	U	U	U
chr22	29877800	29878000	U	U	U	U
chr22	29885800	29886000	U	U	U	U
chr22	29892200	29892400	U	U	U	U
chr22	29893400	29893600	U	U	U	U
chr22	29904000	29904200	U	U	U	U
chr22	29907800	29908000	B	U	U	U
chr22	29908400	29908600	B	U	U	U
chr22	29911800	29912000	U	U	U	U
chr22	29931200	29931400	U	U	U	U
chr22	29936600	29936800	U	U	U	U
chr22	29936800	29937000	U	U	U	U
chr22	29937000	29937200	U	U	U	U
chr22	29937200	29937400	U	U	U	U
chr22	29938600	29938800	U	U	U	U
chr22	29944400	29944600	U	U	U	U
chr22	29947800	29948000	U	U	U	U
chr22	29948600	29948800	U	U	U	U
chr22	29949600	29949800	U	U	U	U
chr22	29953600	29953800	U	U	U	U
chr22	29953800	29954000	U	U	U	U
chr22	29954400	29954600	B	U	U	U
chr22	29954600	29954800	U	U	U	U
chr22	29965200	29965400	U	U	U	U
chr22	29971000	29971200	U	U	U	U
chr22	29974000	29974200	U	U	U	U
chr22	29978200	29978400	U	U	U	U
chr22	29980000	29980200	U	U	U	U
chr22	29980400	29980600	U	U	U	U
chr22	29982400	29982600	U	U	U	U
chr22	29982600	29982800	U	U	U	U
chr22	29985800	29986000	U	U	U	U
chr22	29986200	29986400	U	U	U	U
chr22	29986400	29986600	U	U	U	U
chr22	29987400	29987600	U	U	U	U
chr22	29987800	29988000	U	U	U	U
chr22	29995200	29995400	B	U	U	U
chr22	29996400	29996600	U	U	U	U
chr22	30000600	30000800	U	U	U	U
chr22	30001600	30001800	U	U	U	U
chr22	30002000	30002200	U	U	U	U
chr22	30002400	30002600	U	U	U	U
chr22	30007200	30007400	U	U	U	U
chr22	30008200	30008400	U	U	U	U
chr22	30009000	30009200	U	U	U	U
chr22	30013200	30013400	U	U	U	U
chr22	30013400	30013600	U	U	U	U
chr22	30017200	30017400	U	U	U	U
chr22	30017600	30017800	U	U	U	U
chr22	30021200	30021400	U	U	U	U
chr22	30021800	30022000	U	U	U	U
chr22	30022000	30022200	U	U	U	U
chr22	30022800	30023000	U	U	U	U
chr22	30024600	30024800	U	U	U	U
chr22	30025400	30025600	U	U	U	U
chr22	30025800	30026000	U	U	U	U
chr22	30028200	30028400	U	U	U	U
chr22	30028600	30028800	U	U	U	U
chr22	30028800	30029000	U	U	U	U
chr22	30029000	30029200	U	U	U	U
chr22	30029400	30029600	U	U	U	U
chr22	30029800	30030000	U	U	U	U
chr22	30030000	30030200	U	U	U	U
chr22	30036200	30036400	U	U	U	U
chr22	30036400	30036600	U	U	U	U
chr22	30040800	30041000	U	U	U	U
chr22	30041600	30041800	U	U	U	U
chr22	30043200	30043400	U	U	U	U
chr22	30044200	30044400	U	U	U	U
chr22	30046000	30046200	U	U	U	U
chr22	30046400	30046600	U	U	U	U
chr22	30047000	30047200	U	U	U	U
chr22	30049000	30049200	U	U	U	U
chr22	30063000	30063200	U	U	U	U
chr22	30074400	30074600	U	U	U	U
chr22	30075400	30075600	U	U	U	U
chr22	30080400	30080600	U	U	U	U
chr22	30094200	30094400	U	U	U	U
chr22	30098600	30098800	U	U	U	U
chr22	30114400	30114600	U	U	U	U
chr22	30117200	30117400	U	U	U	U
chr22	30120400	30120600	U	U	U	U
chr22	30122000	30122200	U	U	U	U
chr22	30131200	30131400	U	U	U	U
chr22	30131800	30132000	U	U	U	U
chr22	30132800	30133000	U	U	U	U
chr22	30157600	30157800	U	U	U	U
chr22	30160800	30161000	U	U	U	U
chr22	30168200	30168400	U	U	U	U
chr22	30169400	30169600	U	U	U	U
chr22	30170200	30170400	U	U	U	U
chr22	30170400	30170600	U	U	U	U
chr22	30174400	30174600	U	U	U	U
chr22	30174800	30175000	U	U	U	U
chr22	30176000	30176200	U	U	U	U
chr22	30178200	30178400	U	U	U	U
chr22	30178400	30178600	U	U	U	U
chr22	30179600	30179800	U	U	U	U
chr22	30184000	30184200	B	U	U	B
chr22	30184200	30184400	U	U	U	B
chr22	30186600	30186800	U	U	U	U
chr22	30188600	30188800	U	U	U	U
chr22	30190400	30190600	U	U	U	U
chr22	30191400	30191600	U	U	U	U
chr22	30202400	30202600	U	U	U	U
chr22	30204600	30204800	U	U	U	U
chr22	30205800	30206000	B	U	U	U
chr22	30206800	30207000	U	U	U	U
chr22	30207200	30207400	U	U	U	U
chr22	30208400	30208600	B	U	U	U
chr22	30208600	30208800	B	U	U	U
chr22	30221200	30221400	U	U	U	U
chr22	30227000	30227200	U	U	U	U
chr22	30232800	30233000	U	U	U	U
chr22	30234800	30235000	U	U	U	U
chr22	30235800	30236000	U	U	U	U
chr22	30236200	30236400	U	U	U	U
chr22	30237800	30238000	U	U	U	U
chr22	30238000	30238200	U	U	U	U
chr22	30243600	30243800	U	U	U	U
chr22	30243800	30244000	U	U	U	U
chr22	30244600	30244800	U	U	U	U
chr22	30245400	30245600	U	U	U	U
chr22	30247800	30248000	U	U	U	U
chr22	30250600	30250800	U	U	U	U
chr22	30257800	30258000	U	U	U	U
chr22	30258000	30258200	U	U	U	U
chr22	30260200	30260400	U	U	U	U
chr22	30265800	30266000	U	U	U	U
chr22	30267800	30268000	U	U	U	U
chr22	30271000	30271200	U	U	U	U
chr22	30275200	30275400	U	U	U	U
chr22	30275600	30275800	U	U	U	U
chr22	30276000	30276200	U	U	U	U
chr22	30282600	30282800	U	U	U	U
chr22	30282800	30283000	U	U	U	U
chr22	30284600	30284800	U	U	U	U
chr22	30285800	30286000	U	U	U	U
chr22	30286000	30286200	U	U	U	U
chr22	30286200	30286400	U	U	U	U
chr22	30286600	30286800	U	U	U	U
chr22	30287400	30287600	U	U	U	U
chr22	30288200	30288400	B	U	B	U
chr22	30289800	30290000	B	U	U	U
chr22	30293600	30293800	U	U	U	U
chr22	30294800	30295000	U	U	U	U
chr22	30297600	30297800	U	U	U	U
chr22	30299000	30299200	U	U	U	U
chr22	30301200	30301400	U	U	U	U
chr22	30306000	30306200	B	U	U	U
chr22	30309800	30310000	U	U	U	U
chr22	30318400	30318600	U	U	U	U
chr22	30321200	30321400	U	U	U	U
chr22	30321400	30321600	U	U	U	U
chr22	30327000	30327200	B	U	U	U
chr22	30327200	30327400	B	U	U	U
chr22	30332000	30332200	U	U	U	U
chr22	30333000	30333200	B	U	U	U
chr22	30334000	30334200	U	U	U	U
chr22	30334600	30334800	U	U	U	U
chr22	30339000	30339200	U	U	U	U
chr22	30340000	30340200	U	U	U	U
chr22	30342600	30342800	U	U	U	U
chr22	30343600	30343800	U	U	U	U
chr22	30345800	30346000	U	U	U	U
chr22	30357200	30357400	B	U	U	U
chr22	30358400	30358600	U	U	U	U
chr22	30366200	30366400	U	U	U	U
chr22	30375600	30375800	U	U	U	U
chr22	30376800	30377000	U	U	U	U
chr22	30379200	30379400	U	U	U	U
chr22	30380800	30381000	U	U	U	U
chr22	30381200	30381400	U	U	U	U
chr22	30382600	30382800	U	U	U	U
chr22	30383800	30384000	U	U	U	U
chr22	30390200	30390400	U	U	U	U
chr22	30390800	30391000	U	U	U	U
chr22	30393000	30393200	U	U	U	U
chr22	30415800	30416000	U	U	U	U
chr22	30418600	30418800	U	U	U	U
chr22	30422800	30423000	B	U	U	U
chr22	30426800	30427000	U	U	U	U
chr22	30429800	30430000	U	U	U	U
chr22	30443800	30444000	U	U	U	U
chr22	30457800	30458000	U	U	U	U
chr22	30461400	30461600	U	U	U	U
chr22	30464800	30465000	U	U	U	U
chr22	30470000	30470200	U	U	U	U
chr22	30471600	30471800	U	U	U	U
chr22	30473000	30473200	U	U	U	U
chr22	30475000	30475200	U	U	U	U
chr22	30488600	30488800	U	U	U	U
chr22	30489000	30489200	U	U	U	U
chr22	30489800	30490000	U	U	U	U
chr22	30491600	30491800	U	U	U	U
chr22	30492000	30492200	U	U	U	U
chr22	30492200	30492400	U	U	U	U
chr22	30495000	30495200	U	U	U	U
chr22	30495600	30495800	U	U	U	U
chr22	30503800	30504000	U	U	U	U
chr22	30506600	30506800	B	U	U	B
chr22	30519800	30520000	U	U	U	U
chr22	30520000	30520200	U	U	U	U
chr22	30526200	30526400	U	U	U	U
chr22	30529200	30529400	U	U	U	U
chr22	30536200	30536400	U	U	U	U
chr22	30544000	30544200	U	U	U	U
chr22	30546600	30546800	U	U	U	U
chr22	30557200	30557400	U	U	U	U
chr22	30559800	30560000	U	U	U	U
chr22	30565600	30565800	U	U	U	U
chr22	30565800	30566000	U	U	U	U
chr22	30569400	30569600	U	U	U	U
chr22	30571200	30571400	U	U	U	U
chr22	30573600	30573800	U	U	U	U
chr22	30574800	30575000	U	U	U	U
chr22	30575200	30575400	U	U	U	U
chr22	30576000	30576200	U	U	U	U
chr22	30576400	30576600	U	U	U	U
chr22	30585200	30585400	U	U	U	U
chr22	30591600	30591800	B	U	U	U
chr22	30607200	30607400	B	U	U	U
chr22	30609400	30609600	B	U	U	B
chr22	30612800	30613000	U	U	U	U
chr22	30613000	30613200	U	U	U	U
chr22	30615200	30615400	U	U	U	U
chr22	30615800	30616000	U	U	U	U
chr22	30620600	30620800	U	U	U	U
chr22	30623000	30623200	U	U	U	U
chr22	30627000	30627200	U	U	U	U
chr22	30627800	30628000	U	U	U	U
chr22	30634800	30635000	B	U	U	U
chr22	30643200	30643400	U	U	U	U
chr22	30643400	30643600	U	U	U	U
chr22	30644000	30644200	U	U	U	U
chr22	30645000	30645200	U	U	U	U
chr22	30646600	30646800	U	U	U	U
chr22	30649400	30649600	B	U	U	U
chr22	30649800	30650000	B	U	U	U
chr22	30650800	30651000	U	U	U	U
chr22	30663800	30664000	U	U	U	U
chr22	30664800	30665000	U	U	U	U
chr22	30666000	30666200	U	U	U	U
chr22	30670200	30670400	U	U	U	U
chr22	30671200	30671400	U	U	U	U
chr22	30683000	30683200	U	U	U	U
chr22	30694200	30694400	U	U	U	U
chr22	30695000	30695200	B	U	U	U
chr22	30698000	30698200	U	U	U	B
chr22	30700400	30700600	U	U	U	U
chr22	30717800	30718000	U	U	U	U
chr22	30718600	30718800	U	U	U	U
chr22	30718800	30719000	U	U	U	U
chr22	30721800	30722000	U	U	U	U
chr22	30734400	30734600	U	U	U	U
chr22	30739000	30739200	U	U	U	U
chr22	30741200	30741400	U	U	U	U
chr22	30741600	30741800	U	U	U	U
chr22	30744000	30744200	U	U	U	U
chr22	30752000	30752200	U	U	U	U
chr22	30753400	30753600	U	U	U	U
chr22	30753800	30754000	U	U	U	U
chr22	30766600	30766800	U	U	U	U
chr22	30768000	30768200	U	U	U	U
chr22	30771400	30771600	U	U	U	U
chr22	30779600	30779800	U	U	U	U
chr22	30779800	30780000	U	U	U	U
chr22	30783800	30784000	U	U	U	U
chr22	30784000	30784200	U	U	U	U
chr22	30800000	30800200	U	U	U	U
chr22	30800400	30800600	U	U	U	U
chr22	30801200	30801400	U	U	U	U
chr22	30802400	30802600	B	U	U	U
chr22	30809400	30809600	U	U	U	U
chr22	30810200	30810400	U	U	U	U
chr22	30819400	30819600	U	U	U	U
chr22	30822600	30822800	U	U	U	U
chr22	30829800	30830000	U	U	U	U
chr22	30830200	30830400	U	U	U	U
chr22	30837400	30837600	U	U	U	U
chr22	30857400	30857600	U	U	U	U
chr22	30860600	30860800	U	U	U	U
chr22	30860800	30861000	U	U	U	U
chr22	30861600	30861800	U	U	U	U
chr22	30867200	30867400	U	U	U	U
chr22	30868600	30868800	U	U	U	U
chr22	30871400	30871600	U	U	U	U
chr22	30872800	30873000	B	U	U	U
chr22	30876000	30876200	U	U	U	U
chr22	30876400	30876600	U	U	U	U
chr22	30879200	30879400	U	U	U	U
chr22	30880200	30880400	U	U	U	U
chr22	30881000	30881200	B	U	U	U
chr22	30881200	30881400	B	U	U	U
chr22	30884200	30884400	U	U	U	U
chr22	30884800	30885000	U	U	U	U
chr22	30887600	30887800	U	U	U	U
chr22	30889600	30889800	U	U	U	U
chr22	30902400	30902600	U	U	U	U
chr22	30904000	30904200	U	U	U	U
chr22	30905800	30906000	U	U	U	U
chr22	30907400	30907600	U	U	U	U
chr22	30908000	30908200	U	U	U	U
chr22	30924800	30925000	U	U	U	U
chr22	30925000	30925200	U	U	U	U
chr22	30925800	30926000	U	U	U	U
chr22	30926200	30926400	U	U	U	U
chr22	30931600	30931800	U	U	U	U
chr22	30931800	30932000	U	U	U	U
chr22	30934400	30934600	U	U	U	U
chr22	30935400	30935600	U	U	U	U
chr22	30936400	30936600	U	U	U	U
chr22	30936600	30936800	U	U	U	U
chr22	30937600	30937800	U	U	U	U
chr22	30937800	30938000	U	U	U	U
chr22	30939800	30940000	U	U	U	U
chr22	30941200	30941400	U	U	U	U
chr22	30941800	30942000	U	U	U	U
chr22	30947400	30947600	U	U	U	U
chr22	30950600	30950800	U	U	U	U
chr22	30951200	30951400	U	U	U	U
chr22	30951400	30951600	U	U	U	U
chr22	30953200	30953400	U	U	U	U
chr22	30953400	30953600	U	U	U	U
chr22	30956200	30956400	U	U	U	U
chr22	30956400	30956600	U	U	U	U
chr22	30957000	30957200	U	U	U	U
chr22	30958000	30958200	U	U	U	U
chr22	30958800	30959000	U	U	U	U
chr22	30959400	30959600	U	U	U	U
chr22	30961400	30961600	U	U	U	U
chr22	30964600	30964800	U	U	U	U
chr22	30972400	30972600	U	U	U	U
chr22	30976600	30976800	U	U	U	U
chr22	30976800	30977000	U	U	U	U
chr22	30977000	30977200	U	U	U	U
chr22	30987400	30987600	U	U	U	U
chr22	30989200	30989400	U	U	U	U
chr22	30989600	30989800	U	U	U	U
chr22	30990600	30990800	U	U	U	U
chr22	30996800	30997000	U	U	U	U
chr22	31014200	31014400	U	U	U	U
chr22	31055600	31055800	U	U	U	U
chr22	31081000	31081200	B	U	U	U
chr22	31086000	31086200	U	U	U	U
chr22	31087200	31087400	U	U	U	U
chr22	31091200	31091400	U	U	U	U
chr22	31091600	31091800	U	U	U	U
chr22	31092400	31092600	U	U	U	U
chr22	31095800	31096000	U	U	U	U
chr22	31096200	31096400	U	U	U	U
chr22	31099600	31099800	U	U	U	U
chr22	31103800	31104000	U	U	U	U
chr22	31104800	31105000	U	U	U	U
chr22	31106000	31106200	U	U	U	U
chr22	31123600	31123800	U	U	U	U
chr22	31124400	31124600	U	U	U	U
chr22	31126200	31126400	U	U	U	U
chr22	31127000	31127200	B	U	U	U
chr22	31127600	31127800	B	U	U	U
chr22	31128000	31128200	B	U	U	U
chr22	31134400	31134600	U	U	U	U
chr22	31137600	31137800	U	U	U	U
chr22	31139000	31139200	U	U	U	U
chr22	31140600	31140800	B	U	U	U
chr22	31155600	31155800	U	U	U	U
chr22	31173200	31173400	U	U	U	U
chr22	31177000	31177200	U	U	U	U
chr22	31179200	31179400	U	U	U	U
chr22	31187000	31187200	U	U	U	U
chr22	31188000	31188200	U	U	U	U
chr22	31192400	31192600	U	U	U	U
chr22	31192600	31192800	U	U	U	U
chr22	31194200	31194400	U	U	U	U
chr22	31195800	31196000	U	U	U	U
chr22	31196200	31196400	U	U	U	U
chr22	31199600	31199800	U	U	U	U
chr22	31202000	31202200	U	U	U	U
chr22	31202200	31202400	U	U	U	U
chr22	31206200	31206400	U	U	U	U
chr22	31206400	31206600	U	U	U	U
chr22	31206600	31206800	U	U	U	U
chr22	31207600	31207800	U	U	U	U
chr22	31212600	31212800	B	U	U	U
chr22	31212800	31213000	U	U	U	U
chr22	31220000	31220200	U	U	U	U
chr22	31220200	31220400	U	U	U	U
chr22	31221000	31221200	U	U	U	U
chr22	31223000	31223200	U	U	U	U
chr22	31225800	31226000	U	U	U	U
chr22	31238400	31238600	U	U	U	U
chr22	31247200	31247400	U	U	U	U
chr22	31248600	31248800	B	U	U	U
chr22	31250000	31250200	U	U	U	U
chr22	31250200	31250400	U	U	U	U
chr22	31254200	31254400	U	U	U	U
chr22	31258800	31259000	U	U	U	U
chr22	31265800	31266000	U	U	U	U
chr22	31266000	31266200	U	U	U	U
chr22	31266600	31266800	U	U	U	U
chr22	31267000	31267200	U	U	U	U
chr22	31276400	31276600	U	U	U	U
chr22	31276800	31277000	U	U	U	U
chr22	31277200	31277400	U	U	U	U
chr22	31279200	31279400	U	U	U	U
chr22	31279400	31279600	U	U	U	U
chr22	31280800	31281000	U	U	U	U
chr22	31281600	31281800	U	U	U	U
chr22	31283000	31283200	U	U	U	U
chr22	31284800	31285000	U	U	U	U
chr22	31285000	31285200	U	U	U	U
chr22	31291200	31291400	B	U	U	U
chr22	31296000	31296200	U	U	U	B
chr22	31296600	31296800	U	U	U	U
chr22	31308200	31308400	U	U	U	U
chr22	31321200	31321400	U	U	U	U
chr22	31324200	31324400	U	U	U	U
chr22	31325800	31326000	U	U	U	U
chr22	31329600	31329800	U	U	U	U
chr22	31332200	31332400	U	U	U	U
chr22	31332400	31332600	U	U	U	U
chr22	31333600	31333800	U	U	U	U
chr22	31333800	31334000	U	U	U	U
chr22	31334400	31334600	U	U	U	U
chr22	31335400	31335600	U	U	U	U
chr22	31336200	31336400	U	U	U	U
chr22	31338400	31338600	U	U	U	U
chr22	31340000	31340200	U	U	U	U
chr22	31340600	31340800	U	U	U	U
chr22	31340800	31341000	U	U	U	U
chr22	31341200	31341400	U	U	U	U
chr22	31342400	31342600	U	U	U	U
chr22	31344400	31344600	U	U	U	U
chr22	31346400	31346600	B	U	U	U
chr22	31370000	31370200	U	U	U	U
chr22	31393000	31393200	U	U	U	U
chr22	31398200	31398400	U	U	U	U
chr22	31403000	31403200	U	U	U	U
chr22	31404000	31404200	U	U	U	U
chr22	31431800	31432000	U	U	U	U
chr22	31433800	31434000	U	U	U	U
chr22	31434000	31434200	U	U	U	U
chr22	31434200	31434400	U	U	U	U
chr22	31437400	31437600	U	U	U	U
chr22	31437600	31437800	U	U	U	U
chr22	31439400	31439600	U	U	U	U
chr22	31440000	31440200	U	U	U	U
chr22	31442000	31442200	U	U	U	U
chr22	31444600	31444800	U	U	U	U
chr22	31454000	31454200	U	U	U	U
chr22	31457400	31457600	U	U	U	U
chr22	31459600	31459800	U	U	U	U
chr22	31463000	31463200	U	U	U	U
chr22	31467200	31467400	U	U	U	U
chr22	31468000	31468200	U	U	U	U
chr22	31471800	31472000	U	U	U	U
chr22	31472000	31472200	U	U	U	U
chr22	31474800	31475000	U	U	U	U
chr22	31475000	31475200	U	U	U	U
chr22	31476000	31476200	U	U	U	U
chr22	31481600	31481800	U	U	U	U
chr22	31485000	31485200	U	U	U	U
chr22	31489600	31489800	B	U	U	U
chr22	31489800	31490000	B	U	U	U
chr22	31490800	31491000	B	U	U	U
chr22	31494800	31495000	U	U	U	U
chr22	31495800	31496000	B	U	U	U
chr22	31496600	31496800	B	U	U	U
chr22	31508200	31508400	U	U	U	U
chr22	31508400	31508600	U	U	U	U
chr22	31523200	31523400	U	U	U	U
chr22	31546800	31547000	U	U	U	U
chr22	31561800	31562000	U	U	U	U
chr22	31575200	31575400	U	U	U	U
chr22	31578200	31578400	U	U	U	U
chr22	31585000	31585200	B	U	U	B
chr22	31595600	31595800	U	U	U	U
chr22	31602200	31602400	U	U	U	U
chr22	31603800	31604000	B	U	U	U
chr22	31604400	31604600	U	U	U	U
chr22	31604600	31604800	U	U	U	U
chr22	31605000	31605200	U	U	B	U
chr22	31605200	31605400	U	U	B	U
chr22	31609800	31610000	U	U	U	U
chr22	31616400	31616600	U	U	U	U
chr22	31620200	31620400	U	U	U	U
chr22	31620400	31620600	U	U	U	U
chr22	31621400	31621600	U	U	U	U
chr22	31622800	31623000	U	U	U	U
chr22	31623000	31623200	U	U	U	U
chr22	31624200	31624400	U	U	U	U
chr22	31625800	31626000	B	U	U	U
chr22	31628400	31628600	U	U	U	U
chr22	31633000	31633200	U	U	U	U
chr22	31634200	31634400	U	U	U	U
chr22	31637600	31637800	U	U	U	U
chr22	31646800	31647000	U	U	U	U
chr22	31659200	31659400	U	U	U	U
chr22	31663400	31663600	U	U	U	U
chr22	31683000	31683200	U	U	U	U
chr22	31683200	31683400	U	U	U	U
chr22	31684400	31684600	U	U	U	U
chr22	31686800	31687000	U	U	U	U
chr22	31703400	31703600	U	U	U	U
chr22	31715400	31715600	U	U	U	U
chr22	31715800	31716000	U	U	U	U
chr22	31716000	31716200	U	U	U	U
chr22	31716200	31716400	U	U	U	U
chr22	31716400	31716600	U	U	U	U
chr22	31716800	31717000	U	U	U	U
chr22	31717000	31717200	U	U	U	U
chr22	31725400	31725600	U	U	U	U
chr22	31726800	31727000	U	U	U	U
chr22	31738200	31738400	U	U	U	U
chr22	31748200	31748400	U	U	U	U
chr22	31748800	31749000	U	U	U	U
chr22	31753200	31753400	B	U	U	U
chr22	31754800	31755000	U	U	U	U
chr22	31768400	31768600	U	U	U	U
chr22	31778600	31778800	U	U	U	U
chr22	31790400	31790600	U	U	U	U
chr22	31800400	31800600	U	U	U	U
chr22	31803800	31804000	U	U	U	U
chr22	31814800	31815000	U	U	U	U
chr22	31826600	31826800	U	U	U	U
chr22	31830400	31830600	U	U	U	U
chr22	31833200	31833400	U	U	U	U
chr22	31834000	31834200	U	U	U	U
chr22	31835800	31836000	U	U	U	U
chr22	31836600	31836800	U	U	U	U
chr22	31843000	31843200	U	U	U	U
chr22	31843200	31843400	U	U	U	U
chr22	31845000	31845200	U	U	U	U
chr22	31845200	31845400	U	U	U	U
chr22	31853000	31853200	U	U	U	U
chr22	31857400	31857600	B	U	U	U
chr22	31860000	31860200	U	U	U	U
chr22	31869800	31870000	U	U	U	U
chr22	31870200	31870400	U	U	U	U
chr22	31871200	31871400	U	U	U	U
chr22	31873200	31873400	U	U	U	U
chr22	31879800	31880000	U	U	U	U
chr22	31896400	31896600	B	U	U	B
chr22	31901800	31902000	B	U	U	B
chr22	31909200	31909400	U	U	U	U
chr22	31912600	31912800	U	U	U	U
chr22	31917400	31917600	U	U	U	U
chr22	31917600	31917800	U	U	U	U
chr22	31919000	31919200	U	U	U	U
chr22	31923400	31923600	U	U	U	U
chr22	31927400	31927600	U	U	U	U
chr22	31934000	31934200	U	U	U	U
chr22	31937400	31937600	B	U	U	U
chr22	31940800	31941000	U	U	U	U
chr22	31945400	31945600	U	U	U	U
chr22	31946600	31946800	U	U	B	U
chr22	31950600	31950800	U	U	U	U
chr22	31951400	31951600	U	U	U	U
chr22	31953800	31954000	U	U	U	U
chr22	31955800	31956000	U	U	U	U
chr22	31957800	31958000	U	U	U	U
chr22	31964200	31964400	U	U	U	U
chr22	31973400	31973600	U	U	U	U
chr22	31978400	31978600	U	U	U	U
chr22	31990400	31990600	U	U	U	U
chr22	31991000	31991200	U	U	U	U
chr22	31991200	31991400	U	U	U	U
chr22	32020400	32020600	U	U	U	U
chr22	32031800	32032000	U	U	U	U
chr22	32032600	32032800	U	U	U	U
chr22	32039600	32039800	U	U	U	U
chr22	32040800	32041000	U	U	U	U
chr22	32041800	32042000	U	U	U	U
chr22	32042000	32042200	U	U	U	U
chr22	32046800	32047000	U	U	U	U
chr22	32048400	32048600	U	U	U	U
chr22	32050800	32051000	B	U	U	U
chr22	32052800	32053000	U	U	U	U
chr22	32053000	32053200	U	U	U	U
chr22	32055400	32055600	U	U	U	U
chr22	32066600	32066800	U	U	U	U
chr22	32067800	32068000	U	U	U	U
chr22	32074000	32074200	U	U	U	U
chr22	32074400	32074600	U	U	U	U
chr22	32076600	32076800	U	U	U	U
chr22	32080200	32080400	U	U	U	U
chr22	32082400	32082600	U	U	U	U
chr22	32084400	32084600	U	U	U	U
chr22	32084800	32085000	U	U	U	U
chr22	32104600	32104800	U	U	U	U
chr22	32109600	32109800	U	U	U	U
chr22	32109800	32110000	U	U	U	U
chr22	32110400	32110600	U	U	U	U
chr22	32113600	32113800	U	U	U	U
chr22	32114600	32114800	U	U	U	U
chr22	32114800	32115000	U	U	U	U
chr22	32119400	32119600	U	U	U	U
chr22	32120200	32120400	U	U	U	U
chr22	32125600	32125800	U	U	U	U
chr22	32129200	32129400	U	U	U	U
chr22	32129400	32129600	U	U	U	U
chr22	32134000	32134200	U	U	U	U
chr22	32136000	32136200	U	U	U	U
chr22	32136800	32137000	U	U	U	U
chr22	32141200	32141400	B	U	U	U
chr22	32142200	32142400	U	U	U	U
chr22	32143400	32143600	U	U	U	U
chr22	32149800	32150000	U	U	U	U
chr22	32154200	32154400	U	U	U	U
chr22	32157800	32158000	U	U	U	U
chr22	32159000	32159200	U	U	U	U
chr22	32159200	32159400	U	U	U	U
chr22	32159400	32159600	U	U	U	U
chr22	32159600	32159800	U	U	U	U
chr22	32163800	32164000	U	U	U	U
chr22	32176200	32176400	U	U	U	U
chr22	32182200	32182400	U	U	U	U
chr22	32183600	32183800	U	U	U	U
chr22	32185800	32186000	U	U	U	U
chr22	32186000	32186200	U	U	U	U
chr22	32190600	32190800	U	U	U	U
chr22	32192200	32192400	U	U	U	U
chr22	32194400	32194600	U	U	U	U
chr22	32195000	32195200	U	U	U	U
chr22	32198400	32198600	U	U	U	U
chr22	32206600	32206800	B	U	U	U
chr22	32220800	32221000	U	U	U	U
chr22	32222600	32222800	U	U	U	U
chr22	32225800	32226000	U	U	U	U
chr22	32228600	32228800	U	U	U	U
chr22	32228800	32229000	U	U	U	U
chr22	32235400	32235600	U	U	U	U
chr22	32237400	32237600	U	U	U	U
chr22	32246000	32246200	U	U	U	U
chr22	32247200	32247400	U	U	U	U
chr22	32260000	32260200	U	U	U	U
chr22	32266000	32266200	U	U	U	U
chr22	32270000	32270200	U	U	U	U
chr22	32272000	32272200	U	U	U	U
chr22	32274600	32274800	U	U	U	U
chr22	32278400	32278600	U	U	U	U
chr22	32278600	32278800	U	U	U	U
chr22	32307000	32307200	U	U	U	U
chr22	32309400	32309600	U	U	U	U
chr22	32324800	32325000	U	U	U	U
chr22	32329000	32329200	U	U	U	U
chr22	32332600	32332800	U	U	U	U
chr22	32339000	32339200	U	U	U	U
chr22	32344600	32344800	U	U	U	U
chr22	32345000	32345200	U	U	U	U
chr22	32345600	32345800	U	U	U	U
chr22	32345800	32346000	U	U	U	U
chr22	32356800	32357000	U	U	U	U
chr22	32358000	32358200	U	U	U	U
chr22	32359400	32359600	U	U	U	U
chr22	32360000	32360200	U	U	U	U
chr22	32360200	32360400	U	U	U	U
chr22	32363200	32363400	U	U	U	U
chr22	32363400	32363600	U	U	U	U
chr22	32363600	32363800	U	U	U	U
chr22	32364000	32364200	U	U	U	U
chr22	32367200	32367400	U	U	U	U
chr22	32368800	32369000	U	U	U	U
chr22	32369600	32369800	U	U	U	U
chr22	32369800	32370000	U	U	U	U
chr22	32372800	32373000	U	U	U	U
chr22	32373400	32373600	U	U	U	U
chr22	32376400	32376600	U	U	U	U
chr22	32377400	32377600	U	U	U	U
chr22	32386600	32386800	U	U	U	U
chr22	32395200	32395400	U	U	U	U
chr22	32396400	32396600	U	U	U	U
chr22	32399800	32400000	U	U	U	U
chr22	32406800	32407000	U	U	U	U
chr22	32409200	32409400	U	U	U	U
chr22	32411200	32411400	B	U	U	U
chr22	32412600	32412800	B	U	U	U
chr22	32415800	32416000	U	U	U	U
chr22	32419200	32419400	U	U	U	U
chr22	32427200	32427400	U	U	U	U
chr22	32431400	32431600	U	U	U	U
chr22	32434800	32435000	U	U	U	U
chr22	32436800	32437000	U	U	U	U
chr22	32438800	32439000	U	U	U	U
chr22	32442400	32442600	U	U	U	U
chr22	32464400	32464600	U	U	U	U
chr22	32481600	32481800	U	U	U	U
chr22	32481800	32482000	U	U	U	U
chr22	32485200	32485400	U	U	U	U
chr22	32487000	32487200	U	U	U	U
chr22	32487400	32487600	U	U	U	U
chr22	32487800	32488000	U	U	U	U
chr22	32491000	32491200	U	U	U	U
chr22	32493000	32493200	U	U	U	U
chr22	32494800	32495000	U	U	U	U
chr22	32498400	32498600	U	U	U	U
chr22	32499800	32500000	U	U	U	U
chr22	32510600	32510800	U	U	U	U
chr22	32512000	32512200	U	U	U	U
chr22	32522000	32522200	U	U	U	U
chr22	32534200	32534400	U	U	U	U
chr22	32534400	32534600	U	U	U	U
chr22	32535600	32535800	U	U	U	U
chr22	32541000	32541200	U	U	U	U
chr22	32541400	32541600	U	U	U	U
chr22	32553400	32553600	U	U	U	U
chr22	32568800	32569000	U	U	U	U
chr22	32583000	32583200	U	U	U	U
chr22	32598000	32598200	U	U	U	U
chr22	32603800	32604000	U	U	U	U
chr22	32605200	32605400	U	U	U	U
chr22	32607800	32608000	U	U	U	U
chr22	32614400	32614600	U	U	U	U
chr22	32618400	32618600	U	U	U	U
chr22	32618600	32618800	U	U	U	U
chr22	32619400	32619600	U	U	U	U
chr22	32621200	32621400	U	U	U	U
chr22	32622400	32622600	U	U	U	U
chr22	32624400	32624600	U	U	U	U
chr22	32626200	32626400	U	U	U	U
chr22	32634400	32634600	U	U	U	U
chr22	32635400	32635600	U	U	U	U
chr22	32644600	32644800	U	U	U	U
chr22	32645000	32645200	U	U	U	U
chr22	32647000	32647200	U	U	U	U
chr22	32649800	32650000	B	U	U	B
chr22	32653200	32653400	U	U	U	U
chr22	32654200	32654400	U	U	U	U
chr22	32654800	32655000	U	U	U	U
chr22	32657600	32657800	U	U	U	U
chr22	32659600	32659800	U	U	U	U
chr22	32660600	32660800	B	U	U	U
chr22	32660800	32661000	U	U	U	U
chr22	32661200	32661400	U	U	U	U
chr22	32671200	32671400	U	U	U	U
chr22	32673800	32674000	U	U	U	U
chr22	32675800	32676000	U	U	U	U
chr22	32678200	32678400	U	U	U	U
chr22	32680800	32681000	U	U	U	U
chr22	32682600	32682800	U	U	U	U
chr22	32682800	32683000	U	U	U	U
chr22	32691000	32691200	U	U	U	U
chr22	32697000	32697200	U	U	U	U
chr22	32699000	32699200	U	U	U	U
chr22	32702800	32703000	U	U	U	U
chr22	32707200	32707400	U	U	U	U
chr22	32709000	32709200	U	U	U	U
chr22	32709200	32709400	U	U	U	U
chr22	32711400	32711600	U	U	U	U
chr22	32714000	32714200	U	U	U	U
chr22	32717400	32717600	U	U	U	U
chr22	32720800	32721000	U	U	U	U
chr22	32721000	32721200	U	U	U	U
chr22	32725200	32725400	U	U	U	U
chr22	32733800	32734000	U	U	U	U
chr22	32734200	32734400	U	U	U	U
chr22	32734600	32734800	U	U	U	U
chr22	32735800	32736000	U	U	U	U
chr22	32738200	32738400	U	U	U	U
chr22	32745600	32745800	U	U	U	U
chr22	32752800	32753000	U	U	U	U
chr22	32754800	32755000	U	U	U	U
chr22	32760800	32761000	U	U	U	U
chr22	32761400	32761600	U	U	U	U
chr22	32764800	32765000	U	U	U	U
chr22	32767000	32767200	U	U	U	U
chr22	32805200	32805400	U	U	U	U
chr22	32810400	32810600	U	U	U	U
chr22	32816400	32816600	U	U	U	U
chr22	32817400	32817600	U	U	U	U
chr22	32829000	32829200	U	U	U	U
chr22	32829400	32829600	U	U	U	U
chr22	32829800	32830000	U	U	U	U
chr22	32830000	32830200	U	U	U	U
chr22	32830600	32830800	U	U	U	U
chr22	32831800	32832000	U	U	U	U
chr22	32836800	32837000	U	U	U	U
chr22	32837000	32837200	U	U	U	U
chr22	32837600	32837800	U	U	U	U
chr22	32839600	32839800	U	U	U	U
chr22	32839800	32840000	U	U	U	U
chr22	32840400	32840600	U	U	U	U
chr22	32840600	32840800	U	U	U	U
chr22	32842800	32843000	U	U	U	U
chr22	32843800	32844000	U	U	U	U
chr22	32844000	32844200	U	U	U	U
chr22	32844400	32844600	U	U	U	U
chr22	32852600	32852800	B	U	U	U
chr22	32854200	32854400	U	U	U	U
chr22	32858200	32858400	U	U	U	U
chr22	32862000	32862200	U	U	U	U
chr22	32863200	32863400	U	U	U	U
chr22	32863400	32863600	U	U	U	U
chr22	32865000	32865200	U	U	U	U
chr22	32871000	32871200	U	U	U	U
chr22	32874800	32875000	U	U	U	U
chr22	32875000	32875200	U	U	U	U
chr22	32880800	32881000	B	U	U	U
chr22	32881200	32881400	B	U	B	B
chr22	32889000	32889200	U	U	U	U
chr22	32889200	32889400	U	U	U	U
chr22	32889600	32889800	U	U	U	U
chr22	32899400	32899600	U	U	U	U
chr22	32902200	32902400	U	U	U	U
chr22	32903600	32903800	U	U	U	U
chr22	32903800	32904000	U	U	U	U
chr22	32905800	32906000	U	U	U	U
chr22	32911600	32911800	U	U	U	U
chr22	32933800	32934000	U	U	U	U
chr22	32934200	32934400	U	U	U	U
chr22	32934400	32934600	U	U	U	U
chr22	32941200	32941400	U	U	U	U
chr22	32950200	32950400	U	U	U	U
chr22	32954400	32954600	U	U	U	U
chr22	32955000	32955200	U	U	U	U
chr22	32957800	32958000	U	U	U	U
chr22	32958000	32958200	U	U	U	U
chr22	32958200	32958400	U	U	U	U
chr22	32969000	32969200	U	U	U	U
chr22	32982000	32982200	U	U	U	U
chr22	32983000	32983200	U	U	U	U
chr22	32983200	32983400	U	U	U	U
chr22	32987200	32987400	U	U	U	U
chr22	32987400	32987600	U	U	U	U
chr22	32991800	32992000	U	U	U	U
chr22	32998200	32998400	U	U	U	U
chr22	33020000	33020200	U	U	U	U
chr22	33030200	33030400	U	U	U	U
chr22	33038000	33038200	U	U	U	U
chr22	33038400	33038600	U	U	U	U
chr22	33057000	33057200	U	U	U	U
chr22	33057600	33057800	U	U	U	U
chr22	33058000	33058200	B	U	U	U
chr22	33061600	33061800	U	U	U	U
chr22	33070600	33070800	U	U	U	U
chr22	33073000	33073200	U	U	U	U
chr22	33073800	33074000	U	U	U	U
chr22	33077600	33077800	U	U	U	U
chr22	33078000	33078200	U	U	U	U
chr22	33082400	33082600	U	U	U	U
chr22	33088400	33088600	U	U	U	U
chr22	33095800	33096000	U	U	U	U
chr22	33108000	33108200	U	U	U	U
chr22	33127600	33127800	U	U	U	U
chr22	33136800	33137000	U	U	U	U
chr22	33164200	33164400	U	U	U	U
chr22	33167200	33167400	U	U	U	U
chr22	33169200	33169400	U	U	U	U
chr22	33188600	33188800	U	U	U	U
chr22	33188800	33189000	U	U	U	U
chr22	33189000	33189200	U	U	U	U
chr22	33189600	33189800	U	U	U	U
chr22	33189800	33190000	U	U	U	U
chr22	33190600	33190800	U	U	U	U
chr22	33192000	33192200	U	U	U	U
chr22	33202600	33202800	U	U	U	U
chr22	33207000	33207200	U	U	U	U
chr22	33220000	33220200	U	U	U	U
chr22	33220600	33220800	U	U	U	U
chr22	33221200	33221400	U	U	U	U
chr22	33223600	33223800	U	U	U	U
chr22	33230600	33230800	U	U	U	U
chr22	33230800	33231000	U	U	U	U
chr22	33232800	33233000	U	U	U	U
chr22	33233000	33233200	U	U	U	U
chr22	33242400	33242600	U	U	U	U
chr22	33259600	33259800	U	U	U	U
chr22	33261800	33262000	U	U	U	U
chr22	33267600	33267800	U	U	U	U
chr22	33272800	33273000	U	U	U	U
chr22	33273000	33273200	U	U	U	U
chr22	33273200	33273400	U	U	U	U
chr22	33274000	33274200	U	U	U	U
chr22	33275800	33276000	U	U	U	U
chr22	33279200	33279400	U	U	U	U
chr22	33281200	33281400	U	U	U	U
chr22	33283200	33283400	U	U	U	U
chr22	33285800	33286000	U	U	U	U
chr22	33294000	33294200	U	U	U	U
chr22	33295200	33295400	U	U	U	U
chr22	33300000	33300200	U	U	U	U
chr22	33304200	33304400	U	U	U	U
chr22	33306200	33306400	U	U	U	U
chr22	33315400	33315600	U	U	U	U
chr22	33316200	33316400	U	U	U	U
chr22	33318800	33319000	U	U	U	U
chr22	33324400	33324600	U	U	U	U
chr22	33326000	33326200	U	U	U	U
chr22	33337200	33337400	U	U	U	U
chr22	33337600	33337800	U	U	U	U
chr22	33339400	33339600	U	U	U	U
chr22	33345400	33345600	U	U	U	U
chr22	33345600	33345800	U	U	U	U
chr22	33345800	33346000	U	U	U	U
chr22	33350400	33350600	U	U	U	U
chr22	33351200	33351400	U	U	U	U
chr22	33355000	33355200	U	U	U	U
chr22	33356000	33356200	U	U	U	U
chr22	33358200	33358400	U	U	U	U
chr22	33382000	33382200	U	U	U	U
chr22	33383600	33383800	U	U	U	U
chr22	33385600	33385800	U	U	U	U
chr22	33393000	33393200	U	U	U	U
chr22	33393400	33393600	U	U	U	U
chr22	33396000	33396200	U	U	U	U
chr22	33404800	33405000	U	U	U	U
chr22	33415400	33415600	U	U	U	U
chr22	33415800	33416000	U	U	U	U
chr22	33426800	33427000	U	U	U	U
chr22	33427200	33427400	U	U	U	U
chr22	33431000	33431200	U	U	U	U
chr22	33437600	33437800	U	U	U	U
chr22	33467800	33468000	U	U	U	U
chr22	33471400	33471600	U	U	U	U
chr22	33482000	33482200	U	U	U	U
chr22	33482800	33483000	U	U	U	U
chr22	33488600	33488800	U	U	U	U
chr22	33490600	33490800	U	U	U	U
chr22	33492000	33492200	U	U	U	U
chr22	33497600	33497800	U	U	U	U
chr22	33501200	33501400	U	U	U	U
chr22	33504800	33505000	U	U	U	U
chr22	33505200	33505400	U	U	U	U
chr22	33505800	33506000	U	U	U	U
chr22	33508000	33508200	U	U	U	U
chr22	33511400	33511600	U	U	U	U
chr22	33513000	33513200	U	U	U	U
chr22	33515800	33516000	U	U	U	U
chr22	33519600	33519800	U	U	U	U
chr22	33532800	33533000	U	U	U	U
chr22	33539200	33539400	U	U	U	U
chr22	33548800	33549000	U	U	U	U
chr22	33554600	33554800	U	U	U	U
chr22	33557200	33557400	U	U	U	U
chr22	33562000	33562200	U	U	U	U
chr22	33562200	33562400	U	U	U	U
chr22	33564000	33564200	U	U	U	U
chr22	33564800	33565000	U	U	U	U
chr22	33571200	33571400	U	U	U	U
chr22	33571400	33571600	U	U	U	U
chr22	33575600	33575800	U	U	U	U
chr22	33580400	33580600	U	U	U	U
chr22	33584200	33584400	U	U	U	U
chr22	33585600	33585800	U	U	U	U
chr22	33586000	33586200	U	U	U	U
chr22	33587600	33587800	U	U	U	U
chr22	33588000	33588200	U	U	U	U
chr22	33588200	33588400	U	U	U	U
chr22	33597400	33597600	U	U	U	U
chr22	33597600	33597800	U	U	U	U
chr22	33601800	33602000	U	U	U	U
chr22	33602000	33602200	U	U	U	U
chr22	33604600	33604800	U	U	U	U
chr22	33605000	33605200	U	U	U	U
chr22	33607800	33608000	U	U	U	U
chr22	33608000	33608200	U	U	U	U
chr22	33612800	33613000	U	U	U	U
chr22	33614800	33615000	U	U	U	U
chr22	33620400	33620600	U	U	U	U
chr22	33622800	33623000	U	U	U	U
chr22	33624800	33625000	U	U	U	U
chr22	33627600	33627800	U	U	U	U
chr22	33633000	33633200	U	U	U	U
chr22	33633200	33633400	U	U	U	U
chr22	33637200	33637400	U	U	U	U
chr22	33638000	33638200	U	U	U	U
chr22	33652600	33652800	U	U	U	U
chr22	33653000	33653200	U	U	U	U
chr22	33659800	33660000	U	U	U	U
chr22	33660400	33660600	U	U	U	U
chr22	33661000	33661200	U	U	U	U
chr22	33663400	33663600	U	U	U	U
chr22	33664000	33664200	U	U	U	U
chr22	33667000	33667200	U	U	U	U
chr22	33669400	33669600	U	U	U	U
chr22	33669600	33669800	U	U	U	U
chr22	33671400	33671600	U	U	U	U
chr22	33676000	33676200	U	U	U	U
chr22	33678000	33678200	U	U	U	U
chr22	33678200	33678400	U	U	U	U
chr22	33678400	33678600	U	U	U	U
chr22	33680600	33680800	U	U	U	U
chr22	33682600	33682800	U	U	U	U
chr22	33684400	33684600	U	U	U	U
chr22	33685200	33685400	U	U	U	U
chr22	33690600	33690800	U	U	U	U
chr22	33690800	33691000	U	U	U	U
chr22	33691600	33691800	U	U	U	U
chr22	33705200	33705400	U	U	U	U
chr22	33706200	33706400	U	U	U	U
chr22	33707800	33708000	U	U	U	U
chr22	33711400	33711600	U	U	U	U
chr22	33713000	33713200	U	U	U	U
chr22	33714600	33714800	U	U	U	U
chr22	33714800	33715000	U	U	U	U
chr22	33717600	33717800	U	U	U	U
chr22	33717800	33718000	U	U	U	U
chr22	33718400	33718600	U	U	U	U
chr22	33721400	33721600	U	U	U	U
chr22	33722800	33723000	U	U	U	U
chr22	33723400	33723600	U	U	U	U
chr22	33724000	33724200	U	U	U	U
chr22	33734600	33734800	U	U	U	U
chr22	33737800	33738000	U	U	U	U
chr22	33740800	33741000	U	U	U	U
chr22	33741200	33741400	U	U	U	U
chr22	33741400	33741600	U	U	U	U
chr22	33745800	33746000	U	U	U	U
chr22	33750800	33751000	U	U	U	U
chr22	33755000	33755200	U	U	U	U
chr22	33762600	33762800	U	U	U	U
chr22	33763200	33763400	U	U	U	U
chr22	33780800	33781000	U	U	U	U
chr22	33798600	33798800	U	U	U	U
chr22	33813800	33814000	U	U	U	U
chr22	33814000	33814200	U	U	U	U
chr22	33815400	33815600	U	U	U	U
chr22	33818600	33818800	U	U	U	U
chr22	33822000	33822200	U	U	U	U
chr22	33828200	33828400	U	U	U	U
chr22	33832200	33832400	U	U	U	U
chr22	33843600	33843800	U	U	U	U
chr22	33844400	33844600	U	U	U	U
chr22	33847600	33847800	U	U	U	U
chr22	33848400	33848600	U	U	U	U
chr22	33850600	33850800	U	U	U	U
chr22	33852200	33852400	U	U	U	U
chr22	33856400	33856600	U	U	U	U
chr22	33869400	33869600	U	U	U	U
chr22	33874200	33874400	U	U	U	U
chr22	33874400	33874600	U	U	U	U
chr22	33875200	33875400	U	U	U	U
chr22	33875800	33876000	U	U	U	U
chr22	33881400	33881600	U	U	U	U
chr22	33890600	33890800	U	U	U	U
chr22	33892800	33893000	U	U	U	U
chr22	33894000	33894200	U	U	U	U
chr22	33895000	33895200	U	U	U	U
chr22	33897200	33897400	U	U	U	U
chr22	33897400	33897600	U	U	U	U
chr22	33897800	33898000	U	U	U	U
chr22	33898800	33899000	U	U	U	U
chr22	33899000	33899200	U	U	U	U
chr22	33899800	33900000	U	U	U	U
chr22	33900000	33900200	U	U	U	U
chr22	33902400	33902600	U	U	U	U
chr22	33908600	33908800	U	U	U	U
chr22	33908800	33909000	U	U	U	U
chr22	33910000	33910200	U	U	U	U
chr22	33911400	33911600	U	U	U	U
chr22	33912000	33912200	U	U	U	U
chr22	33917200	33917400	U	U	U	U
chr22	33917400	33917600	U	U	U	U
chr22	33917600	33917800	U	U	U	U
chr22	33918200	33918400	U	U	U	U
chr22	33919400	33919600	U	U	U	U
chr22	33920800	33921000	B	U	B	U
chr22	33921200	33921400	B	U	B	U
chr22	33921800	33922000	U	U	U	U
chr22	33922000	33922200	U	U	U	U
chr22	33923000	33923200	U	U	U	U
chr22	33924600	33924800	U	U	U	U
chr22	33924800	33925000	U	U	U	U
chr22	33930000	33930200	U	U	U	U
chr22	33935200	33935400	U	U	U	U
chr22	33939400	33939600	U	U	U	U
chr22	33939800	33940000	U	U	U	U
chr22	33942400	33942600	U	U	U	U
chr22	33943400	33943600	U	U	U	U
chr22	33945800	33946000	U	U	U	U
chr22	33946400	33946600	U	U	U	U
chr22	33947400	33947600	U	U	U	U
chr22	33947600	33947800	U	U	U	U
chr22	33967200	33967400	U	U	U	U
chr22	33969600	33969800	U	U	U	U
chr22	33976400	33976600	U	U	U	U
chr22	33977200	33977400	U	U	U	U
chr22	33979200	33979400	U	U	U	U
chr22	33986800	33987000	U	U	U	U
chr22	33996200	33996400	U	U	U	U
chr22	34001200	34001400	U	U	U	U
chr22	34016800	34017000	U	U	U	U
chr22	34022000	34022200	U	U	U	U
chr22	34022200	34022400	U	U	U	U
chr22	34022400	34022600	U	U	U	U
chr22	34025200	34025400	U	U	U	U
chr22	34036400	34036600	U	U	U	U
chr22	34039600	34039800	U	U	U	U
chr22	34041000	34041200	U	U	U	U
chr22	34050200	34050400	U	U	U	U
chr22	34051200	34051400	U	U	U	U
chr22	34060000	34060200	U	U	U	U
chr22	34067200	34067400	U	U	U	U
chr22	34072400	34072600	U	U	U	U
chr22	34075800	34076000	U	U	U	U
chr22	34082800	34083000	U	U	U	U
chr22	34084400	34084600	U	U	U	U
chr22	34084800	34085000	U	U	U	U
chr22	34086000	34086200	U	U	U	U
chr22	34087000	34087200	U	U	U	U
chr22	34093800	34094000	U	U	U	U
chr22	34096800	34097000	U	U	U	U
chr22	34110800	34111000	U	U	U	U
chr22	34111600	34111800	U	U	U	U
chr22	34112400	34112600	U	U	U	U
chr22	34115200	34115400	U	U	U	U
chr22	34152200	34152400	U	U	U	U
chr22	34152600	34152800	U	U	U	U
chr22	34162800	34163000	U	U	U	U
chr22	34163400	34163600	U	U	U	U
chr22	34165600	34165800	U	U	U	U
chr22	34180600	34180800	U	U	U	U
chr22	34193200	34193400	U	U	U	U
chr22	34194600	34194800	U	U	U	U
chr22	34194800	34195000	U	U	U	U
chr22	34195000	34195200	U	U	U	U
chr22	34195600	34195800	U	U	U	U
chr22	34197800	34198000	U	U	U	U
chr22	34208400	34208600	U	U	U	U
chr22	34215600	34215800	U	U	U	U
chr22	34215800	34216000	U	U	U	U
chr22	34218000	34218200	U	U	U	U
chr22	34224000	34224200	U	U	U	U
chr22	34275200	34275400	U	U	U	U
chr22	34278000	34278200	U	U	U	U
chr22	34280000	34280200	U	U	U	U
chr22	34297800	34298000	U	U	U	U
chr22	34298000	34298200	U	U	U	U
chr22	34298800	34299000	U	U	U	U
chr22	34306200	34306400	U	U	U	U
chr22	34306600	34306800	U	U	U	U
chr22	34311200	34311400	U	U	U	U
chr22	34313600	34313800	U	U	U	U
chr22	34317800	34318000	U	U	U	U
chr22	34320800	34321000	U	U	U	U
chr22	34344400	34344600	U	U	U	U
chr22	34349800	34350000	U	U	U	U
chr22	34356000	34356200	U	U	U	U
chr22	34362400	34362600	U	U	U	U
chr22	34374800	34375000	U	U	U	U
chr22	34379200	34379400	U	U	U	U
chr22	34381200	34381400	U	U	U	U
chr22	34396800	34397000	U	U	U	U
chr22	34397000	34397200	U	U	U	U
chr22	34406800	34407000	U	U	U	U
chr22	34416600	34416800	U	U	U	U
chr22	34427600	34427800	U	U	U	U
chr22	34428000	34428200	U	U	U	U
chr22	34428200	34428400	U	U	U	U
chr22	34431600	34431800	U	U	U	U
chr22	34432800	34433000	U	U	U	U
chr22	34439600	34439800	U	U	U	U
chr22	34450400	34450600	U	U	U	U
chr22	34450600	34450800	U	U	U	U
chr22	34458400	34458600	U	U	U	U
chr22	34462200	34462400	U	U	U	U
chr22	34462800	34463000	U	U	U	U
chr22	34464000	34464200	U	U	U	U
chr22	34467200	34467400	U	U	U	U
chr22	34474800	34475000	U	U	U	U
chr22	34488600	34488800	U	U	U	U
chr22	34491800	34492000	U	U	U	U
chr22	34494400	34494600	U	U	U	U
chr22	34515200	34515400	U	U	U	U
chr22	34524000	34524200	U	U	U	U
chr22	34538400	34538600	U	U	U	U
chr22	34564200	34564400	U	U	U	U
chr22	34585400	34585600	U	U	U	U
chr22	34589400	34589600	U	U	U	U
chr22	34589600	34589800	U	U	U	U
chr22	34590400	34590600	U	U	U	U
chr22	34592400	34592600	U	U	U	U
chr22	34604200	34604400	U	U	U	U
chr22	34604400	34604600	U	U	U	U
chr22	34618400	34618600	U	U	U	U
chr22	34619400	34619600	U	U	U	U
chr22	34623200	34623400	U	U	U	U
chr22	34623400	34623600	U	U	U	U
chr22	34635000	34635200	U	U	U	U
chr22	34635400	34635600	U	U	U	U
chr22	34640600	34640800	U	U	U	U
chr22	34641600	34641800	U	U	U	U
chr22	34641800	34642000	U	U	U	U
chr22	34646800	34647000	U	U	U	U
chr22	34651400	34651600	U	U	U	U
chr22	34652200	34652400	U	U	U	U
chr22	34688800	34689000	U	U	U	U
chr22	34691200	34691400	U	U	U	U
chr22	34696600	34696800	U	U	B	U
chr22	34697600	34697800	U	U	U	U
chr22	34698200	34698400	U	U	U	U
chr22	34700400	34700600	U	U	U	U
chr22	34700600	34700800	U	U	U	U
chr22	34703000	34703200	U	U	U	U
chr22	34706400	34706600	U	U	U	U
chr22	34708200	34708400	U	U	U	U
chr22	34716400	34716600	U	U	U	U
chr22	34716600	34716800	U	U	U	U
chr22	34732400	34732600	U	U	U	U
chr22	34741200	34741400	U	U	U	U
chr22	34744200	34744400	U	U	U	U
chr22	34763000	34763200	U	U	U	U
chr22	34769800	34770000	U	U	U	U
chr22	34772200	34772400	U	U	U	U
chr22	34783800	34784000	U	U	U	U
chr22	34795000	34795200	U	U	U	U
chr22	34798200	34798400	U	U	U	U
chr22	34806200	34806400	U	U	U	U
chr22	34807600	34807800	U	U	U	U
chr22	34809400	34809600	U	U	U	U
chr22	34813400	34813600	U	U	U	U
chr22	34826000	34826200	U	U	U	U
chr22	34826400	34826600	U	U	U	U
chr22	34830400	34830600	U	U	U	U
chr22	34852800	34853000	U	U	U	U
chr22	34855800	34856000	U	U	U	U
chr22	34856000	34856200	U	U	U	U
chr22	34856600	34856800	U	U	U	U
chr22	34857000	34857200	U	U	U	U
chr22	34862400	34862600	U	U	U	U
chr22	34862600	34862800	U	U	U	U
chr22	34864600	34864800	U	U	U	U
chr22	34874600	34874800	U	U	U	U
chr22	34881200	34881400	U	U	U	U
chr22	34883400	34883600	U	U	U	U
chr22	34892800	34893000	U	U	U	U
chr22	34894400	34894600	U	U	U	U
chr22	34897400	34897600	U	U	U	U
chr22	34899400	34899600	U	U	U	U
chr22	34908600	34908800	U	U	U	U
chr22	34910200	34910400	U	U	U	U
chr22	34913800	34914000	U	U	U	U
chr22	34915200	34915400	U	U	U	U
chr22	34919000	34919200	U	U	U	U
chr22	34925000	34925200	U	U	U	U
chr22	34931000	34931200	U	U	U	U
chr22	34931800	34932000	U	U	U	U
chr22	34932400	34932600	U	U	U	U
chr22	34939200	34939400	U	U	U	U
chr22	34942600	34942800	U	U	U	U
chr22	34942800	34943000	U	U	U	U
chr22	34945000	34945200	U	U	U	U
chr22	34950600	34950800	U	U	U	U
chr22	34951400	34951600	U	U	U	U
chr22	34951800	34952000	U	U	U	U
chr22	34952000	34952200	U	U	U	U
chr22	34959600	34959800	U	U	U	U
chr22	34964400	34964600	U	U	U	U
chr22	34969200	34969400	U	U	U	U
chr22	34969800	34970000	U	U	U	U
chr22	34978200	34978400	U	U	U	U
chr22	34979600	34979800	U	U	U	U
chr22	34989000	34989200	U	U	U	U
chr22	34997800	34998000	U	U	U	U
chr22	34998000	34998200	U	U	U	U
chr22	35013400	35013600	U	U	U	U
chr22	35018000	35018200	U	U	U	U
chr22	35018200	35018400	U	U	U	U
chr22	35046200	35046400	U	U	U	U
chr22	35065800	35066000	U	U	U	U
chr22	35066400	35066600	U	U	U	U
chr22	35066600	35066800	U	U	U	U
chr22	35066800	35067000	U	U	U	U
chr22	35068200	35068400	U	U	U	U
chr22	35068600	35068800	U	U	U	U
chr22	35069000	35069200	U	U	U	U
chr22	35070400	35070600	U	U	U	U
chr22	35072000	35072200	U	U	U	U
chr22	35074400	35074600	U	U	U	U
chr22	35075000	35075200	U	U	U	U
chr22	35075200	35075400	U	U	U	U
chr22	35075400	35075600	U	U	U	U
chr22	35076400	35076600	U	U	U	U
chr22	35078000	35078200	U	U	U	U
chr22	35079200	35079400	U	U	U	U
chr22	35083400	35083600	U	U	U	U
chr22	35085600	35085800	U	U	U	U
chr22	35111800	35112000	U	U	U	U
chr22	35113600	35113800	U	U	U	U
chr22	35114400	35114600	U	U	U	U
chr22	35114800	35115000	U	U	U	U
chr22	35116600	35116800	U	U	U	U
chr22	35116800	35117000	U	U	U	U
chr22	35120600	35120800	U	U	U	U
chr22	35133600	35133800	B	U	U	U
chr22	35142800	35143000	U	U	U	U
chr22	35143400	35143600	U	U	U	U
chr22	35145000	35145200	U	U	U	U
chr22	35154800	35155000	B	U	U	U
chr22	35158400	35158600	U	U	U	U
chr22	35162200	35162400	U	U	U	U
chr22	35174600	35174800	U	U	U	U
chr22	35174800	35175000	U	U	U	U
chr22	35176800	35177000	U	U	U	U
chr22	35183200	35183400	U	U	U	U
chr22	35183400	35183600	U	U	U	U
chr22	35190200	35190400	U	U	U	U
chr22	35190400	35190600	U	U	U	U
chr22	35194800	35195000	U	U	U	U
chr22	35205000	35205200	U	U	U	U
chr22	35214400	35214600	U	U	U	U
chr22	35221200	35221400	U	U	U	U
chr22	35222200	35222400	U	U	U	U
chr22	35225600	35225800	U	U	U	U
chr22	35255800	35256000	U	U	U	U
chr22	35257400	35257600	B	U	B	B
chr22	35260000	35260200	U	U	U	U
chr22	35260200	35260400	U	U	U	U
chr22	35260800	35261000	U	U	U	U
chr22	35264200	35264400	U	U	U	U
chr22	35273600	35273800	U	U	U	U
chr22	35287400	35287600	U	U	U	U
chr22	35293200	35293400	U	U	U	U
chr22	35295600	35295800	U	U	U	U
chr22	35296800	35297000	U	U	U	U
chr22	35299800	35300000	B	U	B	B
chr22	35300000	35300200	B	U	B	B
chr22	35300400	35300600	B	U	U	U
chr22	35308600	35308800	U	U	U	U
chr22	35312800	35313000	U	U	U	U
chr22	35315800	35316000	U	U	U	U
chr22	35318000	35318200	U	U	U	U
chr22	35319000	35319200	U	U	U	U
chr22	35319400	35319600	U	U	U	U
chr22	35320000	35320200	U	U	U	U
chr22	35323800	35324000	U	U	U	U
chr22	35325000	35325200	U	U	U	U
chr22	35327200	35327400	U	U	U	U
chr22	35327800	35328000	U	U	U	U
chr22	35328600	35328800	U	U	U	U
chr22	35332200	35332400	U	U	U	U
chr22	35333400	35333600	U	U	U	U
chr22	35334200	35334400	U	U	U	U
chr22	35335400	35335600	U	U	U	U
chr22	35336200	35336400	U	U	U	U
chr22	35337800	35338000	U	U	U	U
chr22	35338200	35338400	U	U	U	U
chr22	35340200	35340400	U	U	U	U
chr22	35340800	35341000	U	U	U	U
chr22	35348800	35349000	U	U	U	U
chr22	35350600	35350800	B	U	B	U
chr22	35352800	35353000	U	U	U	U
chr22	35380600	35380800	U	U	U	U
chr22	35383000	35383200	U	U	U	U
chr22	35384400	35384600	U	U	U	U
chr22	35387000	35387200	U	U	U	U
chr22	35393600	35393800	U	U	U	U
chr22	35419400	35419600	U	U	U	U
chr22	35419600	35419800	U	U	U	U
chr22	35423600	35423800	U	U	U	U
chr22	35425400	35425600	U	U	U	U
chr22	35432200	35432400	U	U	U	U
chr22	35432400	35432600	U	U	U	U
chr22	35433600	35433800	U	U	U	U
chr22	35435400	35435600	U	U	U	U
chr22	35436400	35436600	U	U	U	U
chr22	35458400	35458600	U	U	U	U
chr22	35459000	35459200	U	U	U	U
chr22	35465200	35465400	U	U	U	U
chr22	35467800	35468000	U	U	U	U
chr22	35475000	35475200	U	U	U	U
chr22	35475200	35475400	U	U	U	U
chr22	35481000	35481200	U	U	U	U
chr22	35496800	35497000	U	U	U	U
chr22	35502800	35503000	U	U	U	U
chr22	35503200	35503400	U	U	U	U
chr22	35506800	35507000	U	U	U	U
chr22	35509400	35509600	U	U	U	U
chr22	35509600	35509800	U	U	U	U
chr22	35511000	35511200	U	U	U	U
chr22	35518800	35519000	U	U	U	U
chr22	35519000	35519200	U	U	U	U
chr22	35519200	35519400	U	U	U	U
chr22	35529800	35530000	U	U	U	U
chr22	35530200	35530400	U	U	U	U
chr22	35541200	35541400	U	U	U	U
chr22	35542200	35542400	U	U	U	U
chr22	35544200	35544400	U	U	U	U
chr22	35545800	35546000	U	U	U	U
chr22	35551600	35551800	U	U	U	U
chr22	35552000	35552200	B	U	U	U
chr22	35552800	35553000	B	U	U	U
chr22	35556000	35556200	U	U	U	U
chr22	35563400	35563600	U	U	U	U
chr22	35565400	35565600	U	U	U	U
chr22	35565600	35565800	U	U	U	U
chr22	35578600	35578800	U	U	U	U
chr22	35589400	35589600	B	U	U	B
chr22	35590800	35591000	U	U	U	U
chr22	35591000	35591200	U	U	U	U
chr22	35600600	35600800	U	U	U	U
chr22	35602400	35602600	U	U	U	U
chr22	35607000	35607200	U	U	U	U
chr22	35608600	35608800	U	U	U	U
chr22	35614800	35615000	U	U	U	U
chr22	35615400	35615600	B	U	U	U
chr22	35617600	35617800	U	U	U	U
chr22	35619400	35619600	U	U	U	U
chr22	35620600	35620800	U	U	U	U
chr22	35622400	35622600	U	U	U	U
chr22	35628600	35628800	U	U	U	U
chr22	35633000	35633200	U	U	U	U
chr22	35637600	35637800	U	U	U	U
chr22	35640000	35640200	U	U	U	U
chr22	35640600	35640800	U	U	U	U
chr22	35641200	35641400	U	U	U	U
chr22	35643000	35643200	U	U	U	U
chr22	35645800	35646000	U	U	U	U
chr22	35656600	35656800	U	U	U	B
chr22	35658600	35658800	U	U	U	U
chr22	35674800	35675000	U	U	U	U
chr22	35677400	35677600	U	U	U	U
chr22	35706400	35706600	U	U	U	U
chr22	35714600	35714800	U	U	U	U
chr22	35714800	35715000	U	U	U	U
chr22	35715000	35715200	U	U	U	U
chr22	35722000	35722200	U	U	U	U
chr22	35726400	35726600	U	U	U	U
chr22	35738400	35738600	U	U	U	U
chr22	35741000	35741200	U	U	U	U
chr22	35741800	35742000	U	U	U	U
chr22	35747400	35747600	U	U	U	U
chr22	35748000	35748200	U	U	U	U
chr22	35748400	35748600	U	U	U	U
chr22	35749800	35750000	U	U	U	U
chr22	35751600	35751800	U	U	U	U
chr22	35751800	35752000	U	U	U	U
chr22	35752000	35752200	U	U	U	U
chr22	35752600	35752800	U	U	U	U
chr22	35753200	35753400	U	U	U	U
chr22	35756200	35756400	U	U	U	U
chr22	35756400	35756600	U	U	U	U
chr22	35757400	35757600	U	U	U	U
chr22	35758600	35758800	U	U	U	U
chr22	35759000	35759200	U	U	U	U
chr22	35761600	35761800	U	U	U	U
chr22	35762200	35762400	U	U	U	U
chr22	35765000	35765200	U	U	U	U
chr22	35766000	35766200	U	U	U	U
chr22	35768600	35768800	U	U	U	U
chr22	35769200	35769400	U	U	U	U
chr22	35770200	35770400	U	U	U	U
chr22	35771800	35772000	U	U	U	U
chr22	35773200	35773400	U	U	U	U
chr22	35773800	35774000	U	U	U	U
chr22	35774600	35774800	U	U	U	U
chr22	35774800	35775000	U	U	U	U
chr22	35779200	35779400	U	U	U	U
chr22	35784200	35784400	U	U	U	U
chr22	35784600	35784800	U	U	U	U
chr22	35785200	35785400	U	U	U	U
chr22	35786200	35786400	U	U	U	U
chr22	35800400	35800600	U	U	U	U
chr22	35812600	35812800	U	U	U	U
chr22	35815400	35815600	U	U	U	U
chr22	35816600	35816800	U	U	U	U
chr22	35818200	35818400	U	U	U	U
chr22	35819200	35819400	U	U	U	U
chr22	35822600	35822800	U	U	U	U
chr22	35824400	35824600	U	U	U	U
chr22	35830000	35830200	U	U	U	U
chr22	35830800	35831000	U	U	U	U
chr22	35835000	35835200	U	U	U	U
chr22	35836000	35836200	U	U	U	U
chr22	35839200	35839400	U	U	B	U
chr22	35839600	35839800	U	U	U	U
chr22	35839800	35840000	U	U	U	U
chr22	35841600	35841800	U	U	U	U
chr22	35845000	35845200	U	U	U	U
chr22	35845400	35845600	U	U	U	U
chr22	35845600	35845800	U	U	U	U
chr22	35848600	35848800	U	U	U	U
chr22	35855200	35855400	U	U	U	U
chr22	35858000	35858200	U	U	U	U
chr22	35863600	35863800	U	U	U	U
chr22	35863800	35864000	U	U	U	U
chr22	35864000	35864200	U	U	U	U
chr22	35869000	35869200	U	U	U	U
chr22	35870000	35870200	U	U	U	U
chr22	35871000	35871200	U	U	U	U
chr22	35871200	35871400	U	U	U	U
chr22	35871800	35872000	U	U	U	U
chr22	35876000	35876200	U	U	U	U
chr22	35892400	35892600	U	U	U	U
chr22	35895200	35895400	U	U	U	U
chr22	35897200	35897400	U	U	U	U
chr22	35910400	35910600	U	U	U	U
chr22	35910600	35910800	U	U	U	U
chr22	35911200	35911400	U	U	U	U
chr22	35911400	35911600	U	U	U	U
chr22	35914600	35914800	B	U	U	U
chr22	35915600	35915800	U	U	U	U
chr22	35919800	35920000	U	U	U	U
chr22	35922000	35922200	B	U	B	U
chr22	35924600	35924800	U	U	U	U
chr22	35926200	35926400	U	U	U	U
chr22	35926600	35926800	U	U	U	U
chr22	35928400	35928600	U	U	U	U
chr22	35933400	35933600	U	U	U	U
chr22	35936600	35936800	U	U	U	U
chr22	35936800	35937000	U	U	U	U
chr22	35938400	35938600	U	U	U	U
chr22	35941200	35941400	U	U	U	U
chr22	35957800	35958000	U	U	U	U
chr22	35961200	35961400	U	U	U	U
chr22	35962000	35962200	U	U	U	U
chr22	35964400	35964600	U	U	U	U
chr22	35969800	35970000	U	U	U	U
chr22	35973800	35974000	U	U	U	U
chr22	35981800	35982000	U	U	U	U
chr22	36003000	36003200	B	U	B	U
chr22	36005000	36005200	U	U	U	U
chr22	36006000	36006200	U	U	U	U
chr22	36009800	36010000	B	U	U	U
chr22	36010800	36011000	U	U	U	U
chr22	36011000	36011200	U	U	U	U
chr22	36022200	36022400	U	U	U	U
chr22	36035600	36035800	U	U	U	U
chr22	36036200	36036400	U	U	U	U
chr22	36052600	36052800	B	U	U	U
chr22	36065600	36065800	B	U	U	U
chr22	36069400	36069600	U	U	U	U
chr22	36075400	36075600	U	U	U	U
chr22	36106000	36106200	U	U	U	U
chr22	36110400	36110600	U	U	U	U
chr22	36117400	36117600	U	U	U	U
chr22	36124800	36125000	U	U	U	U
chr22	36130200	36130400	U	U	U	U
chr22	36134400	36134600	U	U	U	U
chr22	36134600	36134800	U	U	U	U
chr22	36135800	36136000	U	U	U	U
chr22	36137600	36137800	U	U	U	U
chr22	36138200	36138400	U	U	U	U
chr22	36141800	36142000	U	U	U	U
chr22	36142200	36142400	U	U	U	U
chr22	36151000	36151200	U	U	U	U
chr22	36153400	36153600	U	U	U	U
chr22	36155200	36155400	U	U	U	U
chr22	36160200	36160400	U	U	U	U
chr22	36163600	36163800	U	U	U	U
chr22	36164000	36164200	U	U	U	U
chr22	36166000	36166200	U	U	U	U
chr22	36173600	36173800	U	U	U	U
chr22	36173800	36174000	U	U	U	U
chr22	36174000	36174200	U	U	U	U
chr22	36182800	36183000	U	U	U	U
chr22	36187400	36187600	U	U	U	U
chr22	36188400	36188600	U	U	U	U
chr22	36194200	36194400	U	U	U	U
chr22	36198800	36199000	U	U	U	U
chr22	36199400	36199600	U	U	B	U
chr22	36211800	36212000	U	U	U	U
chr22	36212400	36212600	U	U	U	U
chr22	36223000	36223200	U	U	U	U
chr22	36227600	36227800	U	U	U	U
chr22	36237800	36238000	U	U	U	U
chr22	36238000	36238200	U	U	U	U
chr22	36239000	36239200	B	U	U	U
chr22	36253400	36253600	B	U	U	U
chr22	36255000	36255200	B	U	U	B
chr22	36257000	36257200	U	U	U	U
chr22	36257600	36257800	U	U	U	U
chr22	36262200	36262400	U	U	U	U
chr22	36265800	36266000	U	U	U	U
chr22	36266400	36266600	U	U	U	U
chr22	36273600	36273800	U	U	U	U
chr22	36284800	36285000	U	U	U	U
chr22	36285400	36285600	U	U	U	U
chr22	36286200	36286400	B	U	U	U
chr22	36293400	36293600	U	U	U	U
chr22	36294200	36294400	U	U	U	U
chr22	36294400	36294600	U	U	U	U
chr22	36295200	36295400	U	U	U	U
chr22	36295800	36296000	U	U	U	U
chr22	36296600	36296800	U	U	U	U
chr22	36299600	36299800	U	U	U	U
chr22	36301000	36301200	U	U	U	U
chr22	36302600	36302800	U	U	U	U
chr22	36304400	36304600	U	U	U	U
chr22	36304800	36305000	U	U	U	U
chr22	36305400	36305600	U	U	U	U
chr22	36309200	36309400	U	U	U	U
chr22	36319800	36320000	U	U	U	U
chr22	36320600	36320800	U	U	U	U
chr22	36322600	36322800	U	U	U	U
chr22	36325200	36325400	U	U	U	U
chr22	36327200	36327400	U	U	U	U
chr22	36329000	36329200	B	U	U	U
chr22	36329400	36329600	B	U	U	U
chr22	36330000	36330200	U	U	U	U
chr22	36331400	36331600	B	U	U	B
chr22	36332000	36332200	U	U	U	U
chr22	36333000	36333200	U	U	U	U
chr22	36335400	36335600	U	U	U	U
chr22	36335600	36335800	U	U	U	U
chr22	36335800	36336000	U	U	U	U
chr22	36336600	36336800	U	U	U	U
chr22	36337600	36337800	U	U	U	U
chr22	36341800	36342000	U	U	U	U
chr22	36342600	36342800	U	U	U	U
chr22	36343000	36343200	U	U	U	U
chr22	36350800	36351000	U	U	U	U
chr22	36358400	36358600	U	U	U	U
chr22	36362200	36362400	U	U	U	U
chr22	36363200	36363400	U	U	U	U
chr22	36363600	36363800	U	U	U	U
chr22	36364600	36364800	U	U	U	U
chr22	36365000	36365200	U	U	U	U
chr22	36367400	36367600	U	U	U	U
chr22	36369200	36369400	B	U	U	U
chr22	36370600	36370800	B	U	U	U
chr22	36372600	36372800	U	U	U	U
chr22	36372800	36373000	U	U	U	U
chr22	36373000	36373200	U	U	U	U
chr22	36373400	36373600	U	U	U	U
chr22	36380000	36380200	U	U	U	U
chr22	36386000	36386200	U	U	U	U
chr22	36386600	36386800	B	U	U	U
chr22	36413000	36413200	U	U	U	U
chr22	36432600	36432800	U	U	U	U
chr22	36433000	36433200	U	U	U	U
chr22	36434800	36435000	U	U	U	U
chr22	36440000	36440200	U	U	U	U
chr22	36455800	36456000	U	U	U	U
chr22	36469400	36469600	U	U	U	U
chr22	36470000	36470200	B	U	U	U
chr22	36473800	36474000	U	U	U	U
chr22	36489200	36489400	U	U	U	U
chr22	36490200	36490400	U	U	U	U
chr22	36498000	36498200	U	U	U	U
chr22	36504000	36504200	U	U	U	U
chr22	36506000	36506200	U	U	U	U
chr22	36506400	36506600	B	U	U	U
chr22	36506800	36507000	B	U	B	U
chr22	36507000	36507200	B	U	B	U
chr22	36507200	36507400	B	U	B	U
chr22	36524200	36524400	U	U	U	U
chr22	36528200	36528400	U	U	U	U
chr22	36542200	36542400	U	U	U	B
chr22	36548800	36549000	U	U	U	U
chr22	36560200	36560400	U	U	U	U
chr22	36560800	36561000	U	U	B	U
chr22	36561800	36562000	U	U	U	U
chr22	36563400	36563600	U	U	U	U
chr22	36563600	36563800	U	U	U	U
chr22	36564800	36565000	U	U	U	U
chr22	36581000	36581200	U	U	U	U
chr22	36587600	36587800	U	U	U	U
chr22	36590000	36590200	U	U	U	U
chr22	36592800	36593000	U	U	U	U
chr22	36614600	36614800	U	U	U	U
chr22	36614800	36615000	U	U	U	U
chr22	36618000	36618200	U	U	U	U
chr22	36629000	36629200	U	U	U	U
chr22	36631400	36631600	U	U	U	U
chr22	36633600	36633800	U	U	U	U
chr22	36633800	36634000	U	U	U	U
chr22	36639600	36639800	U	U	U	U
chr22	36642600	36642800	U	U	U	U
chr22	36646200	36646400	U	U	U	U
chr22	36646400	36646600	U	U	U	U
chr22	36646600	36646800	U	U	U	U
chr22	36653600	36653800	U	U	U	U
chr22	36654800	36655000	U	U	U	U
chr22	36657200	36657400	U	U	U	U
chr22	36657600	36657800	U	U	U	U
chr22	36660600	36660800	U	U	U	U
chr22	36664600	36664800	U	U	U	U
chr22	36665000	36665200	U	U	U	U
chr22	36667600	36667800	U	U	U	U
chr22	36675600	36675800	U	U	U	U
chr22	36676200	36676400	U	U	U	U
chr22	36677000	36677200	U	U	U	U
chr22	36677600	36677800	U	U	U	U
chr22	36681200	36681400	U	U	U	U
chr22	36682000	36682200	U	U	U	U
chr22	36683400	36683600	U	U	U	U
chr22	36683800	36684000	U	U	U	U
chr22	36692200	36692400	U	U	U	U
chr22	36697200	36697400	U	U	U	U
chr22	36697600	36697800	U	U	U	U
chr22	36702200	36702400	U	U	U	U
chr22	36704400	36704600	U	U	U	U
chr22	36704800	36705000	U	U	U	U
chr22	36705200	36705400	U	U	U	U
chr22	36708600	36708800	U	U	U	U
chr22	36711400	36711600	U	U	U	U
chr22	36713400	36713600	U	U	U	U
chr22	36720800	36721000	U	U	U	U
chr22	36721000	36721200	U	U	U	U
chr22	36729400	36729600	U	U	U	U
chr22	36737400	36737600	U	U	U	U
chr22	36756200	36756400	U	U	U	U
chr22	36758000	36758200	B	U	U	U
chr22	36758200	36758400	U	U	U	U
chr22	36761800	36762000	U	U	U	U
chr22	36763000	36763200	U	U	U	U
chr22	36763400	36763600	U	U	U	U
chr22	36764600	36764800	U	U	U	U
chr22	36765200	36765400	U	U	U	U
chr22	36765400	36765600	U	U	U	U
chr22	36765600	36765800	U	U	U	U
chr22	36765800	36766000	U	U	U	U
chr22	36766200	36766400	U	U	U	U
chr22	36767600	36767800	U	U	U	U
chr22	36768200	36768400	U	U	U	U
chr22	36770400	36770600	U	U	U	U
chr22	36780800	36781000	U	U	U	U
chr22	36782600	36782800	U	U	U	U
chr22	36782800	36783000	U	U	U	U
chr22	36787600	36787800	U	U	U	U
chr22	36796400	36796600	U	U	U	U
chr22	36798200	36798400	U	U	U	U
chr22	36814400	36814600	U	U	U	U
chr22	36814800	36815000	U	U	U	U
chr22	36817200	36817400	U	U	U	U
chr22	36818400	36818600	U	U	U	U
chr22	36820200	36820400	U	U	U	U
chr22	36824200	36824400	U	U	U	U
chr22	36826800	36827000	U	U	U	U
chr22	36830000	36830200	U	U	U	U
chr22	36830200	36830400	U	U	U	U
chr22	36835000	36835200	U	U	U	U
chr22	36836800	36837000	U	U	U	U
chr22	36837400	36837600	U	U	U	U
chr22	36840200	36840400	U	U	U	U
chr22	36859000	36859200	U	U	U	U
chr22	36859400	36859600	U	U	U	U
chr22	36859600	36859800	U	U	U	U
chr22	36862200	36862400	U	U	U	U
chr22	36862600	36862800	U	U	U	U
chr22	36871800	36872000	U	U	U	U
chr22	36875800	36876000	U	U	U	U
chr22	36878200	36878400	U	U	U	U
chr22	36883000	36883200	U	U	U	U
chr22	36887400	36887600	U	U	U	U
chr22	36900000	36900200	U	U	U	U
chr22	36923400	36923600	U	U	U	U
chr22	36930800	36931000	U	U	U	U
chr22	36936200	36936400	U	U	U	U
chr22	36937800	36938000	U	U	U	U
chr22	36938800	36939000	U	U	U	U
chr22	36939800	36940000	U	U	U	U
chr22	36953800	36954000	U	U	U	U
chr22	36962600	36962800	U	U	U	U
chr22	36962800	36963000	U	U	U	U
chr22	36963200	36963400	U	U	U	U
chr22	36965800	36966000	U	U	U	U
chr22	36966800	36967000	U	U	U	U
chr22	36983000	36983200	U	U	U	U
chr22	36984400	36984600	U	U	U	U
chr22	36985400	36985600	U	U	U	U
chr22	36998200	36998400	U	U	U	U
chr22	36998400	36998600	U	U	U	U
chr22	37004000	37004200	U	U	U	U
chr22	37007400	37007600	U	U	U	U
chr22	37012200	37012400	U	U	U	U
chr22	37014800	37015000	B	U	U	U
chr22	37018200	37018400	U	U	U	U
chr22	37018800	37019000	B	U	U	U
chr22	37025200	37025400	U	U	U	U
chr22	37026400	37026600	U	U	U	U
chr22	37032600	37032800	U	U	U	U
chr22	37033600	37033800	U	U	U	U
chr22	37046600	37046800	U	U	U	U
chr22	37053200	37053400	U	U	U	U
chr22	37056800	37057000	U	U	U	U
chr22	37057400	37057600	U	U	U	U
chr22	37058600	37058800	U	U	U	U
chr22	37063400	37063600	U	U	U	U
chr22	37065800	37066000	U	U	U	U
chr22	37071400	37071600	U	U	U	U
chr22	37074600	37074800	U	U	U	U
chr22	37078200	37078400	B	U	U	U
chr22	37080000	37080200	U	U	U	U
chr22	37080200	37080400	U	U	U	U
chr22	37080400	37080600	U	U	U	U
chr22	37088200	37088400	U	U	U	U
chr22	37095800	37096000	U	U	U	U
chr22	37101600	37101800	U	U	U	U
chr22	37103800	37104000	U	U	U	U
chr22	37105400	37105600	U	U	U	U
chr22	37117200	37117400	U	U	U	U
chr22	37122200	37122400	U	U	U	U
chr22	37124600	37124800	U	U	U	U
chr22	37128000	37128200	U	U	U	U
chr22	37128400	37128600	U	U	U	U
chr22	37135400	37135600	U	U	U	U
chr22	37142400	37142600	U	U	U	U
chr22	37143600	37143800	U	U	U	U
chr22	37145600	37145800	U	U	U	U
chr22	37149400	37149600	U	U	U	U
chr22	37149800	37150000	U	U	U	B
chr22	37152600	37152800	U	U	U	U
chr22	37156000	37156200	U	U	U	U
chr22	37164200	37164400	U	U	U	U
chr22	37166000	37166200	U	U	U	U
chr22	37166400	37166600	B	U	U	U
chr22	37176400	37176600	U	U	U	U
chr22	37188000	37188200	U	U	U	U
chr22	37197200	37197400	U	U	U	U
chr22	37198800	37199000	B	U	U	U
chr22	37203200	37203400	U	U	U	U
chr22	37204000	37204200	U	U	U	U
chr22	37205000	37205200	U	U	U	U
chr22	37208800	37209000	U	U	U	U
chr22	37210200	37210400	U	U	U	U
chr22	37215600	37215800	U	U	U	U
chr22	37221400	37221600	U	U	U	U
chr22	37222400	37222600	U	U	U	U
chr22	37226000	37226200	U	U	U	U
chr22	37226400	37226600	U	U	U	U
chr22	37226600	37226800	U	U	U	U
chr22	37231400	37231600	U	U	U	U
chr22	37232800	37233000	U	U	U	U
chr22	37235600	37235800	U	U	U	U
chr22	37237400	37237600	U	U	U	U
chr22	37241400	37241600	U	U	U	U
chr22	37244800	37245000	U	U	U	U
chr22	37247400	37247600	U	U	U	U
chr22	37256000	37256200	U	U	U	U
chr22	37259800	37260000	B	U	U	U
chr22	37260600	37260800	U	U	U	U
chr22	37274800	37275000	U	U	U	U
chr22	37286000	37286200	U	U	U	U
chr22	37291400	37291600	U	U	U	U
chr22	37294800	37295000	U	U	U	U
chr22	37296600	37296800	U	U	U	U
chr22	37300600	37300800	U	U	U	U
chr22	37310000	37310200	U	U	U	U
chr22	37312000	37312200	U	U	U	U
chr22	37313400	37313600	U	U	U	U
chr22	37314400	37314600	U	U	U	U
chr22	37318800	37319000	U	U	U	U
chr22	37324800	37325000	U	U	U	U
chr22	37325000	37325200	U	U	U	U
chr22	37330200	37330400	U	U	U	U
chr22	37334000	37334200	U	U	U	U
chr22	37336800	37337000	B	U	U	U
chr22	37340200	37340400	U	U	U	U
chr22	37345000	37345200	U	U	U	U
chr22	37346200	37346400	U	U	U	U
chr22	37348200	37348400	U	U	U	U
chr22	37350600	37350800	U	U	U	U
chr22	37359200	37359400	U	U	U	U
chr22	37361400	37361600	U	U	U	U
chr22	37363800	37364000	U	U	U	U
chr22	37365800	37366000	U	U	U	U
chr22	37366400	37366600	U	U	U	U
chr22	37367000	37367200	U	U	U	U
chr22	37367200	37367400	U	U	U	U
chr22	37370200	37370400	U	U	U	U
chr22	37371000	37371200	U	U	U	U
chr22	37372000	37372200	U	U	U	U
chr22	37372200	37372400	U	U	U	U
chr22	37374400	37374600	U	U	U	U
chr22	37375600	37375800	U	U	U	U
chr22	37376000	37376200	U	U	U	U
chr22	37379200	37379400	U	U	U	U
chr22	37380000	37380200	U	U	U	U
chr22	37386000	37386200	U	U	U	U
chr22	37386200	37386400	U	U	U	U
chr22	37386600	37386800	U	U	U	U
chr22	37387400	37387600	U	U	U	U
chr22	37397400	37397600	U	U	U	U
chr22	37402800	37403000	U	U	U	U
chr22	37403600	37403800	U	U	U	U
chr22	37409200	37409400	U	U	U	U
chr22	37416600	37416800	U	U	U	U
chr22	37416800	37417000	U	U	U	U
chr22	37417400	37417600	U	U	U	U
chr22	37418400	37418600	U	U	U	U
chr22	37418600	37418800	U	U	U	U
chr22	37422000	37422200	U	U	U	U
chr22	37423800	37424000	U	U	U	U
chr22	37426000	37426200	U	U	U	U
chr22	37432200	37432400	U	U	U	U
chr22	37435400	37435600	U	U	U	U
chr22	37435600	37435800	U	U	B	U
chr22	37448200	37448400	U	U	U	U
chr22	37453800	37454000	U	U	U	U
chr22	37457600	37457800	B	U	B	U
chr22	37458800	37459000	U	U	U	U
chr22	37469400	37469600	U	U	U	U
chr22	37480800	37481000	U	U	U	U
chr22	37483800	37484000	U	U	U	U
chr22	37484000	37484200	U	U	U	U
chr22	37485600	37485800	U	U	U	U
chr22	37485800	37486000	B	U	U	U
chr22	37486400	37486600	B	U	U	U
chr22	37489200	37489400	U	U	U	U
chr22	37489800	37490000	U	U	U	U
chr22	37495400	37495600	U	U	U	U
chr22	37495600	37495800	U	U	U	U
chr22	37497000	37497200	U	U	U	U
chr22	37501200	37501400	U	U	U	U
chr22	37501400	37501600	U	U	U	U
chr22	37502800	37503000	U	U	U	U
chr22	37506000	37506200	U	U	U	U
chr22	37508400	37508600	U	U	U	U
chr22	37516000	37516200	U	U	U	U
chr22	37518000	37518200	U	U	U	U
chr22	37518800	37519000	B	U	U	U
chr22	37519600	37519800	B	U	U	U
chr22	37542000	37542200	U	U	U	U
chr22	37551800	37552000	U	U	U	U
chr22	37552000	37552200	U	U	U	U
chr22	37564000	37564200	U	U	U	U
chr22	37566600	37566800	U	U	U	U
chr22	37568600	37568800	B	U	U	U
chr22	37570200	37570400	B	U	U	U
chr22	37571200	37571400	U	U	U	U
chr22	37571400	37571600	U	U	U	U
chr22	37588800	37589000	U	U	U	U
chr22	37589200	37589400	U	U	U	U
chr22	37609200	37609400	B	U	U	U
chr22	37609600	37609800	B	U	U	U
chr22	37609800	37610000	B	U	U	B
chr22	37616600	37616800	U	U	U	U
chr22	37620400	37620600	U	U	U	U
chr22	37625000	37625200	U	U	U	U
chr22	37630000	37630200	U	U	U	U
chr22	37632400	37632600	U	U	U	U
chr22	37637800	37638000	U	U	U	U
chr22	37639000	37639200	B	U	U	U
chr22	37643000	37643200	B	U	U	U
chr22	37646800	37647000	U	U	U	U
chr22	37655800	37656000	U	U	U	U
chr22	37659200	37659400	U	U	U	U
chr22	37660400	37660600	U	U	U	U
chr22	37663600	37663800	U	U	U	U
chr22	37666200	37666400	U	U	U	U
chr22	37673000	37673200	U	U	U	U
chr22	37681000	37681200	U	U	U	U
chr22	37688000	37688200	U	U	U	U
chr22	37688600	37688800	U	U	U	U
chr22	37691800	37692000	U	U	U	U
chr22	37692400	37692600	U	U	U	U
chr22	37693400	37693600	U	U	U	U
chr22	37695400	37695600	U	U	U	U
chr22	37697200	37697400	U	U	U	U
chr22	37697400	37697600	U	U	U	U
chr22	37697600	37697800	U	U	U	U
chr22	37707400	37707600	U	U	U	U
chr22	37709000	37709200	U	U	U	U
chr22	37713400	37713600	U	U	U	U
chr22	37715800	37716000	U	U	U	U
chr22	37719400	37719600	U	U	U	U
chr22	37725200	37725400	U	U	U	U
chr22	37726200	37726400	U	U	U	U
chr22	37730400	37730600	U	U	U	U
chr22	37732000	37732200	B	U	U	U
chr22	37737000	37737200	U	U	U	U
chr22	37738800	37739000	U	U	U	U
chr22	37739200	37739400	U	U	U	U
chr22	37741000	37741200	U	U	U	U
chr22	37761800	37762000	U	U	U	U
chr22	37766200	37766400	U	U	U	U
chr22	37774200	37774400	U	U	U	U
chr22	37774400	37774600	U	U	U	U
chr22	37779800	37780000	U	U	U	U
chr22	37781600	37781800	U	U	U	U
chr22	37782400	37782600	U	U	U	U
chr22	37794400	37794600	U	U	U	U
chr22	37803400	37803600	B	U	U	B
chr22	37804800	37805000	U	U	U	U
chr22	37805000	37805200	U	U	U	U
chr22	37806400	37806600	U	U	U	U
chr22	37807400	37807600	B	U	U	U
chr22	37807800	37808000	B	U	B	U
chr22	37812800	37813000	U	U	U	U
chr22	37815200	37815400	U	U	U	U
chr22	37815600	37815800	U	U	U	U
chr22	37815800	37816000	U	U	U	U
chr22	37816200	37816400	U	U	U	U
chr22	37816400	37816600	U	U	U	U
chr22	37818200	37818400	B	U	U	U
chr22	37819000	37819200	U	U	U	U
chr22	37823000	37823200	U	U	U	U
chr22	37825000	37825200	U	U	U	U
chr22	37829400	37829600	U	U	U	U
chr22	37830000	37830200	U	U	U	U
chr22	37830200	37830400	U	U	U	U
chr22	37830600	37830800	U	U	U	U
chr22	37831600	37831800	U	U	U	U
chr22	37831800	37832000	U	U	U	U
chr22	37833000	37833200	U	U	U	U
chr22	37834000	37834200	U	U	U	U
chr22	37843600	37843800	B	U	U	U
chr22	37858800	37859000	U	U	U	U
chr22	37861800	37862000	U	U	U	U
chr22	37865600	37865800	U	U	U	U
chr22	37869600	37869800	U	U	U	U
chr22	37869800	37870000	U	U	U	U
chr22	37875800	37876000	U	U	U	U
chr22	37876600	37876800	U	U	U	U
chr22	37878000	37878200	U	U	U	U
chr22	37886600	37886800	U	U	U	U
chr22	37892800	37893000	U	U	U	U
chr22	37907400	37907600	U	U	U	U
chr22	37909800	37910000	U	U	U	U
chr22	37910800	37911000	U	U	U	U
chr22	37913400	37913600	U	U	U	U
chr22	37923800	37924000	U	U	U	U
chr22	37931800	37932000	U	U	U	U
chr22	37936200	37936400	U	U	U	U
chr22	37941200	37941400	U	U	U	U
chr22	37943600	37943800	U	U	U	U
chr22	37943800	37944000	U	U	U	U
chr22	37944400	37944600	U	U	U	U
chr22	37947000	37947200	U	U	U	U
chr22	37959400	37959600	U	U	U	U
chr22	37968000	37968200	U	U	U	U
chr22	37969400	37969600	U	U	U	U
chr22	37971000	37971200	U	U	U	U
chr22	37971600	37971800	U	U	U	U
chr22	37973200	37973400	U	U	U	U
chr22	37979400	37979600	U	U	U	U
chr22	37980200	37980400	U	U	U	U
chr22	37986400	37986600	U	U	U	U
chr22	37987200	37987400	U	U	U	U
chr22	37989800	37990000	U	U	U	U
chr22	37990200	37990400	U	U	U	U
chr22	37991600	37991800	U	U	U	U
chr22	37993000	37993200	U	U	U	U
chr22	37996400	37996600	U	U	U	U
chr22	37997800	37998000	U	U	U	U
chr22	37998000	37998200	U	U	U	U
chr22	37998600	37998800	U	U	U	U
chr22	37999000	37999200	U	U	U	U
chr22	37999200	37999400	U	U	U	U
chr22	38007600	38007800	U	U	U	U
chr22	38017400	38017600	B	U	U	U
chr22	38020800	38021000	U	U	U	U
chr22	38026000	38026200	U	U	U	U
chr22	38028800	38029000	U	U	U	U
chr22	38038800	38039000	U	U	U	U
chr22	38039000	38039200	U	U	U	U
chr22	38042000	38042200	U	U	U	U
chr22	38043000	38043200	U	U	U	U
chr22	38050600	38050800	U	U	U	U
chr22	38054200	38054400	U	U	U	U
chr22	38057200	38057400	B	U	U	U
chr22	38057600	38057800	B	U	U	U
chr22	38060400	38060600	U	U	U	U
chr22	38067800	38068000	U	U	U	U
chr22	38069800	38070000	U	U	U	U
chr22	38072400	38072600	U	U	U	U
chr22	38072800	38073000	U	U	U	U
chr22	38073200	38073400	U	U	U	U
chr22	38075200	38075400	U	U	U	U
chr22	38078800	38079000	U	U	U	U
chr22	38080000	38080200	U	U	U	U
chr22	38081000	38081200	U	U	U	U
chr22	38081400	38081600	U	U	U	U
chr22	38086000	38086200	U	U	U	U
chr22	38088000	38088200	U	U	U	U
chr22	38097600	38097800	B	U	U	U
chr22	38109400	38109600	U	U	U	U
chr22	38115200	38115400	U	U	U	U
chr22	38115400	38115600	U	U	U	U
chr22	38120600	38120800	U	U	U	U
chr22	38124800	38125000	U	U	U	U
chr22	38126000	38126200	U	U	U	U
chr22	38126400	38126600	U	U	U	U
chr22	38127600	38127800	B	U	U	U
chr22	38127800	38128000	B	U	U	U
chr22	38130000	38130200	U	U	U	U
chr22	38132800	38133000	U	U	U	U
chr22	38133000	38133200	U	U	U	U
chr22	38142800	38143000	B	U	U	U
chr22	38164000	38164200	B	U	U	U
chr22	38167400	38167600	U	U	U	U
chr22	38176400	38176600	U	U	U	U
chr22	38178000	38178200	U	U	U	U
chr22	38181400	38181600	U	U	U	U
chr22	38182000	38182200	B	U	B	U
chr22	38202800	38203000	B	U	U	U
chr22	38214200	38214400	B	U	U	U
chr22	38215000	38215200	B	U	U	U
chr22	38216400	38216600	U	U	U	U
chr22	38219000	38219200	U	U	U	U
chr22	38219600	38219800	U	U	U	U
chr22	38222400	38222600	U	U	U	U
chr22	38225200	38225400	U	U	U	U
chr22	38232400	38232600	U	U	U	U
chr22	38235200	38235400	U	U	U	U
chr22	38239400	38239600	U	U	U	U
chr22	38243600	38243800	U	U	U	U
chr22	38244200	38244400	U	U	U	U
chr22	38262600	38262800	U	U	U	U
chr22	38268400	38268600	U	U	U	U
chr22	38271800	38272000	U	U	U	U
chr22	38272000	38272200	B	U	U	U
chr22	38286400	38286600	U	U	U	U
chr22	38293600	38293800	U	U	U	U
chr22	38294000	38294200	U	U	U	U
chr22	38294600	38294800	U	U	U	U
chr22	38296200	38296400	U	U	U	U
chr22	38297600	38297800	U	U	U	U
chr22	38299200	38299400	U	U	U	U
chr22	38302800	38303000	U	U	U	U
chr22	38304200	38304400	U	U	U	U
chr22	38314200	38314400	U	U	U	U
chr22	38315200	38315400	U	U	U	U
chr22	38327400	38327600	U	U	U	U
chr22	38327800	38328000	U	U	U	U
chr22	38334800	38335000	U	U	U	U
chr22	38350600	38350800	U	U	U	U
chr22	38353800	38354000	B	U	U	U
chr22	38357000	38357200	U	U	U	U
chr22	38361800	38362000	U	U	U	U
chr22	38362000	38362200	U	U	U	U
chr22	38362400	38362600	U	U	U	U
chr22	38367800	38368000	U	U	U	U
chr22	38368000	38368200	U	U	U	U
chr22	38369200	38369400	U	U	U	U
chr22	38377400	38377600	U	U	U	U
chr22	38378800	38379000	U	U	U	U
chr22	38380000	38380200	U	U	U	U
chr22	38380800	38381000	U	U	U	U
chr22	38381200	38381400	U	U	U	U
chr22	38381400	38381600	U	U	U	U
chr22	38382000	38382200	U	U	U	U
chr22	38383200	38383400	U	U	U	U
chr22	38383400	38383600	U	U	U	U
chr22	38387800	38388000	U	U	U	U
chr22	38391800	38392000	U	U	U	U
chr22	38392200	38392400	U	U	U	U
chr22	38393000	38393200	U	U	U	U
chr22	38394000	38394200	U	U	U	U
chr22	38395000	38395200	B	U	U	B
chr22	38397200	38397400	B	U	U	U
chr22	38397600	38397800	B	U	U	U
chr22	38400600	38400800	U	U	U	U
chr22	38401400	38401600	U	U	U	U
chr22	38413200	38413400	B	U	U	U
chr22	38418800	38419000	U	U	U	U
chr22	38423800	38424000	U	U	U	U
chr22	38427800	38428000	U	U	U	U
chr22	38429200	38429400	U	U	U	U
chr22	38431400	38431600	U	U	U	U
chr22	38433800	38434000	U	U	U	U
chr22	38443200	38443400	U	U	U	U
chr22	38445200	38445400	U	U	U	U
chr22	38449800	38450000	U	U	U	U
chr22	38451400	38451600	U	U	U	U
chr22	38452600	38452800	U	U	U	U
chr22	38454200	38454400	U	U	U	U
chr22	38454600	38454800	U	U	U	U
chr22	38460400	38460600	U	U	U	U
chr22	38463200	38463400	B	U	U	U
chr22	38463400	38463600	B	U	U	U
chr22	38463800	38464000	U	U	U	U
chr22	38469400	38469600	U	U	U	U
chr22	38481000	38481200	U	U	U	U
chr22	38482200	38482400	U	U	U	U
chr22	38482400	38482600	U	U	U	U
chr22	38483200	38483400	U	U	U	U
chr22	38483600	38483800	U	U	U	U
chr22	38484600	38484800	U	U	U	U
chr22	38486400	38486600	U	U	U	U
chr22	38488000	38488200	U	U	U	U
chr22	38488600	38488800	U	U	U	U
chr22	38491200	38491400	U	U	U	U
chr22	38491400	38491600	U	U	U	U
chr22	38491600	38491800	U	U	U	U
chr22	38491800	38492000	U	U	U	U
chr22	38492200	38492400	U	U	U	U
chr22	38493800	38494000	U	U	U	U
chr22	38494600	38494800	U	U	U	U
chr22	38494800	38495000	U	U	U	U
chr22	38501000	38501200	U	U	U	U
chr22	38502600	38502800	U	U	U	U
chr22	38502800	38503000	U	U	U	U
chr22	38503200	38503400	U	U	U	U
chr22	38506400	38506600	B	U	U	U
chr22	38520000	38520200	U	U	U	U
chr22	38531600	38531800	U	U	U	U
chr22	38536600	38536800	U	U	U	U
chr22	38538400	38538600	U	U	U	U
chr22	38539400	38539600	U	U	U	U
chr22	38561800	38562000	U	U	U	U
chr22	38562200	38562400	U	U	U	U
chr22	38563200	38563400	U	U	U	U
chr22	38566400	38566600	U	U	U	U
chr22	38566600	38566800	U	U	U	U
chr22	38568200	38568400	U	U	U	U
chr22	38573000	38573200	U	U	U	U
chr22	38575400	38575600	U	U	U	U
chr22	38585400	38585600	U	U	U	U
chr22	38597200	38597400	U	U	U	U
chr22	38597400	38597600	U	U	U	U
chr22	38620000	38620200	U	U	U	U
chr22	38628400	38628600	U	U	U	U
chr22	38632000	38632200	U	U	U	U
chr22	38635400	38635600	U	U	U	U
chr22	38638600	38638800	B	U	B	U
chr22	38648000	38648200	U	U	U	U
chr22	38649000	38649200	U	U	U	U
chr22	38668000	38668200	U	U	U	U
chr22	38669000	38669200	U	U	U	U
chr22	38670600	38670800	U	U	U	U
chr22	38671000	38671200	U	U	U	U
chr22	38675400	38675600	U	U	U	U
chr22	38683800	38684000	U	U	U	U
chr22	38685400	38685600	U	U	U	U
chr22	38685600	38685800	U	U	U	U
chr22	38687800	38688000	U	U	U	U
chr22	38689600	38689800	U	U	U	U
chr22	38693400	38693600	U	U	U	U
chr22	38700600	38700800	B	U	U	U
chr22	38704800	38705000	U	U	U	U
chr22	38707800	38708000	U	U	U	U
chr22	38709400	38709600	U	U	U	U
chr22	38716600	38716800	U	U	U	U
chr22	38724400	38724600	U	U	U	U
chr22	38727200	38727400	U	U	U	U
chr22	38728000	38728200	U	U	U	U
chr22	38729000	38729200	U	U	U	U
chr22	38729600	38729800	U	U	U	U
chr22	38731400	38731600	U	U	U	U
chr22	38732000	38732200	U	U	U	U
chr22	38734200	38734400	B	U	U	U
chr22	38734600	38734800	U	U	U	U
chr22	38734800	38735000	U	U	U	U
chr22	38735800	38736000	U	U	U	U
chr22	38737200	38737400	U	U	U	U
chr22	38739800	38740000	U	U	U	U
chr22	38743000	38743200	U	U	U	U
chr22	38751200	38751400	U	U	U	U
chr22	38754000	38754200	U	U	U	U
chr22	38754400	38754600	U	U	U	U
chr22	38754600	38754800	U	U	U	U
chr22	38755600	38755800	B	U	B	B
chr22	38762600	38762800	U	U	U	U
chr22	38775000	38775200	U	U	U	U
chr22	38775200	38775400	U	U	U	U
chr22	38777600	38777800	U	U	U	U
chr22	38779400	38779600	U	U	U	U
chr22	38779600	38779800	U	U	U	U
chr22	38780600	38780800	U	U	U	U
chr22	38786600	38786800	U	U	U	U
chr22	38793200	38793400	U	U	U	U
chr22	38793800	38794000	B	U	U	U
chr22	38794200	38794400	B	U	U	U
chr22	38820400	38820600	U	U	U	U
chr22	38826600	38826800	U	U	U	U
chr22	38833000	38833200	U	U	U	U
chr22	38837400	38837600	U	U	U	U
chr22	38841400	38841600	U	U	U	U
chr22	38845000	38845200	U	U	U	U
chr22	38849800	38850000	U	U	U	U
chr22	38853400	38853600	U	U	U	U
chr22	38862000	38862200	U	U	U	U
chr22	38862800	38863000	U	U	U	U
chr22	38863600	38863800	U	U	U	U
chr22	38863800	38864000	U	U	U	U
chr22	38864800	38865000	U	U	U	U
chr22	38865600	38865800	U	U	U	U
chr22	38870600	38870800	U	U	U	U
chr22	38871400	38871600	B	U	U	U
chr22	38883000	38883200	U	U	U	U
chr22	38884000	38884200	U	U	U	U
chr22	38884400	38884600	U	U	U	U
chr22	38884600	38884800	U	U	U	U
chr22	38884800	38885000	U	U	U	U
chr22	38898200	38898400	U	U	U	U
chr22	38900200	38900400	U	U	U	U
chr22	38916600	38916800	U	U	B	U
chr22	38916800	38917000	U	U	B	U
chr22	38927800	38928000	U	U	U	U
chr22	38932800	38933000	U	U	U	U
chr22	38935000	38935200	U	U	U	U
chr22	38936400	38936600	U	U	U	U
chr22	38936800	38937000	U	U	U	U
chr22	38937200	38937400	U	U	U	U
chr22	38947000	38947200	U	U	U	U
chr22	38947600	38947800	U	U	U	U
chr22	38951200	38951400	U	U	U	U
chr22	38954200	38954400	U	U	U	U
chr22	38955000	38955200	U	U	U	U
chr22	38955200	38955400	U	U	U	U
chr22	38955800	38956000	U	U	U	U
chr22	38956400	38956600	U	U	U	U
chr22	38956600	38956800	U	U	U	U
chr22	38957200	38957400	U	U	U	U
chr22	38957800	38958000	U	U	U	U
chr22	38959000	38959200	U	U	U	U
chr22	38960600	38960800	U	U	U	U
chr22	38963000	38963200	U	U	U	U
chr22	38963400	38963600	B	U	U	U
chr22	38964200	38964400	U	U	U	U
chr22	38965000	38965200	U	U	U	U
chr22	38965400	38965600	U	U	U	U
chr22	38966200	38966400	B	U	U	U
chr22	38966400	38966600	B	U	U	U
chr22	38968000	38968200	U	U	U	U
chr22	38981800	38982000	B	U	U	U
chr22	38982600	38982800	B	U	U	U
chr22	38985600	38985800	U	U	U	U
chr22	38986200	38986400	U	U	U	U
chr22	38987000	38987200	U	U	U	U
chr22	38988800	38989000	U	U	U	U
chr22	38990200	38990400	U	U	U	U
chr22	38990600	38990800	U	U	U	U
chr22	38991800	38992000	U	U	U	U
chr22	38996200	38996400	U	U	U	U
chr22	39005400	39005600	U	U	U	U
chr22	39014400	39014600	B	U	U	U
chr22	39014600	39014800	B	U	U	U
chr22	39020600	39020800	B	U	U	U
chr22	39040800	39041000	B	U	U	U
chr22	39043000	39043200	U	U	U	U
chr22	39047200	39047400	U	U	U	U
chr22	39047800	39048000	U	U	U	U
chr22	39052200	39052400	U	U	U	U
chr22	39079000	39079200	U	U	U	U
chr22	39083000	39083200	U	U	U	U
chr22	39083200	39083400	U	U	U	U
chr22	39083400	39083600	U	U	U	U
chr22	39087400	39087600	U	U	U	U
chr22	39090800	39091000	U	U	U	U
chr22	39097800	39098000	U	U	U	U
chr22	39101200	39101400	U	U	U	U
chr22	39101800	39102000	U	U	U	U
chr22	39120200	39120400	U	U	U	U
chr22	39131000	39131200	U	U	U	U
chr22	39131600	39131800	B	U	U	U
chr22	39132800	39133000	U	U	U	U
chr22	39133200	39133400	U	U	U	U
chr22	39134800	39135000	U	U	U	U
chr22	39138400	39138600	U	U	U	U
chr22	39144400	39144600	U	U	U	U
chr22	39145800	39146000	B	U	B	U
chr22	39148200	39148400	U	U	U	U
chr22	39149800	39150000	U	U	U	U
chr22	39156600	39156800	U	U	U	U
chr22	39171600	39171800	U	U	U	U
chr22	39177400	39177600	U	U	U	U
chr22	39182400	39182600	U	U	U	U
chr22	39206600	39206800	U	U	U	U
chr22	39207000	39207200	U	U	U	U
chr22	39207600	39207800	U	U	U	U
chr22	39224600	39224800	U	U	U	U
chr22	39230200	39230400	U	U	U	U
chr22	39230400	39230600	U	U	U	U
chr22	39231200	39231400	U	U	U	U
chr22	39232800	39233000	U	U	U	U
chr22	39233400	39233600	U	U	U	U
chr22	39234600	39234800	U	U	U	U
chr22	39235600	39235800	U	U	U	U
chr22	39237200	39237400	U	U	U	U
chr22	39239200	39239400	U	U	U	U
chr22	39239800	39240000	U	U	U	U
chr22	39241200	39241400	U	U	B	U
chr22	39249000	39249200	U	U	U	U
chr22	39252000	39252200	U	U	U	U
chr22	39254600	39254800	U	U	U	U
chr22	39274400	39274600	U	U	U	U
chr22	39278200	39278400	U	U	U	U
chr22	39280400	39280600	U	U	U	U
chr22	39283600	39283800	B	U	B	B
chr22	39288600	39288800	U	U	U	U
chr22	39289400	39289600	U	U	U	U
chr22	39292800	39293000	B	U	U	U
chr22	39297200	39297400	U	U	U	U
chr22	39297800	39298000	U	U	U	U
chr22	39298000	39298200	U	U	U	U
chr22	39298200	39298400	U	U	U	U
chr22	39309400	39309600	U	U	U	U
chr22	39309600	39309800	U	U	U	U
chr22	39310600	39310800	U	U	U	U
chr22	39312000	39312200	B	U	U	U
chr22	39315600	39315800	U	U	U	U
chr22	39318000	39318200	U	U	U	U
chr22	39318200	39318400	U	U	U	U
chr22	39318400	39318600	U	U	U	U
chr22	39318800	39319000	B	U	U	U
chr22	39319800	39320000	B	U	U	B
chr22	39328400	39328600	U	U	U	U
chr22	39328600	39328800	U	U	U	U
chr22	39328800	39329000	U	U	U	U
chr22	39375200	39375400	U	U	U	U
chr22	39377400	39377600	U	U	U	U
chr22	39383400	39383600	U	U	U	U
chr22	39401400	39401600	U	U	U	U
chr22	39408200	39408400	U	U	U	U
chr22	39408800	39409000	U	U	U	U
chr22	39416400	39416600	U	U	U	U
chr22	39427400	39427600	U	U	U	U
chr22	39428400	39428600	U	U	U	U
chr22	39430200	39430400	U	U	U	U
chr22	39432200	39432400	U	U	U	U
chr22	39432400	39432600	U	U	U	U
chr22	39432800	39433000	U	U	U	U
chr22	39435800	39436000	U	U	U	U
chr22	39437600	39437800	B	U	U	U
chr22	39445400	39445600	U	U	U	U
chr22	39445800	39446000	U	U	U	U
chr22	39462800	39463000	U	U	U	U
chr22	39469000	39469200	U	U	U	U
chr22	39471200	39471400	U	U	U	U
chr22	39471400	39471600	U	U	U	U
chr22	39472000	39472200	U	U	U	U
chr22	39474200	39474400	U	U	U	U
chr22	39475200	39475400	U	U	U	U
chr22	39475400	39475600	U	U	U	U
chr22	39475600	39475800	U	U	U	U
chr22	39478800	39479000	U	U	B	U
chr22	39483000	39483200	U	U	U	U
chr22	39487800	39488000	U	U	U	U
chr22	39489200	39489400	B	U	U	U
chr22	39491600	39491800	U	U	U	U
chr22	39492600	39492800	U	U	U	U
chr22	39498200	39498400	U	U	U	U
chr22	39498400	39498600	U	U	U	U
chr22	39502200	39502400	B	U	U	U
chr22	39502400	39502600	B	U	U	U
chr22	39506000	39506200	U	U	U	U
chr22	39511400	39511600	U	U	U	U
chr22	39513600	39513800	U	U	U	U
chr22	39515600	39515800	U	U	U	U
chr22	39517400	39517600	U	U	U	U
chr22	39519200	39519400	B	U	U	U
chr22	39521200	39521400	B	U	U	U
chr22	39522200	39522400	U	U	U	U
chr22	39526800	39527000	U	U	U	U
chr22	39528200	39528400	U	U	U	U
chr22	39528600	39528800	U	U	U	U
chr22	39538000	39538200	U	U	U	U
chr22	39547800	39548000	U	U	U	U
chr22	39555800	39556000	U	U	U	U
chr22	39559200	39559400	U	U	U	U
chr22	39567400	39567600	U	U	U	U
chr22	39570800	39571000	U	U	U	U
chr22	39573800	39574000	U	U	U	U
chr22	39574000	39574200	U	U	U	U
chr22	39577400	39577600	U	U	U	U
chr22	39586800	39587000	U	U	U	U
chr22	39590200	39590400	U	U	U	U
chr22	39593400	39593600	U	U	U	U
chr22	39594400	39594600	U	U	U	U
chr22	39598400	39598600	B	U	U	U
chr22	39615000	39615200	U	U	U	U
chr22	39619200	39619400	U	U	U	U
chr22	39621600	39621800	U	U	U	U
chr22	39628000	39628200	U	U	U	U
chr22	39628800	39629000	U	U	U	U
chr22	39629600	39629800	U	U	U	U
chr22	39630600	39630800	U	U	U	U
chr22	39642800	39643000	U	U	U	U
chr22	39643400	39643600	U	U	U	U
chr22	39643600	39643800	U	U	U	U
chr22	39647200	39647400	U	U	U	U
chr22	39648200	39648400	U	U	U	U
chr22	39651400	39651600	U	U	U	U
chr22	39653400	39653600	U	U	U	U
chr22	39654400	39654600	U	U	U	U
chr22	39655800	39656000	U	U	U	U
chr22	39658000	39658200	U	U	U	U
chr22	39658800	39659000	U	U	U	U
chr22	39663600	39663800	U	U	U	U
chr22	39664800	39665000	B	U	U	U
chr22	39668200	39668400	U	U	U	U
chr22	39668600	39668800	U	U	U	U
chr22	39668800	39669000	U	U	U	U
chr22	39669200	39669400	U	U	U	U
chr22	39670800	39671000	U	U	U	U
chr22	39672800	39673000	U	U	U	U
chr22	39673000	39673200	U	U	U	U
chr22	39677400	39677600	U	U	U	U
chr22	39680400	39680600	U	U	U	U
chr22	39688000	39688200	U	U	U	U
chr22	39688200	39688400	U	U	U	U
chr22	39688800	39689000	U	U	U	U
chr22	39690600	39690800	U	U	U	U
chr22	39693800	39694000	U	U	U	U
chr22	39697200	39697400	U	U	U	U
chr22	39704000	39704200	U	U	U	U
chr22	39705200	39705400	U	U	U	U
chr22	39705400	39705600	U	U	U	U
chr22	39706400	39706600	U	U	U	U
chr22	39706600	39706800	U	U	U	U
chr22	39712800	39713000	U	U	U	U
chr22	39714000	39714200	U	U	U	U
chr22	39716400	39716600	U	U	U	U
chr22	39719800	39720000	U	U	U	U
chr22	39732800	39733000	B	U	U	U
chr22	39734800	39735000	U	U	U	U
chr22	39736600	39736800	U	U	U	U
chr22	39743200	39743400	U	U	U	U
chr22	39744600	39744800	U	U	U	U
chr22	39750600	39750800	U	U	U	U
chr22	39751200	39751400	U	U	U	U
chr22	39752800	39753000	U	U	U	U
chr22	39753000	39753200	U	U	U	U
chr22	39753400	39753600	U	U	U	U
chr22	39754400	39754600	U	U	U	U
chr22	39754800	39755000	U	U	U	U
chr22	39765800	39766000	U	U	U	U
chr22	39766400	39766600	U	U	U	U
chr22	39768400	39768600	U	U	U	U
chr22	39775600	39775800	U	U	U	U
chr22	39778600	39778800	U	U	U	U
chr22	39801400	39801600	U	U	U	B
chr22	39801800	39802000	U	U	U	U
chr22	39806000	39806200	U	U	U	U
chr22	39820400	39820600	U	U	U	U
chr22	39821000	39821200	U	U	U	U
chr22	39828600	39828800	U	U	U	U
chr22	39829000	39829200	U	U	U	U
chr22	39839800	39840000	B	U	B	U
chr22	39840400	39840600	B	U	U	U
chr22	39844200	39844400	U	U	U	U
chr22	39844400	39844600	U	U	U	U
chr22	39851600	39851800	U	U	U	U
chr22	39861000	39861200	U	U	U	U
chr22	39865200	39865400	U	U	U	U
chr22	39877000	39877200	U	U	U	U
chr22	39893800	39894000	U	U	U	U
chr22	39900200	39900400	U	U	U	U
chr22	39901200	39901400	B	U	U	U
chr22	39902400	39902600	U	U	U	U
chr22	39906800	39907000	U	U	U	U
chr22	39909400	39909600	U	U	U	U
chr22	39914000	39914200	U	U	U	U
chr22	39914400	39914600	U	U	U	U
chr22	39914600	39914800	U	U	U	U
chr22	39916000	39916200	U	U	U	U
chr22	39917000	39917200	U	U	U	U
chr22	39918000	39918200	U	U	U	U
chr22	39920200	39920400	B	U	B	B
chr22	39921000	39921200	B	U	U	U
chr22	39931200	39931400	U	U	U	U
chr22	39931600	39931800	U	U	U	U
chr22	39932000	39932200	U	U	U	U
chr22	39937400	39937600	U	U	U	U
chr22	39938600	39938800	U	U	U	B
chr22	39940600	39940800	U	U	U	U
chr22	39944400	39944600	U	U	U	U
chr22	39945600	39945800	U	U	U	U
chr22	39951200	39951400	U	U	U	U
chr22	39955400	39955600	U	U	U	U
chr22	39963200	39963400	U	U	U	U
chr22	39963400	39963600	U	U	U	U
chr22	39967600	39967800	U	U	U	B
chr22	39971400	39971600	U	U	U	U
chr22	39983400	39983600	U	U	U	U
chr22	39985200	39985400	U	U	U	U
chr22	39989800	39990000	U	U	U	U
chr22	39995800	39996000	U	U	U	U
chr22	39997600	39997800	U	U	U	U
chr22	39998800	39999000	B	U	U	U
chr22	40000200	40000400	U	U	U	U
chr22	40000800	40001000	U	U	U	U
chr22	40010000	40010200	U	U	U	U
chr22	40019200	40019400	U	U	U	U
chr22	40023600	40023800	U	U	U	U
chr22	40026000	40026200	U	U	U	U
chr22	40030400	40030600	U	U	U	U
chr22	40039800	40040000	U	U	U	U
chr22	40041600	40041800	U	U	U	U
chr22	40045400	40045600	U	U	U	U
chr22	40055600	40055800	B	U	U	B
chr22	40055800	40056000	B	U	U	B
chr22	40059000	40059200	U	U	U	U
chr22	40071400	40071600	U	U	U	U
chr22	40094800	40095000	U	U	U	U
chr22	40096000	40096200	U	U	U	U
chr22	40096200	40096400	U	U	U	U
chr22	40102000	40102200	U	U	U	U
chr22	40105000	40105200	U	U	U	U
chr22	40107600	40107800	U	U	U	U
chr22	40113800	40114000	U	U	U	U
chr22	40115800	40116000	U	U	U	U
chr22	40121800	40122000	U	U	U	U
chr22	40131800	40132000	U	U	U	U
chr22	40137400	40137600	U	U	U	U
chr22	40157200	40157400	U	U	U	U
chr22	40162600	40162800	U	U	U	U
chr22	40175800	40176000	U	U	U	U
chr22	40179200	40179400	B	U	U	U
chr22	40180400	40180600	U	U	U	U
chr22	40180800	40181000	U	U	U	U
chr22	40190200	40190400	U	U	U	U
chr22	40190600	40190800	B	U	U	B
chr22	40203000	40203200	B	U	U	U
chr22	40204400	40204600	U	U	U	U
chr22	40205600	40205800	U	U	U	U
chr22	40216800	40217000	U	U	U	U
chr22	40225200	40225400	U	U	U	U
chr22	40235400	40235600	U	U	U	U
chr22	40245800	40246000	U	U	U	U
chr22	40252000	40252200	U	U	U	U
chr22	40252600	40252800	U	U	U	U
chr22	40253800	40254000	U	U	U	U
chr22	40255200	40255400	U	U	U	U
chr22	40255400	40255600	U	U	U	U
chr22	40260000	40260200	U	U	U	U
chr22	40263400	40263600	U	U	U	U
chr22	40264800	40265000	U	U	U	U
chr22	40266200	40266400	U	U	U	U
chr22	40270800	40271000	U	U	U	U
chr22	40271400	40271600	U	U	U	U
chr22	40272200	40272400	U	U	U	U
chr22	40272800	40273000	U	U	U	U
chr22	40277200	40277400	U	U	U	U
chr22	40279200	40279400	U	U	U	U
chr22	40280200	40280400	U	U	U	U
chr22	40281600	40281800	U	U	U	U
chr22	40281800	40282000	U	U	U	U
chr22	40283800	40284000	U	U	U	U
chr22	40298200	40298400	U	U	U	U
chr22	40299800	40300000	U	U	U	U
chr22	40305400	40305600	U	U	U	U
chr22	40305600	40305800	U	U	U	U
chr22	40308200	40308400	U	U	U	U
chr22	40309800	40310000	U	U	U	U
chr22	40310000	40310200	U	U	U	U
chr22	40312000	40312200	U	U	U	U
chr22	40312200	40312400	U	U	U	U
chr22	40312800	40313000	U	U	U	U
chr22	40313000	40313200	U	U	U	U
chr22	40314800	40315000	U	U	U	U
chr22	40315800	40316000	U	U	U	U
chr22	40321000	40321200	U	U	U	B
chr22	40324400	40324600	U	U	U	U
chr22	40324800	40325000	U	U	U	U
chr22	40325600	40325800	U	U	U	U
chr22	40326200	40326400	U	U	U	U
chr22	40328200	40328400	U	U	U	U
chr22	40330200	40330400	U	U	U	U
chr22	40330600	40330800	U	U	U	U
chr22	40330800	40331000	U	U	U	U
chr22	40332000	40332200	U	U	U	U
chr22	40333600	40333800	U	U	U	U
chr22	40334000	40334200	U	U	U	U
chr22	40334800	40335000	U	U	U	U
chr22	40342000	40342200	U	U	U	U
chr22	40349800	40350000	U	U	U	U
chr22	40353000	40353200	U	U	U	U
chr22	40361200	40361400	U	U	U	U
chr22	40364800	40365000	U	U	U	U
chr22	40366600	40366800	U	U	U	U
chr22	40371000	40371200	B	U	U	U
chr22	40385600	40385800	U	U	U	U
chr22	40386200	40386400	U	U	U	U
chr22	40392200	40392400	U	U	U	U
chr22	40396000	40396200	U	U	U	U
chr22	40404400	40404600	U	U	U	U
chr22	40404600	40404800	U	U	U	U
chr22	40405000	40405200	U	U	U	U
chr22	40407400	40407600	U	U	U	U
chr22	40408200	40408400	U	U	U	U
chr22	40408800	40409000	U	U	U	U
chr22	40410000	40410200	U	U	U	U
chr22	40411400	40411600	U	U	U	U
chr22	40415200	40415400	U	U	U	U
chr22	40415400	40415600	U	U	U	U
chr22	40418400	40418600	U	U	U	U
chr22	40419200	40419400	U	U	U	U
chr22	40420000	40420200	U	U	U	U
chr22	40420200	40420400	U	U	U	U
chr22	40421200	40421400	U	U	U	U
chr22	40421600	40421800	U	U	U	U
chr22	40424200	40424400	U	U	U	U
chr22	40424800	40425000	U	U	U	U
chr22	40427400	40427600	U	U	U	U
chr22	40429400	40429600	U	U	U	U
chr22	40429600	40429800	U	U	U	U
chr22	40436200	40436400	B	U	U	U
chr22	40446400	40446600	U	U	U	U
chr22	40453200	40453400	U	U	U	U
chr22	40453600	40453800	U	U	U	U
chr22	40463000	40463200	B	U	U	U
chr22	40463800	40464000	U	U	U	U
chr22	40468400	40468600	U	U	U	U
chr22	40472800	40473000	U	U	U	U
chr22	40482400	40482600	U	U	U	U
chr22	40484200	40484400	U	U	U	U
chr22	40490000	40490200	U	U	U	U
chr22	40492800	40493000	U	U	U	U
chr22	40499400	40499600	B	U	U	B
chr22	40503000	40503200	U	U	U	U
chr22	40504000	40504200	U	U	U	U
chr22	40506400	40506600	U	U	U	U
chr22	40506600	40506800	U	U	U	U
chr22	40510200	40510400	U	U	U	U
chr22	40516600	40516800	U	U	U	U
chr22	40528000	40528200	U	U	U	U
chr22	40531800	40532000	U	U	U	U
chr22	40532000	40532200	U	U	U	U
chr22	40532600	40532800	U	U	U	U
chr22	40533000	40533200	U	U	U	U
chr22	40533600	40533800	B	U	U	B
chr22	40533800	40534000	B	U	U	B
chr22	40541400	40541600	U	U	U	U
chr22	40563000	40563200	U	U	U	U
chr22	40564400	40564600	U	U	U	U
chr22	40567000	40567200	U	U	U	U
chr22	40567400	40567600	U	U	U	U
chr22	40568200	40568400	U	U	U	U
chr22	40568400	40568600	U	U	U	U
chr22	40582800	40583000	U	U	U	U
chr22	40586600	40586800	U	U	U	U
chr22	40587000	40587200	U	U	U	U
chr22	40587200	40587400	U	U	U	U
chr22	40587400	40587600	U	U	U	U
chr22	40587800	40588000	U	U	U	U
chr22	40594000	40594200	U	U	U	B
chr22	40594200	40594400	U	U	U	B
chr22	40597400	40597600	U	U	U	U
chr22	40605800	40606000	U	U	U	U
chr22	40606000	40606200	U	U	U	U
chr22	40610400	40610600	U	U	U	U
chr22	40624600	40624800	U	U	U	U
chr22	40625000	40625200	U	U	U	U
chr22	40628600	40628800	U	U	U	U
chr22	40633600	40633800	U	U	U	U
chr22	40635200	40635400	U	U	U	U
chr22	40636400	40636600	B	U	U	U
chr22	40636800	40637000	B	U	U	U
chr22	40669800	40670000	U	U	U	U
chr22	40674400	40674600	U	U	U	U
chr22	40678800	40679000	U	U	U	U
chr22	40679600	40679800	U	U	U	U
chr22	40680000	40680200	U	U	U	U
chr22	40681600	40681800	U	U	U	U
chr22	40682200	40682400	U	U	U	U
chr22	40685200	40685400	U	U	U	U
chr22	40690600	40690800	U	U	U	U
chr22	40703800	40704000	U	U	U	U
chr22	40714600	40714800	U	U	U	U
chr22	40724000	40724200	U	U	U	U
chr22	40739000	40739200	U	U	U	U
chr22	40739600	40739800	U	U	U	U
chr22	40740000	40740200	U	U	U	U
chr22	40757200	40757400	U	U	U	U
chr22	40766400	40766600	U	U	U	U
chr22	40768600	40768800	U	U	U	U
chr22	40779000	40779200	U	U	U	U
chr22	40781600	40781800	U	U	U	U
chr22	40783000	40783200	U	U	U	U
chr22	40790600	40790800	U	U	U	U
chr22	40798400	40798600	U	U	U	U
chr22	40808000	40808200	U	U	U	U
chr22	40813800	40814000	U	U	U	U
chr22	40823600	40823800	U	U	U	U
chr22	40823800	40824000	U	U	U	U
chr22	40839200	40839400	U	U	U	U
chr22	40844600	40844800	U	U	U	U
chr22	40849600	40849800	U	U	U	U
chr22	40850600	40850800	U	U	U	U
chr22	40854400	40854600	U	U	U	U
chr22	40859600	40859800	U	U	U	U
chr22	40861400	40861600	U	U	U	U
chr22	40863400	40863600	U	U	U	U
chr22	40868200	40868400	U	U	U	U
chr22	40872200	40872400	U	U	U	U
chr22	40881800	40882000	U	U	U	U
chr22	40882000	40882200	U	U	U	U
chr22	40891800	40892000	U	U	U	U
chr22	40898800	40899000	U	U	U	U
chr22	40914200	40914400	U	U	U	U
chr22	40922000	40922200	U	U	U	U
chr22	40922200	40922400	U	U	U	U
chr22	40924200	40924400	U	U	U	U
chr22	40925200	40925400	U	U	U	U
chr22	40925800	40926000	U	U	U	U
chr22	40926800	40927000	U	U	U	U
chr22	40929600	40929800	U	U	U	U
chr22	40932000	40932200	U	U	U	U
chr22	40932400	40932600	U	U	U	U
chr22	40955800	40956000	U	U	U	U
chr22	40959200	40959400	U	U	U	U
chr22	40964000	40964200	U	U	U	U
chr22	40967800	40968000	U	U	U	U
chr22	40971200	40971400	U	U	U	U
chr22	40982600	40982800	U	U	U	U
chr22	41003200	41003400	U	U	U	U
chr22	41049600	41049800	B	U	U	U
chr22	41062400	41062600	U	U	U	U
chr22	41074400	41074600	U	U	U	U
chr22	41092800	41093000	B	U	U	U
chr22	41093200	41093400	B	U	U	U
chr22	41093800	41094000	U	U	U	U
chr22	41097000	41097200	U	U	U	U
chr22	41097600	41097800	U	U	U	U
chr22	41103800	41104000	U	U	U	U
chr22	41106400	41106600	U	U	U	U
chr22	41107200	41107400	U	U	U	U
chr22	41116000	41116200	U	U	U	U
chr22	41117400	41117600	U	U	U	U
chr22	41121200	41121400	U	U	U	U
chr22	41121600	41121800	U	U	U	U
chr22	41127200	41127400	U	U	U	U
chr22	41127400	41127600	U	U	U	U
chr22	41127600	41127800	U	U	U	U
chr22	41131400	41131600	U	U	U	U
chr22	41132600	41132800	U	U	U	U
chr22	41133800	41134000	U	U	U	U
chr22	41135600	41135800	U	U	U	U
chr22	41137400	41137600	U	U	U	U
chr22	41139800	41140000	U	U	U	U
chr22	41141000	41141200	U	U	U	U
chr22	41141200	41141400	U	U	U	U
chr22	41148400	41148600	U	U	U	U
chr22	41148800	41149000	U	U	U	U
chr22	41149200	41149400	U	U	U	U
chr22	41149600	41149800	U	U	U	U
chr22	41150400	41150600	U	U	U	U
chr22	41151000	41151200	U	U	U	U
chr22	41152000	41152200	U	U	U	U
chr22	41152200	41152400	U	U	U	U
chr22	41153800	41154000	U	U	U	U
chr22	41158200	41158400	U	U	U	U
chr22	41158400	41158600	U	U	U	U
chr22	41158800	41159000	U	U	U	U
chr22	41164800	41165000	U	U	U	U
chr22	41165000	41165200	U	U	U	U
chr22	41170000	41170200	U	U	U	U
chr22	41173600	41173800	U	U	U	U
chr22	41174600	41174800	U	U	U	U
chr22	41175400	41175600	U	U	U	U
chr22	41191800	41192000	U	U	U	U
chr22	41197400	41197600	B	U	B	U
chr22	41197800	41198000	B	U	B	U
chr22	41213600	41213800	U	U	U	U
chr22	41216800	41217000	U	U	U	U
chr22	41223000	41223200	U	U	U	U
chr22	41223800	41224000	U	U	U	U
chr22	41226600	41226800	U	U	U	U
chr22	41230200	41230400	U	U	U	U
chr22	41234000	41234200	U	U	U	U
chr22	41236400	41236600	U	U	U	U
chr22	41237200	41237400	U	U	U	U
chr22	41238200	41238400	U	U	U	U
chr22	41245400	41245600	B	U	U	U
chr22	41245800	41246000	B	U	U	U
chr22	41246000	41246200	B	U	U	U
chr22	41249600	41249800	U	U	U	U
chr22	41249800	41250000	U	U	U	U
chr22	41250600	41250800	U	U	U	U
chr22	41252800	41253000	U	U	U	U
chr22	41262800	41263000	U	U	U	U
chr22	41267800	41268000	U	U	U	U
chr22	41277600	41277800	U	U	U	U
chr22	41281200	41281400	U	U	U	U
chr22	41288200	41288400	U	U	U	U
chr22	41288400	41288600	U	U	U	U
chr22	41290600	41290800	U	U	U	U
chr22	41290800	41291000	U	U	U	U
chr22	41301800	41302000	B	U	U	U
chr22	41302000	41302200	U	U	U	U
chr22	41303000	41303200	B	U	U	U
chr22	41324200	41324400	U	U	U	U
chr22	41324600	41324800	U	U	U	U
chr22	41326800	41327000	U	U	U	U
chr22	41330000	41330200	U	U	U	U
chr22	41335400	41335600	U	U	U	U
chr22	41337600	41337800	U	U	U	U
chr22	41342400	41342600	U	U	U	U
chr22	41345600	41345800	U	U	U	U
chr22	41347600	41347800	U	U	U	U
chr22	41353400	41353600	U	U	U	U
chr22	41357000	41357200	U	U	U	U
chr22	41358600	41358800	B	U	U	U
chr22	41358800	41359000	B	U	U	U
chr22	41360000	41360200	U	U	U	U
chr22	41363000	41363200	U	U	U	U
chr22	41366800	41367000	B	U	U	U
chr22	41367600	41367800	B	U	U	U
chr22	41368000	41368200	U	U	U	U
chr22	41371000	41371200	U	U	U	U
chr22	41371800	41372000	U	U	U	U
chr22	41375000	41375200	U	U	U	U
chr22	41382000	41382200	B	U	U	U
chr22	41383000	41383200	U	U	U	U
chr22	41390800	41391000	U	U	U	U
chr22	41397200	41397400	U	U	U	U
chr22	41398800	41399000	U	U	U	U
chr22	41402400	41402600	U	U	U	U
chr22	41415400	41415600	U	U	U	U
chr22	41433800	41434000	U	U	U	U
chr22	41434200	41434400	U	U	U	U
chr22	41434800	41435000	U	U	U	U
chr22	41435000	41435200	U	U	U	U
chr22	41435800	41436000	U	U	U	U
chr22	41436800	41437000	U	U	U	U
chr22	41438000	41438200	U	U	U	U
chr22	41439200	41439400	U	U	U	U
chr22	41442800	41443000	U	U	U	U
chr22	41446800	41447000	B	U	U	B
chr22	41447400	41447600	B	U	U	U
chr22	41449000	41449200	U	U	U	U
chr22	41449400	41449600	U	U	U	U
chr22	41462200	41462400	U	U	U	U
chr22	41464200	41464400	U	U	U	U
chr22	41464400	41464600	U	U	U	U
chr22	41468400	41468600	B	U	U	U
chr22	41468600	41468800	B	U	U	U
chr22	41468800	41469000	B	U	U	U
chr22	41482400	41482600	B	U	U	U
chr22	41484200	41484400	U	U	U	U
chr22	41488200	41488400	U	U	U	U
chr22	41507000	41507200	U	U	U	U
chr22	41516400	41516600	U	U	U	U
chr22	41524600	41524800	U	U	U	U
chr22	41525800	41526000	U	U	U	U
chr22	41526000	41526200	U	U	U	U
chr22	41531200	41531400	U	U	U	U
chr22	41532200	41532400	U	U	U	U
chr22	41532600	41532800	U	U	U	U
chr22	41546000	41546200	U	U	U	U
chr22	41555800	41556000	U	U	U	U
chr22	41560000	41560200	U	U	U	U
chr22	41560400	41560600	U	U	U	U
chr22	41562400	41562600	U	U	U	U
chr22	41575800	41576000	U	U	U	U
chr22	41576400	41576600	U	U	U	U
chr22	41577200	41577400	B	U	B	U
chr22	41584000	41584200	U	U	U	U
chr22	41589200	41589400	B	U	U	U
chr22	41595600	41595800	U	U	U	U
chr22	41597000	41597200	B	U	U	U
chr22	41600400	41600600	U	U	U	U
chr22	41603200	41603400	U	U	U	U
chr22	41610400	41610600	U	U	U	U
chr22	41619800	41620000	U	U	U	U
chr22	41620200	41620400	B	U	U	U
chr22	41622200	41622400	U	U	U	U
chr22	41622400	41622600	U	U	U	U
chr22	41636000	41636200	U	U	U	U
chr22	41648200	41648400	U	U	U	U
chr22	41648600	41648800	U	U	U	U
chr22	41650600	41650800	U	U	U	U
chr22	41657000	41657200	U	U	U	U
chr22	41658200	41658400	U	U	U	U
chr22	41660200	41660400	U	U	U	U
chr22	41664600	41664800	U	U	U	U
chr22	41665000	41665200	U	U	U	U
chr22	41688200	41688400	B	U	U	U
chr22	41694000	41694200	U	U	U	U
chr22	41694800	41695000	U	U	U	U
chr22	41696800	41697000	B	U	U	U
chr22	41708800	41709000	U	U	U	U
chr22	41723800	41724000	U	U	U	U
chr22	41732400	41732600	U	U	U	U
chr22	41737000	41737200	U	U	U	U
chr22	41751000	41751200	U	U	U	U
chr22	41770800	41771000	U	U	U	U
chr22	41771000	41771200	U	U	U	U
chr22	41773200	41773400	U	U	U	U
chr22	41781200	41781400	B	U	U	U
chr22	41782400	41782600	U	U	U	U
chr22	41782600	41782800	U	U	U	U
chr22	41782800	41783000	U	U	U	U
chr22	41794200	41794400	U	U	U	U
chr22	41799400	41799600	B	U	U	U
chr22	41810000	41810200	U	U	U	U
chr22	41810200	41810400	U	U	U	U
chr22	41827200	41827400	U	U	U	U
chr22	41830200	41830400	U	U	U	U
chr22	41830400	41830600	U	U	U	U
chr22	41836200	41836400	U	U	U	U
chr22	41836800	41837000	U	U	U	U
chr22	41839000	41839200	U	U	U	U
chr22	41839200	41839400	U	U	U	U
chr22	41862800	41863000	U	U	U	U
chr22	41866600	41866800	U	U	U	U
chr22	41871000	41871200	U	U	U	U
chr22	41877200	41877400	U	U	U	U
chr22	41879400	41879600	U	U	U	U
chr22	41882200	41882400	U	U	U	U
chr22	41893200	41893400	U	U	U	U
chr22	41893800	41894000	U	U	U	U
chr22	41894000	41894200	U	U	U	U
chr22	41898800	41899000	U	U	U	U
chr22	41903000	41903200	U	U	U	U
chr22	41903600	41903800	U	U	U	U
chr22	41904200	41904400	U	U	U	U
chr22	41904400	41904600	U	U	U	U
chr22	41904800	41905000	U	U	U	U
chr22	41907000	41907200	U	U	U	U
chr22	41907200	41907400	U	U	U	U
chr22	41908200	41908400	B	U	U	U
chr22	41909000	41909200	B	U	U	U
chr22	41910000	41910200	U	U	U	U
chr22	41911400	41911600	U	U	U	U
chr22	41917600	41917800	U	U	U	U
chr22	41917800	41918000	U	U	U	U
chr22	41920000	41920200	B	U	U	U
chr22	41920800	41921000	U	U	U	U
chr22	41923400	41923600	U	U	U	U
chr22	41925800	41926000	B	U	U	U
chr22	41931800	41932000	U	U	U	U
chr22	41932000	41932200	U	U	U	U
chr22	41939000	41939200	U	U	U	U
chr22	41940800	41941000	B	U	U	U
chr22	41945800	41946000	U	U	B	U
chr22	41947000	41947200	B	U	B	U
chr22	41958000	41958200	B	U	U	U
chr22	41960200	41960400	B	U	U	U
chr22	41971600	41971800	U	U	U	U
chr22	41971800	41972000	U	U	U	U
chr22	41972600	41972800	U	U	U	U
chr22	41977000	41977200	U	U	U	U
chr22	41979400	41979600	U	U	U	U
chr22	41981600	41981800	U	U	U	U
chr22	41987600	41987800	U	U	U	U
chr22	41987800	41988000	U	U	U	U
chr22	41988000	41988200	U	U	U	U
chr22	41996800	41997000	U	U	U	U
chr22	41998000	41998200	U	U	U	U
chr22	41999000	41999200	U	U	U	U
chr22	41999200	41999400	U	U	U	U
chr22	42002000	42002200	U	U	U	U
chr22	42006800	42007000	U	U	U	U
chr22	42016800	42017000	U	U	U	U
chr22	42019600	42019800	U	U	U	U
chr22	42022200	42022400	U	U	U	U
chr22	42022400	42022600	U	U	U	U
chr22	42030600	42030800	U	U	U	U
chr22	42032400	42032600	U	U	U	U
chr22	42059200	42059400	U	U	U	U
chr22	42066200	42066400	U	U	U	U
chr22	42066600	42066800	U	U	U	U
chr22	42066800	42067000	U	U	U	U
chr22	42067200	42067400	U	U	U	U
chr22	42067800	42068000	U	U	U	U
chr22	42070400	42070600	B	U	U	U
chr22	42070800	42071000	B	U	U	U
chr22	42074400	42074600	U	U	U	U
chr22	42077800	42078000	U	U	U	U
chr22	42086600	42086800	U	U	U	U
chr22	42086800	42087000	U	U	U	U
chr22	42087000	42087200	U	U	U	U
chr22	42090400	42090600	B	U	U	U
chr22	42107600	42107800	U	U	U	U
chr22	42108800	42109000	U	U	U	U
chr22	42123600	42123800	U	U	U	U
chr22	42127200	42127400	U	U	U	U
chr22	42127800	42128000	U	U	U	U
chr22	42128200	42128400	U	U	U	U
chr22	42129200	42129400	B	U	U	U
chr22	42130200	42130400	U	U	U	U
chr22	42130800	42131000	U	U	U	U
chr22	42132800	42133000	U	U	U	U
chr22	42135800	42136000	U	U	U	U
chr22	42136000	42136200	U	U	U	U
chr22	42140800	42141000	U	U	U	U
chr22	42142600	42142800	U	U	U	U
chr22	42143400	42143600	U	U	U	U
chr22	42144800	42145000	U	U	U	U
chr22	42149200	42149400	U	U	U	U
chr22	42149800	42150000	U	U	U	U
chr22	42150200	42150400	U	U	U	U
chr22	42151000	42151200	U	U	U	U
chr22	42152200	42152400	B	U	U	U
chr22	42152400	42152600	B	U	U	U
chr22	42154600	42154800	U	U	U	U
chr22	42155000	42155200	U	U	U	U
chr22	42155200	42155400	U	U	U	U
chr22	42160400	42160600	U	U	U	U
chr22	42160800	42161000	U	U	U	U
chr22	42161400	42161600	U	U	U	U
chr22	42165200	42165400	U	U	U	U
chr22	42165400	42165600	U	U	U	U
chr22	42166000	42166200	U	U	U	U
chr22	42168200	42168400	U	U	U	U
chr22	42170800	42171000	U	U	U	U
chr22	42171800	42172000	U	U	U	U
chr22	42182400	42182600	U	U	U	U
chr22	42190600	42190800	U	U	U	U
chr22	42191000	42191200	U	U	U	U
chr22	42192200	42192400	U	U	U	U
chr22	42192600	42192800	U	U	U	U
chr22	42194800	42195000	U	U	U	U
chr22	42196200	42196400	U	U	U	U
chr22	42196400	42196600	U	U	U	U
chr22	42197800	42198000	U	U	U	U
chr22	42202800	42203000	U	U	U	U
chr22	42206800	42207000	U	U	U	U
chr22	42209600	42209800	U	U	U	U
chr22	42210600	42210800	U	U	U	U
chr22	42210800	42211000	U	U	U	U
chr22	42211400	42211600	U	U	U	U
chr22	42212400	42212600	U	U	U	U
chr22	42222400	42222600	U	U	U	U
chr22	42222600	42222800	U	U	U	U
chr22	42223800	42224000	U	U	U	U
chr22	42225800	42226000	U	U	U	U
chr22	42240400	42240600	U	U	U	U
chr22	42245400	42245600	U	U	U	U
chr22	42252800	42253000	U	U	U	U
chr22	42257200	42257400	U	U	U	U
chr22	42257600	42257800	U	U	U	U
chr22	42263200	42263400	U	U	U	U
chr22	42263400	42263600	U	U	U	U
chr22	42265000	42265200	U	U	U	U
chr22	42266200	42266400	U	U	U	U
chr22	42269600	42269800	B	U	U	U
chr22	42270000	42270200	B	U	U	U
chr22	42281800	42282000	U	U	U	U
chr22	42282000	42282200	U	U	U	U
chr22	42282600	42282800	U	U	U	U
chr22	42282800	42283000	U	U	U	U
chr22	42283000	42283200	U	U	U	U
chr22	42284800	42285000	U	U	U	U
chr22	42285000	42285200	U	U	U	U
chr22	42289600	42289800	U	U	U	U
chr22	42297600	42297800	U	U	U	U
chr22	42299000	42299200	U	U	U	U
chr22	42301000	42301200	B	U	U	U
chr22	42304400	42304600	U	U	U	U
chr22	42305000	42305200	U	U	U	U
chr22	42309200	42309400	U	U	U	U
chr22	42311000	42311200	U	U	U	U
chr22	42312800	42313000	U	U	U	U
chr22	42314400	42314600	U	U	U	U
chr22	42314800	42315000	U	U	U	U
chr22	42316200	42316400	U	U	U	U
chr22	42317200	42317400	B	U	U	U
chr22	42318600	42318800	U	U	U	U
chr22	42328800	42329000	U	U	U	U
chr22	42329200	42329400	U	U	U	U
chr22	42331200	42331400	U	U	U	U
chr22	42333800	42334000	U	U	U	U
chr22	42338600	42338800	U	U	U	U
chr22	42339000	42339200	U	U	U	U
chr22	42341000	42341200	U	U	U	U
chr22	42341400	42341600	U	U	U	U
chr22	42343600	42343800	U	U	U	U
chr22	42348000	42348200	U	U	U	U
chr22	42348400	42348600	U	U	U	U
chr22	42348800	42349000	U	U	U	U
chr22	42352200	42352400	U	U	U	U
chr22	42358000	42358200	U	U	U	U
chr22	42364000	42364200	U	U	U	U
chr22	42365000	42365200	U	U	U	U
chr22	42367800	42368000	U	U	U	U
chr22	42368400	42368600	U	U	U	U
chr22	42368800	42369000	B	U	U	U
chr22	42376000	42376200	U	U	U	U
chr22	42376800	42377000	U	U	U	U
chr22	42379000	42379200	U	U	U	U
chr22	42383200	42383400	U	U	U	U
chr22	42383800	42384000	U	U	U	U
chr22	42405000	42405200	U	U	U	U
chr22	42405200	42405400	U	U	U	U
chr22	42415600	42415800	U	U	U	U
chr22	42415800	42416000	U	U	U	U
chr22	42421600	42421800	U	U	U	U
chr22	42422000	42422200	U	U	U	U
chr22	42431400	42431600	U	U	U	U
chr22	42432000	42432200	U	U	U	U
chr22	42433000	42433200	U	U	U	U
chr22	42433600	42433800	U	U	U	U
chr22	42434400	42434600	U	U	U	U
chr22	42436200	42436400	U	U	U	U
chr22	42444000	42444200	B	U	U	B
chr22	42445800	42446000	U	U	U	U
chr22	42446000	42446200	U	U	U	U
chr22	42446200	42446400	U	U	U	U
chr22	42461400	42461600	U	U	U	U
chr22	42472600	42472800	U	U	U	U
chr22	42487400	42487600	U	U	U	U
chr22	42502600	42502800	B	U	U	U
chr22	42509000	42509200	U	U	U	U
chr22	42511600	42511800	B	U	U	U
chr22	42512600	42512800	B	U	U	U
chr22	42513000	42513200	B	U	U	U
chr22	42513800	42514000	U	U	U	U
chr22	42514000	42514200	U	U	U	U
chr22	42514800	42515000	U	U	U	U
chr22	42518200	42518400	U	U	U	U
chr22	42573600	42573800	U	U	U	U
chr22	42575800	42576000	U	U	U	U
chr22	42577200	42577400	U	U	U	U
chr22	42580200	42580400	U	U	U	U
chr22	42591800	42592000	U	U	U	U
chr22	42594600	42594800	U	U	U	U
chr22	42599800	42600000	U	U	U	U
chr22	42603200	42603400	U	U	U	U
chr22	42608600	42608800	U	U	U	U
chr22	42609000	42609200	U	U	U	U
chr22	42609200	42609400	U	U	U	U
chr22	42610200	42610400	U	U	U	U
chr22	42611400	42611600	U	U	U	U
chr22	42613200	42613400	U	U	U	U
chr22	42615200	42615400	B	U	U	B
chr22	42619400	42619600	U	U	U	U
chr22	42622600	42622800	U	U	U	U
chr22	42628600	42628800	U	U	U	U
chr22	42629600	42629800	U	U	U	U
chr22	42633200	42633400	U	U	U	U
chr22	42635600	42635800	U	U	U	U
chr22	42640000	42640200	U	U	U	U
chr22	42646400	42646600	U	U	U	U
chr22	42647000	42647200	B	U	U	B
chr22	42655800	42656000	U	U	U	U
chr22	42657800	42658000	U	U	U	U
chr22	42662400	42662600	B	U	B	U
chr22	42663400	42663600	U	U	U	U
chr22	42664000	42664200	U	U	U	U
chr22	42665200	42665400	U	U	U	U
chr22	42665400	42665600	U	U	U	U
chr22	42665600	42665800	U	U	U	U
chr22	42684600	42684800	U	U	U	U
chr22	42688800	42689000	U	U	U	U
chr22	42692800	42693000	U	U	U	U
chr22	42694200	42694400	U	U	U	U
chr22	42701400	42701600	U	U	U	U
chr22	42719800	42720000	U	U	U	U
chr22	42720400	42720600	U	U	U	U
chr22	42743000	42743200	U	U	U	U
chr22	42743200	42743400	U	U	U	U
chr22	42764800	42765000	U	U	U	U
chr22	42769600	42769800	B	U	U	U
chr22	42771000	42771200	U	U	U	U
chr22	42773200	42773400	U	U	U	U
chr22	42777000	42777200	U	U	U	U
chr22	42784600	42784800	U	U	U	U
chr22	42785400	42785600	U	U	U	U
chr22	42787200	42787400	U	U	U	U
chr22	42788200	42788400	U	U	U	U
chr22	42792200	42792400	U	U	U	U
chr22	42792400	42792600	U	U	U	U
chr22	42792800	42793000	U	U	U	U
chr22	42793000	42793200	U	U	U	U
chr22	42794200	42794400	U	U	U	U
chr22	42797400	42797600	U	U	U	U
chr22	42797600	42797800	U	U	U	U
chr22	42806000	42806200	U	U	U	U
chr22	42807400	42807600	U	U	U	U
chr22	42814200	42814400	U	U	U	U
chr22	42817800	42818000	U	U	U	U
chr22	42818000	42818200	U	U	U	U
chr22	42818600	42818800	U	U	U	U
chr22	42819200	42819400	U	U	U	U
chr22	42820000	42820200	U	U	U	U
chr22	42820800	42821000	U	U	U	U
chr22	42830400	42830600	U	U	U	U
chr22	42841000	42841200	U	U	U	U
chr22	42853800	42854000	U	U	U	U
chr22	42856400	42856600	B	U	U	U
chr22	42857200	42857400	B	U	B	U
chr22	42857400	42857600	B	U	B	U
chr22	42866000	42866200	U	U	U	U
chr22	42870800	42871000	U	U	U	U
chr22	42872400	42872600	U	U	U	U
chr22	42877800	42878000	U	U	U	U
chr22	42878000	42878200	U	U	U	U
chr22	42878600	42878800	U	U	U	U
chr22	42879200	42879400	U	U	U	U
chr22	42882600	42882800	U	U	U	U
chr22	42883400	42883600	U	U	U	U
chr22	42886800	42887000	U	U	U	U
chr22	42887800	42888000	U	U	U	U
chr22	42892400	42892600	U	U	U	U
chr22	42893400	42893600	U	U	U	U
chr22	42894600	42894800	U	U	U	U
chr22	42895200	42895400	U	U	U	U
chr22	42895800	42896000	U	U	U	U
chr22	42898000	42898200	U	U	U	U
chr22	42900000	42900200	U	U	U	U
chr22	42901000	42901200	U	U	U	U
chr22	42901600	42901800	U	U	U	U
chr22	42904000	42904200	U	U	U	U
chr22	42904200	42904400	U	U	U	U
chr22	42905800	42906000	U	U	U	U
chr22	42907200	42907400	U	U	U	U
chr22	42908800	42909000	U	U	U	U
chr22	42910400	42910600	U	U	U	U
chr22	42912200	42912400	U	U	U	U
chr22	42915200	42915400	U	U	U	U
chr22	42915400	42915600	U	U	U	U
chr22	42918200	42918400	U	U	U	U
chr22	42919000	42919200	U	U	U	U
chr22	42920400	42920600	U	U	U	U
chr22	42922200	42922400	U	U	U	U
chr22	42922400	42922600	U	U	U	U
chr22	42928600	42928800	U	U	U	U
chr22	42929400	42929600	U	U	U	U
chr22	42929600	42929800	U	U	U	U
chr22	42933000	42933200	U	U	U	U
chr22	42934000	42934200	U	U	U	U
chr22	42937400	42937600	B	U	U	U
chr22	42938600	42938800	U	U	U	U
chr22	42939000	42939200	U	U	U	U
chr22	42939400	42939600	U	U	U	U
chr22	42947000	42947200	U	U	U	U
chr22	42948800	42949000	U	U	U	U
chr22	42955800	42956000	U	U	U	U
chr22	42956200	42956400	U	U	U	U
chr22	42957200	42957400	U	U	U	U
chr22	42957800	42958000	U	U	U	U
chr22	42960400	42960600	B	U	U	U
chr22	42961800	42962000	U	U	U	U
chr22	42976200	42976400	U	U	U	U
chr22	42984400	42984600	U	U	U	U
chr22	42986400	42986600	U	U	U	U
chr22	42988400	42988600	U	U	U	U
chr22	42988600	42988800	U	U	U	U
chr22	42995400	42995600	U	U	U	U
chr22	43000400	43000600	U	U	U	U
chr22	43000800	43001000	U	U	U	U
chr22	43002400	43002600	U	U	U	U
chr22	43004400	43004600	U	U	U	U
chr22	43005200	43005400	U	U	U	U
chr22	43013400	43013600	U	U	U	U
chr22	43015000	43015200	B	U	U	U
chr22	43017800	43018000	U	U	U	U
chr22	43018400	43018600	U	U	U	U
chr22	43023600	43023800	U	U	U	U
chr22	43030800	43031000	U	U	U	U
chr22	43035600	43035800	U	U	U	U
chr22	43036600	43036800	U	U	U	U
chr22	43039600	43039800	U	U	U	U
chr22	43040200	43040400	U	U	U	U
chr22	43042400	43042600	U	U	U	U
chr22	43044600	43044800	U	U	U	U
chr22	43051800	43052000	U	U	U	U
chr22	43075200	43075400	U	U	U	U
chr22	43079800	43080000	U	U	U	U
chr22	43089000	43089200	B	U	U	U
chr22	43094400	43094600	U	U	U	U
chr22	43094600	43094800	U	U	U	U
chr22	43100400	43100600	U	U	U	U
chr22	43110000	43110200	B	U	U	U
chr22	43111000	43111200	B	U	U	U
chr22	43113800	43114000	U	U	U	U
chr22	43119000	43119200	U	U	U	U
chr22	43128600	43128800	U	U	U	U
chr22	43130000	43130200	U	U	U	U
chr22	43131600	43131800	U	U	U	U
chr22	43133000	43133200	U	U	U	U
chr22	43135000	43135200	U	U	U	U
chr22	43141000	43141200	U	U	U	U
chr22	43148600	43148800	U	U	U	U
chr22	43151800	43152000	B	U	U	U
chr22	43155400	43155600	U	U	U	U
chr22	43161200	43161400	U	U	U	U
chr22	43163000	43163200	U	U	U	U
chr22	43163800	43164000	B	U	U	U
chr22	43166400	43166600	B	U	U	U
chr22	43168600	43168800	U	U	U	U
chr22	43169000	43169200	U	U	U	U
chr22	43169200	43169400	U	U	U	U
chr22	43171000	43171200	U	U	U	U
chr22	43173000	43173200	U	U	U	U
chr22	43176200	43176400	U	U	U	U
chr22	43179000	43179200	U	U	U	U
chr22	43179400	43179600	U	U	U	U
chr22	43183600	43183800	B	U	B	B
chr22	43185800	43186000	U	U	U	U
chr22	43197600	43197800	U	U	U	U
chr22	43198600	43198800	U	U	U	U
chr22	43199400	43199600	U	U	U	U
chr22	43200000	43200200	U	U	U	U
chr22	43200200	43200400	U	U	U	U
chr22	43202200	43202400	U	U	U	U
chr22	43208600	43208800	U	U	U	U
chr22	43210400	43210600	U	U	U	U
chr22	43212400	43212600	U	U	U	U
chr22	43212600	43212800	U	U	U	U
chr22	43212800	43213000	B	U	U	U
chr22	43213600	43213800	U	U	U	U
chr22	43220200	43220400	U	U	U	U
chr22	43220800	43221000	U	U	U	U
chr22	43222600	43222800	B	U	U	U
chr22	43223000	43223200	U	U	U	U
chr22	43223600	43223800	U	U	U	U
chr22	43224000	43224200	U	U	U	U
chr22	43224400	43224600	U	U	U	U
chr22	43228800	43229000	U	U	U	U
chr22	43229400	43229600	U	U	U	U
chr22	43233400	43233600	U	U	U	U
chr22	43234400	43234600	U	U	U	U
chr22	43234800	43235000	U	U	U	U
chr22	43237600	43237800	U	U	U	U
chr22	43238000	43238200	U	U	U	U
chr22	43238200	43238400	U	U	U	U
chr22	43245000	43245200	U	U	U	U
chr22	43245400	43245600	U	U	U	U
chr22	43246000	43246200	U	U	U	U
chr22	43247600	43247800	U	U	U	U
chr22	43248400	43248600	U	U	U	U
chr22	43248600	43248800	U	U	U	U
chr22	43250400	43250600	U	U	U	U
chr22	43253800	43254000	U	U	U	U
chr22	43256200	43256400	U	U	U	U
chr22	43257400	43257600	U	U	U	U
chr22	43257600	43257800	U	U	U	U
chr22	43258200	43258400	U	U	U	U
chr22	43259000	43259200	U	U	U	U
chr22	43259400	43259600	U	U	U	U
chr22	43259800	43260000	U	U	U	U
chr22	43261000	43261200	U	U	U	U
chr22	43264800	43265000	U	U	U	U
chr22	43265000	43265200	U	U	U	U
chr22	43265200	43265400	U	U	U	U
chr22	43267600	43267800	U	U	U	U
chr22	43268200	43268400	U	U	U	U
chr22	43271400	43271600	U	U	U	U
chr22	43274600	43274800	U	U	U	U
chr22	43275200	43275400	U	U	U	U
chr22	43278000	43278200	U	U	U	U
chr22	43285400	43285600	U	U	U	U
chr22	43287600	43287800	U	U	U	U
chr22	43290000	43290200	U	U	U	U
chr22	43294400	43294600	U	U	U	U
chr22	43296200	43296400	U	U	U	U
chr22	43296800	43297000	U	U	U	U
chr22	43297400	43297600	U	U	U	U
chr22	43297600	43297800	U	U	U	U
chr22	43297800	43298000	U	U	U	U
chr22	43308000	43308200	U	U	U	U
chr22	43312400	43312600	U	U	U	U
chr22	43320400	43320600	U	U	U	U
chr22	43324600	43324800	U	U	U	U
chr22	43325800	43326000	U	U	U	U
chr22	43328000	43328200	U	U	U	U
chr22	43328600	43328800	U	U	U	U
chr22	43329200	43329400	U	U	U	U
chr22	43329400	43329600	U	U	U	U
chr22	43331000	43331200	U	U	U	U
chr22	43337600	43337800	U	U	U	U
chr22	43339000	43339200	U	U	U	U
chr22	43341200	43341400	U	U	U	U
chr22	43343600	43343800	B	U	U	U
chr22	43344600	43344800	U	U	U	U
chr22	43345000	43345200	U	U	U	U
chr22	43345600	43345800	U	U	U	U
chr22	43369400	43369600	U	U	U	U
chr22	43377600	43377800	U	U	U	U
chr22	43385400	43385600	B	U	U	U
chr22	43393200	43393400	U	U	U	U
chr22	43397200	43397400	U	U	U	U
chr22	43401000	43401200	U	U	U	U
chr22	43405800	43406000	U	U	U	U
chr22	43417600	43417800	U	U	U	U
chr22	43418200	43418400	U	U	U	U
chr22	43423800	43424000	U	U	U	U
chr22	43425800	43426000	U	U	U	U
chr22	43427200	43427400	U	U	U	U
chr22	43428800	43429000	U	U	U	U
chr22	43432000	43432200	U	U	U	U
chr22	43433800	43434000	U	U	U	U
chr22	43438000	43438200	U	U	U	U
chr22	43442000	43442200	U	U	U	U
chr22	43442400	43442600	U	U	U	U
chr22	43443000	43443200	U	U	U	U
chr22	43443800	43444000	U	U	U	U
chr22	43467600	43467800	U	U	U	U
chr22	43470800	43471000	U	U	U	U
chr22	43471200	43471400	U	U	U	U
chr22	43472600	43472800	U	U	U	U
chr22	43472800	43473000	U	U	U	U
chr22	43473400	43473600	U	U	U	U
chr22	43477400	43477600	U	U	U	U
chr22	43479000	43479200	U	U	U	U
chr22	43481800	43482000	U	U	U	U
chr22	43483400	43483600	U	U	U	U
chr22	43485600	43485800	U	U	U	U
chr22	43486600	43486800	U	U	U	U
chr22	43488800	43489000	U	U	U	U
chr22	43489200	43489400	U	U	U	U
chr22	43492400	43492600	U	U	U	U
chr22	43497600	43497800	U	U	U	U
chr22	43501000	43501200	U	U	U	U
chr22	43502000	43502200	U	U	U	U
chr22	43502600	43502800	U	U	U	U
chr22	43503200	43503400	U	U	U	U
chr22	43503600	43503800	U	U	U	U
chr22	43506400	43506600	U	U	U	U
chr22	43526000	43526200	U	U	U	U
chr22	43527200	43527400	U	U	U	U
chr22	43527800	43528000	U	U	U	U
chr22	43528600	43528800	U	U	U	U
chr22	43528800	43529000	U	U	U	U
chr22	43531400	43531600	U	U	U	U
chr22	43536200	43536400	U	U	U	U
chr22	43539800	43540000	U	U	U	U
chr22	43540400	43540600	U	U	U	U
chr22	43545200	43545400	U	U	U	U
chr22	43552600	43552800	U	U	U	U
chr22	43553800	43554000	U	U	U	U
chr22	43554800	43555000	U	U	U	U
chr22	43555800	43556000	U	U	U	U
chr22	43556000	43556200	U	U	U	U
chr22	43556200	43556400	U	U	U	U
chr22	43556600	43556800	U	U	U	U
chr22	43556800	43557000	U	U	U	U
chr22	43560400	43560600	U	U	U	U
chr22	43564600	43564800	U	U	U	U
chr22	43565800	43566000	U	U	U	U
chr22	43569600	43569800	U	U	U	U
chr22	43570800	43571000	U	U	U	U
chr22	43571600	43571800	U	U	U	U
chr22	43571800	43572000	U	U	U	U
chr22	43572000	43572200	U	U	U	U
chr22	43574400	43574600	U	U	U	U
chr22	43574600	43574800	U	U	U	U
chr22	43576200	43576400	U	U	U	U
chr22	43576600	43576800	U	U	U	U
chr22	43590000	43590200	U	U	U	U
chr22	43590200	43590400	U	U	U	U
chr22	43600000	43600200	U	U	U	U
chr22	43601400	43601600	U	U	U	U
chr22	43601800	43602000	U	U	U	U
chr22	43602600	43602800	U	U	U	U
chr22	43603200	43603400	U	U	U	U
chr22	43603400	43603600	U	U	U	U
chr22	43607000	43607200	U	U	U	U
chr22	43608400	43608600	U	U	U	U
chr22	43615800	43616000	U	U	U	U
chr22	43616800	43617000	U	U	U	U
chr22	43625800	43626000	U	U	U	U
chr22	43627600	43627800	U	U	U	U
chr22	43631000	43631200	U	U	U	U
chr22	43631800	43632000	U	U	U	U
chr22	43634200	43634400	U	U	U	U
chr22	43635600	43635800	U	U	U	U
chr22	43636000	43636200	U	U	U	U
chr22	43642800	43643000	U	U	U	U
chr22	43645000	43645200	U	U	U	U
chr22	43645200	43645400	U	U	U	U
chr22	43645400	43645600	U	U	U	U
chr22	43660200	43660400	U	U	U	U
chr22	43666800	43667000	U	U	U	U
chr22	43667200	43667400	U	U	U	U
chr22	43667400	43667600	U	U	U	U
chr22	43667800	43668000	U	U	U	U
chr22	43682400	43682600	U	U	U	U
chr22	43683000	43683200	U	U	U	U
chr22	43683200	43683400	U	U	U	U
chr22	43686800	43687000	U	U	U	U
chr22	43687600	43687800	U	U	U	U
chr22	43699800	43700000	U	U	U	U
chr22	43709800	43710000	U	U	U	U
chr22	43711400	43711600	U	U	U	U
chr22	43711800	43712000	U	U	U	U
chr22	43712000	43712200	U	U	U	U
chr22	43712800	43713000	U	U	U	U
chr22	43719200	43719400	U	U	U	U
chr22	43731200	43731400	U	U	U	U
chr22	43731800	43732000	U	U	U	U
chr22	43736200	43736400	U	U	U	U
chr22	43742600	43742800	U	U	U	U
chr22	43745200	43745400	U	U	U	U
chr22	43747000	43747200	U	U	U	U
chr22	43750200	43750400	U	U	U	U
chr22	43751000	43751200	U	U	U	U
chr22	43753800	43754000	U	U	U	U
chr22	43756400	43756600	U	U	U	U
chr22	43759200	43759400	U	U	U	U
chr22	43765000	43765200	U	U	U	U
chr22	43768600	43768800	U	U	U	U
chr22	43772800	43773000	U	U	U	U
chr22	43782400	43782600	U	U	U	U
chr22	43802800	43803000	U	U	U	U
chr22	43807600	43807800	U	U	U	U
chr22	43817200	43817400	U	U	U	U
chr22	43817800	43818000	U	U	U	U
chr22	43819000	43819200	U	U	U	U
chr22	43825000	43825200	U	U	U	U
chr22	43826600	43826800	U	U	U	U
chr22	43828400	43828600	U	U	U	U
chr22	43831200	43831400	U	U	U	U
chr22	43834000	43834200	U	U	U	U
chr22	43837800	43838000	U	U	U	U
chr22	43840800	43841000	U	U	U	U
chr22	43841200	43841400	U	U	U	U
chr22	43842000	43842200	U	U	U	U
chr22	43846000	43846200	U	U	U	U
chr22	43848800	43849000	U	U	U	U
chr22	43853400	43853600	U	U	U	U
chr22	43859400	43859600	U	U	U	U
chr22	43878600	43878800	U	U	U	U
chr22	43891000	43891200	U	U	U	U
chr22	43897400	43897600	U	U	U	U
chr22	43900800	43901000	U	U	U	U
chr22	43901800	43902000	U	U	U	U
chr22	43902000	43902200	U	U	U	U
chr22	43908600	43908800	U	U	U	U
chr22	43917800	43918000	U	U	U	U
chr22	43918400	43918600	U	U	U	U
chr22	43921400	43921600	U	U	U	U
chr22	43925800	43926000	U	U	U	U
chr22	43928800	43929000	U	U	U	U
chr22	43936000	43936200	U	U	U	U
chr22	43937600	43937800	U	U	U	U
chr22	43944600	43944800	U	U	U	U
chr22	43945600	43945800	B	U	U	U
chr22	43954600	43954800	U	U	U	U
chr22	43961000	43961200	U	U	U	U
chr22	43961200	43961400	U	U	U	U
chr22	43963400	43963600	U	U	U	U
chr22	43963600	43963800	U	U	U	U
chr22	43964400	43964600	U	U	U	U
chr22	43969200	43969400	B	U	U	U
chr22	43973000	43973200	U	U	U	U
chr22	43975000	43975200	U	U	U	U
chr22	43975200	43975400	U	U	U	U
chr22	43975400	43975600	U	U	U	U
chr22	43976800	43977000	U	U	U	U
chr22	43977200	43977400	U	U	U	U
chr22	43977600	43977800	U	U	U	U
chr22	43979400	43979600	U	U	U	U
chr22	43983000	43983200	U	U	U	U
chr22	43983200	43983400	U	U	U	U
chr22	43988200	43988400	U	U	U	U
chr22	43993000	43993200	B	U	U	U
chr22	43993600	43993800	U	U	U	U
chr22	43993800	43994000	U	U	U	U
chr22	43994000	43994200	U	U	U	U
chr22	43999200	43999400	U	U	U	U
chr22	44000000	44000200	U	U	U	U
chr22	44003600	44003800	B	U	U	U
chr22	44006800	44007000	U	U	U	U
chr22	44010400	44010600	U	U	U	U
chr22	44017200	44017400	U	U	U	U
chr22	44023800	44024000	B	U	U	U
chr22	44026000	44026200	B	U	B	U
chr22	44030800	44031000	U	U	U	U
chr22	44031200	44031400	U	U	U	U
chr22	44032400	44032600	U	U	U	U
chr22	44033600	44033800	U	U	U	U
chr22	44034000	44034200	U	U	U	U
chr22	44047800	44048000	U	U	U	U
chr22	44049600	44049800	U	U	U	U
chr22	44050000	44050200	U	U	U	U
chr22	44067200	44067400	U	U	U	U
chr22	44068000	44068200	U	U	U	U
chr22	44068400	44068600	U	U	U	U
chr22	44076600	44076800	U	U	U	U
chr22	44079200	44079400	U	U	U	U
chr22	44079400	44079600	U	U	U	U
chr22	44081600	44081800	U	U	U	U
chr22	44082600	44082800	U	U	U	U
chr22	44083000	44083200	U	U	U	U
chr22	44086400	44086600	U	U	U	U
chr22	44090600	44090800	U	U	U	U
chr22	44093000	44093200	U	U	U	U
chr22	44093200	44093400	U	U	U	U
chr22	44097000	44097200	U	U	U	U
chr22	44097400	44097600	U	U	U	U
chr22	44099200	44099400	U	U	U	U
chr22	44100800	44101000	U	U	U	U
chr22	44104400	44104600	U	U	U	U
chr22	44109200	44109400	U	U	U	U
chr22	44112200	44112400	U	U	U	U
chr22	44117000	44117200	U	U	U	U
chr22	44117200	44117400	U	U	U	U
chr22	44126200	44126400	U	U	U	U
chr22	44126400	44126600	U	U	U	U
chr22	44129600	44129800	U	U	B	U
chr22	44130400	44130600	U	U	U	U
chr22	44133000	44133200	U	U	U	U
chr22	44133200	44133400	U	U	U	U
chr22	44140000	44140200	U	U	U	U
chr22	44144000	44144200	U	U	U	U
chr22	44145600	44145800	U	U	U	U
chr22	44151400	44151600	U	U	U	U
chr22	44154200	44154400	U	U	U	U
chr22	44155200	44155400	U	U	U	U
chr22	44158000	44158200	U	U	U	U
chr22	44159400	44159600	U	U	U	U
chr22	44161800	44162000	U	U	U	U
chr22	44167400	44167600	U	U	U	U
chr22	44168400	44168600	U	U	U	U
chr22	44168600	44168800	U	U	U	U
chr22	44172800	44173000	U	U	U	U
chr22	44173400	44173600	U	U	U	U
chr22	44183400	44183600	U	U	U	U
chr22	44196800	44197000	U	U	U	U
chr22	44200200	44200400	U	U	U	U
chr22	44200600	44200800	U	U	U	U
chr22	44202200	44202400	U	U	U	U
chr22	44204800	44205000	U	U	U	U
chr22	44206400	44206600	U	U	U	U
chr22	44206600	44206800	U	U	U	U
chr22	44207800	44208000	U	U	U	U
chr22	44212000	44212200	U	U	U	U
chr22	44212200	44212400	U	U	U	U
chr22	44214200	44214400	U	U	U	U
chr22	44220800	44221000	U	U	U	U
chr22	44224200	44224400	U	U	U	U
chr22	44243200	44243400	U	U	U	U
chr22	44243400	44243600	U	U	U	U
chr22	44244000	44244200	U	U	U	U
chr22	44245000	44245200	U	U	U	U
chr22	44245800	44246000	U	U	U	U
chr22	44247000	44247200	U	U	U	U
chr22	44261600	44261800	U	U	U	U
chr22	44267000	44267200	U	U	U	U
chr22	44270800	44271000	U	U	U	U
chr22	44271400	44271600	U	U	U	U
chr22	44271800	44272000	U	U	U	U
chr22	44277600	44277800	U	U	U	U
chr22	44284600	44284800	U	U	U	U
chr22	44287600	44287800	U	U	U	U
chr22	44292800	44293000	U	U	U	U
chr22	44294200	44294400	U	U	U	U
chr22	44311200	44311400	U	U	U	U
chr22	44314800	44315000	U	U	U	U
chr22	44317000	44317200	U	U	U	U
chr22	44326800	44327000	U	U	U	U
chr22	44332400	44332600	U	U	U	U
chr22	44333400	44333600	U	U	U	U
chr22	44338600	44338800	U	U	U	U
chr22	44338800	44339000	U	U	U	U
chr22	44339800	44340000	U	U	U	U
chr22	44340800	44341000	U	U	U	U
chr22	44341800	44342000	U	U	U	U
chr22	44342200	44342400	U	U	U	U
chr22	44344800	44345000	U	U	U	U
chr22	44345000	44345200	U	U	U	U
chr22	44350200	44350400	U	U	U	U
chr22	44351000	44351200	U	U	U	U
chr22	44355800	44356000	U	U	U	U
chr22	44363600	44363800	U	U	U	U
chr22	44365400	44365600	U	U	U	U
chr22	44367600	44367800	U	U	U	U
chr22	44381200	44381400	U	U	U	U
chr22	44389400	44389600	U	U	U	U
chr22	44390400	44390600	U	U	U	U
chr22	44393200	44393400	U	U	U	U
chr22	44395400	44395600	U	U	U	U
chr22	44403400	44403600	U	U	U	U
chr22	44406400	44406600	U	U	U	U
chr22	44408200	44408400	U	U	U	U
chr22	44409400	44409600	U	U	U	U
chr22	44411800	44412000	U	U	U	U
chr22	44412400	44412600	U	U	U	U
chr22	44413400	44413600	U	U	U	U
chr22	44424200	44424400	U	U	U	U
chr22	44424400	44424600	U	U	U	U
chr22	44424800	44425000	U	U	U	U
chr22	44427600	44427800	U	U	U	U
chr22	44438800	44439000	U	U	U	U
chr22	44439800	44440000	U	U	U	U
chr22	44440000	44440200	U	U	U	U
chr22	44444200	44444400	U	U	U	U
chr22	44445400	44445600	U	U	U	U
chr22	44445600	44445800	U	U	U	U
chr22	44445800	44446000	U	U	U	U
chr22	44450000	44450200	U	U	U	U
chr22	44454200	44454400	U	U	U	U
chr22	44454600	44454800	U	U	U	U
chr22	44454800	44455000	U	U	U	U
chr22	44458600	44458800	U	U	U	U
chr22	44459600	44459800	U	U	U	U
chr22	44463000	44463200	U	U	U	U
chr22	44469000	44469200	U	U	U	U
chr22	44490400	44490600	U	U	U	U
chr22	44490600	44490800	U	U	U	U
chr22	44493400	44493600	U	U	U	U
chr22	44493600	44493800	U	U	U	U
chr22	44495200	44495400	U	U	U	U
chr22	44496000	44496200	U	U	U	U
chr22	44496600	44496800	U	U	U	U
chr22	44498000	44498200	B	U	B	U
chr22	44518600	44518800	U	U	U	U
chr22	44520800	44521000	U	U	U	U
chr22	44521600	44521800	U	U	U	U
chr22	44524400	44524600	U	U	U	U
chr22	44536200	44536400	U	U	U	U
chr22	44572000	44572200	U	U	U	U
chr22	44583800	44584000	U	U	U	U
chr22	44586400	44586600	U	U	U	U
chr22	44589800	44590000	U	U	U	U
chr22	44592000	44592200	U	U	U	U
chr22	44596200	44596400	U	U	U	U
chr22	44597200	44597400	U	U	U	U
chr22	44597800	44598000	U	U	U	U
chr22	44604200	44604400	U	U	U	U
chr22	44607000	44607200	U	U	U	U
chr22	44616400	44616600	U	U	U	U
chr22	44616600	44616800	U	U	U	U
chr22	44622000	44622200	U	U	U	U
chr22	44624200	44624400	U	U	U	U
chr22	44625200	44625400	U	U	U	U
chr22	44627000	44627200	U	U	U	U
chr22	44639200	44639400	U	U	U	U
chr22	44645600	44645800	U	U	U	U
chr22	44658800	44659000	U	U	U	U
chr22	44659000	44659200	U	U	U	U
chr22	44661400	44661600	U	U	U	U
chr22	44662400	44662600	U	U	U	U
chr22	44664000	44664200	U	U	U	U
chr22	44664400	44664600	U	U	U	U
chr22	44669000	44669200	U	U	U	U
chr22	44670600	44670800	U	U	U	U
chr22	44684000	44684200	U	U	U	U
chr22	44696400	44696600	U	U	U	U
chr22	44710400	44710600	B	U	U	U
chr22	44711800	44712000	U	U	U	U
chr22	44714400	44714600	U	U	U	U
chr22	44714600	44714800	U	U	U	U
chr22	44715400	44715600	U	U	U	U
chr22	44719400	44719600	U	U	U	U
chr22	44719800	44720000	U	U	U	U
chr22	44722400	44722600	U	U	U	U
chr22	44726400	44726600	U	U	U	U
chr22	44730200	44730400	U	U	U	U
chr22	44731800	44732000	U	U	U	U
chr22	44733200	44733400	U	U	U	U
chr22	44735000	44735200	U	U	U	U
chr22	44737000	44737200	U	U	U	U
chr22	44738400	44738600	B	U	U	U
chr22	44740200	44740400	U	U	U	U
chr22	44746400	44746600	U	U	U	U
chr22	44747000	44747200	U	U	U	U
chr22	44752800	44753000	U	U	U	U
chr22	44777000	44777200	U	U	U	U
chr22	44791800	44792000	U	U	U	U
chr22	44795600	44795800	U	U	U	U
chr22	44797600	44797800	U	U	U	U
chr22	44803200	44803400	U	U	U	U
chr22	44810800	44811000	U	U	U	U
chr22	44814400	44814600	U	U	U	U
chr22	44816000	44816200	U	U	U	U
chr22	44835800	44836000	U	U	U	U
chr22	44836000	44836200	U	U	U	U
chr22	44836600	44836800	U	U	U	U
chr22	44837200	44837400	U	U	U	U
chr22	44842800	44843000	U	U	U	U
chr22	44846000	44846200	U	U	U	U
chr22	44846800	44847000	U	U	U	U
chr22	44848200	44848400	U	U	U	U
chr22	44858000	44858200	U	U	U	U
chr22	44859600	44859800	U	U	U	U
chr22	44862200	44862400	U	U	U	U
chr22	44862400	44862600	U	U	U	U
chr22	44862600	44862800	U	U	U	U
chr22	44863600	44863800	B	U	U	U
chr22	44865800	44866000	U	U	U	U
chr22	44867800	44868000	U	U	U	U
chr22	44872600	44872800	U	U	U	U
chr22	44882600	44882800	U	U	U	U
chr22	44883200	44883400	U	U	U	U
chr22	44888000	44888200	U	U	U	U
chr22	44892400	44892600	U	U	U	U
chr22	44893600	44893800	U	U	U	U
chr22	44902200	44902400	U	U	U	U
chr22	44904600	44904800	U	U	U	U
chr22	44907000	44907200	U	U	U	U
chr22	44907400	44907600	U	U	U	U
chr22	44909200	44909400	U	U	U	U
chr22	44913200	44913400	U	U	U	U
chr22	44916400	44916600	U	U	U	U
chr22	44918000	44918200	U	U	U	U
chr22	44918400	44918600	U	U	U	U
chr22	44925800	44926000	U	U	U	U
chr22	44927200	44927400	U	U	U	U
chr22	44927400	44927600	U	U	U	U
chr22	44927800	44928000	U	U	U	U
chr22	44928000	44928200	U	U	U	U
chr22	44928800	44929000	U	U	U	U
chr22	44929000	44929200	U	U	U	U
chr22	44929200	44929400	U	U	U	U
chr22	44930600	44930800	U	U	U	U
chr22	44933800	44934000	U	U	U	U
chr22	44938600	44938800	U	U	U	U
chr22	44943400	44943600	U	U	U	U
chr22	44944600	44944800	U	U	U	U
chr22	44944800	44945000	U	U	U	U
chr22	44945000	44945200	U	U	U	U
chr22	44947600	44947800	U	U	U	U
chr22	44953400	44953600	U	U	U	U
chr22	44954600	44954800	U	U	U	U
chr22	44956200	44956400	U	U	U	U
chr22	44956600	44956800	U	U	U	U
chr22	44957400	44957600	U	U	U	U
chr22	44965400	44965600	U	U	U	U
chr22	44972000	44972200	U	U	U	U
chr22	44972200	44972400	U	U	U	U
chr22	44973000	44973200	U	U	U	U
chr22	44974600	44974800	U	U	U	U
chr22	44974800	44975000	U	U	U	U
chr22	44975000	44975200	U	U	U	U
chr22	44975400	44975600	B	U	B	U
chr22	44979200	44979400	U	U	U	U
chr22	44982600	44982800	U	U	U	U
chr22	44983400	44983600	U	U	U	U
chr22	44989200	44989400	U	U	U	U
chr22	44989400	44989600	U	U	U	U
chr22	44992400	44992600	U	U	U	U
chr22	44995000	44995200	U	U	U	U
chr22	44997400	44997600	U	U	U	U
chr22	44998000	44998200	U	U	U	U
chr22	44998800	44999000	U	U	U	U
chr22	44999000	44999200	U	U	U	U
chr22	45002400	45002600	U	U	U	U
chr22	45004400	45004600	U	U	U	U
chr22	45004800	45005000	U	U	U	U
chr22	45005400	45005600	U	U	U	U
chr22	45006000	45006200	U	U	U	U
chr22	45006600	45006800	U	U	U	U
chr22	45010400	45010600	U	U	U	U
chr22	45013000	45013200	U	U	U	U
chr22	45014800	45015000	U	U	U	U
chr22	45029200	45029400	U	U	U	U
chr22	45029400	45029600	U	U	U	U
chr22	45030600	45030800	U	U	U	U
chr22	45049400	45049600	U	U	U	U
chr22	45049600	45049800	U	U	U	U
chr22	45050200	45050400	U	U	U	U
chr22	45051400	45051600	U	U	U	U
chr22	45056600	45056800	U	U	U	U
chr22	45061200	45061400	U	U	U	U
chr22	45061400	45061600	U	U	U	U
chr22	45070400	45070600	U	U	U	U
chr22	45071800	45072000	U	U	U	U
chr22	45076200	45076400	U	U	U	U
chr22	45076400	45076600	U	U	U	U
chr22	45076600	45076800	U	U	U	U
chr22	45076800	45077000	U	U	U	U
chr22	45084000	45084200	U	U	U	U
chr22	45094600	45094800	U	U	U	U
chr22	45100600	45100800	U	U	U	U
chr22	45129800	45130000	U	U	U	U
chr22	45142600	45142800	U	U	U	U
chr22	45155800	45156000	U	U	U	U
chr22	45156000	45156200	U	U	U	U
chr22	45157400	45157600	U	U	U	U
chr22	45160400	45160600	U	U	U	U
chr22	45170800	45171000	U	U	U	U
chr22	45173600	45173800	U	U	U	U
chr22	45175200	45175400	U	U	U	U
chr22	45175800	45176000	U	U	U	U
chr22	45178400	45178600	U	U	U	U
chr22	45183400	45183600	U	U	U	U
chr22	45184400	45184600	U	U	U	U
chr22	45184800	45185000	U	U	U	U
chr22	45186200	45186400	U	U	U	U
chr22	45190400	45190600	U	U	U	U
chr22	45192200	45192400	U	U	U	U
chr22	45192400	45192600	B	U	U	U
chr22	45193600	45193800	U	U	U	U
chr22	45193800	45194000	U	U	U	U
chr22	45194600	45194800	U	U	U	U
chr22	45194800	45195000	U	U	U	U
chr22	45196000	45196200	U	U	U	U
chr22	45204600	45204800	U	U	U	U
chr22	45210000	45210200	U	U	U	U
chr22	45210400	45210600	U	U	U	U
chr22	45215400	45215600	U	U	U	U
chr22	45217800	45218000	U	U	U	U
chr22	45218600	45218800	U	U	U	U
chr22	45224600	45224800	U	U	U	U
chr22	45224800	45225000	U	U	U	U
chr22	45225000	45225200	U	U	U	U
chr22	45225400	45225600	U	U	U	U
chr22	45232600	45232800	U	U	U	U
chr22	45234000	45234200	U	U	U	U
chr22	45235200	45235400	U	U	U	U
chr22	45235400	45235600	U	U	U	U
chr22	45240000	45240200	B	U	U	U
chr22	45249000	45249200	U	U	U	U
chr22	45278400	45278600	U	U	U	U
chr22	45285000	45285200	U	U	U	U
chr22	45290000	45290200	U	U	U	U
chr22	45293000	45293200	U	U	U	U
chr22	45296600	45296800	U	U	U	U
chr22	45300400	45300600	U	U	U	U
chr22	45307600	45307800	U	U	U	U
chr22	45314200	45314400	B	U	U	B
chr22	45318200	45318400	U	U	U	U
chr22	45319000	45319200	U	U	U	U
chr22	45322400	45322600	U	U	U	U
chr22	45323400	45323600	U	U	U	U
chr22	45330000	45330200	U	U	U	U
chr22	45331800	45332000	U	U	U	U
chr22	45334800	45335000	U	U	U	U
chr22	45335600	45335800	U	U	U	U
chr22	45336000	45336200	U	U	U	U
chr22	45337200	45337400	U	U	U	U
chr22	45341600	45341800	U	U	U	U
chr22	45341800	45342000	U	U	U	U
chr22	45345000	45345200	U	U	U	U
chr22	45345600	45345800	U	U	U	U
chr22	45359400	45359600	U	U	U	U
chr22	45359800	45360000	U	U	U	U
chr22	45360200	45360400	U	U	U	U
chr22	45361800	45362000	U	U	U	U
chr22	45370200	45370400	U	U	U	U
chr22	45389200	45389400	U	U	U	U
chr22	45389400	45389600	U	U	U	U
chr22	45393600	45393800	U	U	U	U
chr22	45402400	45402600	U	U	U	U
chr22	45402600	45402800	U	U	U	U
chr22	45414200	45414400	U	U	U	U
chr22	45417600	45417800	U	U	U	U
chr22	45429800	45430000	U	U	U	U
chr22	45431000	45431200	U	U	U	U
chr22	45432000	45432200	U	U	U	U
chr22	45442000	45442200	U	U	U	U
chr22	45442200	45442400	U	U	U	U
chr22	45448600	45448800	U	U	U	U
chr22	45452400	45452600	U	U	U	U
chr22	45452800	45453000	U	U	U	U
chr22	45454200	45454400	U	U	U	U
chr22	45454600	45454800	U	U	U	U
chr22	45470000	45470200	U	U	U	U
chr22	45476200	45476400	U	U	U	U
chr22	45492000	45492200	U	U	U	U
chr22	45504200	45504400	U	U	U	U
chr22	45504800	45505000	U	U	U	U
chr22	45505400	45505600	U	U	U	U
chr22	45506800	45507000	U	U	U	U
chr22	45509400	45509600	U	U	U	U
chr22	45511800	45512000	U	U	U	U
chr22	45512200	45512400	U	U	U	U
chr22	45514400	45514600	U	U	U	U
chr22	45514600	45514800	U	U	U	U
chr22	45514800	45515000	U	U	U	U
chr22	45521200	45521400	U	U	U	U
chr22	45522600	45522800	U	U	U	U
chr22	45525600	45525800	U	U	U	U
chr22	45525800	45526000	U	U	U	U
chr22	45526600	45526800	U	U	U	U
chr22	45527800	45528000	U	U	U	U
chr22	45532000	45532200	U	U	U	U
chr22	45533600	45533800	U	U	U	U
chr22	45535200	45535400	U	U	U	U
chr22	45538200	45538400	U	U	U	U
chr22	45540600	45540800	U	U	U	U
chr22	45541000	45541200	U	U	U	U
chr22	45541400	45541600	U	U	U	U
chr22	45542600	45542800	U	U	U	U
chr22	45543400	45543600	U	U	U	U
chr22	45545000	45545200	U	U	U	U
chr22	45550400	45550600	U	U	U	U
chr22	45551600	45551800	U	U	U	U
chr22	45552600	45552800	U	U	U	U
chr22	45553000	45553200	U	U	U	U
chr22	45553400	45553600	U	U	U	U
chr22	45554400	45554600	B	U	U	U
chr22	45562800	45563000	U	U	U	U
chr22	45563200	45563400	U	U	U	U
chr22	45575600	45575800	U	U	U	U
chr22	45579000	45579200	U	U	U	U
chr22	45579600	45579800	U	U	U	U
chr22	45579800	45580000	U	U	U	U
chr22	45580000	45580200	U	U	U	U
chr22	45580200	45580400	U	U	U	U
chr22	45581000	45581200	U	U	U	U
chr22	45583200	45583400	U	U	U	U
chr22	45584200	45584400	U	U	U	U
chr22	45585400	45585600	U	U	U	U
chr22	45590000	45590200	U	U	U	U
chr22	45590400	45590600	U	U	U	U
chr22	45590600	45590800	U	U	U	U
chr22	45590800	45591000	U	U	U	U
chr22	45592800	45593000	U	U	U	U
chr22	45597600	45597800	U	U	U	U
chr22	45598000	45598200	U	U	U	U
chr22	45598600	45598800	U	U	U	U
chr22	45599200	45599400	U	U	U	U
chr22	45600800	45601000	U	U	U	U
chr22	45601800	45602000	U	U	U	U
chr22	45603600	45603800	U	U	U	U
chr22	45605600	45605800	U	U	U	U
chr22	45609000	45609200	U	U	U	U
chr22	45610600	45610800	U	U	U	U
chr22	45634200	45634400	U	U	U	U
chr22	45638400	45638600	U	U	U	U
chr22	45640200	45640400	U	U	U	U
chr22	45641600	45641800	U	U	U	U
chr22	45642400	45642600	U	U	U	U
chr22	45643200	45643400	U	U	U	B
chr22	45646400	45646600	U	U	U	U
chr22	45648200	45648400	U	U	U	U
chr22	45665600	45665800	U	U	U	U
chr22	45667600	45667800	U	U	U	U
chr22	45673800	45674000	U	U	U	U
chr22	45679600	45679800	U	U	U	U
chr22	45685200	45685400	U	U	U	U
chr22	45685400	45685600	U	U	U	U
chr22	45685800	45686000	U	U	U	U
chr22	45687000	45687200	U	U	U	U
chr22	45688600	45688800	U	U	U	U
chr22	45691000	45691200	U	U	U	U
chr22	45696000	45696200	U	U	U	U
chr22	45699200	45699400	U	U	U	U
chr22	45707400	45707600	U	U	U	U
chr22	45711800	45712000	U	U	U	U
chr22	45712000	45712200	U	U	U	U
chr22	45712200	45712400	U	U	U	U
chr22	45715000	45715200	U	U	U	U
chr22	45717400	45717600	U	U	U	U
chr22	45719400	45719600	U	U	U	U
chr22	45722200	45722400	U	U	U	U
chr22	45732800	45733000	U	U	U	U
chr22	45738000	45738200	U	U	U	U
chr22	45740200	45740400	U	U	U	U
chr22	45743000	45743200	U	U	U	U
chr22	45743200	45743400	U	U	U	U
chr22	45744000	45744200	U	U	U	U
chr22	45745000	45745200	U	U	U	U
chr22	45746000	45746200	U	U	U	U
chr22	45746800	45747000	U	U	U	U
chr22	45757600	45757800	U	U	U	U
chr22	45762400	45762600	U	U	U	U
chr22	45774200	45774400	U	U	U	U
chr22	45775200	45775400	U	U	U	U
chr22	45777200	45777400	U	U	U	U
chr22	45777400	45777600	U	U	U	U
chr22	45779600	45779800	U	U	U	U
chr22	45787800	45788000	U	U	U	U
chr22	45792400	45792600	U	U	U	U
chr22	45793200	45793400	U	U	U	U
chr22	45807400	45807600	U	U	U	U
chr22	45808200	45808400	U	U	U	U
chr22	45813000	45813200	U	U	U	U
chr22	45817000	45817200	U	U	U	U
chr22	45818200	45818400	U	U	U	U
chr22	45819800	45820000	U	U	U	U
chr22	45820000	45820200	U	U	U	U
chr22	45824600	45824800	U	U	U	U
chr22	45833200	45833400	U	U	U	U
chr22	45838200	45838400	U	U	U	U
chr22	45839000	45839200	U	U	U	U
chr22	45842200	45842400	U	U	U	U
chr22	45842800	45843000	U	U	U	U
chr22	45843000	45843200	U	U	U	U
chr22	45844000	45844200	U	U	U	U
chr22	45844200	45844400	U	U	U	U
chr22	45845200	45845400	U	U	U	U
chr22	45845400	45845600	U	U	U	U
chr22	45847200	45847400	U	U	B	U
chr22	45860400	45860600	U	U	U	U
chr22	45867200	45867400	U	U	U	U
chr22	45869200	45869400	U	U	U	U
chr22	45869800	45870000	U	U	U	U
chr22	45876800	45877000	U	U	U	U
chr22	45880000	45880200	U	U	U	U
chr22	45880400	45880600	U	U	U	U
chr22	45885400	45885600	U	U	U	U
chr22	45885800	45886000	U	U	U	U
chr22	45887800	45888000	U	U	U	U
chr22	45888800	45889000	U	U	U	U
chr22	45889600	45889800	U	U	U	U
chr22	45891400	45891600	U	U	U	U
chr22	45892200	45892400	U	U	U	U
chr22	45895800	45896000	U	U	U	U
chr22	45902800	45903000	U	U	U	U
chr22	45903000	45903200	U	U	U	U
chr22	45905200	45905400	U	U	U	U
chr22	45905600	45905800	U	U	U	U
chr22	45908400	45908600	U	U	U	U
chr22	45910000	45910200	U	U	U	U
chr22	45910400	45910600	U	U	U	U
chr22	45911800	45912000	U	U	U	U
chr22	45912400	45912600	U	U	U	U
chr22	45912600	45912800	U	U	U	U
chr22	45916600	45916800	U	U	U	U
chr22	45916800	45917000	U	U	U	U
chr22	45917000	45917200	U	U	U	U
chr22	45920400	45920600	U	U	U	U
chr22	45923000	45923200	U	U	U	U
chr22	45926800	45927000	U	U	U	U
chr22	45928400	45928600	U	U	U	U
chr22	45942400	45942600	U	U	U	U
chr22	45947400	45947600	U	U	U	U
chr22	45948000	45948200	U	U	U	U
chr22	45949600	45949800	U	U	U	U
chr22	45959400	45959600	U	U	U	U
chr22	45962800	45963000	U	U	U	U
chr22	45963000	45963200	U	U	U	U
chr22	45966600	45966800	U	U	U	U
chr22	45969800	45970000	U	U	U	U
chr22	45970000	45970200	U	U	U	U
chr22	45972800	45973000	U	U	U	U
chr22	45973800	45974000	U	U	U	U
chr22	45977800	45978000	U	U	U	U
chr22	45979000	45979200	B	U	U	U
chr22	45985200	45985400	U	U	U	U
chr22	45991200	45991400	U	U	U	U
chr22	45994600	45994800	U	U	U	U
chr22	45997200	45997400	U	U	U	U
chr22	45998600	45998800	U	U	U	U
chr22	45998800	45999000	U	U	U	U
chr22	46000200	46000400	U	U	U	U
chr22	46001600	46001800	U	U	U	U
chr22	46003200	46003400	U	U	U	U
chr22	46003600	46003800	U	U	U	U
chr22	46007200	46007400	U	U	U	U
chr22	46014200	46014400	B	U	B	U
chr22	46024000	46024200	U	U	U	U
chr22	46026600	46026800	U	U	U	U
chr22	46036200	46036400	B	U	U	U
chr22	46038000	46038200	U	U	U	U
chr22	46043600	46043800	U	U	U	U
chr22	46044200	46044400	U	U	U	U
chr22	46044600	46044800	U	U	U	U
chr22	46052800	46053000	U	U	U	U
chr22	46054800	46055000	U	U	U	U
chr22	46056800	46057000	U	U	U	U
chr22	46058800	46059000	U	U	U	U
chr22	46059000	46059200	U	U	U	U
chr22	46059600	46059800	U	U	U	U
chr22	46060400	46060600	U	U	U	U
chr22	46060600	46060800	U	U	U	U
chr22	46062000	46062200	U	U	U	U
chr22	46064200	46064400	U	U	U	U
chr22	46065400	46065600	U	U	U	U
chr22	46065800	46066000	U	U	U	U
chr22	46067000	46067200	U	U	U	U
chr22	46068000	46068200	U	U	U	U
chr22	46068200	46068400	U	U	U	U
chr22	46070000	46070200	U	U	U	U
chr22	46070800	46071000	U	U	U	U
chr22	46072400	46072600	U	U	U	U
chr22	46073200	46073400	U	U	U	U
chr22	46074600	46074800	U	U	U	U
chr22	46074800	46075000	U	U	U	U
chr22	46075800	46076000	U	U	U	U
chr22	46076000	46076200	U	U	U	U
chr22	46076800	46077000	U	U	U	U
chr22	46078200	46078400	U	U	U	U
chr22	46079200	46079400	U	U	U	U
chr22	46080000	46080200	U	U	U	U
chr22	46080200	46080400	U	U	U	U
chr22	46080400	46080600	U	U	U	U
chr22	46082000	46082200	U	U	U	U
chr22	46083000	46083200	U	U	U	U
chr22	46086200	46086400	B	U	U	U
chr22	46087400	46087600	U	U	U	U
chr22	46092000	46092200	U	U	U	U
chr22	46092400	46092600	U	U	U	U
chr22	46092600	46092800	U	U	U	U
chr22	46094600	46094800	U	U	U	U
chr22	46097000	46097200	U	U	U	U
chr22	46099200	46099400	U	U	U	U
chr22	46100000	46100200	U	U	U	U
chr22	46102000	46102200	U	U	U	U
chr22	46102600	46102800	U	U	U	U
chr22	46103400	46103600	U	U	U	U
chr22	46103800	46104000	U	U	U	U
chr22	46104400	46104600	U	U	U	U
chr22	46105600	46105800	U	U	U	U
chr22	46107400	46107600	U	U	U	U
chr22	46108400	46108600	U	U	U	U
chr22	46109600	46109800	B	U	U	U
chr22	46110000	46110200	B	U	U	U
chr22	46114000	46114200	U	U	U	U
chr22	46114200	46114400	U	U	U	U
chr22	46115000	46115200	U	U	U	U
chr22	46115600	46115800	U	U	U	U
chr22	46117000	46117200	B	U	U	U
chr22	46117600	46117800	U	U	U	U
chr22	46119400	46119600	U	U	U	U
chr22	46121000	46121200	U	U	U	U
chr22	46121400	46121600	U	U	U	U
chr22	46122200	46122400	B	U	U	U
chr22	46124000	46124200	U	U	U	U
chr22	46128000	46128200	U	U	U	U
chr22	46132000	46132200	U	U	U	U
chr22	46133200	46133400	U	U	U	U
chr22	46136600	46136800	U	U	U	U
chr22	46136800	46137000	U	U	U	U
chr22	46139200	46139400	U	U	U	U
chr22	46143800	46144000	U	U	U	U
chr22	46148400	46148600	U	U	U	U
chr22	46148600	46148800	U	U	U	U
chr22	46150400	46150600	B	U	U	U
chr22	46151800	46152000	U	U	U	U
chr22	46159200	46159400	U	U	U	U
chr22	46159600	46159800	U	U	U	U
chr22	46163400	46163600	U	U	U	U
chr22	46163600	46163800	U	U	U	U
chr22	46170000	46170200	U	U	U	U
chr22	46178000	46178200	U	U	U	U
chr22	46184200	46184400	U	U	U	U
chr22	46189400	46189600	U	U	U	U
chr22	46196000	46196200	U	U	U	U
chr22	46202000	46202200	U	U	U	U
chr22	46215000	46215200	U	U	U	U
chr22	46224800	46225000	U	U	U	U
chr22	46230600	46230800	U	U	U	U
chr22	46230800	46231000	U	U	U	U
chr22	46233200	46233400	U	U	U	U
chr22	46233400	46233600	U	U	U	U
chr22	46233600	46233800	U	U	U	U
chr22	46234800	46235000	B	U	U	B
chr22	46235400	46235600	B	U	U	U
chr22	46237800	46238000	U	U	U	U
chr22	46238200	46238400	U	U	U	U
chr22	46238400	46238600	U	U	U	U
chr22	46239200	46239400	U	U	U	U
chr22	46240400	46240600	U	U	U	U
chr22	46241000	46241200	U	U	U	U
chr22	46241600	46241800	U	U	U	U
chr22	46242400	46242600	U	U	U	U
chr22	46243600	46243800	U	U	U	U
chr22	46245000	46245200	U	U	U	U
chr22	46245400	46245600	U	U	U	U
chr22	46246000	46246200	U	U	U	U
chr22	46247000	46247200	U	U	U	U
chr22	46247200	46247400	U	U	U	U
chr22	46254400	46254600	U	U	U	U
chr22	46255800	46256000	U	U	U	U
chr22	46256000	46256200	U	U	U	U
chr22	46256400	46256600	U	U	U	U
chr22	46256600	46256800	U	U	U	U
chr22	46257400	46257600	U	U	U	U
chr22	46259000	46259200	U	U	U	U
chr22	46259600	46259800	U	U	U	U
chr22	46260000	46260200	U	U	U	U
chr22	46261600	46261800	U	U	U	U
chr22	46261800	46262000	U	U	U	U
chr22	46269000	46269200	U	U	U	U
chr22	46273200	46273400	U	U	U	U
chr22	46274000	46274200	U	U	U	U
chr22	46274400	46274600	U	U	U	U
chr22	46281400	46281600	U	U	U	U
chr22	46281800	46282000	U	U	U	U
chr22	46282400	46282600	U	U	U	U
chr22	46282600	46282800	U	U	U	U
chr22	46285000	46285200	U	U	U	U
chr22	46289600	46289800	U	U	U	U
chr22	46291200	46291400	U	U	U	U
chr22	46311800	46312000	U	U	U	U
chr22	46316000	46316200	U	U	U	U
chr22	46316200	46316400	U	U	U	U
chr22	46319200	46319400	U	U	U	U
chr22	46320200	46320400	U	U	U	U
chr22	46320600	46320800	U	U	U	U
chr22	46326000	46326200	U	U	U	U
chr22	46326400	46326600	U	U	U	U
chr22	46327800	46328000	U	U	U	U
chr22	46329200	46329400	U	U	U	U
chr22	46331200	46331400	U	U	U	U
chr22	46332600	46332800	U	U	U	U
chr22	46337000	46337200	U	U	U	U
chr22	46340000	46340200	U	U	U	U
chr22	46341000	46341200	U	U	U	U
chr22	46345400	46345600	U	U	U	U
chr22	46347000	46347200	U	U	U	U
chr22	46349600	46349800	U	U	U	U
chr22	46349800	46350000	U	U	U	U
chr22	46350400	46350600	U	U	U	U
chr22	46351600	46351800	U	U	U	U
chr22	46352600	46352800	U	U	U	U
chr22	46352800	46353000	U	U	U	U
chr22	46353200	46353400	U	U	U	U
chr22	46357400	46357600	U	U	U	U
chr22	46357600	46357800	U	U	U	U
chr22	46358200	46358400	U	U	U	U
chr22	46362600	46362800	U	U	U	U
chr22	46364600	46364800	U	U	U	U
chr22	46365200	46365400	U	U	U	U
chr22	46367400	46367600	B	U	U	U
chr22	46368600	46368800	U	U	U	U
chr22	46374200	46374400	U	U	U	U
chr22	46374800	46375000	U	U	U	U
chr22	46377000	46377200	U	U	U	U
chr22	46378000	46378200	U	U	U	U
chr22	46379000	46379200	U	U	U	U
chr22	46380000	46380200	U	U	U	U
chr22	46380400	46380600	U	U	U	U
chr22	46380600	46380800	U	U	U	U
chr22	46381200	46381400	U	U	U	U
chr22	46383200	46383400	U	U	U	U
chr22	46390400	46390600	B	U	U	U
chr22	46394000	46394200	U	U	U	U
chr22	46395600	46395800	U	U	U	U
chr22	46395800	46396000	U	U	U	U
chr22	46396800	46397000	U	U	U	U
chr22	46398000	46398200	U	U	U	U
chr22	46399600	46399800	U	U	U	U
chr22	46399800	46400000	U	U	U	U
chr22	46419800	46420000	U	U	U	U
chr22	46421400	46421600	U	U	U	U
chr22	46427800	46428000	U	U	U	U
chr22	46429400	46429600	U	U	U	U
chr22	46430800	46431000	U	U	U	U
chr22	46431600	46431800	U	U	U	U
chr22	46434000	46434200	U	U	U	U
chr22	46439600	46439800	U	U	U	U
chr22	46443400	46443600	U	U	U	U
chr22	46443800	46444000	U	U	U	U
chr22	46444200	46444400	U	U	U	U
chr22	46446200	46446400	U	U	U	U
chr22	46446600	46446800	U	U	U	U
chr22	46453000	46453200	U	U	U	U
chr22	46456000	46456200	B	U	B	U
chr22	46457800	46458000	U	U	U	U
chr22	46458200	46458400	U	U	U	U
chr22	46459200	46459400	U	U	U	U
chr22	46462200	46462400	U	U	U	U
chr22	46463000	46463200	U	U	U	U
chr22	46464000	46464200	U	U	U	U
chr22	46472000	46472200	U	U	U	U
chr22	46475000	46475200	U	U	U	U
chr22	46488200	46488400	U	U	U	U
chr22	46489200	46489400	U	U	U	U
chr22	46492000	46492200	U	U	U	U
chr22	46500600	46500800	U	U	U	U
chr22	46503000	46503200	U	U	U	U
chr22	46508800	46509000	U	U	U	U
chr22	46509600	46509800	U	U	U	U
chr22	46512000	46512200	U	U	U	U
chr22	46515600	46515800	U	U	U	U
chr22	46525600	46525800	U	U	U	U
chr22	46526600	46526800	U	U	U	U
chr22	46533800	46534000	U	U	U	U
chr22	46534600	46534800	U	U	U	U
chr22	46537800	46538000	U	U	U	U
chr22	46538000	46538200	U	U	U	U
chr22	46538800	46539000	U	U	U	U
chr22	46541400	46541600	U	U	U	U
chr22	46542000	46542200	B	U	U	U
chr22	46547600	46547800	U	U	U	U
chr22	46551800	46552000	U	U	U	U
chr22	46552000	46552200	U	U	U	U
chr22	46554600	46554800	U	U	U	U
chr22	46562000	46562200	U	U	U	U
chr22	46562200	46562400	U	U	U	U
chr22	46563600	46563800	B	U	B	U
chr22	46564000	46564200	B	U	U	U
chr22	46564400	46564600	U	U	U	U
chr22	46573000	46573200	U	U	U	U
chr22	46576400	46576600	U	U	U	U
chr22	46580200	46580400	U	U	U	U
chr22	46580400	46580600	U	U	U	U
chr22	46586200	46586400	U	U	U	U
chr22	46588000	46588200	U	U	U	U
chr22	46592000	46592200	U	U	U	U
chr22	46595800	46596000	U	U	U	U
chr22	46599800	46600000	U	U	U	U
chr22	46607000	46607200	U	U	U	U
chr22	46612600	46612800	U	U	U	U
chr22	46612800	46613000	U	U	U	U
chr22	46618800	46619000	U	U	U	U
chr22	46619800	46620000	U	U	U	U
chr22	46621000	46621200	U	U	U	U
chr22	46621800	46622000	U	U	U	U
chr22	46627000	46627200	U	U	U	U
chr22	46627200	46627400	B	U	U	U
chr22	46627600	46627800	B	U	U	U
chr22	46628200	46628400	U	U	U	U
chr22	46638000	46638200	U	U	U	U
chr22	46638800	46639000	U	U	U	U
chr22	46640200	46640400	U	U	U	U
chr22	46645800	46646000	U	U	U	U
chr22	46647200	46647400	U	U	U	U
chr22	46652600	46652800	U	U	U	U
chr22	46654000	46654200	U	U	U	U
chr22	46659800	46660000	U	U	U	U
chr22	46660000	46660200	U	U	U	U
chr22	46662200	46662400	U	U	U	U
chr22	46662800	46663000	U	U	U	U
chr22	46663000	46663200	U	U	U	U
chr22	46663600	46663800	U	U	U	U
chr22	46664400	46664600	U	U	U	U
chr22	46665200	46665400	U	U	U	U
chr22	46666400	46666600	U	U	U	U
chr22	46668400	46668600	U	U	U	U
chr22	46673000	46673200	U	U	U	U
chr22	46675400	46675600	U	U	U	U
chr22	46675800	46676000	U	U	U	U
chr22	46676000	46676200	U	U	U	U
chr22	46676400	46676600	U	U	U	U
chr22	46677800	46678000	U	U	U	U
chr22	46680200	46680400	U	U	U	U
chr22	46682000	46682200	U	U	U	U
chr22	46684800	46685000	U	U	U	U
chr22	46685600	46685800	U	U	U	U
chr22	46686000	46686200	U	U	U	U
chr22	46690600	46690800	U	U	U	U
chr22	46691600	46691800	U	U	U	U
chr22	46693200	46693400	U	U	U	U
chr22	46695200	46695400	U	U	U	U
chr22	46696800	46697000	U	U	U	U
chr22	46701200	46701400	U	U	U	U
chr22	46701600	46701800	U	U	U	U
chr22	46702800	46703000	U	U	U	U
chr22	46703600	46703800	U	U	U	U
chr22	46706800	46707000	U	U	U	U
chr22	46708600	46708800	U	U	U	U
chr22	46711600	46711800	U	U	U	U
chr22	46712400	46712600	U	U	U	U
chr22	46718400	46718600	U	U	U	U
chr22	46720200	46720400	U	U	U	U
chr22	46721800	46722000	U	U	U	U
chr22	46725200	46725400	U	U	U	U
chr22	46725400	46725600	U	U	U	U
chr22	46725800	46726000	U	U	U	U
chr22	46726000	46726200	U	U	U	U
chr22	46735600	46735800	U	U	U	U
chr22	46740800	46741000	U	U	U	U
chr22	46748400	46748600	U	U	U	U
chr22	46750400	46750600	U	U	U	U
chr22	46757000	46757200	U	U	U	U
chr22	46780200	46780400	U	U	U	U
chr22	46789600	46789800	U	U	U	U
chr22	46792600	46792800	U	U	U	U
chr22	46793200	46793400	U	U	U	U
chr22	46794200	46794400	U	U	U	U
chr22	46797000	46797200	U	U	U	U
chr22	46797200	46797400	U	U	U	U
chr22	46800800	46801000	U	U	U	U
chr22	46803800	46804000	B	U	U	U
chr22	46804600	46804800	U	U	U	U
chr22	46808400	46808600	U	U	U	U
chr22	46813000	46813200	U	U	U	U
chr22	46813800	46814000	U	U	U	U
chr22	46816800	46817000	U	U	U	U
chr22	46827400	46827600	U	U	U	U
chr22	46828200	46828400	U	U	U	U
chr22	46828600	46828800	U	U	U	U
chr22	46829400	46829600	U	U	U	U
chr22	46832000	46832200	U	U	U	U
chr22	46833600	46833800	U	U	U	U
chr22	46847000	46847200	U	U	U	U
chr22	46848200	46848400	U	U	U	U
chr22	46848800	46849000	U	U	U	U
chr22	46849000	46849200	U	U	U	U
chr22	46849600	46849800	U	U	U	U
chr22	46851800	46852000	U	U	U	U
chr22	46852200	46852400	U	U	U	U
chr22	46852800	46853000	U	U	U	U
chr22	46854000	46854200	B	U	U	U
chr22	46856200	46856400	U	U	U	U
chr22	46856400	46856600	U	U	U	U
chr22	46858400	46858600	U	U	U	U
chr22	46863200	46863400	U	U	U	U
chr22	46864200	46864400	U	U	U	U
chr22	46864600	46864800	U	U	U	U
chr22	46875800	46876000	U	U	U	U
chr22	46876600	46876800	U	U	U	U
chr22	46877600	46877800	U	U	U	U
chr22	46878400	46878600	U	U	U	U
chr22	46881400	46881600	U	U	U	U
chr22	46881800	46882000	U	U	U	U
chr22	46883400	46883600	U	U	U	U
chr22	46886200	46886400	U	U	U	U
chr22	46888400	46888600	U	U	U	U
chr22	46891400	46891600	U	U	U	U
chr22	46891800	46892000	U	U	U	U
chr22	46892000	46892200	U	U	U	U
chr22	46893000	46893200	U	U	U	U
chr22	46894200	46894400	U	U	U	U
chr22	46895000	46895200	U	U	U	U
chr22	46901600	46901800	U	U	U	U
chr22	46903000	46903200	U	U	U	U
chr22	46907200	46907400	U	U	U	U
chr22	46908400	46908600	U	U	U	U
chr22	46909800	46910000	U	U	U	U
chr22	46910000	46910200	U	U	U	U
chr22	46911400	46911600	U	U	U	U
chr22	46913200	46913400	U	U	U	U
chr22	46917400	46917600	U	U	U	U
chr22	46925200	46925400	U	U	U	U
chr22	46932200	46932400	U	U	U	U
chr22	46935000	46935200	B	U	U	B
chr22	46935200	46935400	B	U	U	U
chr22	46936400	46936600	B	U	U	U
chr22	46942800	46943000	U	U	U	U
chr22	46943000	46943200	U	U	U	U
chr22	46944800	46945000	U	U	U	U
chr22	46946000	46946200	U	U	U	U
chr22	46950400	46950600	U	U	U	U
chr22	46951600	46951800	U	U	U	U
chr22	46956600	46956800	U	U	U	U
chr22	46957800	46958000	U	U	U	U
chr22	46958000	46958200	U	U	U	U
chr22	46958400	46958600	U	U	U	U
chr22	46959200	46959400	U	U	U	U
chr22	46959600	46959800	U	U	U	U
chr22	46961000	46961200	U	U	U	U
chr22	46964200	46964400	U	U	U	U
chr22	46966000	46966200	U	U	U	U
chr22	46966200	46966400	U	U	U	U
chr22	46967200	46967400	U	U	U	U
chr22	46967400	46967600	U	U	U	U
chr22	46968000	46968200	U	U	U	U
chr22	46970200	46970400	U	U	U	U
chr22	46970400	46970600	U	U	U	U
chr22	46971200	46971400	U	U	U	U
chr22	46975200	46975400	U	U	U	U
chr22	46976200	46976400	U	U	U	U
chr22	46976800	46977000	U	U	U	U
chr22	46977000	46977200	U	U	U	U
chr22	46983200	46983400	U	U	U	U
chr22	46991600	46991800	U	U	U	U
chr22	46992800	46993000	U	U	U	U
chr22	46994400	46994600	U	U	U	U
chr22	46997800	46998000	U	U	U	U
chr22	47002000	47002200	U	U	U	U
chr22	47002400	47002600	U	U	U	U
chr22	47005000	47005200	U	U	U	U
chr22	47006600	47006800	U	U	U	U
chr22	47008200	47008400	U	U	U	U
chr22	47009800	47010000	U	U	U	U
chr22	47010400	47010600	U	U	U	U
chr22	47015800	47016000	U	U	U	U
chr22	47017200	47017400	U	U	U	U
chr22	47021800	47022000	U	U	U	U
chr22	47031800	47032000	U	U	U	U
chr22	47032000	47032200	U	U	U	U
chr22	47032800	47033000	U	U	U	U
chr22	47034000	47034200	U	U	U	U
chr22	47035400	47035600	U	U	U	U
chr22	47036400	47036600	U	U	U	U
chr22	47036800	47037000	U	U	U	U
chr22	47038000	47038200	U	U	U	U
chr22	47039200	47039400	U	U	U	U
chr22	47043000	47043200	U	U	U	U
chr22	47044200	47044400	U	U	U	U
chr22	47045000	47045200	U	U	U	U
chr22	47045400	47045600	U	U	U	U
chr22	47047600	47047800	U	U	U	U
chr22	47048200	47048400	U	U	U	U
chr22	47049200	47049400	U	U	U	U
chr22	47049400	47049600	U	U	U	U
chr22	47049600	47049800	U	U	U	U
chr22	47050600	47050800	U	U	U	U
chr22	47051200	47051400	U	U	U	U
chr22	47051600	47051800	U	U	U	U
chr22	47051800	47052000	U	U	U	U
chr22	47053200	47053400	U	U	U	U
chr22	47054200	47054400	U	U	U	U
chr22	47054400	47054600	U	U	U	U
chr22	47056400	47056600	U	U	U	U
chr22	47058200	47058400	U	U	U	U
chr22	47059600	47059800	U	U	U	U
chr22	47059800	47060000	U	U	U	U
chr22	47060000	47060200	U	U	U	U
chr22	47060800	47061000	U	U	U	U
chr22	47065400	47065600	U	U	U	U
chr22	47067600	47067800	U	U	U	U
chr22	47068000	47068200	U	U	U	U
chr22	47069400	47069600	U	U	U	U
chr22	47071600	47071800	U	U	U	U
chr22	47071800	47072000	U	U	U	U
chr22	47073400	47073600	U	U	U	U
chr22	47083400	47083600	U	U	U	U
chr22	47092400	47092600	U	U	U	U
chr22	47095800	47096000	U	U	U	U
chr22	47098800	47099000	U	U	U	U
chr22	47099000	47099200	U	U	U	U
chr22	47099200	47099400	U	U	U	U
chr22	47102200	47102400	U	U	U	U
chr22	47103000	47103200	U	U	U	U
chr22	47103200	47103400	U	U	U	U
chr22	47103400	47103600	U	U	U	U
chr22	47110800	47111000	U	U	U	U
chr22	47111600	47111800	U	U	U	U
chr22	47113200	47113400	U	U	U	U
chr22	47113800	47114000	U	U	U	U
chr22	47114600	47114800	U	U	U	U
chr22	47115200	47115400	U	U	U	U
chr22	47116800	47117000	U	U	U	U
chr22	47119200	47119400	U	U	U	U
chr22	47120200	47120400	U	U	U	U
chr22	47122000	47122200	U	U	U	U
chr22	47122800	47123000	U	U	U	U
chr22	47123400	47123600	U	U	U	U
chr22	47123600	47123800	U	U	U	U
chr22	47135400	47135600	U	U	U	U
chr22	47136800	47137000	U	U	U	U
chr22	47137200	47137400	U	U	U	U
chr22	47138000	47138200	U	U	U	U
chr22	47138200	47138400	U	U	U	U
chr22	47138400	47138600	U	U	U	U
chr22	47144200	47144400	U	U	U	U
chr22	47146400	47146600	U	U	U	U
chr22	47146600	47146800	U	U	U	U
chr22	47148200	47148400	U	U	U	U
chr22	47149400	47149600	U	U	U	U
chr22	47151600	47151800	U	U	U	U
chr22	47152200	47152400	U	U	U	U
chr22	47155000	47155200	U	U	U	U
chr22	47155600	47155800	U	U	U	U
chr22	47156800	47157000	U	U	U	U
chr22	47157400	47157600	U	U	U	U
chr22	47158400	47158600	U	U	U	U
chr22	47162200	47162400	U	U	U	U
chr22	47163400	47163600	U	U	U	U
chr22	47163800	47164000	U	U	U	U
chr22	47165200	47165400	U	U	U	U
chr22	47170000	47170200	U	U	U	U
chr22	47174200	47174400	U	U	U	U
chr22	47181000	47181200	U	U	U	U
chr22	47188600	47188800	U	U	U	U
chr22	47191400	47191600	U	U	U	U
chr22	47192200	47192400	U	U	U	U
chr22	47193800	47194000	U	U	U	U
chr22	47194200	47194400	U	U	U	U
chr22	47197000	47197200	U	U	U	U
chr22	47198200	47198400	U	U	U	U
chr22	47203200	47203400	U	U	U	U
chr22	47203600	47203800	U	U	U	U
chr22	47208600	47208800	U	U	U	U
chr22	47209000	47209200	U	U	U	U
chr22	47209600	47209800	U	U	U	U
chr22	47239600	47239800	U	U	U	U
chr22	47240000	47240200	U	U	U	U
chr22	47246800	47247000	U	U	U	U
chr22	47247000	47247200	U	U	U	U
chr22	47251000	47251200	U	U	U	U
chr22	47260200	47260400	U	U	U	U
chr22	47270000	47270200	U	U	U	U
chr22	47274200	47274400	U	U	U	U
chr22	47277400	47277600	U	U	U	U
chr22	47277800	47278000	U	U	U	U
chr22	47282200	47282400	U	U	U	U
chr22	47284600	47284800	U	U	U	U
chr22	47284800	47285000	U	U	U	U
chr22	47286400	47286600	U	U	U	U
chr22	47289200	47289400	U	U	U	U
chr22	47290800	47291000	U	U	U	U
chr22	47291000	47291200	U	U	U	U
chr22	47292200	47292400	U	U	U	U
chr22	47294400	47294600	U	U	U	U
chr22	47297800	47298000	U	U	U	U
chr22	47299600	47299800	U	U	U	U
chr22	47300400	47300600	U	U	U	U
chr22	47303400	47303600	U	U	U	U
chr22	47304400	47304600	U	U	U	U
chr22	47318600	47318800	U	U	U	U
chr22	47331400	47331600	U	U	U	U
chr22	47332400	47332600	U	U	U	U
chr22	47334400	47334600	U	U	U	U
chr22	47341600	47341800	U	U	U	U
chr22	47341800	47342000	U	U	U	U
chr22	47342400	47342600	U	U	U	U
chr22	47344000	47344200	U	U	U	U
chr22	47352000	47352200	U	U	U	U
chr22	47352600	47352800	U	U	U	U
chr22	47356200	47356400	U	U	U	U
chr22	47366400	47366600	U	U	U	U
chr22	47366600	47366800	U	U	U	U
chr22	47370000	47370200	U	U	U	U
chr22	47370200	47370400	U	U	U	U
chr22	47374000	47374200	U	U	U	U
chr22	47374600	47374800	U	U	U	U
chr22	47377200	47377400	U	U	U	U
chr22	47380800	47381000	U	U	U	U
chr22	47382400	47382600	U	U	U	U
chr22	47384000	47384200	U	U	U	U
chr22	47385800	47386000	U	U	U	U
chr22	47386600	47386800	U	U	U	U
chr22	47387200	47387400	U	U	U	U
chr22	47387600	47387800	U	U	U	U
chr22	47388200	47388400	U	U	U	U
chr22	47388400	47388600	U	U	U	U
chr22	47389600	47389800	U	U	U	U
chr22	47390800	47391000	U	U	U	U
chr22	47393600	47393800	U	U	U	U
chr22	47394200	47394400	U	U	U	U
chr22	47395400	47395600	U	U	U	U
chr22	47395800	47396000	U	U	U	U
chr22	47396200	47396400	U	U	U	U
chr22	47397800	47398000	U	U	U	U
chr22	47399400	47399600	U	U	U	U
chr22	47401000	47401200	U	U	U	U
chr22	47402000	47402200	U	U	U	U
chr22	47423200	47423400	U	U	U	U
chr22	47424200	47424400	U	U	U	U
chr22	47424400	47424600	U	U	U	U
chr22	47425400	47425600	U	U	U	U
chr22	47425600	47425800	U	U	U	U
chr22	47433600	47433800	U	U	U	U
chr22	47435800	47436000	U	U	U	U
chr22	47439400	47439600	U	U	U	U
chr22	47439600	47439800	U	U	U	U
chr22	47445800	47446000	U	U	U	U
chr22	47448200	47448400	U	U	U	U
chr22	47448800	47449000	U	U	U	U
chr22	47450800	47451000	U	U	U	U
chr22	47452600	47452800	U	U	U	U
chr22	47462400	47462600	U	U	U	U
chr22	47465600	47465800	U	U	U	U
chr22	47494600	47494800	U	U	U	U
chr22	47497000	47497200	U	U	U	U
chr22	47497200	47497400	U	U	U	U
chr22	47514800	47515000	U	U	U	U
chr22	47533200	47533400	U	U	U	U
chr22	47534600	47534800	U	U	U	U
chr22	47534800	47535000	U	U	U	U
chr22	47535600	47535800	U	U	U	U
chr22	47544800	47545000	U	U	U	U
chr22	47548000	47548200	U	U	U	U
chr22	47549400	47549600	U	U	U	U
chr22	47550400	47550600	U	U	U	U
chr22	47551800	47552000	U	U	U	U
chr22	47559200	47559400	U	U	U	U
chr22	47564200	47564400	U	U	U	U
chr22	47565200	47565400	U	U	U	U
chr22	47567200	47567400	U	U	U	U
chr22	47573000	47573200	U	U	U	U
chr22	47574800	47575000	U	U	U	U
chr22	47587000	47587200	U	U	U	U
chr22	47592800	47593000	U	U	U	U
chr22	47593000	47593200	U	U	U	U
chr22	47595000	47595200	U	U	U	U
chr22	47596800	47597000	U	U	U	U
chr22	47601400	47601600	U	U	U	U
chr22	47602200	47602400	U	U	U	U
chr22	47606800	47607000	U	U	U	U
chr22	47618000	47618200	U	U	U	U
chr22	47621200	47621400	U	U	U	U
chr22	47625000	47625200	U	U	U	U
chr22	47627800	47628000	U	U	U	U
chr22	47629400	47629600	U	U	U	U
chr22	47629600	47629800	U	U	U	U
chr22	47633000	47633200	U	U	U	U
chr22	47651200	47651400	U	U	U	U
chr22	47654000	47654200	U	U	U	U
chr22	47657600	47657800	U	U	U	U
chr22	47661000	47661200	U	U	U	U
chr22	47663400	47663600	U	U	U	U
chr22	47667200	47667400	U	U	U	U
chr22	47674800	47675000	U	U	U	U
chr22	47675200	47675400	U	U	U	U
chr22	47675400	47675600	U	U	U	U
chr22	47678000	47678200	B	U	U	B
chr22	47678400	47678600	B	U	U	B
chr22	47678600	47678800	B	U	U	U
chr22	47679000	47679200	U	U	U	U
chr22	47682000	47682200	U	U	U	U
chr22	47682200	47682400	U	U	U	U
chr22	47685200	47685400	U	U	U	U
chr22	47686200	47686400	U	U	U	U
chr22	47687400	47687600	U	U	U	U
chr22	47690600	47690800	U	U	U	U
chr22	47691400	47691600	U	U	U	U
chr22	47693000	47693200	U	U	U	U
chr22	47704800	47705000	U	U	U	U
chr22	47715200	47715400	U	U	U	U
chr22	47716800	47717000	B	U	U	B
chr22	47717800	47718000	U	U	U	U
chr22	47719600	47719800	U	U	U	U
chr22	47736600	47736800	U	U	U	U
chr22	47738200	47738400	U	U	U	U
chr22	47739400	47739600	U	U	U	U
chr22	47739600	47739800	U	U	U	U
chr22	47741400	47741600	U	U	U	U
chr22	47742000	47742200	U	U	U	U
chr22	47743400	47743600	U	U	U	U
chr22	47758600	47758800	U	U	U	U
chr22	47759000	47759200	U	U	U	U
chr22	47776800	47777000	U	U	U	U
chr22	47779200	47779400	B	U	U	U
chr22	47788200	47788400	U	U	U	U
chr22	47788600	47788800	U	U	U	U
chr22	47802400	47802600	U	U	U	U
chr22	47806400	47806600	U	U	U	U
chr22	47808200	47808400	U	U	U	U
chr22	47808800	47809000	U	U	U	U
chr22	47810600	47810800	U	U	U	U
chr22	47813800	47814000	U	U	U	U
chr22	47816200	47816400	U	U	U	U
chr22	47816400	47816600	U	U	U	U
chr22	47817400	47817600	U	U	U	U
chr22	47829800	47830000	U	U	U	U
chr22	47840400	47840600	U	U	U	U
chr22	47842400	47842600	U	U	U	U
chr22	47843600	47843800	U	U	U	U
chr22	47844200	47844400	U	U	U	U
chr22	47847600	47847800	U	U	U	U
chr22	47848000	47848200	U	U	U	U
chr22	47849600	47849800	U	U	U	U
chr22	47861800	47862000	U	U	U	U
chr22	47873000	47873200	U	U	U	U
chr22	47877600	47877800	U	U	U	U
chr22	47879800	47880000	U	U	U	U
chr22	47886400	47886600	U	U	U	U
chr22	47892200	47892400	U	U	U	U
chr22	47915000	47915200	U	U	U	U
chr22	47917200	47917400	U	U	U	U
chr22	47921000	47921200	U	U	U	U
chr22	47921400	47921600	U	U	U	U
chr22	47923400	47923600	U	U	U	U
chr22	47923800	47924000	U	U	U	U
chr22	47928000	47928200	U	U	U	U
chr22	47928800	47929000	U	U	U	U
chr22	47940600	47940800	U	U	U	U
chr22	47941800	47942000	U	U	U	U
chr22	47944400	47944600	U	U	U	U
chr22	47945400	47945600	U	U	U	U
chr22	47964600	47964800	U	U	U	U
chr22	47974000	47974200	U	U	U	U
chr22	47974400	47974600	U	U	U	U
chr22	47990000	47990200	U	U	U	U
chr22	47990800	47991000	U	U	U	U
chr22	47991800	47992000	U	U	U	U
chr22	47993000	47993200	U	U	U	U
chr22	47994000	47994200	U	U	U	U
chr22	47994800	47995000	U	U	U	U
chr22	47995600	47995800	U	U	U	U
chr22	47997600	47997800	U	U	U	U
chr22	47997800	47998000	U	U	U	U
chr22	47999000	47999200	U	U	U	U
chr22	48001800	48002000	U	U	U	U
chr22	48003200	48003400	U	U	U	U
chr22	48003800	48004000	U	U	U	U
chr22	48004200	48004400	U	U	U	U
chr22	48004400	48004600	U	U	U	U
chr22	48005000	48005200	U	U	U	U
chr22	48015800	48016000	U	U	U	U
chr22	48017000	48017200	U	U	U	U
chr22	48019200	48019400	U	U	U	U
chr22	48029000	48029200	U	U	U	U
chr22	48037600	48037800	U	U	U	U
chr22	48037800	48038000	U	U	U	U
chr22	48038400	48038600	U	U	U	U
chr22	48048000	48048200	U	U	U	U
chr22	48049200	48049400	U	U	U	U
chr22	48053800	48054000	U	U	U	U
chr22	48054000	48054200	U	U	U	U
chr22	48054600	48054800	U	U	U	U
chr22	48054800	48055000	U	U	U	U
chr22	48057400	48057600	U	U	U	U
chr22	48058600	48058800	U	U	U	U
chr22	48060600	48060800	U	U	U	U
chr22	48064600	48064800	U	U	U	U
chr22	48065200	48065400	U	U	U	U
chr22	48074400	48074600	U	U	U	U
chr22	48076400	48076600	U	U	U	U
chr22	48076800	48077000	U	U	U	U
chr22	48081200	48081400	U	U	U	U
chr22	48082000	48082200	U	U	U	U
chr22	48082800	48083000	U	U	U	U
chr22	48083200	48083400	U	U	U	U
chr22	48083800	48084000	U	U	U	U
chr22	48095200	48095400	U	U	U	U
chr22	48098400	48098600	U	U	U	U
chr22	48100800	48101000	U	U	U	U
chr22	48101400	48101600	U	U	U	U
chr22	48104400	48104600	U	U	U	U
chr22	48113400	48113600	U	U	U	U
chr22	48113600	48113800	U	U	U	U
chr22	48113800	48114000	U	U	U	U
chr22	48114800	48115000	U	U	U	U
chr22	48118000	48118200	U	U	U	U
chr22	48118200	48118400	U	U	U	U
chr22	48119200	48119400	U	U	U	U
chr22	48141000	48141200	U	U	U	U
chr22	48141400	48141600	U	U	U	U
chr22	48144600	48144800	U	U	U	U
chr22	48145200	48145400	U	U	U	U
chr22	48145600	48145800	U	U	U	U
chr22	48146400	48146600	U	U	U	U
chr22	48147800	48148000	U	U	U	U
chr22	48153600	48153800	U	U	U	U
chr22	48154000	48154200	U	U	U	U
chr22	48154200	48154400	U	U	U	U
chr22	48155800	48156000	U	U	U	U
chr22	48157200	48157400	U	U	U	U
chr22	48169200	48169400	U	U	U	U
chr22	48169800	48170000	U	U	U	U
chr22	48172200	48172400	U	U	U	U
chr22	48175600	48175800	U	U	U	U
chr22	48177200	48177400	U	U	U	U
chr22	48181400	48181600	U	U	U	U
chr22	48182200	48182400	U	U	U	U
chr22	48183600	48183800	U	U	U	U
chr22	48187400	48187600	U	U	U	U
chr22	48188200	48188400	U	U	U	U
chr22	48193600	48193800	U	U	U	U
chr22	48204800	48205000	U	U	U	U
chr22	48205000	48205200	U	U	U	U
chr22	48211200	48211400	U	U	U	U
chr22	48219200	48219400	U	U	U	U
chr22	48219800	48220000	U	U	U	U
chr22	48223000	48223200	U	U	U	U
chr22	48224800	48225000	U	U	U	U
chr22	48227600	48227800	U	U	U	U
chr22	48228200	48228400	U	U	U	U
chr22	48230200	48230400	U	U	U	U
chr22	48240200	48240400	U	U	U	U
chr22	48241600	48241800	U	U	U	U
chr22	48242800	48243000	U	U	U	U
chr22	48244200	48244400	U	U	U	U
chr22	48249200	48249400	U	U	U	U
chr22	48256600	48256800	U	U	U	U
chr22	48259200	48259400	U	U	U	U
chr22	48259400	48259600	U	U	U	U
chr22	48260600	48260800	U	U	U	U
chr22	48262400	48262600	U	U	U	U
chr22	48262600	48262800	U	U	U	U
chr22	48265400	48265600	U	U	U	U
chr22	48267600	48267800	U	U	U	U
chr22	48268000	48268200	U	U	U	U
chr22	48270400	48270600	U	U	U	U
chr22	48275600	48275800	U	U	U	U
chr22	48278800	48279000	U	U	U	U
chr22	48279000	48279200	U	U	U	U
chr22	48289600	48289800	U	U	U	U
chr22	48289800	48290000	U	U	U	U
chr22	48300200	48300400	U	U	U	U
chr22	48301800	48302000	U	U	U	U
chr22	48304200	48304400	U	U	U	U
chr22	48307400	48307600	U	U	U	U
chr22	48307600	48307800	U	U	U	U
chr22	48307800	48308000	U	U	U	U
chr22	48308800	48309000	U	U	U	U
chr22	48310000	48310200	U	U	U	U
chr22	48310400	48310600	U	U	U	U
chr22	48313800	48314000	U	U	U	U
chr22	48314000	48314200	U	U	U	U
chr22	48315600	48315800	U	U	U	U
chr22	48316400	48316600	U	U	U	U
chr22	48316800	48317000	U	U	U	U
chr22	48319000	48319200	U	U	U	U
chr22	48321400	48321600	U	U	U	U
chr22	48330600	48330800	U	U	U	U
chr22	48331000	48331200	U	U	U	U
chr22	48334200	48334400	U	U	U	U
chr22	48334400	48334600	U	U	U	U
chr22	48339400	48339600	U	U	U	U
chr22	48341000	48341200	U	U	U	U
chr22	48341200	48341400	U	U	U	U
chr22	48342000	48342200	U	U	U	U
chr22	48342800	48343000	U	U	U	U
chr22	48343800	48344000	U	U	U	U
chr22	48346800	48347000	U	U	U	U
chr22	48347400	48347600	U	U	U	U
chr22	48350400	48350600	U	U	U	U
chr22	48356800	48357000	U	U	U	U
chr22	48358400	48358600	U	U	U	U
chr22	48358600	48358800	U	U	U	U
chr22	48360200	48360400	U	U	U	U
chr22	48360600	48360800	U	U	U	U
chr22	48362600	48362800	U	U	U	U
chr22	48366200	48366400	U	U	U	U
chr22	48369800	48370000	U	U	U	U
chr22	48371800	48372000	U	U	U	U
chr22	48372400	48372600	U	U	U	U
chr22	48372800	48373000	U	U	U	U
chr22	48380600	48380800	U	U	U	U
chr22	48380800	48381000	U	U	U	U
chr22	48391200	48391400	U	U	U	U
chr22	48391400	48391600	U	U	U	U
chr22	48394400	48394600	U	U	U	U
chr22	48397000	48397200	U	U	U	U
chr22	48397200	48397400	U	U	U	U
chr22	48398400	48398600	U	U	U	U
chr22	48402400	48402600	U	U	U	U
chr22	48404200	48404400	U	U	U	U
chr22	48416600	48416800	U	U	U	U
chr22	48417200	48417400	U	U	U	U
chr22	48417400	48417600	U	U	U	U
chr22	48420600	48420800	U	U	U	U
chr22	48423400	48423600	U	U	U	U
chr22	48424000	48424200	U	U	U	U
chr22	48426400	48426600	U	U	U	U
chr22	48427600	48427800	U	U	U	U
chr22	48428200	48428400	U	U	U	U
chr22	48428400	48428600	U	U	U	U
chr22	48428600	48428800	U	U	U	U
chr22	48431400	48431600	U	U	U	U
chr22	48432400	48432600	U	U	U	U
chr22	48433800	48434000	U	U	U	U
chr22	48435000	48435200	U	U	U	U
chr22	48436000	48436200	U	U	U	U
chr22	48436200	48436400	U	U	U	U
chr22	48436600	48436800	U	U	U	U
chr22	48440000	48440200	U	U	U	U
chr22	48441000	48441200	U	U	U	U
chr22	48449600	48449800	U	U	U	U
chr22	48450600	48450800	U	U	U	U
chr22	48453200	48453400	U	U	U	U
chr22	48454400	48454600	U	U	U	U
chr22	48468400	48468600	U	U	U	U
chr22	48474200	48474400	U	U	U	U
chr22	48475600	48475800	U	U	U	U
chr22	48476800	48477000	U	U	U	U
chr22	48477800	48478000	U	U	U	U
chr22	48487800	48488000	U	U	U	U
chr22	48489000	48489200	U	U	U	U
chr22	48493000	48493200	U	U	U	U
chr22	48495400	48495600	U	U	U	U
chr22	48497200	48497400	U	U	U	U
chr22	48500200	48500400	U	U	U	U
chr22	48500600	48500800	U	U	U	U
chr22	48501600	48501800	U	U	U	U
chr22	48503200	48503400	U	U	U	U
chr22	48506800	48507000	U	U	U	U
chr22	48507600	48507800	U	U	U	U
chr22	48511600	48511800	U	U	U	U
chr22	48511800	48512000	U	U	U	U
chr22	48514000	48514200	U	U	U	U
chr22	48515800	48516000	U	U	U	U
chr22	48517600	48517800	U	U	U	U
chr22	48519400	48519600	U	U	U	U
chr22	48522000	48522200	U	U	U	U
chr22	48526200	48526400	U	U	U	U
chr22	48526600	48526800	U	U	U	U
chr22	48527200	48527400	U	U	U	U
chr22	48528000	48528200	U	U	U	U
chr22	48536400	48536600	U	U	U	U
chr22	48536600	48536800	U	U	U	U
chr22	48537000	48537200	U	U	U	U
chr22	48539400	48539600	U	U	U	U
chr22	48540600	48540800	U	U	U	U
chr22	48541800	48542000	U	U	U	U
chr22	48543600	48543800	U	U	U	U
chr22	48544000	48544200	U	U	U	U
chr22	48544800	48545000	U	U	U	U
chr22	48545000	48545200	U	U	U	U
chr22	48545600	48545800	U	U	U	U
chr22	48545800	48546000	U	U	U	U
chr22	48546200	48546400	U	U	U	U
chr22	48548400	48548600	U	U	U	U
chr22	48549200	48549400	U	U	U	U
chr22	48551200	48551400	U	U	U	U
chr22	48551400	48551600	U	U	U	U
chr22	48554200	48554400	U	U	U	U
chr22	48554600	48554800	U	U	U	U
chr22	48555400	48555600	U	U	U	U
chr22	48556400	48556600	U	U	U	U
chr22	48556600	48556800	U	U	U	U
chr22	48558200	48558400	U	U	U	U
chr22	48559800	48560000	U	U	U	U
chr22	48563000	48563200	U	U	U	U
chr22	48567400	48567600	U	U	U	U
chr22	48567600	48567800	U	U	U	U
chr22	48568200	48568400	U	U	U	U
chr22	48569000	48569200	U	U	U	U
chr22	48570000	48570200	U	U	U	U
chr22	48570200	48570400	U	U	U	U
chr22	48573600	48573800	U	U	U	U
chr22	48580000	48580200	U	U	U	U
chr22	48581200	48581400	U	U	U	U
chr22	48586600	48586800	U	U	U	U
chr22	48587200	48587400	U	U	U	U
chr22	48588800	48589000	U	U	U	U
chr22	48593400	48593600	U	U	U	U
chr22	48594000	48594200	U	U	U	U
chr22	48595800	48596000	U	U	U	U
chr22	48598400	48598600	U	U	U	U
chr22	48602000	48602200	U	U	U	U
chr22	48603400	48603600	U	U	U	U
chr22	48604200	48604400	U	U	U	U
chr22	48605800	48606000	U	U	U	U
chr22	48608600	48608800	U	U	U	U
chr22	48612800	48613000	U	U	U	U
chr22	48614600	48614800	U	U	U	U
chr22	48616000	48616200	U	U	U	U
chr22	48621800	48622000	U	U	U	U
chr22	48622000	48622200	U	U	U	U
chr22	48622800	48623000	U	U	U	U
chr22	48623000	48623200	U	U	U	U
chr22	48628600	48628800	U	U	U	U
chr22	48630800	48631000	U	U	U	U
chr22	48631000	48631200	U	U	U	U
chr22	48635600	48635800	U	U	U	U
chr22	48637000	48637200	U	U	U	U
chr22	48639600	48639800	U	U	U	U
chr22	48641200	48641400	U	U	U	U
chr22	48644400	48644600	U	U	U	U
chr22	48646000	48646200	U	U	U	U
chr22	48647400	48647600	U	U	U	U
chr22	48648200	48648400	U	U	U	U
chr22	48649800	48650000	U	U	U	U
chr22	48651600	48651800	U	U	U	U
chr22	48658800	48659000	U	U	U	U
chr22	48659000	48659200	U	U	U	U
chr22	48659800	48660000	U	U	U	U
chr22	48660400	48660600	U	U	U	U
chr22	48660800	48661000	U	U	U	U
chr22	48661000	48661200	U	U	U	U
chr22	48662600	48662800	U	U	U	U
chr22	48667400	48667600	U	U	U	U
chr22	48669400	48669600	U	U	U	U
chr22	48670200	48670400	U	U	U	U
chr22	48670400	48670600	U	U	U	U
chr22	48670600	48670800	U	U	U	U
chr22	48671400	48671600	U	U	U	U
chr22	48674200	48674400	U	U	U	U
chr22	48675400	48675600	U	U	U	U
chr22	48676000	48676200	U	U	U	U
chr22	48678200	48678400	U	U	U	U
chr22	48681000	48681200	U	U	U	U
chr22	48687800	48688000	U	U	U	U
chr22	48689800	48690000	U	U	U	U
chr22	48690200	48690400	U	U	U	U
chr22	48690400	48690600	U	U	U	U
chr22	48691200	48691400	U	U	U	U
chr22	48691600	48691800	U	U	U	U
chr22	48696000	48696200	U	U	U	U
chr22	48696800	48697000	U	U	U	U
chr22	48703800	48704000	U	U	U	U
chr22	48707200	48707400	U	U	U	U
chr22	48707600	48707800	U	U	U	U
chr22	48707800	48708000	U	U	U	U
chr22	48708000	48708200	U	U	U	U
chr22	48708800	48709000	U	U	U	U
chr22	48711600	48711800	U	U	U	U
chr22	48712600	48712800	U	U	U	U
chr22	48714400	48714600	U	U	U	U
chr22	48718600	48718800	U	U	U	U
chr22	48719800	48720000	U	U	U	U
chr22	48723800	48724000	U	U	U	U
chr22	48725200	48725400	U	U	U	U
chr22	48737600	48737800	U	U	U	U
chr22	48738000	48738200	U	U	U	U
chr22	48742800	48743000	U	U	U	U
chr22	48749600	48749800	U	U	U	U
chr22	48749800	48750000	U	U	U	U
chr22	48750400	48750600	U	U	U	U
chr22	48750600	48750800	U	U	U	U
chr22	48755800	48756000	U	U	U	U
chr22	48757800	48758000	U	U	U	U
chr22	48759200	48759400	U	U	U	U
chr22	48777800	48778000	U	U	U	U
chr22	48782200	48782400	U	U	U	U
chr22	48783200	48783400	U	U	U	U
chr22	48786600	48786800	U	U	U	U
chr22	48805600	48805800	U	U	U	U
chr22	48806000	48806200	U	U	U	U
chr22	48808200	48808400	U	U	U	U
chr22	48821600	48821800	U	U	U	U
chr22	48822600	48822800	U	U	U	U
chr22	48822800	48823000	U	U	U	U
chr22	48824400	48824600	U	U	U	U
chr22	48828400	48828600	U	U	U	U
chr22	48828800	48829000	U	U	U	U
chr22	48836400	48836600	U	U	U	U
chr22	48846000	48846200	U	U	U	U
chr22	48849200	48849400	U	U	U	U
chr22	48850800	48851000	U	U	U	U
chr22	48852000	48852200	U	U	U	U
chr22	48855600	48855800	U	U	U	U
chr22	48857400	48857600	U	U	U	U
chr22	48865000	48865200	U	U	U	U
chr22	48865400	48865600	U	U	U	U
chr22	48868400	48868600	U	U	U	U
chr22	48868600	48868800	U	U	U	U
chr22	48869400	48869600	U	U	U	U
chr22	48872800	48873000	U	U	U	U
chr22	48881400	48881600	U	U	U	U
chr22	48882800	48883000	U	U	U	U
chr22	48883600	48883800	U	U	U	U
chr22	48885000	48885200	U	U	U	U
chr22	48886800	48887000	U	U	U	U
chr22	48887000	48887200	U	U	U	U
chr22	48889000	48889200	U	U	U	U
chr22	48895400	48895600	U	U	U	U
chr22	48896000	48896200	U	U	U	U
chr22	48900000	48900200	U	U	U	U
chr22	48901400	48901600	U	U	U	U
chr22	48902400	48902600	U	U	U	U
chr22	48902600	48902800	U	U	U	U
chr22	48904400	48904600	U	U	U	U
chr22	48921400	48921600	U	U	U	U
chr22	48929000	48929200	U	U	U	U
chr22	48929400	48929600	U	U	U	U
chr22	48930400	48930600	U	U	U	U
chr22	48938600	48938800	U	U	U	U
chr22	48940000	48940200	U	U	U	U
chr22	48941400	48941600	U	U	U	U
chr22	48942200	48942400	U	U	U	U
chr22	48943000	48943200	U	U	U	U
chr22	48944600	48944800	U	U	U	U
chr22	48955800	48956000	U	U	U	U
chr22	48957600	48957800	U	U	U	U
chr22	48957800	48958000	U	U	U	U
chr22	48958200	48958400	U	U	U	U
chr22	48959000	48959200	U	U	U	U
chr22	48975200	48975400	U	U	U	U
chr22	48975400	48975600	U	U	U	U
chr22	48981800	48982000	U	U	U	U
chr22	48982000	48982200	U	U	U	U
chr22	49004400	49004600	U	U	U	U
chr22	49005000	49005200	U	U	U	U
chr22	49005200	49005400	U	U	U	U
chr22	49010600	49010800	U	U	U	U
chr22	49013200	49013400	U	U	U	U
chr22	49016400	49016600	U	U	U	U
chr22	49022000	49022200	U	U	U	U
chr22	49022800	49023000	U	U	U	U
chr22	49024400	49024600	U	U	U	U
chr22	49025000	49025200	U	U	U	U
chr22	49026200	49026400	U	U	U	U
chr22	49026800	49027000	U	U	U	U
chr22	49031800	49032000	U	U	U	U
chr22	49032000	49032200	U	U	U	U
chr22	49032600	49032800	U	U	U	U
chr22	49033000	49033200	U	U	U	U
chr22	49033800	49034000	U	U	U	U
chr22	49035200	49035400	U	U	U	U
chr22	49035400	49035600	U	U	U	U
chr22	49036200	49036400	U	U	U	U
chr22	49039600	49039800	U	U	U	U
chr22	49039800	49040000	U	U	U	U
chr22	49041000	49041200	U	U	U	U
chr22	49043200	49043400	U	U	U	U
chr22	49045000	49045200	U	U	U	U
chr22	49045800	49046000	U	U	U	U
chr22	49047200	49047400	U	U	U	U
chr22	49047800	49048000	U	U	U	U
chr22	49048400	49048600	U	U	U	U
chr22	49048600	49048800	U	U	U	U
chr22	49048800	49049000	U	U	U	U
chr22	49050000	49050200	U	U	U	U
chr22	49057000	49057200	U	U	U	U
chr22	49058000	49058200	U	U	U	U
chr22	49060200	49060400	U	U	U	U
chr22	49061000	49061200	U	U	U	U
chr22	49061200	49061400	U	U	U	U
chr22	49061600	49061800	U	U	U	U
chr22	49063200	49063400	U	U	U	U
chr22	49067400	49067600	U	U	U	U
chr22	49068000	49068200	U	U	U	U
chr22	49071600	49071800	U	U	U	U
chr22	49073000	49073200	U	U	U	U
chr22	49075400	49075600	U	U	U	U
chr22	49075800	49076000	U	U	U	U
chr22	49077600	49077800	U	U	U	U
chr22	49078200	49078400	U	U	U	U
chr22	49079400	49079600	U	U	U	U
chr22	49084000	49084200	U	U	U	U
chr22	49084200	49084400	U	U	U	U
chr22	49090200	49090400	U	U	U	U
chr22	49092800	49093000	U	U	U	U
chr22	49093800	49094000	U	U	U	U
chr22	49097600	49097800	U	U	U	U
chr22	49100600	49100800	U	U	U	U
chr22	49106400	49106600	U	U	U	U
chr22	49107000	49107200	U	U	U	U
chr22	49107200	49107400	U	U	U	U
chr22	49108200	49108400	U	U	U	U
chr22	49109600	49109800	U	U	U	U
chr22	49111000	49111200	U	U	U	U
chr22	49115400	49115600	U	U	U	U
chr22	49116200	49116400	U	U	U	U
chr22	49123200	49123400	U	U	U	U
chr22	49136400	49136600	U	U	U	U
chr22	49140800	49141000	U	U	U	U
chr22	49141600	49141800	U	U	U	U
chr22	49147000	49147200	U	U	U	U
chr22	49151200	49151400	U	U	U	U
chr22	49154000	49154200	U	U	U	U
chr22	49155200	49155400	U	U	U	U
chr22	49157200	49157400	U	U	U	U
chr22	49160000	49160200	U	U	U	U
chr22	49162600	49162800	U	U	U	U
chr22	49162800	49163000	U	U	U	U
chr22	49165200	49165400	U	U	U	U
chr22	49167400	49167600	U	U	U	U
chr22	49169600	49169800	U	U	U	U
chr22	49177600	49177800	U	U	U	U
chr22	49178600	49178800	U	U	U	U
chr22	49183400	49183600	U	U	U	U
chr22	49183600	49183800	U	U	U	U
chr22	49185000	49185200	U	U	U	U
chr22	49186000	49186200	U	U	U	U
chr22	49189600	49189800	U	U	U	U
chr22	49191600	49191800	U	U	U	U
chr22	49192400	49192600	U	U	U	U
chr22	49193200	49193400	U	U	U	U
chr22	49195000	49195200	U	U	U	U
chr22	49195200	49195400	U	U	U	U
chr22	49201400	49201600	U	U	U	U
chr22	49204000	49204200	U	U	U	U
chr22	49207600	49207800	U	U	U	U
chr22	49208000	49208200	U	U	U	U
chr22	49208400	49208600	U	U	U	U
chr22	49212600	49212800	U	U	U	U
chr22	49213200	49213400	U	U	U	U
chr22	49213400	49213600	U	U	U	U
chr22	49214200	49214400	U	U	U	U
chr22	49214800	49215000	U	U	U	U
chr22	49215000	49215200	U	U	U	U
chr22	49216200	49216400	U	U	U	U
chr22	49229800	49230000	U	U	U	U
chr22	49231600	49231800	U	U	U	U
chr22	49232400	49232600	U	U	U	U
chr22	49232800	49233000	U	U	U	U
chr22	49233600	49233800	U	U	U	U
chr22	49236600	49236800	U	U	U	U
chr22	49236800	49237000	U	U	U	U
chr22	49237800	49238000	U	U	U	U
chr22	49240000	49240200	U	U	U	U
chr22	49240600	49240800	U	U	U	U
chr22	49240800	49241000	U	U	U	U
chr22	49242000	49242200	U	U	U	U
chr22	49247000	49247200	U	U	U	U
chr22	49251600	49251800	U	U	U	U
chr22	49252400	49252600	U	U	U	U
chr22	49252800	49253000	U	U	U	U
chr22	49259600	49259800	U	U	U	U
chr22	49268000	49268200	U	U	U	U
chr22	49268200	49268400	U	U	U	U
chr22	49274600	49274800	U	U	U	U
chr22	49276600	49276800	U	U	U	U
chr22	49292200	49292400	U	U	U	U
chr22	49292800	49293000	U	U	U	U
chr22	49294600	49294800	U	U	U	U
chr22	49294800	49295000	U	U	U	U
chr22	49297800	49298000	U	U	U	U
chr22	49301400	49301600	U	U	U	U
chr22	49303000	49303200	U	U	U	U
chr22	49310400	49310600	U	U	U	U
chr22	49321400	49321600	U	U	U	U
chr22	49323800	49324000	U	U	U	U
chr22	49328200	49328400	U	U	U	U
chr22	49329400	49329600	U	U	U	U
chr22	49329600	49329800	U	U	U	U
chr22	49333600	49333800	U	U	U	U
chr22	49345200	49345400	U	U	U	U
chr22	49352200	49352400	U	U	U	U
chr22	49352600	49352800	U	U	U	U
chr22	49357000	49357200	U	U	U	U
chr22	49357600	49357800	U	U	U	U
chr22	49363400	49363600	U	U	U	U
chr22	49366600	49366800	U	U	U	U
chr22	49369000	49369200	B	U	U	U
chr22	49369600	49369800	U	U	U	U
chr22	49370200	49370400	U	U	U	U
chr22	49370400	49370600	U	U	U	U
chr22	49371600	49371800	U	U	U	U
chr22	49371800	49372000	U	U	U	U
chr22	49372800	49373000	B	U	B	U
chr22	49373000	49373200	B	U	U	U
chr22	49373400	49373600	U	U	U	U
chr22	49374000	49374200	U	U	U	U
chr22	49377200	49377400	U	U	U	U
chr22	49377800	49378000	U	U	U	U
chr22	49381800	49382000	U	U	U	U
chr22	49382200	49382400	U	U	U	U
chr22	49391000	49391200	U	U	U	U
chr22	49392200	49392400	U	U	U	U
chr22	49393600	49393800	U	U	U	U
chr22	49396400	49396600	U	U	U	U
chr22	49397200	49397400	U	U	U	U
chr22	49413600	49413800	U	U	U	U
chr22	49417400	49417600	U	U	U	U
chr22	49422400	49422600	U	U	U	U
chr22	49423600	49423800	U	U	U	U
chr22	49423800	49424000	U	U	U	U
chr22	49424200	49424400	U	U	U	U
chr22	49427400	49427600	U	U	U	U
chr22	49428000	49428200	U	U	U	U
chr22	49432200	49432400	U	U	U	U
chr22	49434400	49434600	U	U	U	U
chr22	49434600	49434800	U	U	U	U
chr22	49436000	49436200	U	U	U	U
chr22	49436400	49436600	U	U	U	U
chr22	49438400	49438600	U	U	U	U
chr22	49446000	49446200	U	U	U	U
chr22	49446400	49446600	U	U	U	U
chr22	49446600	49446800	U	U	U	U
chr22	49447800	49448000	U	U	U	U
chr22	49457800	49458000	U	U	U	U
chr22	49458800	49459000	U	U	U	U
chr22	49460000	49460200	U	U	U	U
chr22	49461200	49461400	U	U	U	U
chr22	49467200	49467400	U	U	U	U
chr22	49467400	49467600	U	U	U	U
chr22	49468200	49468400	U	U	U	U
chr22	49468600	49468800	U	U	U	U
chr22	49468800	49469000	U	U	U	U
chr22	49479800	49480000	U	U	U	U
chr22	49481400	49481600	B	U	U	U
chr22	49481600	49481800	B	U	U	U
chr22	49481800	49482000	B	U	U	U
chr22	49483200	49483400	U	U	U	U
chr22	49483600	49483800	U	U	U	U
chr22	49484000	49484200	U	U	U	U
chr22	49488400	49488600	U	U	U	U
chr22	49490600	49490800	U	U	U	U
chr22	49491000	49491200	U	U	U	U
chr22	49491200	49491400	U	U	U	U
chr22	49493200	49493400	U	U	U	U
chr22	49493800	49494000	U	U	U	U
chr22	49495200	49495400	U	U	U	U
chr22	49498200	49498400	U	U	U	U
chr22	49499400	49499600	U	U	U	U
chr22	49502000	49502200	U	U	U	U
chr22	49502800	49503000	U	U	U	U
chr22	49503800	49504000	U	U	U	U
chr22	49504800	49505000	U	U	U	U
chr22	49512800	49513000	U	U	U	U
chr22	49514800	49515000	U	U	U	U
chr22	49516000	49516200	U	U	U	U
chr22	49516800	49517000	U	U	U	U
chr22	49521000	49521200	U	U	U	U
chr22	49523000	49523200	U	U	U	U
chr22	49523600	49523800	U	U	U	U
chr22	49523800	49524000	U	U	U	U
chr22	49524000	49524200	U	U	U	U
chr22	49526400	49526600	U	U	U	U
chr22	49531000	49531200	U	U	U	U
chr22	49533000	49533200	U	U	U	U
chr22	49533400	49533600	U	U	U	U
chr22	49535000	49535200	U	U	U	U
chr22	49535200	49535400	U	U	U	U
chr22	49536000	49536200	U	U	U	U
chr22	49537000	49537200	U	U	U	U
chr22	49538400	49538600	U	U	U	U
chr22	49539600	49539800	U	U	U	U
chr22	49540600	49540800	U	U	U	U
chr22	49541000	49541200	U	U	U	U
chr22	49542800	49543000	U	U	U	U
chr22	49549400	49549600	U	U	U	U
chr22	49551800	49552000	U	U	U	U
chr22	49552200	49552400	U	U	U	U
chr22	49562400	49562600	U	U	U	U
chr22	49564600	49564800	U	U	U	U
chr22	49566200	49566400	U	U	U	U
chr22	49568000	49568200	U	U	U	U
chr22	49568800	49569000	U	U	U	U
chr22	49570200	49570400	U	U	U	U
chr22	49571400	49571600	U	U	U	U
chr22	49571600	49571800	U	U	U	U
chr22	49573400	49573600	U	U	U	U
chr22	49574400	49574600	U	U	U	U
chr22	49576000	49576200	U	U	U	U
chr22	49583400	49583600	U	U	U	U
chr22	49586200	49586400	U	U	U	U
chr22	49590200	49590400	U	U	U	U
chr22	49590600	49590800	U	U	U	U
chr22	49590800	49591000	U	U	U	U
chr22	49591200	49591400	U	U	U	U
chr22	49599000	49599200	U	U	U	U
chr22	49600600	49600800	U	U	U	U
chr22	49608200	49608400	U	U	U	U
chr22	49608400	49608600	U	U	U	U
chr22	49608800	49609000	U	U	U	U
chr22	49613000	49613200	U	U	U	U
chr22	49613400	49613600	U	U	U	U
chr22	49616400	49616600	U	U	U	U
chr22	49617400	49617600	U	U	U	U
chr22	49621400	49621600	U	U	U	U
chr22	49622400	49622600	U	U	U	U
chr22	49623200	49623400	U	U	U	U
chr22	49626400	49626600	U	U	U	U
chr22	49627800	49628000	U	U	U	U
chr22	49630000	49630200	U	U	U	U
chr22	49632800	49633000	U	U	U	U
chr22	49635600	49635800	U	U	U	U
chr22	49636400	49636600	U	U	U	U
chr22	49636600	49636800	U	U	U	U
chr22	49638800	49639000	U	U	U	U
chr22	49640200	49640400	U	U	U	U
chr22	49641200	49641400	U	U	U	U
chr22	49641400	49641600	U	U	U	U
chr22	49641600	49641800	U	U	U	U
chr22	49642000	49642200	U	U	U	U
chr22	49646200	49646400	U	U	U	U
chr22	49646400	49646600	U	U	U	U
chr22	49663200	49663400	U	U	U	U
chr22	49664000	49664200	U	U	U	U
chr22	49668400	49668600	U	U	U	U
chr22	49668600	49668800	U	U	U	U
chr22	49668800	49669000	U	U	U	U
chr22	49670800	49671000	U	U	U	U
chr22	49671400	49671600	U	U	U	U
chr22	49671600	49671800	U	U	U	U
chr22	49675600	49675800	U	U	U	U
chr22	49679600	49679800	U	U	U	U
chr22	49679800	49680000	U	U	U	U
chr22	49686000	49686200	U	U	U	U
chr22	49686400	49686600	U	U	U	U
chr22	49687200	49687400	U	U	U	U
chr22	49689400	49689600	U	U	U	U
chr22	49692800	49693000	U	U	U	U
chr22	49695400	49695600	U	U	U	U
chr22	49702600	49702800	U	U	U	U
chr22	49705200	49705400	B	U	U	U
chr22	49706800	49707000	U	U	U	U
chr22	49712600	49712800	U	U	B	U
chr22	49712800	49713000	U	U	U	U
chr22	49713600	49713800	U	U	U	U
chr22	49716400	49716600	U	U	U	U
chr22	49717800	49718000	U	U	U	U
chr22	49720400	49720600	U	U	U	U
chr22	49724600	49724800	B	U	U	U
chr22	49735400	49735600	B	U	B	U
chr22	49735600	49735800	B	U	B	U
chr22	49750200	49750400	U	U	U	U
chr22	49751800	49752000	B	U	U	U
chr22	49754200	49754400	U	U	U	U
chr22	49755200	49755400	U	U	U	U
chr22	49758800	49759000	U	U	U	U
chr22	49766200	49766400	U	U	U	U
chr22	49768200	49768400	U	U	U	U
chr22	49772000	49772200	U	U	U	U
chr22	49775400	49775600	U	U	U	U
chr22	49775800	49776000	U	U	U	U
chr22	49777200	49777400	U	U	U	U
chr22	49778000	49778200	U	U	U	U
chr22	49778400	49778600	U	U	U	U
chr22	49779400	49779600	U	U	U	U
chr22	49780000	49780200	U	U	U	U
chr22	49780400	49780600	U	U	U	U
chr22	49781400	49781600	U	U	U	U
chr22	49783800	49784000	U	U	U	U
chr22	49784800	49785000	U	U	U	U
chr22	49785600	49785800	U	U	U	U
chr22	49786000	49786200	B	U	U	U
chr22	49787400	49787600	U	U	U	U
chr22	49789200	49789400	U	U	U	U
chr22	49789800	49790000	U	U	U	U
chr22	49790000	49790200	U	U	U	U
chr22	49791000	49791200	U	U	U	U
chr22	49794600	49794800	U	U	U	U
chr22	49795200	49795400	U	U	U	U
chr22	49799000	49799200	U	U	U	U
chr22	49800000	49800200	U	U	U	U
chr22	49801000	49801200	U	U	U	U
chr22	49803200	49803400	U	U	U	U
chr22	49803400	49803600	U	U	U	U
chr22	49803600	49803800	U	U	U	U
chr22	49804000	49804200	U	U	U	U
chr22	49804200	49804400	U	U	U	U
chr22	49805000	49805200	U	U	U	U
chr22	49815600	49815800	U	U	U	U
chr22	49820200	49820400	U	U	U	U
chr22	49821000	49821200	U	U	U	U
chr22	49824000	49824200	U	U	U	U
chr22	49824400	49824600	U	U	U	U
chr22	49824600	49824800	U	U	U	U
chr22	49827000	49827200	B	U	U	U
chr22	49829000	49829200	U	U	U	U
chr22	49829600	49829800	U	U	U	U
chr22	49849200	49849400	U	U	U	U
chr22	49854200	49854400	U	U	U	U
chr22	49856200	49856400	U	U	U	U
chr22	49858400	49858600	U	U	U	U
chr22	49858600	49858800	U	U	U	U
chr22	49883200	49883400	U	U	U	U
chr22	49884600	49884800	U	U	U	U
chr22	49884800	49885000	U	U	U	U
chr22	49886600	49886800	U	U	U	U
chr22	49887800	49888000	U	U	U	U
chr22	49888000	49888200	U	U	U	U
chr22	49888600	49888800	U	U	U	U
chr22	49903400	49903600	U	U	U	U
chr22	49909800	49910000	U	U	U	U
chr22	49911000	49911200	U	U	U	U
chr22	49913000	49913200	U	U	U	U
chr22	49920200	49920400	U	U	U	U
chr22	49920600	49920800	U	U	U	U
chr22	49921400	49921600	U	U	U	U
chr22	49921800	49922000	U	U	U	U
chr22	49925600	49925800	U	U	U	U
chr22	49929000	49929200	U	U	U	U
chr22	49934200	49934400	B	U	U	U
chr22	49934600	49934800	U	U	U	U
chr22	49934800	49935000	U	U	U	U
chr22	49935000	49935200	U	U	U	U
chr22	49936400	49936600	B	U	U	B
chr22	49937400	49937600	U	U	U	U
chr22	49938200	49938400	U	U	U	U
chr22	49943000	49943200	U	U	U	U
chr22	49943400	49943600	U	U	U	U
chr22	49943800	49944000	U	U	U	U
chr22	49944000	49944200	U	U	U	U
chr22	49946800	49947000	U	U	U	U
chr22	49952200	49952400	U	U	U	U
chr22	49952800	49953000	U	U	U	U
chr22	49953200	49953400	U	U	U	U
chr22	49954000	49954200	U	U	U	U
chr22	49958200	49958400	U	U	U	U
chr22	49958600	49958800	U	U	U	U
chr22	49959800	49960000	B	U	U	U
chr22	49960000	49960200	B	U	U	U
chr22	49960200	49960400	B	U	U	U
chr22	49962800	49963000	B	U	U	U
chr22	49963400	49963600	U	U	U	U
chr22	49964000	49964200	U	U	U	U
chr22	49964200	49964400	U	U	U	U
chr22	49966600	49966800	U	U	U	U
chr22	49969400	49969600	U	U	U	U
chr22	49969600	49969800	U	U	U	U
chr22	49971200	49971400	B	U	U	U
chr22	49995800	49996000	U	U	U	U
chr22	49996600	49996800	U	U	U	U
chr22	49997000	49997200	U	U	U	U
chr22	49999200	49999400	B	U	U	U
chr22	50000600	50000800	U	U	U	U
chr22	50006200	50006400	U	U	U	U
chr22	50010200	50010400	U	U	U	U
chr22	50010400	50010600	U	U	U	U
chr22	50011600	50011800	U	U	U	U
chr22	50012400	50012600	B	U	U	U
chr22	50017400	50017600	U	U	U	U
chr22	50027800	50028000	U	U	U	U
chr22	50032000	50032200	U	U	U	U
chr22	50032400	50032600	U	U	U	U
chr22	50032800	50033000	U	U	U	U
chr22	50033400	50033600	U	U	U	U
chr22	50035400	50035600	U	U	U	U
chr22	50036000	50036200	U	U	U	U
chr22	50046200	50046400	U	U	U	U
chr22	50047600	50047800	U	U	U	U
chr22	50059600	50059800	U	U	U	U
chr22	50061600	50061800	U	U	U	U
chr22	50068400	50068600	U	U	U	U
chr22	50072400	50072600	U	U	U	U
chr22	50081600	50081800	U	U	U	U
chr22	50083600	50083800	U	U	U	U
chr22	50085000	50085200	U	U	U	U
chr22	50085800	50086000	U	U	U	U
chr22	50091200	50091400	U	U	U	U
chr22	50091800	50092000	U	U	U	U
chr22	50113400	50113600	U	U	U	U
chr22	50115000	50115200	U	U	U	U
chr22	50117200	50117400	B	U	U	B
chr22	50120600	50120800	U	U	U	U
chr22	50125200	50125400	U	U	U	U
chr22	50126800	50127000	U	U	U	U
chr22	50141800	50142000	U	U	U	U
chr22	50145800	50146000	U	U	U	U
chr22	50146000	50146200	U	U	U	U
chr22	50148000	50148200	U	U	U	U
chr22	50148200	50148400	U	U	U	U
chr22	50150600	50150800	U	U	U	U
chr22	50153200	50153400	U	U	U	U
chr22	50153800	50154000	U	U	U	U
chr22	50161200	50161400	U	U	U	U
chr22	50161600	50161800	U	U	U	U
chr22	50162400	50162600	U	U	U	U
chr22	50162600	50162800	U	U	U	U
chr22	50171200	50171400	U	U	U	U
chr22	50174200	50174400	U	U	U	U
chr22	50174400	50174600	U	U	U	U
chr22	50175800	50176000	U	U	U	U
chr22	50176800	50177000	U	U	U	U
chr22	50177200	50177400	U	U	U	U
chr22	50177800	50178000	U	U	U	U
chr22	50179400	50179600	U	U	U	U
chr22	50180200	50180400	U	U	U	U
chr22	50180800	50181000	U	U	U	U
chr22	50182400	50182600	U	U	U	U
chr22	50183800	50184000	U	U	U	U
chr22	50187000	50187200	B	U	U	U
chr22	50189400	50189600	U	U	U	U
chr22	50191000	50191200	U	U	U	U
chr22	50191400	50191600	U	U	U	U
chr22	50192400	50192600	U	U	U	U
chr22	50192800	50193000	U	U	U	U
chr22	50195000	50195200	U	U	U	U
chr22	50195800	50196000	U	U	U	U
chr22	50197600	50197800	U	U	U	U
chr22	50197800	50198000	U	U	U	U
chr22	50198400	50198600	U	U	U	U
chr22	50199000	50199200	U	U	U	U
chr22	50199200	50199400	U	U	U	U
chr22	50199400	50199600	U	U	U	U
chr22	50200400	50200600	B	U	U	U
chr22	50201600	50201800	U	U	U	U
chr22	50210200	50210400	B	U	U	U
chr22	50215800	50216000	U	U	U	U
chr22	50216000	50216200	U	U	U	U
chr22	50216400	50216600	U	U	U	U
chr22	50217000	50217200	U	U	U	U
chr22	50218000	50218200	U	U	U	U
chr22	50220000	50220200	U	U	U	U
chr22	50221800	50222000	U	U	U	U
chr22	50223000	50223200	U	U	U	U
chr22	50225200	50225400	U	U	U	U
chr22	50227800	50228000	U	U	U	U
chr22	50228800	50229000	U	U	U	U
chr22	50232800	50233000	U	U	U	U
chr22	50233000	50233200	U	U	U	U
chr22	50233600	50233800	U	U	U	U
chr22	50236600	50236800	U	U	U	U
chr22	50237200	50237400	U	U	U	U
chr22	50240200	50240400	U	U	U	U
chr22	50246400	50246600	U	U	U	U
chr22	50249600	50249800	U	U	U	U
chr22	50250600	50250800	B	U	U	U
chr22	50250800	50251000	B	U	B	U
chr22	50252000	50252200	U	U	B	U
chr22	50252800	50253000	U	U	U	U
chr22	50254000	50254200	U	U	U	U
chr22	50257000	50257200	U	U	U	U
chr22	50258200	50258400	U	U	U	U
chr22	50258600	50258800	U	U	U	U
chr22	50263200	50263400	U	U	U	U
chr22	50263600	50263800	U	U	U	U
chr22	50264800	50265000	U	U	U	U
chr22	50265400	50265600	U	U	U	U
chr22	50266800	50267000	U	U	U	U
chr22	50268200	50268400	U	U	U	U
chr22	50269400	50269600	U	U	U	U
chr22	50269800	50270000	B	U	U	U
chr22	50273000	50273200	U	U	U	U
chr22	50277800	50278000	U	U	U	U
chr22	50279600	50279800	U	U	U	U
chr22	50280800	50281000	U	U	U	U
chr22	50281600	50281800	U	U	U	U
chr22	50281800	50282000	U	U	U	U
chr22	50282600	50282800	U	U	U	U
chr22	50282800	50283000	U	U	U	U
chr22	50283200	50283400	U	U	U	U
chr22	50284600	50284800	U	U	U	U
chr22	50288200	50288400	U	U	U	U
chr22	50288400	50288600	U	U	U	U
chr22	50289000	50289200	U	U	U	U
chr22	50289600	50289800	U	U	U	U
chr22	50289800	50290000	U	U	U	U
chr22	50290800	50291000	U	U	U	U
chr22	50301000	50301200	U	U	U	U
chr22	50301200	50301400	U	U	U	U
chr22	50301800	50302000	U	U	U	U
chr22	50303800	50304000	B	U	U	U
chr22	50304200	50304400	B	U	U	U
chr22	50304800	50305000	U	U	U	U
chr22	50305000	50305200	U	U	U	U
chr22	50308200	50308400	B	U	U	U
chr22	50311600	50311800	U	U	U	U
chr22	50311800	50312000	U	U	U	U
chr22	50312000	50312200	U	U	U	U
chr22	50314200	50314400	B	U	U	U
chr22	50314600	50314800	B	U	U	U
chr22	50316400	50316600	U	U	U	U
chr22	50318800	50319000	B	U	U	U
chr22	50320800	50321000	U	U	U	U
chr22	50321000	50321200	U	U	U	U
chr22	50326000	50326200	U	U	U	U
chr22	50342800	50343000	B	U	U	U
chr22	50343400	50343600	B	U	U	U
chr22	50347000	50347200	U	U	U	U
chr22	50347600	50347800	U	U	U	U
chr22	50361000	50361200	U	U	U	U
chr22	50361800	50362000	U	U	U	U
chr22	50363000	50363200	U	U	U	U
chr22	50367400	50367600	U	U	U	U
chr22	50383200	50383400	U	U	U	U
chr22	50393000	50393200	U	U	U	U
chr22	50393200	50393400	U	U	U	U
chr22	50395200	50395400	U	U	U	U
chr22	50397000	50397200	U	U	U	U
chr22	50400200	50400400	U	U	U	U
chr22	50408600	50408800	U	U	U	U
chr22	50415200	50415400	U	U	U	U
chr22	50417800	50418000	U	U	U	U
chr22	50419200	50419400	U	U	U	U
chr22	50420600	50420800	U	U	U	U
chr22	50423600	50423800	U	U	U	U
chr22	50423800	50424000	U	U	U	U
chr22	50431600	50431800	U	U	U	U
chr22	50432600	50432800	U	U	U	U
chr22	50436400	50436600	U	U	U	U
chr22	50437600	50437800	U	U	U	U
chr22	50437800	50438000	U	U	U	U
chr22	50438000	50438200	U	U	U	U
chr22	50438600	50438800	U	U	U	U
chr22	50441400	50441600	U	U	U	U
chr22	50442200	50442400	U	U	U	U
chr22	50443200	50443400	U	U	U	U
chr22	50444800	50445000	U	U	U	U
chr22	50445600	50445800	U	U	U	U
chr22	50447200	50447400	U	U	U	U
chr22	50447600	50447800	U	U	U	U
chr22	50447800	50448000	U	U	U	U
chr22	50448000	50448200	U	U	U	U
chr22	50448200	50448400	U	U	U	U
chr22	50448400	50448600	U	U	U	U
chr22	50454000	50454200	U	U	U	U
chr22	50454400	50454600	U	U	U	U
chr22	50454600	50454800	U	U	U	U
chr22	50454800	50455000	U	U	U	U
chr22	50455400	50455600	U	U	U	U
chr22	50456000	50456200	U	U	U	U
chr22	50456600	50456800	B	U	U	U
chr22	50458600	50458800	U	U	U	U
chr22	50459800	50460000	U	U	U	U
chr22	50461800	50462000	U	U	U	U
chr22	50463200	50463400	U	U	U	U
chr22	50463800	50464000	U	U	U	U
chr22	50465800	50466000	U	U	U	U
chr22	50466400	50466600	U	U	U	U
chr22	50466800	50467000	U	U	U	U
chr22	50467600	50467800	U	U	U	U
chr22	50468200	50468400	U	U	U	U
chr22	50469800	50470000	B	U	U	U
chr22	50470200	50470400	B	U	U	U
chr22	50472800	50473000	U	U	U	U
chr22	50475400	50475600	B	U	U	U
chr22	50481000	50481200	U	U	U	U
chr22	50490800	50491000	U	U	U	U
chr22	50495800	50496000	U	U	U	U
chr22	50498800	50499000	B	U	U	U
chr22	50502200	50502400	U	U	U	U
chr22	50502400	50502600	U	U	U	U
chr22	50504800	50505000	U	U	U	U
chr22	50505200	50505400	U	U	U	U
chr22	50508400	50508600	B	U	U	U
chr22	50515800	50516000	U	U	U	U
chr22	50516400	50516600	U	U	U	U
chr22	50517400	50517600	U	U	U	U
chr22	50518000	50518200	U	U	U	U
chr22	50518600	50518800	U	U	U	U
chr22	50522600	50522800	U	U	U	U
chr22	50523000	50523200	U	U	U	U
chr22	50529200	50529400	U	U	U	U
chr22	50532400	50532600	U	U	U	U
chr22	50540600	50540800	U	U	U	U
chr22	50544200	50544400	U	U	U	U
chr22	50547400	50547600	B	U	B	U
chr22	50548600	50548800	U	U	U	U
chr22	50549000	50549200	U	U	U	U
chr22	50551400	50551600	U	U	U	U
chr22	50551600	50551800	U	U	U	U
chr22	50557600	50557800	U	U	U	U
chr22	50561600	50561800	U	U	U	U
chr22	50561800	50562000	U	U	U	U
chr22	50568800	50569000	U	U	U	U
chr22	50569600	50569800	U	U	U	U
chr22	50573400	50573600	U	U	U	U
chr22	50578400	50578600	U	U	U	U
chr22	50579000	50579200	U	U	U	U
chr22	50579800	50580000	U	U	U	U
chr22	50601200	50601400	U	U	U	U
chr22	50601400	50601600	U	U	U	U
chr22	50605400	50605600	U	U	U	U
chr22	50613000	50613200	B	U	U	U
chr22	50620000	50620200	U	U	U	U
chr22	50627200	50627400	U	U	U	U
chr22	50671800	50672000	U	U	U	U
chr22	50676400	50676600	U	U	U	U
chr22	50676800	50677000	U	U	U	U
chr22	50677400	50677600	U	U	U	U
chr22	50678600	50678800	U	U	U	U
chr22	50684400	50684600	U	U	U	U
chr22	50684800	50685000	U	U	U	U
chr22	50700600	50700800	U	U	U	U
chr22	50704000	50704200	U	U	U	U
chr22	50705200	50705400	B	U	U	U
chr22	50706800	50707000	U	U	U	U
chr22	50711400	50711600	U	U	U	U
chr22	50711800	50712000	U	U	U	U
chr22	50712200	50712400	U	U	U	U
chr22	50714400	50714600	U	U	U	U
chr22	50715200	50715400	U	U	U	U
chr22	50717800	50718000	U	U	U	U
chr22	50719000	50719200	U	U	U	U
chr22	50719200	50719400	U	U	U	U
chr22	50723600	50723800	U	U	U	U
chr22	50725600	50725800	U	U	U	U
chr22	50726800	50727000	U	U	U	U
chr22	50727000	50727200	U	U	U	U
chr22	50728200	50728400	U	U	U	U
chr22	50731400	50731600	U	U	U	U
chr22	50731800	50732000	B	U	U	U
chr22	50733600	50733800	U	U	U	U
chr22	50735200	50735400	U	U	U	U
chr22	50737200	50737400	U	U	U	U
chr22	50738000	50738200	U	U	U	U
chr22	50738200	50738400	U	U	U	U
chr22	50738800	50739000	U	U	U	U
chr22	50739400	50739600	U	U	U	U
chr22	50740800	50741000	U	U	U	U
chr22	50741600	50741800	U	U	U	U
chr22	50743800	50744000	U	U	U	U
chr22	50746000	50746200	U	U	U	U
chr22	50747000	50747200	U	U	U	U
chr22	50747600	50747800	U	U	U	U
chr22	50754600	50754800	U	U	U	U
chr22	50754800	50755000	U	U	U	U
chr22	50769400	50769600	U	U	U	U
chr22	50769800	50770000	U	U	U	U
chr22	50773200	50773400	U	U	U	U
chr22	50776000	50776200	U	U	U	U
chr22	50782000	50782200	U	U	U	U
chr22	50782600	50782800	U	U	U	U
chr22	50783600	50783800	B	U	U	U
chr22	50783800	50784000	B	U	U	U
chr22	50785800	50786000	U	U	U	U
chr22	50789000	50789200	U	U	U	U
chr22	50791200	50791400	U	U	U	U
chr22	50792400	50792600	U	U	U	U
