chr	start	end	ATAC	CTCF	REST	EP300
chr22	16700400	16700600	B	B	U	U
chr22	17009600	17009800	B	B	U	U
chr22	17563400	17563600	B	B	U	U
chr22	17638600	17638800	B	B	U	B
chr22	17830000	17830200	B	B	B	U
chr22	17896800	17897000	B	B	U	U
chr22	17910600	17910800	B	B	B	U
chr22	17910800	17911000	B	B	B	U
chr22	17920200	17920400	B	B	B	B
chr22	18001000	18001200	B	B	B	U
chr22	18001200	18001400	B	B	B	U
chr22	19036000	19036200	B	B	U	U
chr22	19111200	19111400	U	B	U	U
chr22	19178000	19178200	B	B	U	B
chr22	19218200	19218400	B	B	B	U
chr22	19232200	19232400	B	B	U	U
chr22	19291400	19291600	B	B	B	U
chr22	19397600	19397800	B	B	U	B
chr22	19431000	19431200	B	B	U	U
chr22	19448000	19448200	B	B	U	U
chr22	19473800	19474000	B	B	U	U
chr22	19559400	19559600	B	B	U	U
chr22	19644600	19644800	B	B	U	U
chr22	19679800	19680000	B	B	B	B
chr22	19718200	19718400	B	B	U	B
chr22	19724000	19724200	B	B	U	B
chr22	19755800	19756000	U	B	U	U
chr22	19756000	19756200	U	B	U	U
chr22	19756400	19756600	B	B	B	B
chr22	19773000	19773200	B	B	U	U
chr22	19801000	19801200	B	B	B	U
chr22	19810800	19811000	U	B	U	U
chr22	19811000	19811200	U	B	U	U
chr22	19821000	19821200	U	B	B	U
chr22	19854600	19854800	B	B	U	B
chr22	19869800	19870000	U	B	B	U
chr22	19969600	19969800	U	B	U	U
chr22	19989000	19989200	B	B	U	B
chr22	20009400	20009600	B	B	U	U
chr22	20015000	20015200	U	B	U	U
chr22	20021400	20021600	B	B	U	B
chr22	20025600	20025800	B	B	U	B
chr22	20081000	20081200	B	B	U	U
chr22	20111200	20111400	B	B	U	U
chr22	20155000	20155200	B	B	U	U
chr22	20193400	20193600	B	B	U	U
chr22	20195200	20195400	U	B	U	U
chr22	20206800	20207000	B	B	U	U
chr22	20207800	20208000	U	B	U	U
chr22	20208000	20208200	U	B	U	U
chr22	20439200	20439400	B	B	U	U
chr22	20509600	20509800	B	B	U	B
chr22	20527000	20527200	U	B	U	U
chr22	20552000	20552200	U	B	U	U
chr22	20588600	20588800	B	B	B	U
chr22	20606200	20606400	B	B	B	B
chr22	20741800	20742000	B	B	B	U
chr22	20751000	20751200	B	B	U	U
chr22	20751200	20751400	B	B	U	U
chr22	20778000	20778200	B	B	U	B
chr22	20804000	20804200	B	B	B	U
chr22	20804200	20804400	B	B	B	U
chr22	20853600	20853800	U	B	U	U
chr22	20889000	20889200	U	B	U	U
chr22	21014000	21014200	B	B	U	B
chr22	21057000	21057200	B	B	B	B
chr22	21103000	21103200	B	B	U	B
chr22	21448200	21448400	B	B	B	U
chr22	21620600	21620800	U	B	U	U
chr22	21628400	21628600	B	B	U	U
chr22	21653000	21653200	U	B	U	U
chr22	21672200	21672400	U	B	U	U
chr22	21673800	21674000	B	B	U	U
chr22	21726800	21727000	B	B	U	U
chr22	21736400	21736600	B	B	U	U
chr22	21775000	21775200	B	B	U	U
chr22	21917800	21918000	B	B	U	U
chr22	21938000	21938200	B	B	U	B
chr22	21943200	21943400	U	B	U	U
chr22	21947200	21947400	B	B	U	U
chr22	21959600	21959800	B	B	U	U
chr22	21991000	21991200	U	B	U	U
chr22	22343000	22343200	B	B	B	U
chr22	22357400	22357600	B	B	B	B
chr22	22369400	22369600	U	B	U	U
chr22	22397400	22397600	B	B	B	U
chr22	22431400	22431600	B	B	B	U
chr22	22753800	22754000	B	B	B	B
chr22	22929800	22930000	B	B	U	U
chr22	23070000	23070200	B	B	U	U
chr22	23075400	23075600	U	B	U	U
chr22	23077800	23078000	B	B	U	U
chr22	23078000	23078200	B	B	U	U
chr22	23086600	23086800	B	B	U	U
chr22	23119600	23119800	B	B	U	U
chr22	23260600	23260800	B	B	U	U
chr22	23275400	23275600	U	B	U	U
chr22	23281800	23282000	B	B	U	B
chr22	23315800	23316000	U	B	U	U
chr22	23521600	23521800	B	B	B	B
chr22	23533600	23533800	B	B	U	U
chr22	23849600	23849800	B	B	B	U
chr22	23857800	23858000	B	B	U	U
chr22	23894000	23894200	B	B	B	B
chr22	24189600	24189800	B	B	B	U
chr22	24231400	24231600	B	B	U	U
chr22	24247600	24247800	B	B	B	U
chr22	24421600	24421800	B	B	B	U
chr22	24635200	24635400	U	B	U	U
chr22	24706000	24706200	B	B	B	U
chr22	24758200	24758400	U	B	B	U
chr22	24768800	24769000	B	B	U	U
chr22	24850400	24850600	U	B	U	U
chr22	24952200	24952400	B	B	B	U
chr22	25567200	25567400	U	B	U	B
chr22	25726600	25726800	B	B	U	U
chr22	25764400	25764600	U	B	U	U
chr22	25774400	25774600	U	B	U	U
chr22	26172400	26172600	B	B	U	U
chr22	26645200	26645400	B	B	B	U
chr22	26665600	26665800	B	B	B	U
chr22	27382200	27382400	B	B	U	U
chr22	27603800	27604000	U	B	B	U
chr22	27627400	27627600	B	B	U	U
chr22	27682600	27682800	B	B	U	U
chr22	28442200	28442400	B	B	B	U
chr22	28442400	28442600	B	B	B	U
chr22	28600600	28600800	U	B	B	U
chr22	28935800	28936000	B	B	U	U
chr22	28936000	28936200	B	B	U	U
chr22	29032000	29032200	U	B	U	U
chr22	29032200	29032400	U	B	U	U
chr22	29040800	29041000	B	B	B	U
chr22	29259800	29260000	B	B	U	U
chr22	29524600	29524800	B	B	B	U
chr22	29635800	29636000	B	B	U	U
chr22	29636000	29636200	B	B	U	U
chr22	29702400	29702600	U	B	U	U
chr22	29727400	29727600	B	B	U	U
chr22	29883400	29883600	B	B	U	U
chr22	29998800	29999000	U	B	U	U
chr22	30005200	30005400	B	B	B	U
chr22	30005400	30005600	B	B	B	U
chr22	30490400	30490600	B	B	U	U
chr22	30605600	30605800	B	B	B	U
chr22	30755000	30755200	B	B	U	U
chr22	30816400	30816600	U	B	B	U
chr22	31292600	31292800	B	B	U	U
chr22	31313400	31313600	B	B	B	U
chr22	31345800	31346000	B	B	B	U
chr22	31634000	31634200	B	B	B	U
chr22	31665600	31665800	B	B	B	U
chr22	31749400	31749600	U	B	U	U
chr22	31947200	31947400	B	B	B	U
chr22	32660400	32660600	B	B	B	U
chr22	32794400	32794600	U	B	U	U
chr22	32926800	32927000	B	B	B	U
chr22	33000800	33001000	B	B	B	U
chr22	35431000	35431200	B	B	B	U
chr22	36066000	36066200	B	B	B	U
chr22	36124000	36124200	B	B	B	B
chr22	36186200	36186400	U	B	U	U
chr22	36563000	36563200	U	B	U	U
chr22	36563200	36563400	U	B	U	U
chr22	36774200	36774400	U	B	U	U
chr22	36782200	36782400	B	B	U	U
chr22	36856400	36856600	B	B	B	B
chr22	36991200	36991400	U	B	U	U
chr22	36998600	36998800	B	B	U	U
chr22	37078000	37078200	B	B	U	U
chr22	37170400	37170600	U	B	U	U
chr22	37182000	37182200	B	B	U	U
chr22	37198600	37198800	B	B	B	U
chr22	37199400	37199600	B	B	U	B
chr22	37330600	37330800	B	B	U	U
chr22	37472400	37472600	U	B	U	U
chr22	37545400	37545600	B	B	B	U
chr22	37561800	37562000	B	B	B	U
chr22	37633600	37633800	B	B	U	U
chr22	37817800	37818000	B	B	B	U
chr22	37887800	37888000	U	B	U	U
chr22	37930600	37930800	U	B	U	U
chr22	37982800	37983000	B	B	U	U
chr22	37983000	37983200	B	B	U	U
chr22	38069400	38069600	B	B	B	U
chr22	38214600	38214800	B	B	B	U
chr22	38230400	38230600	U	B	U	U
chr22	38413000	38413200	B	B	B	U
chr22	38468600	38468800	B	B	U	U
chr22	38718400	38718600	U	B	U	U
chr22	38768800	38769000	B	B	B	U
chr22	39122200	39122400	U	B	U	U
chr22	39244400	39244600	U	B	U	U
chr22	39462600	39462800	B	B	B	U
chr22	39487000	39487200	B	B	U	U
chr22	39520200	39520400	B	B	B	B
chr22	39543400	39543600	B	B	B	U
chr22	39560000	39560200	B	B	U	U
chr22	39935800	39936000	U	B	U	U
chr22	39950800	39951000	U	B	U	U
chr22	39999600	39999800	B	B	B	U
chr22	40028400	40028600	B	B	B	U
chr22	40028600	40028800	B	B	B	U
chr22	40487800	40488000	U	B	B	U
chr22	40524400	40524600	U	B	U	U
chr22	40524600	40524800	U	B	U	U
chr22	41022200	41022400	B	B	U	U
chr22	41237600	41237800	U	B	U	U
chr22	41286200	41286400	B	B	U	U
chr22	41524800	41525000	U	B	U	U
chr22	41666800	41667000	B	B	U	U
chr22	42090800	42091000	B	B	B	U
chr22	42613000	42613200	B	B	U	U
chr22	42614800	42615000	B	B	U	U
chr22	42902400	42902600	U	B	U	U
chr22	43051000	43051200	U	B	U	U
chr22	43053200	43053400	U	B	U	U
chr22	43203800	43204000	U	B	U	U
chr22	43274000	43274200	B	B	B	U
chr22	43298400	43298600	U	B	U	U
chr22	43385600	43385800	B	B	B	U
chr22	43537000	43537200	U	B	U	U
chr22	43796600	43796800	U	B	U	U
chr22	43828200	43828400	U	B	U	U
chr22	43896200	43896400	U	B	U	U
chr22	44003200	44003400	U	B	U	U
chr22	44003800	44004000	B	B	U	U
chr22	44081400	44081600	B	B	U	U
chr22	44626200	44626400	B	B	B	U
chr22	45102000	45102200	B	B	B	U
chr22	45209400	45209600	B	B	B	U
chr22	45344600	45344800	B	B	U	U
chr22	45435800	45436000	B	B	B	U
chr22	45445400	45445600	U	B	U	U
chr22	45549200	45549400	B	B	U	U
chr22	45731800	45732000	U	B	U	U
chr22	46013400	46013600	B	B	B	U
chr22	46027600	46027800	U	B	U	U
chr22	46533400	46533600	B	B	U	U
chr22	46636000	46636200	B	B	U	U
chr22	46845400	46845600	U	B	U	U
chr22	46931600	46931800	U	B	U	U
chr22	47213600	47213800	U	B	U	U
chr22	47515600	47515800	U	B	U	U
chr22	47516000	47516200	U	B	U	U
chr22	47599800	47600000	U	B	U	U
chr22	48492600	48492800	B	B	B	U
chr22	49923400	49923600	U	B	U	U
chr22	50035800	50036000	U	B	U	U
chr22	50144200	50144400	U	B	U	U
chr22	50209800	50210000	B	B	U	U
chr22	50210000	50210200	B	B	U	U
chr22	50473400	50473600	B	B	U	U
chr22	50526400	50526600	B	B	B	U
chr22	50545600	50545800	B	B	U	U
chr22	50545800	50546000	B	B	U	U
chr22	50576200	50576400	B	B	B	U
chr22	50606400	50606600	U	B	U	U
chr22	50642000	50642200	U	B	U	U
chr22	50696800	50697000	U	B	U	U
chr22	50699800	50700000	B	B	U	U
chr22	10510800	10511000	U	U	U	U
chr22	10518200	10518400	U	U	U	U
chr22	10518400	10518600	U	U	U	U
chr22	10521200	10521400	U	U	U	U
chr22	10523200	10523400	U	U	U	U
chr22	10524600	10524800	U	U	U	U
chr22	10538600	10538800	U	U	U	U
chr22	10539000	10539200	U	U	U	U
chr22	10539200	10539400	U	U	U	U
chr22	10539600	10539800	U	U	U	U
chr22	10539800	10540000	U	U	U	U
chr22	10541800	10542000	U	U	U	U
chr22	10542000	10542200	U	U	U	U
chr22	10543600	10543800	U	U	U	U
chr22	10543800	10544000	U	U	U	U
chr22	10550400	10550600	U	U	U	U
chr22	10551000	10551200	U	U	U	U
chr22	10555400	10555600	U	U	U	U
chr22	10559400	10559600	U	U	U	U
chr22	10573800	10574000	U	U	U	U
chr22	10577200	10577400	U	U	U	U
chr22	10582000	10582200	U	U	U	U
chr22	10588400	10588600	U	U	U	U
chr22	10588600	10588800	U	U	U	U
chr22	10589200	10589400	U	U	U	U
chr22	10590200	10590400	U	U	U	U
chr22	10591800	10592000	U	U	U	U
chr22	10596600	10596800	U	U	U	U
chr22	10599800	10600000	U	U	U	U
chr22	10603600	10603800	U	U	U	U
chr22	10603800	10604000	U	U	U	U
chr22	10611400	10611600	U	U	U	U
chr22	10611800	10612000	U	U	U	U
chr22	10614000	10614200	U	U	U	U
chr22	10615000	10615200	U	U	U	U
chr22	10620200	10620400	U	U	U	U
chr22	10625200	10625400	U	U	U	U
chr22	10625800	10626000	U	U	U	U
chr22	10626800	10627000	U	U	U	U
chr22	10627400	10627600	U	U	U	U
chr22	10631600	10631800	U	U	U	U
chr22	10638200	10638400	U	U	U	U
chr22	10642400	10642600	U	U	U	U
chr22	10645800	10646000	U	U	U	U
chr22	10646800	10647000	U	U	U	U
chr22	10647200	10647400	U	U	U	U
chr22	10648200	10648400	U	U	U	U
chr22	10649400	10649600	U	U	U	U
chr22	10654600	10654800	U	U	U	U
chr22	10655000	10655200	U	U	U	U
chr22	10657800	10658000	U	U	U	U
chr22	10664800	10665000	U	U	U	U
chr22	10668200	10668400	U	U	U	U
chr22	10669200	10669400	U	U	U	U
chr22	10673000	10673200	U	U	U	U
chr22	10678800	10679000	U	U	U	U
chr22	10684800	10685000	U	U	U	U
chr22	10685000	10685200	U	U	U	U
chr22	10685800	10686000	U	U	U	U
chr22	10686600	10686800	U	U	U	U
chr22	10686800	10687000	U	U	U	U
chr22	10687000	10687200	U	U	U	U
chr22	10687600	10687800	U	U	U	U
chr22	10689000	10689200	U	U	U	U
chr22	10697200	10697400	U	U	U	U
chr22	10700000	10700200	U	U	U	U
chr22	10700600	10700800	U	U	U	U
chr22	10703400	10703600	U	U	U	U
chr22	10707200	10707400	U	U	U	U
chr22	10709600	10709800	U	U	U	U
chr22	10711600	10711800	U	U	U	U
chr22	10711800	10712000	U	U	U	U
chr22	10716600	10716800	U	U	U	U
chr22	10732200	10732400	U	U	U	U
chr22	10732400	10732600	U	U	U	U
chr22	10735600	10735800	U	U	U	U
chr22	10735800	10736000	U	U	U	U
chr22	10736800	10737000	U	U	U	U
chr22	10740200	10740400	U	U	U	U
chr22	10745400	10745600	U	U	U	U
chr22	10748600	10748800	U	U	U	U
chr22	10748800	10749000	U	U	U	U
chr22	10751600	10751800	U	U	U	U
chr22	10753400	10753600	U	U	U	U
chr22	10753600	10753800	U	U	U	U
chr22	10754000	10754200	U	U	U	U
chr22	10754800	10755000	U	U	U	U
chr22	10755000	10755200	U	U	U	U
chr22	10758600	10758800	U	U	U	U
chr22	10762200	10762400	U	U	U	U
chr22	10779800	10780000	U	U	U	U
chr22	10782400	10782600	U	U	U	U
chr22	10837200	10837400	U	U	U	U
chr22	10847600	10847800	U	U	U	U
chr22	10848400	10848600	U	U	U	U
chr22	10848600	10848800	U	U	U	U
chr22	10849000	10849200	U	U	U	U
chr22	10849400	10849600	U	U	U	U
chr22	10857600	10857800	U	U	U	U
chr22	10859000	10859200	U	U	U	U
chr22	10861400	10861600	U	U	U	U
chr22	10870400	10870600	U	U	U	U
chr22	10872200	10872400	U	U	U	U
chr22	10873000	10873200	U	U	U	U
chr22	10935200	10935400	U	U	U	U
chr22	10938400	10938600	U	U	U	U
chr22	10939400	10939600	U	U	U	U
chr22	10940200	10940400	U	U	U	U
chr22	10940400	10940600	U	U	U	U
chr22	10942200	10942400	U	U	U	U
chr22	10946800	10947000	U	U	U	U
chr22	10948800	10949000	U	U	U	U
chr22	10949000	10949200	U	U	U	U
chr22	10949400	10949600	U	U	U	U
chr22	10949800	10950000	U	U	U	U
chr22	10950000	10950200	U	U	U	U
chr22	10953000	10953200	U	U	U	U
chr22	10961600	10961800	U	U	U	U
chr22	10962000	10962200	U	U	U	U
chr22	11021000	11021200	U	U	U	U
chr22	11021200	11021400	U	U	U	U
chr22	11024800	11025000	U	U	U	U
chr22	11032200	11032400	U	U	U	U
chr22	11034600	11034800	U	U	U	U
chr22	11044200	11044400	U	U	U	U
chr22	11050600	11050800	U	U	U	U
chr22	11050800	11051000	U	U	U	U
chr22	11125600	11125800	U	U	U	U
chr22	11141600	11141800	U	U	U	U
chr22	11141800	11142000	U	U	U	U
chr22	11145400	11145600	U	U	U	U
chr22	11146600	11146800	U	U	U	U
chr22	11147400	11147600	U	U	U	U
chr22	11158800	11159000	U	U	U	U
chr22	11248400	11248600	U	U	U	U
chr22	11249400	11249600	U	U	U	U
chr22	11249600	11249800	U	U	U	U
chr22	11253200	11253400	U	U	U	U
chr22	11253400	11253600	U	U	U	U
chr22	11258000	11258200	U	U	U	U
chr22	11258200	11258400	U	U	U	U
chr22	11258600	11258800	U	U	U	U
chr22	11258800	11259000	U	U	U	U
chr22	11259200	11259400	U	U	U	U
chr22	11259400	11259600	U	U	U	U
chr22	11262000	11262200	U	U	U	U
chr22	11262200	11262400	U	U	U	U
chr22	11262800	11263000	U	U	U	U
chr22	11265000	11265200	U	U	U	U
chr22	11273000	11273200	U	U	U	U
chr22	11276800	11277000	U	U	U	U
chr22	11278200	11278400	U	U	U	U
chr22	11280000	11280200	U	U	U	U
chr22	11284400	11284600	U	U	U	U
chr22	11286800	11287000	U	U	U	U
chr22	11297200	11297400	U	U	U	U
chr22	11297600	11297800	U	U	U	U
chr22	11297800	11298000	U	U	U	U
chr22	11298200	11298400	U	U	U	U
chr22	11298400	11298600	U	U	U	U
chr22	11302800	11303000	U	U	U	U
chr22	11304400	11304600	U	U	U	U
chr22	11307000	11307200	U	U	U	U
chr22	11307200	11307400	U	U	U	U
chr22	11308400	11308600	U	U	U	U
chr22	11310200	11310400	U	U	U	U
chr22	11315800	11316000	U	U	U	U
chr22	11316000	11316200	U	U	U	U
chr22	11325600	11325800	U	U	U	U
chr22	11350600	11350800	U	U	U	U
chr22	11436600	11436800	U	U	U	U
chr22	11442800	11443000	U	U	U	U
chr22	11490200	11490400	U	U	U	U
chr22	11491000	11491200	U	U	U	U
chr22	11555400	11555600	U	U	U	U
chr22	11579600	11579800	U	U	U	U
chr22	11584400	11584600	U	U	U	U
chr22	11585600	11585800	U	U	U	U
chr22	11586000	11586200	U	U	U	U
chr22	11596600	11596800	U	U	U	U
chr22	11599000	11599200	U	U	U	U
chr22	11599200	11599400	U	U	U	U
chr22	11602400	11602600	U	U	U	U
chr22	11602600	11602800	U	U	U	U
chr22	11603000	11603200	U	U	U	U
chr22	11604000	11604200	U	U	U	U
chr22	11604800	11605000	U	U	U	U
chr22	11606000	11606200	U	U	U	U
chr22	11611400	11611600	U	U	U	U
chr22	11618800	11619000	U	U	U	U
chr22	11622200	11622400	U	U	U	U
chr22	11624000	11624200	U	U	U	U
chr22	11624800	11625000	U	U	U	U
chr22	11625400	11625600	U	U	U	U
chr22	11626200	11626400	U	U	U	U
chr22	11627600	11627800	U	U	U	U
chr22	11627800	11628000	U	U	U	U
chr22	11628200	11628400	U	U	U	U
chr22	11690000	11690200	U	U	U	U
chr22	11693000	11693200	U	U	U	U
chr22	11693800	11694000	U	U	U	U
chr22	11694400	11694600	U	U	U	U
chr22	11694800	11695000	U	U	U	U
chr22	11698200	11698400	U	U	U	U
chr22	11711200	11711400	U	U	U	U
chr22	11775200	11775400	U	U	U	U
chr22	11775400	11775600	U	U	U	U
chr22	11780200	11780400	U	U	U	U
chr22	11782000	11782200	U	U	U	U
chr22	11782200	11782400	U	U	U	U
chr22	11786000	11786200	U	U	U	U
chr22	11806600	11806800	U	U	U	U
chr22	11812400	11812600	U	U	U	U
chr22	11814000	11814200	U	U	U	U
chr22	11817000	11817200	U	U	U	U
chr22	11818600	11818800	U	U	U	U
chr22	11819200	11819400	U	U	U	U
chr22	11843000	11843200	U	U	U	U
chr22	11843200	11843400	U	U	U	U
chr22	11846800	11847000	U	U	U	U
chr22	11861600	11861800	U	U	U	U
chr22	11868600	11868800	U	U	U	U
chr22	11870000	11870200	U	U	U	U
chr22	11870600	11870800	U	U	U	U
chr22	11872800	11873000	U	U	U	U
chr22	11874600	11874800	U	U	U	U
chr22	11875400	11875600	U	U	U	U
chr22	11876600	11876800	U	U	U	U
chr22	11879400	11879600	U	U	U	U
chr22	11880200	11880400	U	U	U	U
chr22	11882600	11882800	U	U	U	U
chr22	11887800	11888000	U	U	U	U
chr22	11888400	11888600	U	U	U	U
chr22	11888600	11888800	U	U	U	U
chr22	11893800	11894000	U	U	U	U
chr22	11898600	11898800	U	U	U	U
chr22	11903800	11904000	U	U	U	U
chr22	11911200	11911400	U	U	U	U
chr22	11912200	11912400	U	U	U	U
chr22	11913200	11913400	U	U	U	U
chr22	11913400	11913600	U	U	U	U
chr22	11914400	11914600	U	U	U	U
chr22	11914800	11915000	U	U	U	U
chr22	11924600	11924800	U	U	U	U
chr22	11932200	11932400	U	U	U	U
chr22	11933000	11933200	U	U	U	U
chr22	11934200	11934400	U	U	U	U
chr22	11934400	11934600	U	U	U	U
chr22	11950000	11950200	U	U	U	U
chr22	11953600	11953800	U	U	U	U
chr22	11971800	11972000	U	U	U	U
chr22	11973000	11973200	U	U	U	U
chr22	12029600	12029800	U	U	U	U
chr22	12037800	12038000	U	U	U	U
chr22	12040400	12040600	U	U	U	U
chr22	12047600	12047800	U	U	U	U
chr22	12052200	12052400	U	U	U	U
chr22	12052400	12052600	U	U	U	U
chr22	12054000	12054200	U	U	U	U
chr22	12055200	12055400	U	U	U	U
chr22	12057400	12057600	U	U	U	U
chr22	12058000	12058200	U	U	U	U
chr22	12058400	12058600	U	U	U	U
chr22	12058600	12058800	U	U	U	U
chr22	12059400	12059600	U	U	U	U
chr22	12063800	12064000	U	U	U	U
chr22	12064000	12064200	U	U	U	U
chr22	12065200	12065400	U	U	U	U
chr22	12066200	12066400	U	U	U	U
chr22	12067400	12067600	U	U	U	U
chr22	12090200	12090400	U	U	U	U
chr22	12090400	12090600	U	U	U	U
chr22	12098600	12098800	U	U	U	U
chr22	12098800	12099000	U	U	U	U
chr22	12129600	12129800	U	U	U	U
chr22	12130000	12130200	U	U	U	U
chr22	12130600	12130800	U	U	U	U
chr22	12136800	12137000	U	U	U	U
chr22	12157600	12157800	U	U	U	U
chr22	12185200	12185400	U	U	U	U
chr22	12206000	12206200	U	U	U	U
chr22	12210600	12210800	U	U	U	U
chr22	12216400	12216600	U	U	U	U
chr22	12217000	12217200	U	U	U	U
chr22	12217200	12217400	U	U	U	U
chr22	12219000	12219200	U	U	U	U
chr22	12219600	12219800	U	U	U	U
chr22	12224000	12224200	U	U	U	U
chr22	12282000	12282200	U	U	U	U
chr22	12289600	12289800	U	U	U	U
chr22	12290800	12291000	U	U	U	U
chr22	12296000	12296200	U	U	U	U
chr22	12308600	12308800	U	U	U	U
chr22	12311200	12311400	U	U	U	U
chr22	12311400	12311600	U	U	U	U
chr22	12555800	12556000	U	U	U	U
chr22	12556000	12556200	U	U	U	U
chr22	12557000	12557200	U	U	U	U
chr22	12557800	12558000	U	U	U	U
chr22	12560000	12560200	U	U	U	U
chr22	12566000	12566200	U	U	U	U
chr22	12566200	12566400	U	U	U	U
chr22	12568600	12568800	U	U	U	U
chr22	12573400	12573600	U	U	U	U
chr22	12575000	12575200	U	U	U	U
chr22	12576800	12577000	U	U	U	U
chr22	12577200	12577400	U	U	U	U
chr22	12577600	12577800	U	U	U	U
chr22	12582800	12583000	U	U	U	U
chr22	12597400	12597600	U	U	U	U
chr22	12600200	12600400	U	U	U	U
chr22	12601800	12602000	B	U	U	U
chr22	12602600	12602800	B	U	U	U
chr22	12616600	12616800	U	U	U	U
chr22	12619800	12620000	U	U	U	U
chr22	12622600	12622800	U	U	U	U
chr22	12623200	12623400	U	U	U	U
chr22	12623600	12623800	U	U	U	U
chr22	12625800	12626000	U	U	U	U
chr22	12631800	12632000	U	U	U	U
chr22	12704200	12704400	U	U	U	U
chr22	12706400	12706600	U	U	U	U
chr22	12707200	12707400	U	U	U	U
chr22	12710800	12711000	U	U	U	U
chr22	12711800	12712000	U	U	U	U
chr22	12714400	12714600	U	U	U	U
chr22	12715600	12715800	U	U	U	U
chr22	12716400	12716600	U	U	U	U
chr22	12717600	12717800	U	U	U	U
chr22	12717800	12718000	U	U	U	U
chr22	12722800	12723000	U	U	U	U
chr22	12723200	12723400	U	U	U	U
chr22	12777000	12777200	U	U	U	U
chr22	12791400	12791600	U	U	U	U
chr22	12791600	12791800	U	U	U	U
chr22	12791800	12792000	U	U	U	U
chr22	12797200	12797400	U	U	U	U
chr22	12813200	12813400	U	U	U	U
chr22	12815200	12815400	U	U	U	U
chr22	12815400	12815600	U	U	U	U
chr22	12868200	12868400	U	U	U	U
chr22	12868400	12868600	U	U	U	U
chr22	12872600	12872800	U	U	U	U
chr22	12872800	12873000	U	U	U	U
chr22	12873000	12873200	U	U	U	U
chr22	12881600	12881800	U	U	U	U
chr22	12883200	12883400	U	U	U	U
chr22	12884600	12884800	U	U	U	U
chr22	12885000	12885200	U	U	U	U
chr22	12886800	12887000	U	U	U	U
chr22	12888600	12888800	U	U	U	U
chr22	12890000	12890200	U	U	U	U
chr22	12890800	12891000	U	U	U	U
chr22	12892000	12892200	U	U	U	U
chr22	12892200	12892400	U	U	U	U
chr22	12893800	12894000	U	U	U	U
chr22	12894200	12894400	U	U	U	U
chr22	12899600	12899800	U	U	U	U
chr22	12899800	12900000	U	U	U	U
chr22	12900200	12900400	U	U	U	U
chr22	12901000	12901200	U	U	U	U
chr22	12902000	12902200	U	U	U	U
chr22	12904000	12904200	U	U	U	U
chr22	15212200	15212400	U	U	U	U
chr22	15221800	15222000	U	U	U	U
chr22	15227800	15228000	U	U	U	U
chr22	15228000	15228200	U	U	U	U
chr22	15230400	15230600	U	U	U	U
chr22	15236000	15236200	U	U	U	U
chr22	15239200	15239400	U	U	U	U
chr22	15240600	15240800	U	U	U	U
chr22	15249200	15249400	U	U	U	U
chr22	15252000	15252200	U	U	U	U
chr22	15263600	15263800	U	U	U	U
chr22	15263800	15264000	U	U	U	U
chr22	15264400	15264600	U	U	U	U
chr22	15295800	15296000	U	U	U	U
chr22	15297000	15297200	U	U	U	U
chr22	15309000	15309200	U	U	U	U
chr22	15314800	15315000	U	U	U	U
chr22	15324200	15324400	U	U	U	U
chr22	15327800	15328000	U	U	U	U
chr22	15341600	15341800	U	U	U	U
chr22	15344800	15345000	U	U	U	U
chr22	15347000	15347200	U	U	U	U
chr22	15347200	15347400	U	U	U	U
chr22	15347600	15347800	U	U	U	U
chr22	15349400	15349600	U	U	U	U
chr22	15349800	15350000	U	U	U	U
chr22	15479400	15479600	U	U	U	U
chr22	15486600	15486800	U	U	U	U
chr22	15489000	15489200	U	U	U	U
chr22	15505800	15506000	U	U	U	U
chr22	15507400	15507600	U	U	U	U
chr22	15508400	15508600	U	U	U	U
chr22	15510400	15510600	U	U	U	U
chr22	15510800	15511000	U	U	U	U
chr22	15523400	15523600	U	U	U	U
chr22	15527000	15527200	U	U	U	U
chr22	15528000	15528200	U	U	U	U
chr22	15528200	15528400	U	U	U	U
chr22	15528800	15529000	U	U	U	U
chr22	15531000	15531200	U	U	U	U
chr22	15540800	15541000	U	U	U	U
chr22	15544000	15544200	U	U	U	U
chr22	15544800	15545000	U	U	U	U
chr22	15545200	15545400	U	U	U	U
chr22	15550800	15551000	U	U	U	U
chr22	15551200	15551400	U	U	U	U
chr22	15551400	15551600	U	U	U	U
chr22	15556000	15556200	U	U	U	U
chr22	15558000	15558200	U	U	U	U
chr22	15558400	15558600	U	U	U	U
chr22	15559400	15559600	U	U	U	U
chr22	15561000	15561200	U	U	U	U
chr22	15563000	15563200	U	U	U	U
chr22	15566800	15567000	U	U	U	U
chr22	15568400	15568600	U	U	U	U
chr22	15572000	15572200	U	U	U	U
chr22	15572800	15573000	U	U	U	U
chr22	15575600	15575800	U	U	U	U
chr22	15577200	15577400	U	U	U	U
chr22	15577800	15578000	U	U	U	U
chr22	15584400	15584600	U	U	U	U
chr22	15591800	15592000	U	U	U	U
chr22	15603400	15603600	U	U	U	U
chr22	15611200	15611400	U	U	U	U
chr22	15612600	15612800	U	U	U	U
chr22	15612800	15613000	U	U	U	U
chr22	15615400	15615600	U	U	U	U
chr22	15621400	15621600	U	U	U	U
chr22	15622000	15622200	U	U	U	U
chr22	15624400	15624600	U	U	U	U
chr22	15625800	15626000	U	U	U	U
chr22	15627800	15628000	U	U	U	U
chr22	15628400	15628600	U	U	U	U
chr22	15628800	15629000	U	U	U	U
chr22	15629000	15629200	U	U	U	U
chr22	15630200	15630400	U	U	U	U
chr22	15631000	15631200	U	U	U	U
chr22	15637000	15637200	U	U	U	U
chr22	15644400	15644600	U	U	U	U
chr22	15646400	15646600	U	U	U	U
chr22	15665600	15665800	U	U	U	U
chr22	15685200	15685400	U	U	U	U
chr22	15690800	15691000	U	U	U	U
chr22	15694400	15694600	U	U	U	U
chr22	15696600	15696800	U	U	U	U
chr22	15699000	15699200	U	U	U	U
chr22	15707600	15707800	U	U	U	U
chr22	15708800	15709000	U	U	U	U
chr22	15710200	15710400	U	U	U	U
chr22	15710600	15710800	U	U	U	U
chr22	15712800	15713000	U	U	U	U
chr22	15719800	15720000	U	U	U	U
chr22	15720200	15720400	U	U	U	U
chr22	15721200	15721400	U	U	U	U
chr22	15722400	15722600	U	U	U	U
chr22	15735800	15736000	U	U	U	U
chr22	15736400	15736600	U	U	U	U
chr22	15737000	15737200	U	U	U	U
chr22	15740400	15740600	U	U	U	U
chr22	15744000	15744200	U	U	U	U
chr22	15746600	15746800	U	U	U	U
chr22	15748200	15748400	U	U	U	U
chr22	15749200	15749400	U	U	U	U
chr22	15750600	15750800	U	U	U	U
chr22	15754000	15754200	U	U	U	U
chr22	15760000	15760200	U	U	U	U
chr22	15761000	15761200	U	U	U	U
chr22	15762200	15762400	U	U	U	U
chr22	15764400	15764600	U	U	U	U
chr22	15768600	15768800	U	U	U	U
chr22	15770600	15770800	U	U	U	U
chr22	15773000	15773200	U	U	U	U
chr22	15776800	15777000	U	U	U	U
chr22	15791800	15792000	U	U	U	U
chr22	15798200	15798400	U	U	U	U
chr22	15806000	15806200	U	U	U	U
chr22	15806600	15806800	U	U	U	U
chr22	15806800	15807000	U	U	U	U
chr22	15817000	15817200	U	U	U	U
chr22	15817200	15817400	U	U	U	U
chr22	15818600	15818800	U	U	U	U
chr22	15818800	15819000	U	U	U	U
chr22	15819600	15819800	U	U	U	U
chr22	15820600	15820800	U	U	U	U
chr22	15821800	15822000	U	U	U	U
chr22	15822000	15822200	U	U	U	U
chr22	15824200	15824400	U	U	U	U
chr22	15824600	15824800	U	U	U	U
chr22	15826000	15826200	U	U	U	U
chr22	15826600	15826800	U	U	U	U
chr22	15833800	15834000	U	U	U	U
chr22	15834600	15834800	U	U	U	U
chr22	15834800	15835000	U	U	U	U
chr22	15836600	15836800	U	U	U	U
chr22	15839000	15839200	U	U	U	U
chr22	15839200	15839400	U	U	U	U
chr22	15840200	15840400	U	U	U	U
chr22	15841000	15841200	U	U	U	U
chr22	15852800	15853000	U	U	U	U
chr22	15853000	15853200	U	U	U	U
chr22	15854600	15854800	U	U	U	U
chr22	15860400	15860600	U	U	U	U
chr22	15861000	15861200	U	U	U	U
chr22	15862800	15863000	U	U	U	U
chr22	15865400	15865600	U	U	U	U
chr22	15865600	15865800	U	U	U	U
chr22	15866000	15866200	U	U	U	U
chr22	15874800	15875000	U	U	U	U
chr22	15875800	15876000	U	U	U	U
chr22	15876000	15876200	U	U	U	U
chr22	15877400	15877600	U	U	U	U
chr22	15878600	15878800	U	U	U	U
chr22	15915600	15915800	U	U	U	U
chr22	15921600	15921800	U	U	U	U
chr22	15922800	15923000	U	U	U	U
chr22	15923000	15923200	U	U	U	U
chr22	15923600	15923800	U	U	U	U
chr22	15924000	15924200	U	U	U	U
chr22	15924200	15924400	U	U	U	U
chr22	15928200	15928400	U	U	U	U
chr22	15934200	15934400	U	U	U	U
chr22	15935600	15935800	U	U	U	U
chr22	16090600	16090800	U	U	U	U
chr22	16096400	16096600	U	U	U	U
chr22	16104600	16104800	U	U	U	U
chr22	16108400	16108600	U	U	U	U
chr22	16111200	16111400	U	U	U	U
chr22	16115800	16116000	U	U	U	U
chr22	16119400	16119600	U	U	U	U
chr22	16130400	16130600	U	U	U	U
chr22	16131400	16131600	U	U	U	U
chr22	16136600	16136800	U	U	U	U
chr22	16137800	16138000	U	U	U	U
chr22	16139600	16139800	U	U	U	U
chr22	16154800	16155000	U	U	U	U
chr22	16160200	16160400	U	U	U	U
chr22	16191600	16191800	U	U	U	U
chr22	16192600	16192800	U	U	U	U
chr22	16194800	16195000	U	U	U	U
chr22	16198600	16198800	U	U	U	U
chr22	16212200	16212400	U	U	U	U
chr22	16213000	16213200	U	U	U	U
chr22	16216800	16217000	U	U	U	U
chr22	16217600	16217800	U	U	U	U
chr22	16219800	16220000	U	U	U	U
chr22	16220000	16220200	U	U	U	U
chr22	16220200	16220400	U	U	U	U
chr22	16246200	16246400	U	U	U	U
chr22	16252800	16253000	U	U	U	U
chr22	16257600	16257800	U	U	U	U
chr22	16384400	16384600	U	U	U	U
chr22	16385800	16386000	U	U	U	U
chr22	16389400	16389600	U	U	U	U
chr22	16393800	16394000	U	U	U	U
chr22	16396600	16396800	U	U	U	U
chr22	16408000	16408200	U	U	U	U
chr22	16409800	16410000	U	U	U	U
chr22	16426200	16426400	U	U	U	U
chr22	16428400	16428600	U	U	U	U
chr22	16429200	16429400	U	U	U	U
chr22	16430000	16430200	U	U	U	U
chr22	16435000	16435200	U	U	U	U
chr22	16435200	16435400	U	U	U	U
chr22	16438200	16438400	U	U	U	U
chr22	16438600	16438800	U	U	U	U
chr22	16459600	16459800	U	U	U	U
chr22	16459800	16460000	U	U	U	U
chr22	16462600	16462800	U	U	U	U
chr22	16476600	16476800	U	U	U	U
chr22	16477800	16478000	U	U	U	U
chr22	16487200	16487400	U	U	U	U
chr22	16507400	16507600	U	U	U	U
chr22	16510000	16510200	U	U	U	U
chr22	16520600	16520800	U	U	U	U
chr22	16533200	16533400	U	U	U	U
chr22	16535200	16535400	U	U	U	U
chr22	16538800	16539000	U	U	U	U
chr22	16539800	16540000	U	U	U	U
chr22	16540400	16540600	U	U	U	U
chr22	16542400	16542600	U	U	U	U
chr22	16544800	16545000	U	U	U	U
chr22	16546000	16546200	U	U	U	U
chr22	16548600	16548800	U	U	U	U
chr22	16557000	16557200	U	U	U	U
chr22	16572200	16572400	U	U	U	U
chr22	16572400	16572600	U	U	U	U
chr22	16573000	16573200	U	U	U	U
chr22	16574400	16574600	U	U	U	U
chr22	16575600	16575800	U	U	U	U
chr22	16575800	16576000	U	U	U	U
chr22	16576000	16576200	U	U	U	U
chr22	16577800	16578000	U	U	U	U
chr22	16581000	16581200	U	U	U	U
chr22	16581400	16581600	U	U	U	U
chr22	16584200	16584400	U	U	U	U
chr22	16587800	16588000	U	U	U	U
chr22	16591000	16591200	U	U	U	U
chr22	16591200	16591400	U	U	U	U
chr22	16592200	16592400	B	U	U	U
chr22	16592400	16592600	B	U	U	U
chr22	16592600	16592800	B	U	U	U
chr22	16592800	16593000	B	U	U	U
chr22	16596400	16596600	U	U	U	U
chr22	16604200	16604400	U	U	U	U
chr22	16610000	16610200	U	U	U	U
chr22	16616600	16616800	B	U	U	U
chr22	16621600	16621800	U	U	U	U
chr22	16623800	16624000	U	U	U	U
chr22	16631000	16631200	U	U	U	U
chr22	16645400	16645600	U	U	U	U
chr22	16646400	16646600	U	U	U	U
chr22	16646800	16647000	U	U	U	U
chr22	16647000	16647200	U	U	U	U
chr22	16647800	16648000	U	U	U	U
chr22	16648000	16648200	U	U	U	U
chr22	16650000	16650200	U	U	U	U
chr22	16650600	16650800	U	U	U	U
chr22	16654000	16654200	U	U	U	U
chr22	16671200	16671400	U	U	U	U
chr22	16671400	16671600	U	U	U	U
chr22	16674600	16674800	U	U	U	U
chr22	16674800	16675000	U	U	U	U
chr22	16677400	16677600	U	U	U	U
chr22	16678200	16678400	U	U	U	U
chr22	16694600	16694800	U	U	U	U
chr22	16700200	16700400	U	U	U	U
chr22	16701000	16701200	U	U	U	U
chr22	16702000	16702200	U	U	U	U
chr22	16702400	16702600	U	U	U	U
chr22	16704200	16704400	U	U	U	U
chr22	16704400	16704600	U	U	U	U
chr22	16706000	16706200	U	U	U	U
chr22	16706600	16706800	U	U	U	U
chr22	16707000	16707200	U	U	U	U
chr22	16715800	16716000	U	U	U	U
chr22	16716000	16716200	U	U	U	U
chr22	16717400	16717600	U	U	U	U
chr22	16719200	16719400	U	U	U	U
chr22	16720200	16720400	U	U	U	U
chr22	16720600	16720800	U	U	U	U
chr22	16722200	16722400	U	U	U	U
chr22	16723200	16723400	U	U	U	U
chr22	16723400	16723600	U	U	U	U
chr22	16725200	16725400	U	U	U	U
chr22	16728400	16728600	U	U	U	U
chr22	16728800	16729000	U	U	U	U
chr22	16730000	16730200	U	U	U	U
chr22	16730200	16730400	U	U	U	U
chr22	16732600	16732800	U	U	U	U
chr22	16733000	16733200	U	U	U	U
chr22	16736000	16736200	U	U	U	U
chr22	16737200	16737400	U	U	U	U
chr22	16739000	16739200	U	U	U	U
chr22	16739400	16739600	U	U	U	U
chr22	16740000	16740200	U	U	U	U
chr22	16744200	16744400	U	U	U	U
chr22	16745000	16745200	U	U	U	U
chr22	16749400	16749600	U	U	U	U
chr22	16755000	16755200	U	U	U	U
chr22	16761200	16761400	U	U	U	U
chr22	16762600	16762800	U	U	U	U
chr22	16779000	16779200	U	U	U	U
chr22	16792600	16792800	U	U	U	U
chr22	16799800	16800000	U	U	U	U
chr22	16800200	16800400	U	U	U	U
chr22	16800400	16800600	U	U	U	U
chr22	16802000	16802200	U	U	U	U
chr22	16802800	16803000	U	U	U	U
chr22	16807000	16807200	U	U	U	U
chr22	16807600	16807800	U	U	U	U
chr22	16808400	16808600	U	U	U	U
chr22	16808600	16808800	U	U	U	U
chr22	16808800	16809000	U	U	U	U
chr22	16809000	16809200	U	U	U	U
chr22	16815600	16815800	U	U	U	U
chr22	16817000	16817200	U	U	U	U
chr22	16817400	16817600	U	U	U	U
chr22	16818600	16818800	U	U	U	U
chr22	16823400	16823600	U	U	U	U
chr22	16823600	16823800	U	U	U	U
chr22	16826000	16826200	U	U	U	U
chr22	16826200	16826400	U	U	U	U
chr22	16828600	16828800	U	U	U	U
chr22	16835400	16835600	U	U	U	U
chr22	16835800	16836000	U	U	U	U
chr22	16838200	16838400	U	U	U	U
chr22	16844800	16845000	U	U	U	U
chr22	16856000	16856200	U	U	U	U
chr22	16857200	16857400	U	U	U	U
chr22	16857400	16857600	U	U	U	U
chr22	16858400	16858600	U	U	U	U
chr22	16870600	16870800	U	U	U	U
chr22	16876600	16876800	U	U	U	U
chr22	16879400	16879600	U	U	U	U
chr22	16892800	16893000	U	U	U	U
chr22	16904000	16904200	U	U	U	U
chr22	16905600	16905800	U	U	U	U
chr22	16907600	16907800	U	U	U	U
chr22	16913800	16914000	U	U	U	U
chr22	16914400	16914600	U	U	U	U
chr22	16915200	16915400	U	U	U	U
chr22	16915800	16916000	U	U	U	U
chr22	16918600	16918800	U	U	U	U
chr22	16920400	16920600	U	U	U	U
chr22	16920800	16921000	U	U	U	U
chr22	16921000	16921200	U	U	U	U
chr22	16921800	16922000	U	U	U	U
chr22	16923600	16923800	U	U	U	U
chr22	16923800	16924000	U	U	U	U
chr22	16926400	16926600	U	U	U	U
chr22	16926600	16926800	U	U	U	U
chr22	16930200	16930400	U	U	U	U
chr22	16933400	16933600	U	U	U	U
chr22	16934200	16934400	U	U	U	U
chr22	16944400	16944600	U	U	U	U
chr22	16944600	16944800	U	U	U	U
chr22	16953800	16954000	U	U	U	U
chr22	16954000	16954200	U	U	U	U
chr22	16957400	16957600	U	U	U	U
chr22	16960400	16960600	U	U	U	U
chr22	16961400	16961600	U	U	U	U
chr22	16961600	16961800	U	U	U	U
chr22	16963200	16963400	U	U	U	U
chr22	16964000	16964200	U	U	U	U
chr22	16965200	16965400	U	U	U	U
chr22	16967400	16967600	U	U	U	U
chr22	16968400	16968600	U	U	U	U
chr22	16968600	16968800	U	U	U	U
chr22	16969600	16969800	U	U	U	U
chr22	16969800	16970000	U	U	U	U
chr22	16970600	16970800	U	U	U	U
chr22	16974000	16974200	U	U	U	U
chr22	17007800	17008000	U	U	U	U
chr22	17009400	17009600	B	U	U	U
chr22	17010200	17010400	B	U	U	U
chr22	17012800	17013000	U	U	U	U
chr22	17015600	17015800	U	U	U	U
chr22	17021600	17021800	U	U	U	U
chr22	17032200	17032400	U	U	U	U
chr22	17034200	17034400	U	U	U	U
chr22	17034400	17034600	U	U	U	U
chr22	17036400	17036600	U	U	U	U
chr22	17045000	17045200	U	U	U	U
chr22	17048800	17049000	U	U	U	U
chr22	17055600	17055800	U	U	U	U
chr22	17061600	17061800	U	U	U	U
chr22	17061800	17062000	U	U	U	U
chr22	17068400	17068600	U	U	U	U
chr22	17069400	17069600	U	U	U	U
chr22	17093600	17093800	U	U	U	U
chr22	17097400	17097600	U	U	U	U
chr22	17097800	17098000	U	U	U	U
chr22	17098600	17098800	B	U	U	U
chr22	17099000	17099200	B	U	U	U
chr22	17099600	17099800	U	U	U	U
chr22	17099800	17100000	U	U	U	U
chr22	17105600	17105800	U	U	U	U
chr22	17106600	17106800	B	U	U	U
chr22	17107800	17108000	U	U	U	U
chr22	17108200	17108400	U	U	U	U
chr22	17108600	17108800	U	U	U	U
chr22	17111400	17111600	U	U	U	U
chr22	17111600	17111800	U	U	U	U
chr22	17113600	17113800	U	U	U	U
chr22	17114400	17114600	U	U	U	U
chr22	17116400	17116600	U	U	U	U
chr22	17117200	17117400	U	U	U	U
chr22	17118600	17118800	U	U	U	U
chr22	17119400	17119600	B	U	B	U
chr22	17120000	17120200	U	U	U	U
chr22	17121000	17121200	B	U	U	U
chr22	17121600	17121800	B	U	U	U
chr22	17122400	17122600	U	U	U	U
chr22	17137200	17137400	U	U	U	U
chr22	17138400	17138600	U	U	U	U
chr22	17138600	17138800	U	U	U	U
chr22	17140000	17140200	U	U	U	U
chr22	17148800	17149000	U	U	U	U
chr22	17149200	17149400	U	U	U	U
chr22	17151200	17151400	U	U	U	U
chr22	17151800	17152000	U	U	U	U
chr22	17153000	17153200	U	U	U	U
chr22	17153400	17153600	U	U	U	U
chr22	17159800	17160000	U	U	U	U
chr22	17162800	17163000	U	U	U	U
chr22	17167600	17167800	U	U	U	U
chr22	17182200	17182400	U	U	U	U
chr22	17190400	17190600	U	U	U	U
chr22	17191200	17191400	U	U	U	U
chr22	17203200	17203400	U	U	U	U
chr22	17203400	17203600	U	U	U	U
chr22	17214600	17214800	B	U	U	U
chr22	17220000	17220200	U	U	U	U
chr22	17233000	17233200	U	U	U	U
chr22	17234200	17234400	U	U	U	U
chr22	17235200	17235400	U	U	U	U
chr22	17237000	17237200	U	U	U	U
chr22	17237400	17237600	U	U	U	U
chr22	17240800	17241000	U	U	U	U
chr22	17243000	17243200	U	U	U	U
chr22	17257200	17257400	U	U	U	U
chr22	17257800	17258000	U	U	U	U
chr22	17266800	17267000	U	U	U	U
chr22	17270600	17270800	U	U	U	U
chr22	17272400	17272600	U	U	U	U
chr22	17284400	17284600	U	U	U	U
chr22	17287200	17287400	U	U	U	U
chr22	17300800	17301000	U	U	U	U
chr22	17304600	17304800	U	U	U	U
chr22	17314600	17314800	U	U	U	U
chr22	17315200	17315400	U	U	U	U
chr22	17332400	17332600	U	U	U	U
chr22	17334600	17334800	U	U	U	U
chr22	17350600	17350800	U	U	U	U
chr22	17357400	17357600	U	U	U	U
chr22	17357800	17358000	U	U	U	U
chr22	17369000	17369200	B	U	U	U
chr22	17370400	17370600	U	U	U	U
chr22	17371800	17372000	U	U	U	U
chr22	17376400	17376600	U	U	U	U
chr22	17380400	17380600	U	U	U	U
chr22	17380600	17380800	U	U	U	U
chr22	17400400	17400600	U	U	U	U
chr22	17407000	17407200	U	U	U	U
chr22	17413200	17413400	U	U	U	U
chr22	17429600	17429800	U	U	U	U
chr22	17433000	17433200	U	U	U	U
chr22	17434000	17434200	U	U	U	U
chr22	17436600	17436800	U	U	U	U
chr22	17437000	17437200	U	U	U	U
chr22	17440400	17440600	U	U	U	U
chr22	17443200	17443400	U	U	U	U
chr22	17456200	17456400	U	U	U	U
chr22	17456600	17456800	U	U	U	U
chr22	17467800	17468000	U	U	U	U
chr22	17470600	17470800	U	U	U	U
chr22	17472000	17472200	U	U	U	U
chr22	17472400	17472600	U	U	U	U
chr22	17472800	17473000	U	U	U	U
chr22	17473400	17473600	U	U	U	U
chr22	17476000	17476200	U	U	U	U
chr22	17477200	17477400	U	U	U	U
chr22	17477600	17477800	U	U	U	U
chr22	17492600	17492800	U	U	U	U
chr22	17493400	17493600	U	U	U	U
chr22	17499400	17499600	U	U	U	U
chr22	17499600	17499800	U	U	U	U
chr22	17503400	17503600	U	U	U	U
chr22	17507800	17508000	U	U	U	U
chr22	17510000	17510200	U	U	U	U
chr22	17512800	17513000	U	U	U	U
chr22	17513600	17513800	U	U	U	U
chr22	17517800	17518000	U	U	U	U
chr22	17520200	17520400	U	U	U	U
chr22	17537200	17537400	U	U	U	U
chr22	17538400	17538600	U	U	U	U
chr22	17539200	17539400	U	U	U	U
chr22	17542200	17542400	U	U	U	U
chr22	17542400	17542600	U	U	U	U
chr22	17542600	17542800	U	U	U	U
chr22	17552000	17552200	U	U	U	U
chr22	17552600	17552800	U	U	U	U
chr22	17553200	17553400	U	U	U	U
chr22	17554000	17554200	U	U	U	U
chr22	17554200	17554400	U	U	U	U
chr22	17554600	17554800	U	U	U	U
chr22	17554800	17555000	U	U	U	U
chr22	17556800	17557000	U	U	U	U
chr22	17559800	17560000	U	U	U	U
chr22	17560400	17560600	U	U	U	U
chr22	17563000	17563200	B	U	U	U
chr22	17563800	17564000	U	U	U	U
chr22	17569600	17569800	U	U	U	U
chr22	17570000	17570200	U	U	U	U
chr22	17571200	17571400	U	U	U	U
chr22	17573600	17573800	U	U	U	U
chr22	17575400	17575600	U	U	U	U
chr22	17576600	17576800	B	U	U	U
chr22	17580000	17580200	U	U	U	U
chr22	17587000	17587200	U	U	U	U
chr22	17606400	17606600	U	U	U	U
chr22	17608000	17608200	U	U	U	U
chr22	17610400	17610600	U	U	U	U
chr22	17625600	17625800	U	U	U	U
chr22	17625800	17626000	U	U	U	U
chr22	17628400	17628600	B	U	U	U
chr22	17639000	17639200	B	U	U	U
chr22	17639200	17639400	B	U	U	U
chr22	17648200	17648400	U	U	U	U
chr22	17650400	17650600	U	U	U	U
chr22	17663200	17663400	U	U	U	U
chr22	17674800	17675000	U	U	U	U
chr22	17679600	17679800	U	U	U	U
chr22	17689000	17689200	U	U	U	U
chr22	17692200	17692400	U	U	U	U
chr22	17696200	17696400	U	U	U	U
chr22	17700600	17700800	U	U	U	U
chr22	17703800	17704000	U	U	U	U
chr22	17727000	17727200	U	U	U	U
chr22	17729600	17729800	U	U	U	U
chr22	17730000	17730200	U	U	U	U
chr22	17733000	17733200	U	U	U	U
chr22	17734200	17734400	U	U	U	U
chr22	17738800	17739000	U	U	U	U
chr22	17739200	17739400	U	U	U	U
chr22	17741000	17741200	U	U	U	U
chr22	17742200	17742400	B	U	U	U
chr22	17744200	17744400	U	U	U	U
chr22	17750000	17750200	U	U	U	U
chr22	17764600	17764800	U	U	U	U
chr22	17770200	17770400	U	U	U	U
chr22	17770800	17771000	U	U	U	U
chr22	17772400	17772600	U	U	U	U
chr22	17772600	17772800	U	U	U	U
chr22	17773000	17773200	B	U	U	U
chr22	17773800	17774000	B	U	U	U
chr22	17780600	17780800	U	U	U	U
chr22	17781800	17782000	U	U	U	U
chr22	17782800	17783000	U	U	U	U
chr22	17784000	17784200	U	U	U	U
chr22	17787400	17787600	U	U	U	U
chr22	17787600	17787800	U	U	U	U
chr22	17790000	17790200	U	U	U	U
chr22	17794600	17794800	U	U	U	U
chr22	17797000	17797200	U	U	U	U
chr22	17804400	17804600	U	U	U	U
chr22	17807000	17807200	U	U	U	U
chr22	17807600	17807800	U	U	U	U
chr22	17808000	17808200	U	U	U	U
chr22	17808200	17808400	U	U	U	U
chr22	17810600	17810800	U	U	U	U
chr22	17812800	17813000	U	U	U	U
chr22	17813000	17813200	U	U	U	U
chr22	17813800	17814000	U	U	U	U
chr22	17818800	17819000	U	U	U	U
chr22	17821800	17822000	U	U	U	U
chr22	17825400	17825600	U	U	U	U
chr22	17827400	17827600	U	U	U	U
chr22	17828400	17828600	U	U	U	U
chr22	17829800	17830000	B	U	U	U
chr22	17832800	17833000	U	U	U	U
chr22	17840400	17840600	U	U	U	U
chr22	17841800	17842000	U	U	U	U
chr22	17842600	17842800	U	U	U	U
chr22	17843200	17843400	U	U	U	U
chr22	17845000	17845200	U	U	U	U
chr22	17845800	17846000	U	U	U	U
chr22	17847000	17847200	U	U	U	U
chr22	17850000	17850200	U	U	U	U
chr22	17851000	17851200	U	U	U	U
chr22	17851800	17852000	U	U	U	U
chr22	17857800	17858000	U	U	U	U
chr22	17858400	17858600	U	U	U	U
chr22	17859800	17860000	U	U	U	U
chr22	17860000	17860200	U	U	U	U
chr22	17860200	17860400	U	U	U	U
chr22	17865800	17866000	U	U	U	U
chr22	17870400	17870600	U	U	U	U
chr22	17873200	17873400	U	U	U	U
chr22	17875800	17876000	U	U	U	U
chr22	17876200	17876400	U	U	U	U
chr22	17878200	17878400	U	U	U	U
chr22	17881200	17881400	U	U	U	U
chr22	17881600	17881800	U	U	U	U
chr22	17883400	17883600	U	U	U	U
chr22	17885800	17886000	U	U	U	U
chr22	17890200	17890400	U	U	U	U
chr22	17901000	17901200	U	U	U	U
chr22	17903200	17903400	U	U	U	U
chr22	17907800	17908000	U	U	U	U
chr22	17909000	17909200	U	U	U	U
chr22	17909600	17909800	U	U	U	U
chr22	17915400	17915600	U	U	U	U
chr22	17920400	17920600	B	U	B	B
chr22	17922400	17922600	U	U	U	U
chr22	17938400	17938600	U	U	U	U
chr22	17939800	17940000	U	U	U	U
chr22	17940000	17940200	U	U	U	U
chr22	17941400	17941600	U	U	U	U
chr22	17943600	17943800	U	U	U	U
chr22	17944200	17944400	U	U	U	U
chr22	17944600	17944800	U	U	U	U
chr22	17946400	17946600	U	U	U	U
chr22	17948000	17948200	U	U	U	U
chr22	17953000	17953200	U	U	U	U
chr22	17956000	17956200	U	U	U	U
chr22	17957800	17958000	U	U	U	U
chr22	17958400	17958600	U	U	U	U
chr22	17961400	17961600	U	U	U	U
chr22	17962400	17962600	U	U	U	U
chr22	17963600	17963800	U	U	U	U
chr22	17963800	17964000	U	U	U	U
chr22	17964000	17964200	U	U	U	U
chr22	17964400	17964600	U	U	U	U
chr22	17967000	17967200	U	U	U	U
chr22	17969600	17969800	B	U	U	U
chr22	17969800	17970000	B	U	U	U
chr22	17973000	17973200	U	U	U	U
chr22	17976200	17976400	U	U	U	U
chr22	17983600	17983800	U	U	U	U
chr22	17992400	17992600	U	U	U	U
chr22	17997400	17997600	U	U	U	U
chr22	17999600	17999800	U	U	U	U
chr22	18000800	18001000	B	U	U	U
chr22	18001600	18001800	B	U	U	U
chr22	18003200	18003400	U	U	U	U
chr22	18005600	18005800	U	U	U	U
chr22	18009000	18009200	U	U	U	U
chr22	18013600	18013800	U	U	U	U
chr22	18014400	18014600	U	U	U	U
chr22	18015200	18015400	U	U	U	U
chr22	18020200	18020400	U	U	U	U
chr22	18020400	18020600	U	U	U	U
chr22	18021400	18021600	U	U	U	U
chr22	18021600	18021800	U	U	U	U
chr22	18023600	18023800	U	U	U	U
chr22	18024000	18024200	U	U	U	U
chr22	18025400	18025600	U	U	U	U
chr22	18026800	18027000	U	U	U	U
chr22	18032400	18032600	U	U	U	U
chr22	18033200	18033400	U	U	U	U
chr22	18034000	18034200	U	U	U	U
chr22	18045400	18045600	U	U	U	U
chr22	18048200	18048400	U	U	U	U
chr22	18050400	18050600	U	U	U	U
chr22	18057600	18057800	U	U	U	U
chr22	18061000	18061200	U	U	U	U
chr22	18063400	18063600	U	U	U	U
chr22	18065400	18065600	U	U	U	U
chr22	18070600	18070800	U	U	U	U
chr22	18072400	18072600	U	U	U	U
chr22	18073600	18073800	U	U	U	U
chr22	18076800	18077000	U	U	U	U
chr22	18083400	18083600	U	U	U	U
chr22	18083800	18084000	U	U	U	U
chr22	18086400	18086600	U	U	U	U
chr22	18087400	18087600	U	U	U	U
chr22	18099400	18099600	U	U	U	U
chr22	18100600	18100800	U	U	U	U
chr22	18110800	18111000	U	U	U	U
chr22	18111000	18111200	U	U	U	U
chr22	18113800	18114000	U	U	U	U
chr22	18114000	18114200	U	U	U	U
chr22	18121200	18121400	U	U	U	U
chr22	18124000	18124200	U	U	U	U
chr22	18126800	18127000	U	U	U	U
chr22	18129800	18130000	U	U	U	U
chr22	18131000	18131200	U	U	U	U
chr22	18134800	18135000	U	U	U	U
chr22	18148800	18149000	U	U	U	U
chr22	18151400	18151600	U	U	U	U
chr22	18170600	18170800	U	U	U	U
chr22	18173200	18173400	U	U	U	U
chr22	18175200	18175400	U	U	U	U
chr22	18177600	18177800	U	U	U	U
chr22	18179600	18179800	U	U	U	U
chr22	18182200	18182400	U	U	U	U
chr22	18184200	18184400	U	U	U	U
chr22	18186600	18186800	U	U	U	U
chr22	18191600	18191800	U	U	U	U
chr22	18196200	18196400	U	U	U	U
chr22	18197400	18197600	U	U	U	U
chr22	18197800	18198000	U	U	U	U
chr22	18199400	18199600	U	U	U	U
chr22	18199600	18199800	U	U	U	U
chr22	18200600	18200800	U	U	U	U
chr22	18200800	18201000	U	U	U	U
chr22	18221600	18221800	U	U	U	U
chr22	18222200	18222400	U	U	U	U
chr22	18232200	18232400	U	U	U	U
chr22	18234200	18234400	U	U	U	U
chr22	18340800	18341000	U	U	U	U
chr22	18341800	18342000	U	U	U	U
chr22	18344800	18345000	U	U	U	U
chr22	18346000	18346200	U	U	U	U
chr22	18346400	18346600	U	U	U	U
chr22	18349000	18349200	U	U	U	U
chr22	18349800	18350000	U	U	U	U
chr22	18351200	18351400	U	U	U	U
chr22	18368000	18368200	U	U	U	U
chr22	18373800	18374000	U	U	U	U
chr22	18378000	18378200	U	U	U	U
chr22	18380400	18380600	U	U	U	U
chr22	18380600	18380800	U	U	U	U
chr22	18381600	18381800	U	U	U	U
chr22	18382200	18382400	U	U	U	U
chr22	18383400	18383600	U	U	U	U
chr22	18383600	18383800	U	U	U	U
chr22	18392000	18392200	U	U	U	U
chr22	18400400	18400600	U	U	U	U
chr22	18402400	18402600	U	U	U	U
chr22	18402800	18403000	U	U	U	U
chr22	18413000	18413200	U	U	U	U
chr22	18424600	18424800	U	U	U	U
chr22	18425000	18425200	U	U	U	U
chr22	18428000	18428200	U	U	U	U
chr22	18430800	18431000	U	U	U	U
chr22	18431000	18431200	U	U	U	U
chr22	18484800	18485000	U	U	U	U
chr22	18488600	18488800	U	U	U	U
chr22	18490000	18490200	U	U	U	U
chr22	18491000	18491200	U	U	U	U
chr22	18491600	18491800	U	U	U	U
chr22	18497200	18497400	U	U	U	U
chr22	18498000	18498200	U	U	U	U
chr22	18500000	18500200	U	U	U	U
chr22	18501000	18501200	U	U	U	U
chr22	18501800	18502000	U	U	U	U
chr22	18503200	18503400	U	U	U	U
chr22	18512800	18513000	U	U	U	U
chr22	18515800	18516000	U	U	U	U
chr22	18516000	18516200	U	U	U	U
chr22	18516600	18516800	U	U	U	U
chr22	18517600	18517800	U	U	U	U
chr22	18528400	18528600	B	U	U	U
chr22	18533600	18533800	U	U	U	U
chr22	18535000	18535200	U	U	U	U
chr22	18537200	18537400	U	U	U	U
chr22	18539000	18539200	U	U	U	U
chr22	18539400	18539600	U	U	U	U
chr22	18540800	18541000	U	U	U	U
chr22	18542600	18542800	U	U	U	U
chr22	18543400	18543600	U	U	U	U
chr22	18543800	18544000	U	U	U	U
chr22	18547600	18547800	U	U	U	U
chr22	18547800	18548000	U	U	U	U
chr22	18553000	18553200	B	U	U	U
chr22	18554000	18554200	U	U	U	U
chr22	18554400	18554600	U	U	U	U
chr22	18554800	18555000	U	U	U	U
chr22	18555000	18555200	U	U	U	U
chr22	18563000	18563200	U	U	U	U
chr22	18564200	18564400	U	U	U	U
chr22	18571000	18571200	B	U	U	U
chr22	18571800	18572000	U	U	U	U
chr22	18573600	18573800	U	U	U	U
chr22	18573800	18574000	B	U	U	U
chr22	18574400	18574600	B	U	U	U
chr22	18577400	18577600	B	U	U	U
chr22	18577800	18578000	B	U	U	U
chr22	18578200	18578400	U	U	U	U
chr22	18591800	18592000	B	U	U	U
chr22	18593800	18594000	U	U	U	U
chr22	18594800	18595000	U	U	U	U
chr22	18595000	18595200	B	U	U	U
chr22	18605400	18605600	B	U	U	U
chr22	18606200	18606400	U	U	U	U
chr22	18606400	18606600	U	U	U	U
chr22	18606600	18606800	U	U	U	U
chr22	18606800	18607000	U	U	U	U
chr22	18608200	18608400	U	U	U	U
chr22	18611400	18611600	B	U	U	U
chr22	18624200	18624400	U	U	U	U
chr22	18625800	18626000	U	U	U	U
chr22	18632600	18632800	U	U	U	U
chr22	18632800	18633000	U	U	U	U
chr22	18633400	18633600	U	U	U	U
chr22	18633600	18633800	U	U	U	U
chr22	18634000	18634200	U	U	U	U
chr22	18637000	18637200	U	U	U	U
chr22	18638000	18638200	B	U	U	U
chr22	18638400	18638600	B	U	U	U
chr22	18641400	18641600	U	U	U	U
chr22	18642000	18642200	U	U	U	U
chr22	18644400	18644600	U	U	U	U
chr22	18651000	18651200	U	U	U	U
chr22	18717000	18717200	U	U	U	U
chr22	18719200	18719400	U	U	U	U
chr22	18719600	18719800	U	U	U	U
chr22	18725600	18725800	U	U	U	U
chr22	18737000	18737200	U	U	U	U
chr22	18737600	18737800	U	U	U	U
chr22	18741600	18741800	U	U	U	U
chr22	18743800	18744000	U	U	U	U
chr22	18746800	18747000	U	U	U	U
chr22	18747000	18747200	U	U	U	U
chr22	18752600	18752800	U	U	U	U
chr22	18753600	18753800	U	U	U	U
chr22	18755600	18755800	U	U	U	U
chr22	18757000	18757200	U	U	U	U
chr22	18757200	18757400	U	U	U	U
chr22	18767200	18767400	U	U	U	U
chr22	18767600	18767800	U	U	U	U
chr22	18774600	18774800	U	U	U	U
chr22	18777800	18778000	U	U	U	U
chr22	18781400	18781600	U	U	U	U
chr22	18781800	18782000	U	U	U	U
chr22	18787600	18787800	U	U	U	U
chr22	18794000	18794200	U	U	U	U
chr22	18794400	18794600	U	U	U	U
chr22	18795400	18795600	U	U	U	U
chr22	18800400	18800600	U	U	U	U
chr22	18800600	18800800	U	U	U	U
chr22	18803600	18803800	U	U	U	U
chr22	18805600	18805800	U	U	U	U
chr22	18805800	18806000	U	U	U	U
chr22	18806800	18807000	U	U	U	U
chr22	18808200	18808400	U	U	U	U
chr22	18808400	18808600	U	U	U	U
chr22	18808600	18808800	U	U	U	U
chr22	18809400	18809600	U	U	U	U
chr22	18813600	18813800	U	U	U	U
chr22	18814200	18814400	U	U	U	U
chr22	18815000	18815200	U	U	U	U
chr22	18820200	18820400	U	U	U	U
chr22	18823800	18824000	U	U	U	U
chr22	18826400	18826600	U	U	U	U
chr22	18827600	18827800	U	U	U	U
chr22	18828600	18828800	U	U	U	U
chr22	18829000	18829200	U	U	U	U
chr22	18829200	18829400	U	U	U	U
chr22	18831000	18831200	U	U	U	U
chr22	18831200	18831400	U	U	U	U
chr22	18833400	18833600	U	U	U	U
chr22	18834400	18834600	U	U	U	U
chr22	18834600	18834800	U	U	U	U
chr22	18834800	18835000	U	U	U	U
chr22	18838000	18838200	U	U	U	U
chr22	18839000	18839200	U	U	U	U
chr22	18840200	18840400	U	U	U	U
chr22	18847600	18847800	U	U	U	U
chr22	18848200	18848400	U	U	U	U
chr22	18851200	18851400	U	U	U	U
chr22	18853000	18853200	U	U	U	U
chr22	18854000	18854200	U	U	U	U
chr22	18854400	18854600	U	U	U	U
chr22	18858000	18858200	U	U	U	U
chr22	18858800	18859000	U	U	U	U
chr22	18859600	18859800	U	U	U	U
chr22	18865600	18865800	U	U	U	U
chr22	18868200	18868400	U	U	U	U
chr22	18870200	18870400	U	U	U	U
chr22	18870400	18870600	U	U	U	U
chr22	18870600	18870800	U	U	U	U
chr22	18873800	18874000	U	U	U	U
chr22	18874200	18874400	U	U	U	U
chr22	18875800	18876000	U	U	U	U
chr22	18878400	18878600	U	U	U	U
chr22	18879000	18879200	U	U	U	U
chr22	18881200	18881400	U	U	U	U
chr22	18883200	18883400	U	U	U	U
chr22	18884400	18884600	U	U	U	U
chr22	18885000	18885200	U	U	U	U
chr22	18885400	18885600	U	U	U	U
chr22	18887000	18887200	U	U	U	U
chr22	18887200	18887400	U	U	U	U
chr22	18889600	18889800	U	U	U	U
chr22	18904000	18904200	U	U	U	U
chr22	18909000	18909200	U	U	U	U
chr22	18909400	18909600	U	U	U	U
chr22	18910200	18910400	U	U	U	U
chr22	18910400	18910600	U	U	U	U
chr22	18911800	18912000	U	U	U	U
chr22	18915600	18915800	U	U	U	U
chr22	18917000	18917200	U	U	U	U
chr22	18917200	18917400	U	U	U	U
chr22	18922800	18923000	U	U	U	U
chr22	18929000	18929200	U	U	U	U
chr22	18929400	18929600	U	U	U	U
chr22	18931800	18932000	U	U	U	U
chr22	18932400	18932600	U	U	U	U
chr22	18933800	18934000	U	U	U	U
chr22	18934000	18934200	U	U	U	U
chr22	18935600	18935800	U	U	U	U
chr22	18936000	18936200	U	U	U	U
chr22	18948600	18948800	U	U	U	U
chr22	18952200	18952400	U	U	U	U
chr22	18952400	18952600	U	U	U	U
chr22	18953600	18953800	U	U	U	U
chr22	18955800	18956000	U	U	U	U
chr22	18957000	18957200	U	U	U	U
chr22	18958000	18958200	U	U	U	U
chr22	18960200	18960400	U	U	U	U
chr22	18964400	18964600	U	U	U	U
chr22	18966200	18966400	U	U	U	U
chr22	18967000	18967200	U	U	U	U
chr22	18969600	18969800	B	U	U	U
chr22	18971000	18971200	U	U	U	U
chr22	18971200	18971400	U	U	U	U
chr22	18973400	18973600	U	U	U	U
chr22	18975200	18975400	U	U	U	U
chr22	18979200	18979400	U	U	U	U
chr22	18979400	18979600	U	U	U	U
chr22	18984800	18985000	U	U	U	U
chr22	18990800	18991000	U	U	U	U
chr22	18991000	18991200	U	U	U	U
chr22	18993400	18993600	U	U	U	U
chr22	18995000	18995200	U	U	U	U
chr22	18997000	18997200	U	U	U	U
chr22	18999400	18999600	B	U	U	U
chr22	19003600	19003800	U	U	U	U
chr22	19011400	19011600	U	U	U	U
chr22	19014200	19014400	U	U	U	U
chr22	19019200	19019400	U	U	U	U
chr22	19019400	19019600	U	U	U	U
chr22	19026000	19026200	B	U	U	U
chr22	19029000	19029200	U	U	U	U
chr22	19032200	19032400	U	U	U	U
chr22	19032800	19033000	U	U	U	U
chr22	19034200	19034400	U	U	U	U
chr22	19034400	19034600	U	U	U	U
chr22	19036600	19036800	B	U	U	U
chr22	19038200	19038400	U	U	U	U
chr22	19039000	19039200	U	U	U	U
chr22	19044000	19044200	U	U	U	U
chr22	19046600	19046800	U	U	U	U
chr22	19049000	19049200	U	U	U	U
chr22	19049200	19049400	U	U	U	U
chr22	19061200	19061400	U	U	U	U
chr22	19064000	19064200	U	U	U	U
chr22	19064600	19064800	U	U	U	U
chr22	19065400	19065600	U	U	U	U
chr22	19067200	19067400	U	U	U	U
chr22	19070200	19070400	U	U	U	U
chr22	19071000	19071200	U	U	U	U
chr22	19086600	19086800	B	U	U	U
chr22	19105600	19105800	U	U	U	U
chr22	19107600	19107800	U	U	U	U
chr22	19111600	19111800	U	U	U	U
chr22	19115000	19115200	B	U	U	U
chr22	19115200	19115400	B	U	U	U
chr22	19120400	19120600	U	U	U	U
chr22	19123000	19123200	B	U	U	U
chr22	19127000	19127200	U	U	U	U
chr22	19131200	19131400	U	U	U	U
chr22	19131400	19131600	U	U	U	U
chr22	19132200	19132400	U	U	U	U
chr22	19132800	19133000	U	U	U	U
chr22	19133400	19133600	U	U	U	U
chr22	19133600	19133800	U	U	U	U
chr22	19135400	19135600	U	U	U	U
chr22	19136800	19137000	U	U	U	U
chr22	19137000	19137200	U	U	U	U
chr22	19137800	19138000	U	U	U	U
chr22	19139600	19139800	U	U	U	U
chr22	19147600	19147800	U	U	U	U
chr22	19149600	19149800	U	U	U	U
chr22	19150600	19150800	U	U	U	U
chr22	19151600	19151800	U	U	U	U
chr22	19166600	19166800	U	U	U	U
chr22	19168800	19169000	U	U	U	U
chr22	19169200	19169400	U	U	U	U
chr22	19170000	19170200	U	U	U	U
chr22	19171000	19171200	B	U	U	U
chr22	19171400	19171600	B	U	U	B
chr22	19171800	19172000	B	U	U	B
chr22	19181600	19181800	U	U	U	U
chr22	19181800	19182000	U	U	U	U
chr22	19182800	19183000	U	U	U	U
chr22	19183400	19183600	U	U	U	U
chr22	19183800	19184000	U	U	U	U
chr22	19188000	19188200	U	U	U	U
chr22	19192800	19193000	U	U	U	U
chr22	19193000	19193200	U	U	U	U
chr22	19194800	19195000	U	U	U	U
chr22	19195600	19195800	U	U	U	U
chr22	19196200	19196400	U	U	U	U
chr22	19196600	19196800	U	U	U	U
chr22	19201000	19201200	U	U	U	U
chr22	19204800	19205000	U	U	U	U
chr22	19208600	19208800	U	U	U	U
chr22	19209200	19209400	U	U	U	U
chr22	19218800	19219000	B	U	U	U
chr22	19220000	19220200	U	U	U	U
chr22	19220600	19220800	U	U	U	U
chr22	19221000	19221200	U	U	U	U
chr22	19221600	19221800	U	U	U	U
chr22	19223800	19224000	U	U	U	U
chr22	19224600	19224800	U	U	U	U
chr22	19224800	19225000	U	U	U	U
chr22	19233600	19233800	B	U	U	U
chr22	19234000	19234200	U	U	U	U
chr22	19234800	19235000	U	U	U	U
chr22	19235600	19235800	U	U	U	U
chr22	19238400	19238600	U	U	U	U
chr22	19240600	19240800	U	U	U	U
chr22	19252000	19252200	U	U	U	U
chr22	19253200	19253400	U	U	U	U
chr22	19258400	19258600	U	U	U	U
chr22	19273000	19273200	U	U	U	U
chr22	19274400	19274600	U	U	U	U
chr22	19276000	19276200	B	U	U	U
chr22	19280000	19280200	U	U	U	U
chr22	19281800	19282000	U	U	U	U
chr22	19287600	19287800	U	U	U	U
chr22	19289600	19289800	U	U	U	U
chr22	19292600	19292800	B	U	U	U
chr22	19292800	19293000	U	U	U	U
chr22	19330800	19331000	U	U	U	U
chr22	19353000	19353200	U	U	U	U
chr22	19353600	19353800	U	U	U	U
chr22	19354200	19354400	U	U	U	U
chr22	19355800	19356000	U	U	U	U
chr22	19357000	19357200	U	U	U	U
chr22	19368400	19368600	U	U	U	U
chr22	19368600	19368800	U	U	U	U
chr22	19375200	19375400	U	U	U	U
chr22	19377800	19378000	U	U	U	U
chr22	19385400	19385600	U	U	U	U
chr22	19386200	19386400	U	U	U	U
chr22	19387400	19387600	U	U	U	U
chr22	19388000	19388200	U	U	U	U
chr22	19388200	19388400	U	U	U	U
chr22	19389400	19389600	U	U	U	U
chr22	19389600	19389800	U	U	U	U
chr22	19390000	19390200	B	U	U	U
chr22	19394000	19394200	U	U	U	U
chr22	19397000	19397200	B	U	B	B
chr22	19399600	19399800	U	U	U	U
chr22	19410200	19410400	U	U	U	U
chr22	19410600	19410800	U	U	U	U
chr22	19411200	19411400	U	U	U	U
chr22	19412600	19412800	U	U	U	U
chr22	19414000	19414200	U	U	U	U
chr22	19414200	19414400	U	U	U	U
chr22	19414400	19414600	U	U	U	U
chr22	19423800	19424000	U	U	U	U
chr22	19424200	19424400	U	U	U	U
chr22	19428800	19429000	U	U	U	U
chr22	19429800	19430000	U	U	U	U
chr22	19430600	19430800	B	U	U	B
chr22	19432000	19432200	B	U	U	U
chr22	19432200	19432400	B	U	U	U
chr22	19432600	19432800	B	U	U	U
chr22	19434600	19434800	U	U	U	U
chr22	19440600	19440800	U	U	U	U
chr22	19443600	19443800	U	U	U	U
chr22	19444000	19444200	U	U	U	U
chr22	19448800	19449000	U	U	U	U
chr22	19449600	19449800	U	U	U	U
chr22	19453400	19453600	U	U	U	U
chr22	19458000	19458200	U	U	U	U
chr22	19465000	19465200	U	U	U	U
chr22	19466200	19466400	U	U	U	U
chr22	19473200	19473400	U	U	U	U
chr22	19478600	19478800	B	U	U	U
chr22	19480000	19480200	B	U	U	B
chr22	19480800	19481000	U	U	U	U
chr22	19481000	19481200	U	U	U	U
chr22	19482600	19482800	U	U	U	U
chr22	19494200	19494400	U	U	U	U
chr22	19494400	19494600	U	U	U	U
chr22	19496800	19497000	U	U	U	U
chr22	19498800	19499000	U	U	U	U
chr22	19499000	19499200	U	U	U	U
chr22	19499400	19499600	U	U	U	U
chr22	19514200	19514400	U	U	U	U
chr22	19514800	19515000	U	U	U	U
chr22	19516400	19516600	U	U	U	U
chr22	19518600	19518800	U	U	U	U
chr22	19520400	19520600	U	U	U	U
chr22	19521000	19521200	U	U	U	U
chr22	19521600	19521800	B	U	U	U
chr22	19523600	19523800	U	U	U	U
chr22	19524000	19524200	U	U	U	U
chr22	19525000	19525200	U	U	U	U
chr22	19526600	19526800	U	U	U	U
chr22	19528000	19528200	U	U	U	U
chr22	19544200	19544400	U	U	U	U
chr22	19544800	19545000	U	U	U	U
chr22	19549400	19549600	U	U	U	U
chr22	19556400	19556600	U	U	U	U
chr22	19557200	19557400	U	U	U	U
chr22	19559200	19559400	B	U	U	U
chr22	19562800	19563000	U	U	U	U
chr22	19566600	19566800	U	U	U	U
chr22	19571400	19571600	U	U	U	U
chr22	19573800	19574000	U	U	U	U
chr22	19579800	19580000	U	U	B	U
chr22	19588000	19588200	U	U	U	U
chr22	19598000	19598200	U	U	U	U
chr22	19598200	19598400	U	U	U	U
chr22	19599800	19600000	U	U	U	U
chr22	19613200	19613400	U	U	U	U
chr22	19614800	19615000	U	U	U	U
chr22	19615600	19615800	U	U	U	U
chr22	19617600	19617800	U	U	U	U
chr22	19617800	19618000	U	U	U	U
chr22	19619600	19619800	U	U	U	U
chr22	19626000	19626200	U	U	U	U
chr22	19637600	19637800	U	U	U	U
chr22	19645000	19645200	B	U	U	U
chr22	19655400	19655600	U	U	U	U
chr22	19657000	19657200	U	U	U	U
chr22	19657400	19657600	U	U	U	U
chr22	19660000	19660200	U	U	U	U
chr22	19689000	19689200	U	U	U	U
chr22	19691600	19691800	B	U	U	U
chr22	19692000	19692200	B	U	U	U
chr22	19695200	19695400	U	U	U	U
chr22	19696000	19696200	B	U	U	U
chr22	19704200	19704400	U	U	U	U
chr22	19704400	19704600	U	U	U	U
chr22	19705000	19705200	U	U	U	U
chr22	19707800	19708000	U	U	U	U
chr22	19708600	19708800	U	U	U	U
chr22	19710600	19710800	U	U	U	U
chr22	19712000	19712200	U	U	U	U
chr22	19712400	19712600	U	U	U	U
chr22	19713200	19713400	U	U	U	U
chr22	19714000	19714200	B	U	U	U
chr22	19716400	19716600	U	U	U	U
chr22	19717400	19717600	U	U	U	U
chr22	19719800	19720000	U	U	U	U
chr22	19721000	19721200	U	U	U	U
chr22	19721600	19721800	U	U	U	U
chr22	19731200	19731400	B	U	U	B
chr22	19733000	19733200	U	U	U	U
chr22	19733800	19734000	U	U	U	U
chr22	19734400	19734600	U	U	U	U
chr22	19737800	19738000	U	U	U	U
chr22	19738200	19738400	U	U	U	U
chr22	19738800	19739000	U	U	U	U
chr22	19739600	19739800	U	U	U	U
chr22	19743400	19743600	U	U	U	U
chr22	19745200	19745400	U	U	U	U
chr22	19745800	19746000	B	U	U	U
chr22	19746600	19746800	U	U	U	U
chr22	19747000	19747200	U	U	U	U
chr22	19748600	19748800	U	U	U	U
chr22	19751200	19751400	U	U	U	U
chr22	19751400	19751600	U	U	U	U
chr22	19752600	19752800	U	U	U	U
chr22	19754600	19754800	U	U	U	U
chr22	19755000	19755200	U	U	U	U
chr22	19755600	19755800	U	U	U	U
chr22	19757800	19758000	U	U	U	U
chr22	19759800	19760000	U	U	U	U
chr22	19760000	19760200	U	U	U	U
chr22	19762200	19762400	B	U	U	U
chr22	19767600	19767800	B	U	U	U
chr22	19769400	19769600	U	U	U	U
chr22	19770000	19770200	U	U	U	U
chr22	19783200	19783400	U	U	U	U
chr22	19783600	19783800	U	U	U	U
chr22	19786000	19786200	U	U	U	U
chr22	19796800	19797000	U	U	U	U
chr22	19797800	19798000	U	U	U	U
chr22	19799400	19799600	B	U	U	U
chr22	19799800	19800000	B	U	U	U
chr22	19800200	19800400	U	U	U	U
chr22	19801800	19802000	U	U	U	U
chr22	19802000	19802200	U	U	U	U
chr22	19803600	19803800	U	U	U	U
chr22	19805000	19805200	U	U	U	U
chr22	19807800	19808000	U	U	U	U
chr22	19808400	19808600	U	U	U	U
chr22	19811400	19811600	U	U	U	U
chr22	19811800	19812000	U	U	U	U
chr22	19812200	19812400	U	U	U	U
chr22	19812400	19812600	U	U	U	U
chr22	19818400	19818600	U	U	U	U
chr22	19822200	19822400	U	U	U	U
chr22	19823000	19823200	U	U	U	U
chr22	19824400	19824600	U	U	U	U
chr22	19825000	19825200	U	U	U	U
chr22	19842000	19842200	B	U	B	U
chr22	19844000	19844200	U	U	U	U
chr22	19848600	19848800	U	U	U	U
chr22	19848800	19849000	U	U	U	U
chr22	19851800	19852000	U	U	U	U
chr22	19852000	19852200	U	U	U	U
chr22	19853600	19853800	U	U	U	U
chr22	19853800	19854000	B	U	U	U
chr22	19869000	19869200	U	U	U	U
chr22	19870400	19870600	U	U	U	U
chr22	19871800	19872000	U	U	U	U
chr22	19872000	19872200	U	U	U	U
chr22	19872800	19873000	U	U	U	U
chr22	19873600	19873800	U	U	U	U
chr22	19875600	19875800	U	U	U	U
chr22	19879400	19879600	U	U	U	U
chr22	19879800	19880000	U	U	U	U
chr22	19882600	19882800	U	U	U	U
chr22	19884800	19885000	U	U	U	U
chr22	19885600	19885800	U	U	U	U
chr22	19886600	19886800	U	U	U	U
chr22	19890600	19890800	U	U	U	U
chr22	19891000	19891200	B	U	U	U
chr22	19891200	19891400	B	U	U	U
chr22	19893200	19893400	U	U	U	U
chr22	19893600	19893800	U	U	U	U
chr22	19895400	19895600	U	U	U	U
chr22	19897000	19897200	B	U	U	U
chr22	19897800	19898000	U	U	U	U
chr22	19899400	19899600	U	U	U	U
chr22	19900800	19901000	U	U	U	U
chr22	19901600	19901800	U	U	U	U
chr22	19902400	19902600	U	U	U	U
chr22	19904000	19904200	U	U	U	U
chr22	19905200	19905400	U	U	U	U
chr22	19912400	19912600	B	U	U	U
chr22	19919600	19919800	U	U	U	U
chr22	19924200	19924400	U	U	U	U
chr22	19930800	19931000	U	U	U	U
chr22	19932600	19932800	B	U	U	U
chr22	19933400	19933600	B	U	U	U
chr22	19933600	19933800	B	U	U	U
chr22	19942400	19942600	B	U	U	B
chr22	19955800	19956000	U	U	U	U
chr22	19959000	19959200	B	U	U	U
chr22	19960000	19960200	B	U	U	U
chr22	19961200	19961400	U	U	U	U
chr22	19961400	19961600	U	U	U	U
chr22	19961800	19962000	U	U	U	U
chr22	19964400	19964600	U	U	U	U
chr22	19968000	19968200	U	U	U	U
chr22	19969400	19969600	U	U	U	U
chr22	19970800	19971000	B	U	B	B
chr22	19971400	19971600	U	U	U	U
chr22	19974600	19974800	B	U	U	U
chr22	19976200	19976400	U	U	U	U
chr22	19977600	19977800	U	U	U	U
chr22	19981400	19981600	U	U	U	U
chr22	19981600	19981800	U	U	U	U
chr22	19982400	19982600	U	U	U	U
chr22	19984200	19984400	U	U	U	U
chr22	19984600	19984800	U	U	U	U
chr22	19985400	19985600	U	U	U	U
chr22	19986400	19986600	B	U	U	U
chr22	19986600	19986800	B	U	U	U
chr22	19986800	19987000	B	U	U	U
chr22	19987600	19987800	U	U	U	U
chr22	19989200	19989400	B	U	U	B
chr22	19989400	19989600	B	U	U	U
chr22	19989800	19990000	B	U	U	U
chr22	19993200	19993400	U	U	U	U
chr22	19995800	19996000	U	U	U	U
chr22	19996000	19996200	U	U	U	U
chr22	19996600	19996800	U	U	U	U
chr22	19996800	19997000	U	U	U	U
chr22	19997400	19997600	U	U	U	U
chr22	19997600	19997800	U	U	U	U
chr22	19998400	19998600	U	U	U	U
chr22	19998600	19998800	U	U	U	U
chr22	19999000	19999200	U	U	U	U
chr22	19999200	19999400	U	U	U	U
chr22	20000400	20000600	U	U	U	U
chr22	20002000	20002200	B	U	U	U
chr22	20010000	20010200	U	U	U	U
chr22	20010200	20010400	U	U	U	U
chr22	20011200	20011400	U	U	U	U
chr22	20012600	20012800	U	U	U	U
chr22	20013000	20013200	U	U	U	U
chr22	20015400	20015600	U	U	U	U
chr22	20015800	20016000	B	U	U	U
chr22	20020600	20020800	B	U	U	B
chr22	20024400	20024600	U	U	U	U
chr22	20029600	20029800	U	U	U	U
chr22	20040000	20040200	U	U	U	U
chr22	20040200	20040400	U	U	U	U
chr22	20042800	20043000	U	U	U	U
chr22	20043400	20043600	U	U	U	U
chr22	20044000	20044200	U	U	U	U
chr22	20054600	20054800	U	U	U	U
chr22	20055600	20055800	U	U	U	U
chr22	20057200	20057400	U	U	U	U
chr22	20057400	20057600	U	U	U	U
chr22	20063800	20064000	U	U	U	U
chr22	20066000	20066200	U	U	U	U
chr22	20069800	20070000	U	U	U	U
chr22	20080400	20080600	B	U	U	U
chr22	20081200	20081400	B	U	U	U
chr22	20083400	20083600	U	U	U	U
chr22	20083800	20084000	U	U	U	U
chr22	20085600	20085800	U	U	U	U
chr22	20085800	20086000	U	U	U	U
chr22	20087800	20088000	U	U	U	U
chr22	20088000	20088200	U	U	U	U
chr22	20091600	20091800	U	U	U	U
chr22	20092600	20092800	U	U	U	U
chr22	20094200	20094400	U	U	U	U
chr22	20094800	20095000	U	U	U	U
chr22	20101600	20101800	U	U	U	U
chr22	20104800	20105000	U	U	U	U
chr22	20106200	20106400	U	U	U	U
chr22	20106600	20106800	U	U	U	U
chr22	20108000	20108200	U	U	U	U
chr22	20108200	20108400	U	U	U	U
chr22	20110000	20110200	B	U	U	U
chr22	20110200	20110400	B	U	U	U
chr22	20110400	20110600	B	U	U	U
chr22	20112600	20112800	U	U	U	U
chr22	20122200	20122400	U	U	U	U
chr22	20125600	20125800	U	U	U	U
chr22	20126600	20126800	U	U	U	U
chr22	20132600	20132800	U	U	U	U
chr22	20133800	20134000	U	U	U	U
chr22	20136200	20136400	U	U	U	U
chr22	20137000	20137200	U	U	U	U
chr22	20138600	20138800	U	U	U	U
chr22	20140200	20140400	U	U	U	U
chr22	20145800	20146000	U	U	U	U
chr22	20147200	20147400	U	U	U	U
chr22	20148600	20148800	U	U	U	U
chr22	20150000	20150200	U	U	U	U
chr22	20156400	20156600	U	U	U	U
chr22	20160600	20160800	U	U	U	U
chr22	20166800	20167000	U	U	U	U
chr22	20167800	20168000	U	U	B	U
chr22	20168400	20168600	U	U	U	U
chr22	20168600	20168800	U	U	U	U
chr22	20168800	20169000	U	U	U	U
chr22	20169200	20169400	U	U	U	U
chr22	20169600	20169800	U	U	U	U
chr22	20172000	20172200	U	U	U	U
chr22	20172200	20172400	U	U	U	U
chr22	20172400	20172600	U	U	U	U
chr22	20174800	20175000	B	U	U	U
chr22	20176400	20176600	U	U	U	U
chr22	20177400	20177600	U	U	U	U
chr22	20177800	20178000	U	U	U	U
chr22	20178200	20178400	U	U	U	U
chr22	20178600	20178800	U	U	U	U
chr22	20178800	20179000	U	U	U	U
chr22	20182600	20182800	U	U	U	U
chr22	20184800	20185000	U	U	U	U
chr22	20185000	20185200	U	U	U	U
chr22	20187200	20187400	U	U	U	U
chr22	20196400	20196600	B	U	U	U
chr22	20197200	20197400	U	U	U	U
chr22	20197800	20198000	U	U	U	U
chr22	20201600	20201800	U	U	U	U
chr22	20202400	20202600	U	U	U	U
chr22	20202600	20202800	U	U	U	U
chr22	20204200	20204400	U	U	U	U
chr22	20207400	20207600	U	U	U	U
chr22	20207600	20207800	U	U	U	U
chr22	20209600	20209800	U	U	U	U
chr22	20210000	20210200	U	U	U	U
chr22	20222600	20222800	U	U	U	U
chr22	20223600	20223800	U	U	U	U
chr22	20223800	20224000	U	U	U	U
chr22	20226200	20226400	U	U	U	U
chr22	20227800	20228000	U	U	U	U
chr22	20228200	20228400	U	U	U	U
chr22	20229000	20229200	U	U	U	U
chr22	20229800	20230000	U	U	U	U
chr22	20230400	20230600	U	U	U	U
chr22	20230800	20231000	U	U	U	U
chr22	20231800	20232000	U	U	U	U
chr22	20234000	20234200	U	U	U	U
chr22	20234800	20235000	U	U	U	U
chr22	20238400	20238600	B	U	B	U
chr22	20239400	20239600	B	U	U	U
chr22	20240000	20240200	U	U	U	U
chr22	20240200	20240400	U	U	U	U
chr22	20240800	20241000	U	U	U	U
chr22	20242400	20242600	U	U	U	U
chr22	20243600	20243800	B	U	U	U
chr22	20248200	20248400	U	U	U	U
chr22	20250600	20250800	U	U	U	U
chr22	20253000	20253200	U	U	U	U
chr22	20254800	20255000	U	U	U	U
chr22	20255800	20256000	U	U	U	U
chr22	20256400	20256600	U	U	U	U
chr22	20258200	20258400	U	U	U	U
chr22	20259200	20259400	B	U	U	U
chr22	20264800	20265000	U	U	U	U
chr22	20265400	20265600	U	U	U	U
chr22	20265600	20265800	U	U	U	U
chr22	20267800	20268000	B	U	U	U
chr22	20268600	20268800	B	U	U	B
chr22	20270600	20270800	U	U	B	U
chr22	20270800	20271000	U	U	U	U
chr22	20272400	20272600	U	U	U	U
chr22	20273800	20274000	U	U	U	U
chr22	20274000	20274200	U	U	U	U
chr22	20274800	20275000	U	U	U	U
chr22	20278000	20278200	U	U	U	U
chr22	20278800	20279000	U	U	U	U
chr22	20280200	20280400	U	U	U	U
chr22	20281200	20281400	U	U	U	U
chr22	20282800	20283000	U	U	U	U
chr22	20284600	20284800	U	U	U	U
chr22	20285400	20285600	B	U	U	U
chr22	20285600	20285800	B	U	B	U
chr22	20288200	20288400	U	U	U	U
chr22	20289800	20290000	U	U	U	U
chr22	20290800	20291000	U	U	U	U
chr22	20304000	20304200	U	U	U	U
chr22	20305800	20306000	U	U	U	U
chr22	20307000	20307200	U	U	U	U
chr22	20308000	20308200	U	U	U	U
chr22	20308600	20308800	U	U	U	U
chr22	20313600	20313800	B	U	U	U
chr22	20314000	20314200	B	U	U	U
chr22	20314400	20314600	U	U	U	U
chr22	20315600	20315800	U	U	U	U
chr22	20317000	20317200	U	U	U	U
chr22	20319800	20320000	B	U	U	B
chr22	20341000	20341200	U	U	U	U
chr22	20346800	20347000	U	U	U	U
chr22	20347000	20347200	U	U	U	U
chr22	20348800	20349000	U	U	U	U
chr22	20350600	20350800	U	U	U	U
chr22	20351800	20352000	U	U	U	U
chr22	20354000	20354200	U	U	U	U
chr22	20354200	20354400	U	U	U	U
chr22	20364000	20364200	U	U	U	U
chr22	20387400	20387600	U	U	U	U
chr22	20388000	20388200	U	U	U	U
chr22	20390600	20390800	U	U	U	U
chr22	20393600	20393800	B	U	U	U
chr22	20396800	20397000	U	U	U	U
chr22	20400800	20401000	U	U	U	U
chr22	20401000	20401200	U	U	U	U
chr22	20402000	20402200	U	U	U	U
chr22	20405200	20405400	U	U	U	U
chr22	20422200	20422400	U	U	U	U
chr22	20424200	20424400	U	U	U	U
chr22	20424800	20425000	U	U	U	U
chr22	20425800	20426000	U	U	U	U
chr22	20427600	20427800	U	U	U	U
chr22	20429000	20429200	B	U	U	U
chr22	20436600	20436800	U	U	U	U
chr22	20437400	20437600	U	U	U	U
chr22	20438200	20438400	U	U	U	U
chr22	20439600	20439800	U	U	U	U
chr22	20441600	20441800	U	U	U	U
chr22	20442400	20442600	U	U	U	U
chr22	20446800	20447000	U	U	U	U
chr22	20447200	20447400	U	U	U	U
chr22	20457200	20457400	U	U	U	U
chr22	20457400	20457600	U	U	U	U
chr22	20457800	20458000	U	U	U	U
chr22	20464000	20464200	U	U	U	U
chr22	20469200	20469400	B	U	U	U
chr22	20471000	20471200	U	U	U	U
chr22	20471400	20471600	U	U	U	U
chr22	20476200	20476400	U	U	U	U
chr22	20493000	20493200	U	U	U	U
chr22	20494800	20495000	U	U	U	U
chr22	20497600	20497800	U	U	U	U
chr22	20504000	20504200	U	U	U	U
chr22	20508200	20508400	B	U	U	B
chr22	20513600	20513800	U	U	U	U
chr22	20516400	20516600	U	U	U	U
chr22	20516600	20516800	U	U	U	U
chr22	20519200	20519400	U	U	U	U
chr22	20520000	20520200	U	U	U	U
chr22	20523600	20523800	B	U	U	U
chr22	20526200	20526400	U	U	U	U
chr22	20532600	20532800	B	U	U	U
chr22	20550600	20550800	U	U	U	U
chr22	20551000	20551200	U	U	U	U
chr22	20551200	20551400	U	U	U	U
chr22	20555000	20555200	U	U	U	U
chr22	20555200	20555400	U	U	U	U
chr22	20555400	20555600	U	U	U	U
chr22	20557600	20557800	B	U	U	B
chr22	20569400	20569600	U	U	U	U
chr22	20569600	20569800	U	U	U	U
chr22	20572000	20572200	U	U	U	U
chr22	20574000	20574200	U	U	U	U
chr22	20574600	20574800	U	U	U	U
chr22	20575000	20575200	U	U	U	U
chr22	20578400	20578600	U	U	U	U
chr22	20579200	20579400	U	U	U	U
chr22	20581400	20581600	U	U	U	U
chr22	20581800	20582000	U	U	U	U
chr22	20582600	20582800	U	U	U	U
chr22	20582800	20583000	U	U	U	U
chr22	20584200	20584400	U	U	U	U
chr22	20585000	20585200	U	U	U	U
chr22	20585200	20585400	U	U	U	U
chr22	20586600	20586800	U	U	U	U
chr22	20590200	20590400	U	U	U	U
chr22	20590400	20590600	U	U	U	U
chr22	20591600	20591800	B	U	U	U
chr22	20591800	20592000	B	U	U	U
chr22	20599200	20599400	U	U	U	U
chr22	20600600	20600800	U	U	U	U
chr22	20602400	20602600	U	U	U	U
chr22	20604000	20604200	U	U	U	U
chr22	20605400	20605600	U	U	U	U
chr22	20607200	20607400	U	U	U	U
chr22	20607400	20607600	U	U	U	U
chr22	20607600	20607800	U	U	U	U
chr22	20610400	20610600	U	U	U	U
chr22	20612400	20612600	U	U	U	U
chr22	20615400	20615600	U	U	U	U
chr22	20615600	20615800	U	U	U	U
chr22	20621400	20621600	U	U	U	U
chr22	20622400	20622600	U	U	U	U
chr22	20622800	20623000	U	U	U	U
chr22	20629400	20629600	U	U	U	U
chr22	20631000	20631200	U	U	U	U
chr22	20631200	20631400	U	U	U	U
chr22	20634400	20634600	U	U	U	U
chr22	20636400	20636600	U	U	U	U
chr22	20653800	20654000	U	U	U	U
chr22	20654400	20654600	U	U	U	U
chr22	20655000	20655200	U	U	U	U
chr22	20668400	20668600	U	U	U	U
chr22	20669000	20669200	U	U	U	U
chr22	20669400	20669600	U	U	U	U
chr22	20670000	20670200	U	U	U	U
chr22	20672400	20672600	U	U	U	U
chr22	20674600	20674800	U	U	U	U
chr22	20690200	20690400	U	U	U	U
chr22	20690800	20691000	U	U	U	U
chr22	20691600	20691800	U	U	U	U
chr22	20694600	20694800	U	U	U	U
chr22	20695000	20695200	U	U	U	U
chr22	20695200	20695400	U	U	U	U
chr22	20695600	20695800	U	U	U	U
chr22	20696000	20696200	U	U	U	U
chr22	20696400	20696600	U	U	U	U
chr22	20697200	20697400	U	U	U	U
chr22	20697400	20697600	U	U	U	U
chr22	20698600	20698800	U	U	U	U
chr22	20703600	20703800	B	U	U	U
chr22	20708200	20708400	U	U	U	U
chr22	20709400	20709600	U	U	U	U
chr22	20711000	20711200	U	U	U	U
chr22	20712600	20712800	U	U	U	U
chr22	20713600	20713800	U	U	U	U
chr22	20714800	20715000	U	U	U	U
chr22	20716600	20716800	U	U	U	U
chr22	20717600	20717800	U	U	U	U
chr22	20717800	20718000	U	U	U	U
chr22	20728800	20729000	U	U	U	U
chr22	20732600	20732800	U	U	U	U
chr22	20733000	20733200	U	U	U	U
chr22	20733600	20733800	U	U	U	U
chr22	20733800	20734000	U	U	U	U
chr22	20734000	20734200	U	U	U	U
chr22	20734400	20734600	U	U	U	U
chr22	20735000	20735200	U	U	U	U
chr22	20738600	20738800	U	U	U	U
chr22	20744600	20744800	U	U	U	U
chr22	20745400	20745600	U	U	U	U
chr22	20747400	20747600	U	U	U	U
chr22	20748400	20748600	U	U	U	U
chr22	20748800	20749000	U	U	U	U
chr22	20749600	20749800	U	U	U	U
chr22	20749800	20750000	U	U	U	U
chr22	20750600	20750800	B	U	U	U
chr22	20750800	20751000	B	U	U	U
chr22	20751800	20752000	U	U	U	U
chr22	20757200	20757400	U	U	U	U
chr22	20760200	20760400	U	U	U	U
chr22	20762400	20762600	U	U	U	U
chr22	20765200	20765400	U	U	U	U
chr22	20768600	20768800	B	U	U	U
chr22	20775200	20775400	U	U	U	U
chr22	20782400	20782600	U	U	U	U
chr22	20785800	20786000	U	U	U	U
chr22	20787200	20787400	U	U	U	U
chr22	20795600	20795800	U	U	U	U
chr22	20796600	20796800	U	U	U	U
chr22	20797400	20797600	U	U	U	U
chr22	20798600	20798800	U	U	U	U
chr22	20804400	20804600	B	U	U	U
chr22	20806000	20806200	B	U	U	U
chr22	20810000	20810200	U	U	U	U
chr22	20811000	20811200	U	U	U	U
chr22	20811200	20811400	U	U	U	U
chr22	20811400	20811600	U	U	U	U
chr22	20817000	20817200	U	U	U	U
chr22	20835000	20835200	U	U	U	U
chr22	20843800	20844000	U	U	U	U
chr22	20845200	20845400	U	U	U	U
chr22	20859400	20859600	B	U	U	U
chr22	20859600	20859800	U	U	U	U
chr22	20862400	20862600	U	U	U	U
chr22	20862600	20862800	U	U	U	U
chr22	20864200	20864400	U	U	U	U
chr22	20864400	20864600	U	U	U	U
chr22	20866200	20866400	U	U	U	U
chr22	20866600	20866800	U	U	U	U
chr22	20875000	20875200	U	U	U	U
chr22	20878800	20879000	U	U	U	U
chr22	20881000	20881200	U	U	U	U
chr22	20883000	20883200	U	U	U	U
chr22	20883400	20883600	U	U	U	U
chr22	20883600	20883800	U	U	U	U
chr22	20885200	20885400	B	U	U	U
chr22	20888600	20888800	U	U	U	U
chr22	20890000	20890200	U	U	U	U
chr22	20892600	20892800	U	U	U	U
chr22	20904800	20905000	U	U	U	B
chr22	20917400	20917600	B	U	U	U
chr22	20920000	20920200	U	U	U	U
chr22	20921000	20921200	U	U	U	U
chr22	20934000	20934200	U	U	U	U
chr22	20937400	20937600	B	U	U	U
chr22	20938800	20939000	U	U	U	U
chr22	20950000	20950200	U	U	U	U
chr22	20951200	20951400	U	U	U	U
chr22	20953000	20953200	U	U	U	U
chr22	20953200	20953400	U	U	U	U
chr22	20954000	20954200	B	U	U	U
chr22	20957200	20957400	U	U	U	U
chr22	20958200	20958400	U	U	U	U
chr22	20964400	20964600	U	U	U	U
chr22	20965200	20965400	U	U	U	U
chr22	20966400	20966600	U	U	U	U
chr22	20974600	20974800	U	U	U	U
chr22	20975800	20976000	U	U	U	U
chr22	20976000	20976200	U	U	U	U
chr22	20977600	20977800	U	U	U	U
chr22	20982200	20982400	B	U	U	B
chr22	20982400	20982600	B	U	U	B
chr22	20990600	20990800	U	U	U	U
chr22	20991800	20992000	U	U	U	U
chr22	20993200	20993400	U	U	U	U
chr22	20993800	20994000	U	U	U	U
chr22	20995600	20995800	U	U	U	U
chr22	20996800	20997000	U	U	U	U
chr22	20997200	20997400	U	U	U	U
chr22	20998000	20998200	U	U	U	U
chr22	20998400	20998600	U	U	U	U
chr22	21004000	21004200	U	U	U	U
chr22	21007600	21007800	U	U	U	U
chr22	21011400	21011600	U	U	U	U
chr22	21012200	21012400	U	U	U	U
chr22	21012400	21012600	U	U	U	U
chr22	21012600	21012800	U	U	U	U
chr22	21013800	21014000	B	U	U	U
chr22	21017000	21017200	U	U	U	U
chr22	21017200	21017400	U	U	U	U
chr22	21023600	21023800	U	U	U	U
chr22	21028600	21028800	U	U	U	U
chr22	21033800	21034000	U	U	U	U
chr22	21043400	21043600	U	U	U	U
chr22	21044200	21044400	U	U	U	U
chr22	21044400	21044600	U	U	U	U
chr22	21045800	21046000	B	U	U	B
chr22	21046000	21046200	B	U	U	U
chr22	21048000	21048200	U	U	U	U
chr22	21049000	21049200	U	U	U	U
chr22	21053000	21053200	U	U	U	U
chr22	21056000	21056200	B	U	U	U
chr22	21057400	21057600	U	U	U	U
chr22	21060600	21060800	U	U	U	U
chr22	21068400	21068600	U	U	U	U
chr22	21069800	21070000	U	U	U	U
chr22	21074000	21074200	B	U	U	U
chr22	21077000	21077200	U	U	U	U
chr22	21079600	21079800	B	U	U	U
chr22	21084200	21084400	U	U	U	U
chr22	21100200	21100400	U	U	U	U
chr22	21102400	21102600	U	U	U	U
chr22	21108000	21108200	U	U	U	U
chr22	21116400	21116600	U	U	U	U
chr22	21116600	21116800	U	U	U	U
chr22	21116800	21117000	U	U	U	U
chr22	21117600	21117800	U	U	U	U
chr22	21118200	21118400	U	U	U	U
chr22	21118400	21118600	U	U	U	U
chr22	21123400	21123600	U	U	U	U
chr22	21126600	21126800	U	U	U	U
chr22	21126800	21127000	U	U	U	U
chr22	21127000	21127200	U	U	U	U
chr22	21127800	21128000	U	U	U	U
chr22	21132800	21133000	U	U	U	U
chr22	21137000	21137200	U	U	U	U
chr22	21142200	21142400	U	U	U	U
chr22	21143400	21143600	U	U	U	U
chr22	21143600	21143800	U	U	U	U
chr22	21150600	21150800	U	U	U	U
chr22	21170000	21170200	U	U	U	U
chr22	21172200	21172400	U	U	U	U
chr22	21175800	21176000	U	U	U	U
chr22	21180000	21180200	U	U	U	U
chr22	21181200	21181400	U	U	U	U
chr22	21186200	21186400	U	U	U	U
chr22	21187800	21188000	U	U	U	U
chr22	21208400	21208600	U	U	U	U
chr22	21209600	21209800	U	U	U	U
chr22	21215800	21216000	U	U	U	U
chr22	21216200	21216400	U	U	U	U
chr22	21216400	21216600	U	U	U	U
chr22	21221600	21221800	U	U	U	U
chr22	21222000	21222200	U	U	U	U
chr22	21227200	21227400	U	U	B	U
chr22	21227400	21227600	U	U	B	U
chr22	21228200	21228400	U	U	U	U
chr22	21228400	21228600	U	U	U	U
chr22	21229400	21229600	U	U	U	U
chr22	21239800	21240000	U	U	U	U
chr22	21240600	21240800	U	U	U	U
chr22	21241000	21241200	U	U	U	U
chr22	21242600	21242800	U	U	U	U
chr22	21244800	21245000	U	U	U	U
chr22	21247800	21248000	U	U	U	U
chr22	21255200	21255400	U	U	U	U
chr22	21255400	21255600	U	U	U	U
chr22	21256600	21256800	U	U	U	U
chr22	21261000	21261200	U	U	U	U
chr22	21261400	21261600	U	U	U	U
chr22	21265800	21266000	U	U	U	U
chr22	21268200	21268400	U	U	U	U
chr22	21269200	21269400	U	U	U	U
chr22	21269600	21269800	U	U	U	U
chr22	21270200	21270400	U	U	U	U
chr22	21272000	21272200	U	U	U	U
chr22	21273200	21273400	U	U	U	U
chr22	21273400	21273600	U	U	U	U
chr22	21274800	21275000	U	U	U	U
chr22	21282400	21282600	U	U	U	U
chr22	21283200	21283400	U	U	U	U
chr22	21283600	21283800	U	U	U	U
chr22	21283800	21284000	U	U	U	U
chr22	21284000	21284200	U	U	U	U
chr22	21287000	21287200	U	U	U	U
chr22	21287400	21287600	U	U	U	U
chr22	21287800	21288000	U	U	U	U
chr22	21290200	21290400	U	U	U	U
chr22	21291600	21291800	U	U	U	U
chr22	21293200	21293400	U	U	U	U
chr22	21294800	21295000	U	U	U	U
chr22	21295400	21295600	U	U	U	U
chr22	21301600	21301800	U	U	U	U
chr22	21305200	21305400	U	U	U	U
chr22	21307200	21307400	U	U	U	U
chr22	21312600	21312800	U	U	U	U
chr22	21316800	21317000	U	U	U	U
chr22	21320600	21320800	U	U	U	U
chr22	21321000	21321200	U	U	U	U
chr22	21323000	21323200	U	U	U	U
chr22	21341400	21341600	U	U	U	U
chr22	21342400	21342600	U	U	U	U
chr22	21353400	21353600	U	U	U	U
chr22	21355800	21356000	U	U	U	U
chr22	21356000	21356200	U	U	U	U
chr22	21356800	21357000	B	U	U	U
chr22	21357400	21357600	B	U	U	U
chr22	21357600	21357800	B	U	U	U
chr22	21359400	21359600	U	U	U	U
chr22	21359800	21360000	U	U	U	U
chr22	21368200	21368400	U	U	U	U
chr22	21369600	21369800	U	U	U	U
chr22	21370600	21370800	U	U	U	U
chr22	21373600	21373800	U	U	U	U
chr22	21383000	21383200	U	U	U	U
chr22	21385000	21385200	B	U	U	U
chr22	21385200	21385400	B	U	U	U
chr22	21385400	21385600	U	U	U	U
chr22	21386400	21386600	U	U	U	U
chr22	21388400	21388600	U	U	U	U
chr22	21400200	21400400	B	U	U	U
chr22	21416600	21416800	B	U	U	U
chr22	21417000	21417200	B	U	U	U
chr22	21418000	21418200	B	U	U	U
chr22	21419600	21419800	U	U	U	U
chr22	21422600	21422800	U	U	U	U
chr22	21422800	21423000	U	U	U	U
chr22	21431000	21431200	U	U	U	U
chr22	21432800	21433000	U	U	U	U
chr22	21436400	21436600	B	U	U	U
chr22	21440400	21440600	U	U	U	U
chr22	21441600	21441800	U	U	U	U
chr22	21441800	21442000	U	U	U	U
chr22	21442800	21443000	U	U	U	U
chr22	21447200	21447400	U	U	U	U
chr22	21449000	21449200	U	U	U	U
chr22	21450000	21450200	U	U	B	U
chr22	21451200	21451400	U	U	U	U
chr22	21457200	21457400	B	U	U	U
chr22	21460400	21460600	U	U	U	U
chr22	21467400	21467600	B	U	U	U
chr22	21467600	21467800	B	U	U	U
chr22	21469000	21469200	B	U	U	U
chr22	21469800	21470000	U	U	U	U
chr22	21475400	21475600	U	U	U	U
chr22	21475600	21475800	U	U	U	U
chr22	21476000	21476200	U	U	U	U
chr22	21477800	21478000	U	U	U	U
chr22	21481800	21482000	U	U	U	U
chr22	21482000	21482200	U	U	U	U
chr22	21483600	21483800	U	U	U	U
chr22	21484000	21484200	U	U	U	U
chr22	21487600	21487800	U	U	U	U
chr22	21488000	21488200	U	U	U	U
chr22	21489200	21489400	U	U	U	U
chr22	21492600	21492800	U	U	U	U
chr22	21493000	21493200	U	U	U	U
chr22	21493200	21493400	U	U	U	U
chr22	21494000	21494200	U	U	U	U
chr22	21494600	21494800	U	U	U	U
chr22	21495600	21495800	U	U	U	U
chr22	21496600	21496800	U	U	U	U
chr22	21499200	21499400	B	U	U	U
chr22	21499800	21500000	U	U	U	U
chr22	21502600	21502800	U	U	U	U
chr22	21512000	21512200	B	U	U	U
chr22	21512600	21512800	U	U	U	U
chr22	21513400	21513600	U	U	U	U
chr22	21515400	21515600	U	U	U	U
chr22	21516200	21516400	B	U	U	U
chr22	21517800	21518000	B	U	U	U
chr22	21532600	21532800	U	U	U	U
chr22	21534600	21534800	B	U	U	U
chr22	21545200	21545400	B	U	U	U
chr22	21546400	21546600	U	U	U	U
chr22	21547200	21547400	U	U	U	U
chr22	21549400	21549600	U	U	U	U
chr22	21550000	21550200	B	U	U	U
chr22	21550400	21550600	B	U	U	U
chr22	21570800	21571000	U	U	U	U
chr22	21571000	21571200	U	U	U	B
chr22	21571800	21572000	U	U	U	U
chr22	21573400	21573600	U	U	U	U
chr22	21578600	21578800	U	U	U	U
chr22	21592600	21592800	U	U	U	U
chr22	21593200	21593400	U	U	U	U
chr22	21599600	21599800	U	U	U	U
chr22	21602200	21602400	B	U	U	U
chr22	21604600	21604800	U	U	U	U
chr22	21610800	21611000	U	U	U	U
chr22	21613400	21613600	U	U	U	U
chr22	21617600	21617800	U	U	U	U
chr22	21621400	21621600	U	U	U	U
chr22	21626600	21626800	U	U	U	B
chr22	21634400	21634600	U	U	U	U
chr22	21635000	21635200	U	U	U	U
chr22	21641200	21641400	B	U	U	U
chr22	21642400	21642600	B	U	U	B
chr22	21643600	21643800	U	U	U	U
chr22	21670800	21671000	U	U	U	U
chr22	21672400	21672600	U	U	U	U
chr22	21675800	21676000	U	U	U	U
chr22	21682000	21682200	U	U	U	U
chr22	21682200	21682400	U	U	U	U
chr22	21684800	21685000	U	U	U	U
chr22	21685200	21685400	U	U	U	U
chr22	21685400	21685600	U	U	U	U
chr22	21686600	21686800	B	U	U	U
chr22	21688200	21688400	U	U	U	U
chr22	21688600	21688800	U	U	U	U
chr22	21694400	21694600	U	U	U	U
chr22	21694800	21695000	U	U	U	U
chr22	21695600	21695800	U	U	U	U
chr22	21697400	21697600	U	U	U	U
chr22	21697600	21697800	U	U	U	U
chr22	21697800	21698000	U	U	U	U
chr22	21699400	21699600	B	U	U	U
chr22	21701200	21701400	B	U	U	B
chr22	21702800	21703000	U	U	U	U
chr22	21704000	21704200	U	U	U	U
chr22	21709000	21709200	U	U	U	U
chr22	21710600	21710800	U	U	U	U
chr22	21710800	21711000	U	U	U	U
chr22	21728200	21728400	U	U	U	U
chr22	21731600	21731800	U	U	U	U
chr22	21731800	21732000	U	U	U	U
chr22	21739000	21739200	U	U	U	U
chr22	21752600	21752800	U	U	U	U
chr22	21758800	21759000	U	U	U	U
chr22	21759000	21759200	U	U	U	U
chr22	21760400	21760600	U	U	U	U
chr22	21760600	21760800	U	U	U	U
chr22	21761200	21761400	U	U	U	U
chr22	21761400	21761600	U	U	U	U
chr22	21768800	21769000	U	U	U	U
chr22	21769200	21769400	U	U	U	U
chr22	21773800	21774000	U	U	U	U
chr22	21786000	21786200	U	U	U	U
chr22	21786400	21786600	U	U	U	U
chr22	21788200	21788400	U	U	U	U
chr22	21788400	21788600	U	U	U	U
chr22	21799400	21799600	U	U	U	U
chr22	21800200	21800400	U	U	U	U
chr22	21806000	21806200	U	U	U	U
chr22	21818800	21819000	B	U	U	U
chr22	21819000	21819200	B	U	U	U
chr22	21828200	21828400	U	U	U	U
chr22	21855000	21855200	U	U	U	U
chr22	21855400	21855600	U	U	U	U
chr22	21860000	21860200	U	U	U	U
chr22	21866800	21867000	U	U	U	U
chr22	21918400	21918600	U	U	U	U
chr22	21919200	21919400	U	U	U	U
chr22	21920200	21920400	U	U	U	U
chr22	21920400	21920600	U	U	U	U
chr22	21920600	21920800	U	U	U	U
chr22	21921600	21921800	U	U	U	U
chr22	21925600	21925800	U	U	U	U
chr22	21926800	21927000	B	U	U	U
chr22	21927600	21927800	B	U	U	U
chr22	21937400	21937600	U	U	U	U
chr22	21941400	21941600	U	U	U	U
chr22	21944000	21944200	U	U	U	U
chr22	21944200	21944400	U	U	U	U
chr22	21944400	21944600	U	U	U	U
chr22	21950200	21950400	U	U	U	U
chr22	21950400	21950600	U	U	U	U
chr22	21952200	21952400	B	U	U	U
chr22	21952400	21952600	B	U	U	U
chr22	21961200	21961400	B	U	U	U
chr22	21962800	21963000	U	U	U	U
chr22	21967400	21967600	U	U	U	U
chr22	21967800	21968000	U	U	U	U
chr22	21971200	21971400	U	U	U	U
chr22	21971800	21972000	U	U	U	U
chr22	21972000	21972200	U	U	U	U
chr22	21975400	21975600	U	U	U	U
chr22	21976000	21976200	U	U	U	U
chr22	21976600	21976800	U	U	U	U
chr22	21980400	21980600	U	U	U	U
chr22	21980800	21981000	U	U	U	U
chr22	21988400	21988600	U	U	U	U
chr22	21989200	21989400	U	U	U	U
chr22	21991400	21991600	U	U	U	U
chr22	21994400	21994600	U	U	U	U
chr22	21995000	21995200	U	U	U	U
chr22	21999800	22000000	U	U	U	U
chr22	22006600	22006800	U	U	U	U
chr22	22019400	22019600	U	U	U	U
chr22	22020000	22020200	U	U	U	U
chr22	22020600	22020800	U	U	U	U
chr22	22022000	22022200	U	U	U	U
chr22	22022400	22022600	B	U	U	U
chr22	22024000	22024200	U	U	U	U
chr22	22025000	22025200	U	U	U	U
chr22	22026200	22026400	U	U	U	U
chr22	22029200	22029400	U	U	U	U
chr22	22031800	22032000	U	U	U	U
chr22	22032400	22032600	U	U	U	U
chr22	22033000	22033200	U	U	U	U
chr22	22033800	22034000	U	U	U	U
chr22	22034800	22035000	U	U	U	U
chr22	22035200	22035400	U	U	U	U
chr22	22041800	22042000	U	U	U	U
chr22	22043400	22043600	B	U	U	U
chr22	22043600	22043800	B	U	U	U
chr22	22046600	22046800	U	U	U	U
chr22	22049200	22049400	B	U	U	U
chr22	22057800	22058000	U	U	U	U
chr22	22058400	22058600	U	U	U	U
chr22	22058800	22059000	U	U	U	U
chr22	22059000	22059200	U	U	U	U
chr22	22061400	22061600	B	U	U	U
chr22	22062000	22062200	U	U	U	U
chr22	22063200	22063400	U	U	U	B
chr22	22068400	22068600	U	U	U	U
chr22	22069000	22069200	U	U	U	U
chr22	22069600	22069800	B	U	U	U
chr22	22071600	22071800	U	U	U	U
chr22	22072400	22072600	U	U	U	U
chr22	22073600	22073800	U	U	U	U
chr22	22075400	22075600	B	U	U	U
chr22	22075600	22075800	B	U	U	U
chr22	22083800	22084000	U	U	U	U
chr22	22084800	22085000	U	U	U	U
chr22	22085800	22086000	B	U	U	B
chr22	22088600	22088800	U	U	U	U
chr22	22089200	22089400	U	U	U	U
chr22	22097800	22098000	U	U	U	U
chr22	22098000	22098200	U	U	U	U
chr22	22101200	22101400	U	U	U	U
chr22	22102400	22102600	U	U	U	U
chr22	22103400	22103600	B	U	U	U
chr22	22104400	22104600	U	U	U	U
chr22	22104600	22104800	U	U	U	U
chr22	22112200	22112400	U	U	U	U
chr22	22116600	22116800	U	U	U	U
chr22	22116800	22117000	U	U	U	U
chr22	22117000	22117200	U	U	U	U
chr22	22126200	22126400	U	U	U	U
chr22	22130800	22131000	U	U	U	U
chr22	22144800	22145000	U	U	U	U
chr22	22146000	22146200	U	U	U	U
chr22	22154400	22154600	U	U	U	U
chr22	22154600	22154800	U	U	U	U
chr22	22156800	22157000	B	U	B	B
chr22	22157400	22157600	B	U	U	U
chr22	22163400	22163600	U	U	U	U
chr22	22163800	22164000	U	U	U	U
chr22	22164000	22164200	U	U	U	U
chr22	22164200	22164400	U	U	U	U
chr22	22165200	22165400	B	U	U	U
chr22	22165400	22165600	B	U	U	U
chr22	22166200	22166400	U	U	U	U
chr22	22166600	22166800	U	U	U	U
chr22	22167000	22167200	U	U	U	U
chr22	22169800	22170000	U	U	U	B
chr22	22170200	22170400	U	U	U	U
chr22	22170400	22170600	U	U	U	U
chr22	22177000	22177200	U	U	U	U
chr22	22177400	22177600	U	U	U	U
chr22	22182600	22182800	B	U	U	U
chr22	22198400	22198600	U	U	U	U
chr22	22198600	22198800	U	U	U	U
chr22	22200600	22200800	B	U	U	U
chr22	22200800	22201000	B	U	U	U
chr22	22203200	22203400	U	U	U	U
chr22	22204800	22205000	U	U	U	U
chr22	22206400	22206600	B	U	U	U
chr22	22207800	22208000	B	U	U	B
chr22	22211600	22211800	U	U	U	U
chr22	22212800	22213000	U	U	U	U
chr22	22215400	22215600	U	U	U	U
chr22	22216800	22217000	U	U	U	U
chr22	22221800	22222000	U	U	U	U
chr22	22223400	22223600	U	U	U	U
chr22	22224000	22224200	U	U	U	U
chr22	22224200	22224400	U	U	U	U
chr22	22228600	22228800	U	U	U	U
chr22	22234000	22234200	U	U	U	U
chr22	22244600	22244800	U	U	U	U
chr22	22245000	22245200	U	U	U	U
chr22	22249400	22249600	U	U	U	U
chr22	22253200	22253400	U	U	U	U
chr22	22255200	22255400	U	U	U	U
chr22	22255400	22255600	U	U	U	U
chr22	22266200	22266400	U	U	U	U
chr22	22267400	22267600	U	U	U	U
chr22	22271000	22271200	U	U	U	U
chr22	22272400	22272600	U	U	U	U
chr22	22273400	22273600	U	U	U	U
chr22	22288600	22288800	U	U	U	U
chr22	22295000	22295200	U	U	U	U
chr22	22302400	22302600	U	U	U	U
chr22	22303000	22303200	U	U	U	U
chr22	22307600	22307800	U	U	U	U
chr22	22319000	22319200	U	U	U	U
chr22	22320400	22320600	U	U	U	U
chr22	22322400	22322600	B	U	U	U
chr22	22329800	22330000	U	U	U	U
chr22	22330400	22330600	U	U	U	U
chr22	22331000	22331200	U	U	U	U
chr22	22339800	22340000	U	U	U	U
chr22	22340000	22340200	U	U	U	U
chr22	22340200	22340400	U	U	U	U
chr22	22343800	22344000	B	U	U	U
chr22	22344600	22344800	U	U	U	U
chr22	22345800	22346000	U	U	U	U
chr22	22346400	22346600	U	U	U	U
chr22	22347200	22347400	U	U	U	U
chr22	22349000	22349200	U	U	U	U
chr22	22349200	22349400	U	U	U	U
chr22	22350800	22351000	U	U	U	U
chr22	22351600	22351800	U	U	U	U
chr22	22353200	22353400	U	U	U	U
chr22	22353400	22353600	U	U	U	U
chr22	22355000	22355200	U	U	U	U
chr22	22355200	22355400	U	U	U	U
chr22	22357800	22358000	B	U	U	U
chr22	22363600	22363800	U	U	U	U
chr22	22364000	22364200	U	U	U	U
chr22	22367200	22367400	U	U	U	U
chr22	22367800	22368000	U	U	U	U
chr22	22369800	22370000	U	U	U	U
chr22	22370200	22370400	U	U	U	U
chr22	22370400	22370600	U	U	U	U
chr22	22370600	22370800	U	U	U	U
chr22	22371200	22371400	B	U	U	U
chr22	22372000	22372200	U	U	U	U
chr22	22372600	22372800	U	U	U	U
chr22	22373200	22373400	U	U	U	U
chr22	22377200	22377400	U	U	U	U
chr22	22378800	22379000	U	U	U	U
chr22	22380000	22380200	B	U	U	U
chr22	22381600	22381800	B	U	U	U
chr22	22392000	22392200	U	U	U	U
chr22	22394200	22394400	U	U	U	U
chr22	22399000	22399200	U	U	U	U
chr22	22399400	22399600	U	U	U	U
chr22	22400000	22400200	U	U	U	U
chr22	22400200	22400400	U	U	U	U
chr22	22403000	22403200	U	U	U	U
chr22	22405400	22405600	U	U	U	U
chr22	22405800	22406000	U	U	U	U
chr22	22406800	22407000	U	U	U	U
chr22	22409000	22409200	B	U	U	U
chr22	22415400	22415600	U	U	U	U
chr22	22423000	22423200	B	U	U	U
chr22	22426200	22426400	U	U	U	U
chr22	22426800	22427000	U	U	U	U
chr22	22427000	22427200	U	U	U	U
chr22	22427400	22427600	U	U	U	U
chr22	22439600	22439800	U	U	U	U
chr22	22440000	22440200	U	U	U	U
chr22	22447000	22447200	U	U	U	U
chr22	22448000	22448200	U	U	U	U
chr22	22448800	22449000	U	U	U	U
chr22	22450800	22451000	B	U	U	U
chr22	22451000	22451200	U	U	U	U
chr22	22459600	22459800	U	U	U	U
chr22	22477600	22477800	U	U	U	U
chr22	22481200	22481400	U	U	U	U
chr22	22485600	22485800	U	U	U	U
chr22	22486000	22486200	U	U	U	U
chr22	22486600	22486800	U	U	U	U
chr22	22487800	22488000	U	U	U	U
chr22	22493400	22493600	U	U	U	U
chr22	22503400	22503600	U	U	U	U
chr22	22514600	22514800	U	U	U	U
chr22	22520200	22520400	B	U	U	U
chr22	22522200	22522400	U	U	U	U
chr22	22535200	22535400	U	U	U	U
chr22	22548400	22548600	B	U	U	U
chr22	22550200	22550400	U	U	U	U
chr22	22551000	22551200	U	U	U	U
chr22	22554800	22555000	U	U	U	U
chr22	22559000	22559200	B	U	U	U
chr22	22559600	22559800	U	U	U	U
chr22	22559800	22560000	U	U	U	U
chr22	22563800	22564000	U	U	U	U
chr22	22565000	22565200	U	U	U	U
chr22	22565200	22565400	U	U	U	U
chr22	22565400	22565600	U	U	U	U
chr22	22566400	22566600	U	U	U	U
chr22	22573000	22573200	U	U	U	U
chr22	22576000	22576200	U	U	U	U
chr22	22582400	22582600	U	U	U	U
chr22	22587600	22587800	U	U	U	U
chr22	22588400	22588600	U	U	U	U
chr22	22595200	22595400	B	U	U	U
chr22	22597800	22598000	U	U	U	U
chr22	22602600	22602800	U	U	U	U
chr22	22602800	22603000	U	U	U	U
chr22	22603400	22603600	U	U	U	U
chr22	22604600	22604800	B	U	U	U
chr22	22618200	22618400	U	U	U	U
chr22	22629600	22629800	B	U	U	U
chr22	22631800	22632000	U	U	U	U
chr22	22633000	22633200	U	U	U	U
chr22	22633200	22633400	U	U	U	U
chr22	22634600	22634800	U	U	U	U
chr22	22635000	22635200	U	U	U	U
chr22	22635200	22635400	U	U	U	U
chr22	22636000	22636200	U	U	U	U
chr22	22637000	22637200	U	U	U	U
chr22	22638800	22639000	U	U	U	U
chr22	22639200	22639400	U	U	U	U
chr22	22642600	22642800	U	U	U	U
chr22	22642800	22643000	U	U	U	U
chr22	22650600	22650800	U	U	U	U
chr22	22653200	22653400	U	U	U	U
chr22	22653400	22653600	U	U	U	U
chr22	22653800	22654000	U	U	U	U
chr22	22661800	22662000	U	U	U	U
chr22	22662400	22662600	U	U	U	U
chr22	22663600	22663800	U	U	U	U
chr22	22664200	22664400	U	U	U	U
chr22	22665400	22665600	U	U	U	U
chr22	22671000	22671200	U	U	U	U
chr22	22674000	22674200	U	U	U	U
chr22	22674200	22674400	U	U	U	U
chr22	22680400	22680600	U	U	U	U
chr22	22681400	22681600	U	U	U	U
chr22	22683400	22683600	U	U	U	U
chr22	22683600	22683800	U	U	U	U
chr22	22684000	22684200	U	U	U	U
chr22	22684400	22684600	U	U	U	U
chr22	22685600	22685800	B	U	U	U
chr22	22686000	22686200	U	U	U	U
chr22	22691000	22691200	U	U	U	U
chr22	22693800	22694000	U	U	U	U
chr22	22694200	22694400	U	U	U	U
chr22	22695400	22695600	U	U	U	U
chr22	22697200	22697400	U	U	U	U
chr22	22698000	22698200	U	U	U	U
chr22	22699800	22700000	U	U	U	U
chr22	22700800	22701000	U	U	U	U
chr22	22703000	22703200	B	U	U	U
chr22	22703200	22703400	B	U	U	U
chr22	22705000	22705200	U	U	U	U
chr22	22705800	22706000	U	U	U	U
chr22	22708200	22708400	U	U	U	U
chr22	22711400	22711600	U	U	U	U
chr22	22711600	22711800	U	U	U	U
chr22	22712400	22712600	U	U	U	U
chr22	22713400	22713600	U	U	U	U
chr22	22716400	22716600	U	U	U	U
chr22	22721600	22721800	U	U	U	U
chr22	22725400	22725600	U	U	U	U
chr22	22726600	22726800	U	U	U	U
chr22	22729400	22729600	U	U	U	U
chr22	22731000	22731200	U	U	U	U
chr22	22731800	22732000	U	U	U	U
chr22	22732600	22732800	U	U	U	U
chr22	22733600	22733800	U	U	U	U
chr22	22734800	22735000	U	U	U	U
chr22	22735000	22735200	U	U	U	U
chr22	22737200	22737400	U	U	U	U
chr22	22738600	22738800	U	U	U	U
chr22	22739000	22739200	U	U	U	U
chr22	22747000	22747200	U	U	U	U
chr22	22747600	22747800	U	U	U	U
chr22	22747800	22748000	U	U	U	U
chr22	22750400	22750600	U	U	U	U
chr22	22751000	22751200	U	U	U	U
chr22	22755000	22755200	U	U	U	U
chr22	22755600	22755800	U	U	U	U
chr22	22758800	22759000	U	U	U	U
chr22	22759400	22759600	U	U	U	U
chr22	22767400	22767600	U	U	U	U
chr22	22768800	22769000	U	U	U	U
chr22	22770000	22770200	B	U	U	U
chr22	22771600	22771800	U	U	U	U
chr22	22771800	22772000	U	U	U	U
chr22	22772400	22772600	B	U	U	U
chr22	22772800	22773000	B	U	U	U
chr22	22774000	22774200	U	U	U	U
chr22	22774600	22774800	U	U	U	U
chr22	22775000	22775200	U	U	U	U
chr22	22783600	22783800	U	U	U	U
chr22	22783800	22784000	U	U	U	U
chr22	22785600	22785800	B	U	U	U
chr22	22788200	22788400	B	U	U	U
chr22	22791400	22791600	U	U	U	U
chr22	22793000	22793200	U	U	U	U
chr22	22798400	22798600	U	U	U	U
chr22	22799400	22799600	U	U	U	U
chr22	22801800	22802000	U	U	U	U
chr22	22802400	22802600	B	U	U	U
chr22	22803000	22803200	B	U	U	U
chr22	22803200	22803400	B	U	U	U
chr22	22809600	22809800	U	U	U	U
chr22	22810000	22810200	B	U	U	U
chr22	22811800	22812000	U	U	U	U
chr22	22812200	22812400	U	U	U	U
chr22	22814800	22815000	U	U	U	U
chr22	22815000	22815200	U	U	U	U
chr22	22815600	22815800	U	U	U	U
chr22	22816000	22816200	U	U	U	U
chr22	22816200	22816400	U	U	U	U
chr22	22817800	22818000	U	U	U	U
chr22	22818600	22818800	U	U	U	U
chr22	22822400	22822600	U	U	U	U
chr22	22822800	22823000	U	U	U	U
chr22	22825800	22826000	U	U	U	U
chr22	22826000	22826200	U	U	U	U
chr22	22834000	22834200	U	U	U	U
chr22	22838600	22838800	B	U	U	U
chr22	22841600	22841800	U	U	U	U
chr22	22850400	22850600	U	U	U	U
chr22	22854600	22854800	U	U	U	U
chr22	22855800	22856000	B	U	U	U
chr22	22857000	22857200	U	U	U	U
chr22	22857400	22857600	U	U	U	U
chr22	22857600	22857800	U	U	U	U
chr22	22867800	22868000	U	U	U	U
chr22	22868400	22868600	U	U	U	U
chr22	22869800	22870000	U	U	U	U
chr22	22872800	22873000	U	U	U	U
chr22	22873000	22873200	U	U	U	U
chr22	22878000	22878200	U	U	U	U
chr22	22880400	22880600	U	U	U	U
chr22	22881200	22881400	U	U	U	U
chr22	22882000	22882200	U	U	U	U
chr22	22882200	22882400	B	U	U	U
chr22	22882400	22882600	B	U	U	U
chr22	22884600	22884800	U	U	U	U
chr22	22887600	22887800	U	U	U	U
chr22	22888800	22889000	U	U	U	U
chr22	22889000	22889200	U	U	U	U
chr22	22895200	22895400	B	U	U	U
chr22	22895400	22895600	B	U	U	U
chr22	22896800	22897000	U	U	U	U
chr22	22899000	22899200	U	U	U	U
chr22	22900200	22900400	B	U	U	U
chr22	22900400	22900600	B	U	U	U
chr22	22902800	22903000	U	U	U	U
chr22	22904800	22905000	U	U	U	U
chr22	22908400	22908600	U	U	U	U
chr22	22910200	22910400	U	U	U	U
chr22	22911200	22911400	U	U	U	U
chr22	22911400	22911600	U	U	U	U
chr22	22911800	22912000	U	U	U	U
chr22	22913800	22914000	U	U	U	U
chr22	22914400	22914600	U	U	U	U
chr22	22914600	22914800	U	U	U	U
chr22	22914800	22915000	U	U	U	U
chr22	22915200	22915400	U	U	U	U
chr22	22916600	22916800	U	U	U	U
chr22	22917200	22917400	U	U	U	U
chr22	22918800	22919000	U	U	U	U
chr22	22919000	22919200	U	U	U	U
chr22	22920600	22920800	U	U	U	U
chr22	22921600	22921800	U	U	U	U
chr22	22921800	22922000	U	U	U	U
chr22	22924000	22924200	U	U	U	U
chr22	22926400	22926600	U	U	U	U
chr22	22926800	22927000	U	U	U	U
chr22	22929000	22929200	B	U	U	B
chr22	22930600	22930800	U	U	U	U
chr22	22933600	22933800	U	U	U	U
chr22	22935600	22935800	B	U	U	U
chr22	22935800	22936000	B	U	U	U
chr22	22936600	22936800	U	U	U	U
chr22	22937800	22938000	U	U	U	U
chr22	22939400	22939600	U	U	U	U
chr22	22941200	22941400	U	U	U	U
chr22	22949200	22949400	U	U	U	U
chr22	22958800	22959000	U	U	U	U
chr22	22959000	22959200	B	U	U	U
chr22	22973400	22973600	B	U	U	U
chr22	22973800	22974000	B	U	U	U
chr22	22983400	22983600	U	U	U	U
chr22	22983800	22984000	U	U	U	U
chr22	22984000	22984200	U	U	U	U
chr22	22993800	22994000	U	U	U	U
chr22	23007800	23008000	U	U	U	U
chr22	23010600	23010800	U	U	U	U
chr22	23014600	23014800	U	U	U	U
chr22	23058200	23058400	U	U	U	U
chr22	23058400	23058600	U	U	U	U
chr22	23065200	23065400	U	U	U	U
chr22	23067000	23067200	U	U	U	U
chr22	23067800	23068000	U	U	U	U
chr22	23072000	23072200	U	U	U	U
chr22	23073200	23073400	U	U	U	U
chr22	23076400	23076600	U	U	U	U
chr22	23077600	23077800	U	U	U	U
chr22	23078400	23078600	U	U	U	U
chr22	23082800	23083000	U	U	U	U
chr22	23083000	23083200	U	U	U	U
chr22	23085600	23085800	U	U	U	U
chr22	23088600	23088800	B	U	U	U
chr22	23089400	23089600	U	U	U	U
chr22	23089800	23090000	B	U	U	U
chr22	23095400	23095600	U	U	U	U
chr22	23095600	23095800	U	U	U	U
chr22	23097400	23097600	U	U	U	U
chr22	23097800	23098000	U	U	U	U
chr22	23098600	23098800	U	U	U	U
chr22	23099000	23099200	U	U	U	U
chr22	23099600	23099800	U	U	U	U
chr22	23099800	23100000	U	U	U	U
chr22	23100200	23100400	U	U	U	U
chr22	23100400	23100600	U	U	U	U
chr22	23102400	23102600	U	U	U	U
chr22	23103800	23104000	B	U	U	U
chr22	23104600	23104800	U	U	U	U
chr22	23106800	23107000	U	U	U	U
chr22	23107400	23107600	U	U	U	U
chr22	23107800	23108000	U	U	U	U
chr22	23109400	23109600	U	U	U	U
chr22	23110600	23110800	U	U	U	U
chr22	23110800	23111000	U	U	U	U
chr22	23111800	23112000	U	U	U	U
chr22	23112400	23112600	U	U	U	U
chr22	23114800	23115000	U	U	U	U
chr22	23117000	23117200	U	U	U	U
chr22	23117200	23117400	U	U	U	U
chr22	23121000	23121200	U	U	U	U
chr22	23123000	23123200	U	U	U	U
chr22	23124400	23124600	U	U	U	U
chr22	23124600	23124800	B	U	U	U
chr22	23125000	23125200	U	U	U	U
chr22	23129200	23129400	U	U	U	U
chr22	23134000	23134200	U	U	U	U
chr22	23141800	23142000	B	U	U	U
chr22	23144800	23145000	B	U	U	U
chr22	23146600	23146800	U	U	U	U
chr22	23149200	23149400	U	U	U	U
chr22	23152400	23152600	U	U	U	U
chr22	23153200	23153400	U	U	U	U
chr22	23157800	23158000	U	U	U	U
chr22	23159200	23159400	U	U	U	U
chr22	23161200	23161400	B	U	U	U
chr22	23161400	23161600	B	U	U	U
chr22	23162400	23162600	U	U	U	U
chr22	23164600	23164800	U	U	U	U
chr22	23167200	23167400	B	U	U	U
chr22	23179800	23180000	B	U	U	U
chr22	23181800	23182000	U	U	U	U
chr22	23182200	23182400	U	U	U	U
chr22	23191600	23191800	U	U	U	U
chr22	23192600	23192800	B	U	U	U
chr22	23193000	23193200	B	U	U	U
chr22	23194000	23194200	U	U	U	U
chr22	23197800	23198000	B	U	U	U
chr22	23198000	23198200	B	U	U	U
chr22	23199400	23199600	U	U	U	U
chr22	23205000	23205200	U	U	U	U
chr22	23216000	23216200	U	U	U	U
chr22	23218400	23218600	B	U	U	U
chr22	23220000	23220200	B	U	U	U
chr22	23224200	23224400	B	U	U	U
chr22	23225400	23225600	U	U	U	U
chr22	23225600	23225800	U	U	U	U
chr22	23230600	23230800	U	U	U	U
chr22	23231800	23232000	U	U	U	U
chr22	23233000	23233200	U	U	U	U
chr22	23234400	23234600	B	U	U	U
chr22	23236200	23236400	U	U	U	U
chr22	23236600	23236800	U	U	U	U
chr22	23237000	23237200	U	U	U	U
chr22	23238200	23238400	U	U	U	U
chr22	23239000	23239200	U	U	U	U
chr22	23241400	23241600	B	U	U	U
chr22	23245400	23245600	U	U	U	U
chr22	23251000	23251200	B	U	U	U
chr22	23251800	23252000	B	U	U	U
chr22	23254600	23254800	U	U	U	U
chr22	23256800	23257000	U	U	U	U
chr22	23257200	23257400	U	U	U	U
chr22	23258000	23258200	U	U	U	U
chr22	23262200	23262400	U	U	U	U
chr22	23262800	23263000	U	U	U	U
chr22	23263600	23263800	U	U	U	U
chr22	23263800	23264000	U	U	U	U
chr22	23264200	23264400	U	U	U	U
chr22	23264600	23264800	U	U	U	U
chr22	23267600	23267800	U	U	U	U
chr22	23267800	23268000	U	U	U	U
chr22	23268200	23268400	U	U	U	U
chr22	23269000	23269200	U	U	U	U
chr22	23270000	23270200	B	U	U	U
chr22	23270600	23270800	B	U	U	U
chr22	23271400	23271600	U	U	U	U
chr22	23271600	23271800	U	U	U	U
chr22	23273400	23273600	U	U	U	U
chr22	23276600	23276800	U	U	U	U
chr22	23276800	23277000	U	U	U	U
chr22	23277000	23277200	U	U	U	U
chr22	23279400	23279600	U	U	U	U
chr22	23281600	23281800	B	U	U	B
chr22	23283200	23283400	U	U	U	U
chr22	23283600	23283800	U	U	U	U
chr22	23286000	23286200	U	U	U	U
chr22	23287400	23287600	U	U	U	U
chr22	23289400	23289600	B	U	U	U
chr22	23289800	23290000	B	U	U	U
chr22	23290200	23290400	B	U	U	U
chr22	23292600	23292800	U	U	U	U
chr22	23294800	23295000	U	U	U	U
chr22	23295000	23295200	U	U	U	U
chr22	23295200	23295400	U	U	U	U
chr22	23295600	23295800	U	U	U	U
chr22	23296400	23296600	U	U	U	U
chr22	23301400	23301600	U	U	U	U
chr22	23301800	23302000	U	U	U	U
chr22	23305200	23305400	U	U	U	U
chr22	23305400	23305600	U	U	U	U
chr22	23307800	23308000	U	U	U	U
chr22	23309600	23309800	U	U	U	U
chr22	23310400	23310600	U	U	U	U
chr22	23311400	23311600	U	U	U	U
chr22	23312400	23312600	U	U	U	U
chr22	23313200	23313400	U	U	U	U
chr22	23316600	23316800	U	U	U	U
chr22	23317000	23317200	U	U	U	U
chr22	23318600	23318800	U	U	U	U
chr22	23324000	23324200	U	U	U	U
chr22	23326400	23326600	U	U	U	U
chr22	23326800	23327000	U	U	U	U
chr22	23338000	23338200	U	U	U	U
chr22	23338400	23338600	U	U	U	U
chr22	23351200	23351400	U	U	U	U
chr22	23354200	23354400	U	U	U	U
chr22	23359400	23359600	U	U	U	U
chr22	23364200	23364400	U	U	U	U
chr22	23368000	23368200	U	U	U	U
chr22	23375200	23375400	U	U	U	U
chr22	23378600	23378800	U	U	U	U
chr22	23382000	23382200	U	U	U	U
chr22	23383600	23383800	U	U	U	U
chr22	23384000	23384200	U	U	U	U
chr22	23385200	23385400	U	U	U	U
chr22	23385400	23385600	B	U	U	U
chr22	23387000	23387200	U	U	U	U
chr22	23391800	23392000	U	U	U	U
chr22	23393600	23393800	U	U	U	U
chr22	23394200	23394400	U	U	U	U
chr22	23395200	23395400	U	U	U	U
chr22	23396200	23396400	U	U	U	U
chr22	23402000	23402200	B	U	U	U
chr22	23404800	23405000	U	U	B	U
chr22	23405200	23405400	U	U	U	U
chr22	23416600	23416800	U	U	U	U
chr22	23433800	23434000	B	U	U	U
chr22	23437000	23437200	U	U	U	U
chr22	23449600	23449800	U	U	U	U
chr22	23451600	23451800	U	U	U	U
chr22	23452400	23452600	U	U	U	U
chr22	23457200	23457400	U	U	U	U
chr22	23458200	23458400	U	U	U	U
chr22	23460800	23461000	B	U	U	U
chr22	23470400	23470600	U	U	U	U
chr22	23472000	23472200	U	U	U	U
chr22	23473400	23473600	U	U	U	U
chr22	23478000	23478200	U	U	U	U
chr22	23483000	23483200	U	U	U	U
chr22	23483400	23483600	U	U	U	U
chr22	23484400	23484600	U	U	U	U
chr22	23496000	23496200	U	U	U	U
chr22	23496600	23496800	U	U	U	U
chr22	23500200	23500400	U	U	U	U
chr22	23504200	23504400	U	U	U	U
chr22	23507000	23507200	U	U	U	U
chr22	23511600	23511800	U	U	U	U
chr22	23526400	23526600	U	U	U	U
chr22	23527200	23527400	U	U	U	U
chr22	23532800	23533000	U	U	U	U
chr22	23534200	23534400	B	U	U	B
chr22	23534600	23534800	U	U	U	U
chr22	23535000	23535200	U	U	U	U
chr22	23553200	23553400	U	U	U	U
chr22	23553400	23553600	U	U	U	U
chr22	23553600	23553800	U	U	U	U
chr22	23554400	23554600	U	U	U	U
chr22	23557000	23557200	U	U	U	U
chr22	23557200	23557400	U	U	U	U
chr22	23562200	23562400	U	U	U	U
chr22	23562400	23562600	U	U	U	U
chr22	23580200	23580400	U	U	U	U
chr22	23580400	23580600	U	U	U	U
chr22	23584200	23584400	U	U	U	U
chr22	23594800	23595000	U	U	U	U
chr22	23595200	23595400	U	U	U	U
chr22	23595400	23595600	U	U	U	U
chr22	23595600	23595800	U	U	U	U
chr22	23597600	23597800	U	U	U	U
chr22	23600000	23600200	U	U	U	U
chr22	23604000	23604200	U	U	U	U
chr22	23607800	23608000	U	U	U	U
chr22	23608000	23608200	U	U	U	U
chr22	23612600	23612800	U	U	U	U
chr22	23613000	23613200	U	U	U	U
chr22	23613200	23613400	U	U	U	U
chr22	23613800	23614000	U	U	U	U
chr22	23614400	23614600	U	U	U	U
chr22	23614600	23614800	U	U	U	U
chr22	23620200	23620400	U	U	U	U
chr22	23620400	23620600	U	U	U	U
chr22	23620800	23621000	U	U	U	U
chr22	23622200	23622400	U	U	U	U
chr22	23624200	23624400	U	U	U	U
chr22	23624800	23625000	U	U	U	U
chr22	23626400	23626600	U	U	U	U
chr22	23630000	23630200	U	U	U	U
chr22	23632000	23632200	U	U	U	U
chr22	23632200	23632400	U	U	U	U
chr22	23637200	23637400	U	U	U	U
chr22	23638800	23639000	U	U	U	U
chr22	23652800	23653000	U	U	U	U
chr22	23656400	23656600	U	U	U	U
chr22	23659600	23659800	U	U	U	U
chr22	23659800	23660000	U	U	U	U
chr22	23671400	23671600	U	U	U	U
chr22	23672800	23673000	U	U	U	U
chr22	23674400	23674600	U	U	U	U
chr22	23675400	23675600	U	U	U	U
chr22	23678000	23678200	U	U	U	U
chr22	23684000	23684200	U	U	U	U
chr22	23685400	23685600	B	U	U	U
chr22	23687600	23687800	U	U	U	U
chr22	23688200	23688400	U	U	U	U
chr22	23689200	23689400	U	U	U	U
chr22	23692600	23692800	U	U	B	U
chr22	23693000	23693200	U	U	B	U
chr22	23693800	23694000	U	U	U	U
chr22	23697400	23697600	U	U	U	U
chr22	23699000	23699200	U	U	U	U
chr22	23699600	23699800	U	U	U	U
chr22	23714200	23714400	U	U	U	U
chr22	23716000	23716200	U	U	U	U
chr22	23717000	23717200	B	U	B	U
chr22	23717200	23717400	B	U	B	U
chr22	23736200	23736400	U	U	U	U
chr22	23737000	23737200	U	U	U	U
chr22	23746000	23746200	U	U	U	U
chr22	23759600	23759800	U	U	U	U
chr22	23763200	23763400	U	U	U	U
chr22	23763400	23763600	U	U	U	U
chr22	23766200	23766400	U	U	U	U
chr22	23767800	23768000	B	U	U	U
chr22	23773200	23773400	B	U	U	U
chr22	23773600	23773800	U	U	U	U
chr22	23774800	23775000	U	U	U	U
chr22	23780800	23781000	U	U	U	U
chr22	23781400	23781600	U	U	U	U
chr22	23782400	23782600	U	U	U	U
chr22	23783600	23783800	U	U	U	U
chr22	23784200	23784400	U	U	U	U
chr22	23791600	23791800	U	U	U	U
chr22	23800400	23800600	U	U	U	U
chr22	23803200	23803400	U	U	U	U
chr22	23816000	23816200	U	U	U	U
chr22	23817600	23817800	U	U	U	U
chr22	23820800	23821000	U	U	U	U
chr22	23821200	23821400	U	U	U	U
chr22	23822200	23822400	U	U	U	U
chr22	23826600	23826800	U	U	U	U
chr22	23827600	23827800	U	U	U	U
chr22	23833400	23833600	U	U	U	U
chr22	23833600	23833800	U	U	U	U
chr22	23834800	23835000	U	U	U	U
chr22	23835600	23835800	U	U	U	U
chr22	23837200	23837400	U	U	U	U
chr22	23841600	23841800	U	U	U	U
chr22	23844600	23844800	U	U	U	U
chr22	23844800	23845000	U	U	U	U
chr22	23857400	23857600	B	U	U	U
chr22	23859800	23860000	U	U	U	U
chr22	23875000	23875200	U	U	U	U
chr22	23884200	23884400	U	U	U	U
chr22	23884600	23884800	U	U	U	U
chr22	23889400	23889600	U	U	U	U
chr22	23894400	23894600	B	U	U	U
chr22	23897200	23897400	U	U	U	U
chr22	23898200	23898400	U	U	U	U
chr22	23898600	23898800	U	U	U	U
chr22	23899600	23899800	U	U	U	U
chr22	23902800	23903000	U	U	U	U
chr22	23903200	23903400	U	U	U	U
chr22	23904800	23905000	U	U	U	U
chr22	23905200	23905400	U	U	U	U
chr22	23905400	23905600	U	U	U	U
chr22	23906400	23906600	U	U	U	U
chr22	23908800	23909000	U	U	U	U
chr22	23917200	23917400	U	U	U	U
chr22	23927800	23928000	U	U	U	U
chr22	23955000	23955200	U	U	U	U
chr22	23957600	23957800	U	U	U	U
chr22	23957800	23958000	U	U	U	U
chr22	23961200	23961400	U	U	U	U
chr22	23964200	23964400	U	U	U	U
chr22	23964400	23964600	U	U	U	U
chr22	23966800	23967000	B	U	U	U
chr22	23968000	23968200	U	U	U	U
chr22	23970600	23970800	U	U	U	U
chr22	23971800	23972000	U	U	U	U
chr22	23973200	23973400	U	U	U	U
chr22	23976000	23976200	U	U	U	U
chr22	23977000	23977200	U	U	U	U
chr22	23980200	23980400	U	U	U	U
chr22	23980800	23981000	U	U	U	U
chr22	23981800	23982000	U	U	U	U
chr22	23984000	23984200	U	U	U	U
chr22	23986200	23986400	U	U	U	U
chr22	23990000	23990200	U	U	U	U
chr22	23991400	23991600	U	U	U	U
chr22	24008000	24008200	U	U	U	U
chr22	24011400	24011600	B	U	B	U
chr22	24029600	24029800	U	U	U	U
chr22	24035800	24036000	U	U	U	U
chr22	24039000	24039200	U	U	U	U
chr22	24040400	24040600	U	U	U	U
chr22	24051000	24051200	U	U	U	U
chr22	24054400	24054600	U	U	U	U
chr22	24054600	24054800	U	U	U	U
chr22	24055400	24055600	U	U	U	U
chr22	24055800	24056000	U	U	U	U
chr22	24059200	24059400	U	U	U	U
chr22	24066400	24066600	U	U	U	U
chr22	24066600	24066800	U	U	U	U
chr22	24067000	24067200	U	U	U	U
chr22	24070800	24071000	U	U	U	U
chr22	24071400	24071600	U	U	U	U
chr22	24077400	24077600	U	U	U	U
chr22	24078400	24078600	U	U	U	U
chr22	24083400	24083600	U	U	U	U
chr22	24092800	24093000	U	U	U	U
chr22	24095000	24095200	U	U	U	U
chr22	24099200	24099400	U	U	U	U
chr22	24101000	24101200	U	U	U	U
chr22	24103800	24104000	U	U	U	U
chr22	24104200	24104400	U	U	U	U
chr22	24104800	24105000	U	U	U	U
chr22	24106000	24106200	U	U	U	U
chr22	24106200	24106400	U	U	U	U
chr22	24107600	24107800	U	U	U	U
chr22	24114200	24114400	U	U	U	U
chr22	24115600	24115800	U	U	U	U
chr22	24116000	24116200	U	U	U	U
chr22	24117800	24118000	U	U	U	U
chr22	24118000	24118200	U	U	U	U
chr22	24118400	24118600	U	U	U	U
chr22	24119000	24119200	U	U	U	U
chr22	24123000	24123200	U	U	U	U
chr22	24124200	24124400	U	U	U	U
chr22	24125400	24125600	U	U	U	U
chr22	24129000	24129200	U	U	U	U
chr22	24129200	24129400	U	U	U	U
chr22	24130000	24130200	U	U	U	U
chr22	24132200	24132400	U	U	U	U
chr22	24134200	24134400	U	U	U	U
chr22	24140400	24140600	U	U	U	U
chr22	24141600	24141800	U	U	U	U
chr22	24142000	24142200	U	U	U	U
chr22	24142200	24142400	U	U	U	U
chr22	24142600	24142800	U	U	U	U
chr22	24143200	24143400	U	U	U	U
chr22	24145000	24145200	U	U	U	U
chr22	24148400	24148600	U	U	U	U
chr22	24151400	24151600	U	U	U	U
chr22	24154600	24154800	U	U	U	U
chr22	24156600	24156800	B	U	U	U
chr22	24156800	24157000	B	U	U	U
chr22	24158200	24158400	U	U	U	U
chr22	24159600	24159800	U	U	U	U
chr22	24160400	24160600	U	U	U	U
chr22	24162800	24163000	U	U	U	U
chr22	24163000	24163200	U	U	U	U
chr22	24163400	24163600	U	U	U	U
chr22	24163600	24163800	U	U	U	U
chr22	24164600	24164800	U	U	U	U
chr22	24169200	24169400	U	U	U	U
chr22	24169600	24169800	U	U	U	U
chr22	24169800	24170000	U	U	U	U
chr22	24170200	24170400	U	U	U	U
chr22	24171600	24171800	U	U	U	U
chr22	24173000	24173200	U	U	U	U
chr22	24176200	24176400	U	U	U	U
chr22	24176400	24176600	U	U	U	U
chr22	24181000	24181200	B	U	U	U
chr22	24183200	24183400	U	U	U	U
chr22	24183600	24183800	U	U	U	U
chr22	24185200	24185400	U	U	U	U
chr22	24187600	24187800	U	U	U	U
chr22	24189000	24189200	U	U	U	U
chr22	24219800	24220000	U	U	U	U
chr22	24220000	24220200	U	U	U	U
chr22	24222400	24222600	U	U	U	U
chr22	24226400	24226600	U	U	U	U
chr22	24231000	24231200	B	U	U	U
chr22	24232000	24232200	U	U	U	U
chr22	24232600	24232800	U	U	U	U
chr22	24233600	24233800	U	U	U	U
chr22	24234200	24234400	U	U	U	U
chr22	24245400	24245600	U	U	U	U
chr22	24248600	24248800	U	U	U	U
chr22	24252400	24252600	U	U	U	U
chr22	24252600	24252800	U	U	U	U
chr22	24258000	24258200	U	U	U	U
chr22	24258200	24258400	U	U	U	U
chr22	24259800	24260000	U	U	U	U
chr22	24261400	24261600	U	U	U	U
chr22	24262600	24262800	U	U	U	U
chr22	24262800	24263000	U	U	U	U
chr22	24264000	24264200	U	U	U	U
chr22	24271800	24272000	U	U	U	U
chr22	24273000	24273200	U	U	U	U
chr22	24275200	24275400	U	U	U	U
chr22	24286000	24286200	U	U	U	U
chr22	24287400	24287600	U	U	U	U
chr22	24290000	24290200	B	U	U	U
chr22	24290400	24290600	B	U	U	U
chr22	24290600	24290800	B	U	U	U
chr22	24296400	24296600	U	U	U	U
chr22	24304000	24304200	U	U	U	U
chr22	24304400	24304600	U	U	U	U
chr22	24311200	24311400	U	U	U	U
chr22	24313000	24313200	U	U	U	U
chr22	24315000	24315200	U	U	U	U
chr22	24319600	24319800	U	U	U	U
chr22	24321400	24321600	U	U	U	U
chr22	24322600	24322800	U	U	U	U
chr22	24322800	24323000	U	U	U	U
chr22	24328400	24328600	U	U	U	U
chr22	24337600	24337800	U	U	U	U
chr22	24360400	24360600	U	U	U	U
chr22	24360800	24361000	U	U	U	U
chr22	24362000	24362200	U	U	U	U
chr22	24366600	24366800	U	U	U	U
chr22	24381400	24381600	U	U	U	U
chr22	24390600	24390800	U	U	U	U
chr22	24396000	24396200	U	U	U	U
chr22	24396600	24396800	U	U	U	U
chr22	24398600	24398800	U	U	U	U
chr22	24399000	24399200	U	U	U	U
chr22	24399800	24400000	U	U	U	U
chr22	24402600	24402800	U	U	U	U
chr22	24405000	24405200	U	U	U	U
chr22	24406600	24406800	B	U	U	U
chr22	24407200	24407400	B	U	U	U
chr22	24408600	24408800	U	U	U	U
chr22	24409200	24409400	U	U	U	U
chr22	24412000	24412200	U	U	U	U
chr22	24412400	24412600	U	U	U	U
chr22	24412800	24413000	U	U	U	U
chr22	24414200	24414400	U	U	U	U
chr22	24416000	24416200	U	U	U	U
chr22	24421200	24421400	U	U	U	U
chr22	24422000	24422200	U	U	U	U
chr22	24424800	24425000	U	U	U	U
chr22	24427400	24427600	U	U	U	U
chr22	24428000	24428200	U	U	U	U
chr22	24429400	24429600	U	U	U	U
chr22	24430200	24430400	U	U	U	U
chr22	24432200	24432400	U	U	U	U
chr22	24432600	24432800	U	U	U	U
chr22	24433600	24433800	U	U	U	U
chr22	24434400	24434600	U	U	U	U
chr22	24437000	24437200	U	U	U	U
chr22	24439400	24439600	U	U	U	U
chr22	24440800	24441000	U	U	U	U
chr22	24445400	24445600	B	U	U	U
chr22	24449000	24449200	U	U	U	U
chr22	24451000	24451200	U	U	U	U
chr22	24466600	24466800	U	U	U	U
chr22	24468000	24468200	U	U	U	U
chr22	24473000	24473200	U	U	U	U
chr22	24473400	24473600	U	U	U	U
chr22	24482200	24482400	B	U	U	U
chr22	24482600	24482800	B	U	U	B
chr22	24489000	24489200	U	U	U	U
chr22	24495600	24495800	U	U	U	U
chr22	24496800	24497000	U	U	U	U
chr22	24499200	24499400	U	U	U	U
chr22	24501000	24501200	U	U	U	U
chr22	24514600	24514800	U	U	U	U
chr22	24514800	24515000	U	U	U	U
chr22	24516200	24516400	U	U	U	U
chr22	24516400	24516600	U	U	U	U
chr22	24518400	24518600	U	U	U	U
chr22	24518800	24519000	U	U	U	U
chr22	24519400	24519600	U	U	U	U
chr22	24523600	24523800	U	U	U	U
chr22	24540400	24540600	U	U	U	U
chr22	24540600	24540800	U	U	U	U
chr22	24541000	24541200	U	U	U	U
chr22	24542200	24542400	U	U	U	U
chr22	24542400	24542600	U	U	U	U
chr22	24542600	24542800	U	U	U	U
chr22	24542800	24543000	U	U	U	U
chr22	24546800	24547000	U	U	U	U
chr22	24547000	24547200	U	U	U	U
chr22	24547200	24547400	U	U	U	U
chr22	24554400	24554600	B	U	U	U
chr22	24554800	24555000	B	U	U	U
chr22	24555200	24555400	B	U	U	U
chr22	24555400	24555600	B	U	U	U
chr22	24563800	24564000	U	U	U	U
chr22	24567000	24567200	U	U	U	U
chr22	24584600	24584800	U	U	U	U
chr22	24585200	24585400	U	U	U	U
chr22	24585400	24585600	U	U	U	U
chr22	24586200	24586400	U	U	U	U
chr22	24587200	24587400	U	U	U	U
chr22	24587400	24587600	U	U	U	U
chr22	24589200	24589400	U	U	U	U
chr22	24591400	24591600	U	U	U	U
chr22	24592400	24592600	B	U	U	U
chr22	24594000	24594200	U	U	U	U
chr22	24594600	24594800	U	U	U	U
chr22	24595200	24595400	U	U	U	U
chr22	24599800	24600000	U	U	U	U
chr22	24602600	24602800	U	U	U	U
chr22	24604200	24604400	B	U	U	U
chr22	24606600	24606800	B	U	U	U
chr22	24607000	24607200	B	U	U	U
chr22	24615000	24615200	U	U	U	U
chr22	24615200	24615400	U	U	U	U
chr22	24619800	24620000	U	U	U	U
chr22	24624200	24624400	U	U	U	U
chr22	24628200	24628400	U	U	U	U
chr22	24629200	24629400	U	U	U	U
chr22	24629400	24629600	U	U	U	U
chr22	24632200	24632400	U	U	U	U
chr22	24632600	24632800	U	U	U	U
chr22	24633200	24633400	U	U	U	U
chr22	24644600	24644800	U	U	U	U
chr22	24645800	24646000	U	U	U	U
chr22	24647200	24647400	U	U	U	U
chr22	24652200	24652400	U	U	U	U
chr22	24653000	24653200	U	U	U	U
chr22	24654200	24654400	U	U	U	U
chr22	24657600	24657800	U	U	U	U
chr22	24658400	24658600	U	U	U	U
chr22	24659000	24659200	U	U	U	U
chr22	24668200	24668400	U	U	U	U
chr22	24668400	24668600	U	U	U	U
chr22	24674000	24674200	U	U	U	U
chr22	24685800	24686000	U	U	U	U
chr22	24686200	24686400	U	U	U	U
chr22	24686400	24686600	U	U	U	U
chr22	24687000	24687200	U	U	U	U
chr22	24688000	24688200	U	U	U	U
chr22	24689400	24689600	U	U	U	U
chr22	24690200	24690400	U	U	U	U
chr22	24690600	24690800	U	U	U	U
chr22	24692200	24692400	U	U	U	U
chr22	24693000	24693200	U	U	U	U
chr22	24696600	24696800	U	U	U	U
chr22	24696800	24697000	U	U	U	U
chr22	24697000	24697200	U	U	U	U
chr22	24700400	24700600	U	U	U	U
chr22	24701600	24701800	U	U	U	U
chr22	24719000	24719200	U	U	U	U
chr22	24719400	24719600	U	U	U	U
chr22	24719600	24719800	U	U	U	U
chr22	24719800	24720000	U	U	U	U
chr22	24723000	24723200	U	U	U	U
chr22	24726800	24727000	U	U	U	U
chr22	24728200	24728400	U	U	U	U
chr22	24732200	24732400	U	U	U	U
chr22	24753600	24753800	U	U	U	U
chr22	24754200	24754400	U	U	U	U
chr22	24754400	24754600	U	U	U	U
chr22	24754600	24754800	U	U	U	U
chr22	24754800	24755000	U	U	U	U
chr22	24756000	24756200	U	U	U	U
chr22	24759200	24759400	U	U	U	U
chr22	24764800	24765000	U	U	U	U
chr22	24791600	24791800	U	U	U	U
chr22	24804000	24804200	U	U	U	U
chr22	24806000	24806200	B	U	U	U
chr22	24809200	24809400	U	U	U	U
chr22	24813400	24813600	U	U	U	U
chr22	24814800	24815000	U	U	U	U
chr22	24815000	24815200	U	U	U	U
chr22	24820200	24820400	U	U	U	U
chr22	24820400	24820600	U	U	U	U
chr22	24824200	24824400	U	U	U	U
chr22	24827200	24827400	U	U	U	U
chr22	24831600	24831800	U	U	U	U
chr22	24835000	24835200	U	U	U	U
chr22	24845400	24845600	U	U	U	U
chr22	24855000	24855200	U	U	U	U
chr22	24859600	24859800	U	U	U	U
chr22	24867000	24867200	U	U	U	U
chr22	24868600	24868800	U	U	U	U
chr22	24874400	24874600	U	U	U	U
chr22	24874800	24875000	U	U	U	U
chr22	24879400	24879600	U	U	U	U
chr22	24893400	24893600	U	U	U	U
chr22	24898000	24898200	U	U	U	U
chr22	24901200	24901400	U	U	U	U
chr22	24917600	24917800	U	U	U	U
chr22	24925800	24926000	U	U	U	U
chr22	24928400	24928600	U	U	U	U
chr22	24931400	24931600	U	U	U	U
chr22	24931800	24932000	U	U	U	U
chr22	24935400	24935600	U	U	U	U
chr22	24935800	24936000	U	U	U	U
chr22	24948400	24948600	U	U	U	U
chr22	24952800	24953000	B	U	U	U
chr22	24953000	24953200	U	U	U	U
chr22	24953400	24953600	U	U	U	U
chr22	24963400	24963600	U	U	U	U
chr22	24966200	24966400	U	U	U	U
chr22	24968200	24968400	U	U	U	U
chr22	24971800	24972000	U	U	U	U
chr22	24990600	24990800	U	U	U	U
chr22	24994600	24994800	U	U	U	U
chr22	25005400	25005600	U	U	U	U
chr22	25008800	25009000	U	U	U	U
chr22	25013600	25013800	U	U	U	U
chr22	25013800	25014000	U	U	U	U
chr22	25019600	25019800	U	U	U	U
chr22	25028200	25028400	B	U	U	U
chr22	25029200	25029400	U	U	U	U
chr22	25029800	25030000	U	U	U	U
chr22	25038800	25039000	U	U	U	U
chr22	25039600	25039800	U	U	U	U
chr22	25039800	25040000	U	U	U	U
chr22	25040000	25040200	U	U	U	U
chr22	25048600	25048800	B	U	B	U
chr22	25053600	25053800	U	U	U	U
chr22	25065400	25065600	U	U	U	U
chr22	25082200	25082400	U	U	U	U
chr22	25095800	25096000	U	U	U	U
chr22	25098800	25099000	U	U	U	U
chr22	25101000	25101200	B	U	U	U
chr22	25104600	25104800	U	U	U	U
chr22	25112600	25112800	U	U	U	U
chr22	25115000	25115200	U	U	U	U
chr22	25120200	25120400	U	U	U	U
chr22	25131400	25131600	U	U	U	U
chr22	25136800	25137000	U	U	U	U
chr22	25137200	25137400	U	U	U	U
chr22	25137400	25137600	U	U	U	U
chr22	25142200	25142400	U	U	U	U
chr22	25144200	25144400	U	U	U	U
chr22	25145000	25145200	U	U	U	U
chr22	25148600	25148800	U	U	U	U
chr22	25154600	25154800	U	U	U	U
chr22	25159800	25160000	U	U	U	U
chr22	25167000	25167200	U	U	U	U
chr22	25167600	25167800	U	U	U	U
chr22	25168800	25169000	U	U	U	U
chr22	25170800	25171000	U	U	U	U
chr22	25176000	25176200	U	U	U	U
chr22	25178200	25178400	U	U	U	U
chr22	25178600	25178800	U	U	U	U
chr22	25179000	25179200	U	U	U	U
chr22	25179200	25179400	U	U	U	U
chr22	25184600	25184800	U	U	U	U
chr22	25185200	25185400	U	U	U	U
chr22	25192600	25192800	U	U	U	U
chr22	25194600	25194800	U	U	U	U
chr22	25195000	25195200	U	U	U	U
chr22	25195600	25195800	U	U	U	U
chr22	25195800	25196000	U	U	U	U
chr22	25196000	25196200	U	U	U	U
chr22	25200200	25200400	U	U	U	U
chr22	25201400	25201600	U	U	U	U
chr22	25203600	25203800	U	U	U	U
chr22	25207000	25207200	U	U	U	U
chr22	25219400	25219600	U	U	U	U
chr22	25220400	25220600	U	U	U	U
chr22	25229200	25229400	U	U	U	U
chr22	25232200	25232400	U	U	U	U
chr22	25237600	25237800	U	U	U	U
chr22	25254200	25254400	U	U	U	U
chr22	25279400	25279600	U	U	U	U
chr22	25280200	25280400	U	U	U	U
chr22	25281000	25281200	U	U	U	U
chr22	25281800	25282000	U	U	U	U
chr22	25283200	25283400	U	U	U	U
chr22	25284000	25284200	U	U	U	U
chr22	25284400	25284600	U	U	U	U
chr22	25284600	25284800	U	U	U	U
chr22	25289200	25289400	U	U	U	U
chr22	25291800	25292000	U	U	U	U
chr22	25292600	25292800	U	U	U	U
chr22	25300800	25301000	U	U	U	U
chr22	25305600	25305800	U	U	U	U
chr22	25309400	25309600	U	U	U	U
chr22	25309600	25309800	U	U	U	U
chr22	25309800	25310000	U	U	U	U
chr22	25311600	25311800	U	U	U	U
chr22	25313200	25313400	U	U	U	U
chr22	25319600	25319800	U	U	U	U
chr22	25327000	25327200	U	U	U	U
chr22	25335600	25335800	U	U	U	U
chr22	25337000	25337200	U	U	U	U
chr22	25337600	25337800	U	U	U	U
chr22	25339600	25339800	U	U	U	U
chr22	25348600	25348800	U	U	U	U
chr22	25350000	25350200	U	U	U	U
chr22	25351800	25352000	U	U	U	U
chr22	25352000	25352200	U	U	U	U
chr22	25357200	25357400	U	U	U	U
chr22	25359800	25360000	U	U	U	U
chr22	25361800	25362000	U	U	U	U
chr22	25364600	25364800	U	U	U	U
chr22	25366000	25366200	U	U	U	U
chr22	25366600	25366800	U	U	U	U
chr22	25366800	25367000	U	U	U	U
chr22	25368000	25368200	U	U	U	U
chr22	25369600	25369800	U	U	U	U
chr22	25372200	25372400	U	U	U	U
chr22	25374200	25374400	U	U	U	U
chr22	25384200	25384400	U	U	U	U
chr22	25386800	25387000	U	U	U	U
chr22	25388800	25389000	U	U	U	U
chr22	25389200	25389400	U	U	U	U
chr22	25389600	25389800	U	U	U	U
chr22	25394800	25395000	U	U	U	U
chr22	25401000	25401200	U	U	U	U
chr22	25404200	25404400	B	U	U	U
chr22	25409000	25409200	U	U	U	U
chr22	25415400	25415600	U	U	U	U
chr22	25417400	25417600	U	U	U	U
chr22	25420600	25420800	U	U	U	U
chr22	25423800	25424000	U	U	U	U
chr22	25425000	25425200	U	U	U	U
chr22	25426800	25427000	U	U	U	U
chr22	25430600	25430800	U	U	U	U
chr22	25437400	25437600	U	U	U	U
chr22	25438000	25438200	U	U	U	U
chr22	25445000	25445200	U	U	U	U
chr22	25448200	25448400	B	U	U	U
chr22	25456200	25456400	U	U	U	U
chr22	25466200	25466400	U	U	U	U
chr22	25466400	25466600	U	U	U	U
chr22	25470000	25470200	U	U	U	U
chr22	25470200	25470400	U	U	U	U
chr22	25472000	25472200	U	U	U	U
chr22	25484400	25484600	U	U	U	U
chr22	25506200	25506400	U	U	U	U
chr22	25510000	25510200	U	U	U	U
chr22	25514800	25515000	U	U	U	U
chr22	25515600	25515800	U	U	U	U
chr22	25519800	25520000	U	U	U	U
chr22	25529600	25529800	U	U	U	U
chr22	25529800	25530000	U	U	U	U
chr22	25531800	25532000	U	U	U	U
chr22	25544600	25544800	U	U	U	U
chr22	25554600	25554800	U	U	U	U
chr22	25559600	25559800	U	U	U	U
chr22	25561000	25561200	U	U	U	U
chr22	25561800	25562000	U	U	U	U
chr22	25562000	25562200	U	U	U	U
chr22	25563400	25563600	U	U	U	U
chr22	25565800	25566000	U	U	U	U
chr22	25566200	25566400	U	U	U	U
chr22	25568000	25568200	U	U	U	U
chr22	25569200	25569400	U	U	U	U
chr22	25570200	25570400	U	U	U	U
chr22	25571600	25571800	U	U	U	U
chr22	25573200	25573400	U	U	U	U
chr22	25573400	25573600	U	U	U	U
chr22	25574800	25575000	U	U	U	U
chr22	25576000	25576200	U	U	U	U
chr22	25576200	25576400	U	U	U	U
chr22	25596600	25596800	U	U	U	U
chr22	25596800	25597000	U	U	U	U
chr22	25606200	25606400	U	U	U	U
chr22	25606400	25606600	U	U	U	U
chr22	25609000	25609200	U	U	U	U
chr22	25612800	25613000	U	U	U	U
chr22	25617200	25617400	U	U	U	U
chr22	25626600	25626800	U	U	U	U
chr22	25627200	25627400	U	U	U	U
chr22	25627400	25627600	U	U	U	U
chr22	25629200	25629400	U	U	U	U
chr22	25654800	25655000	U	U	U	U
chr22	25655200	25655400	U	U	U	U
chr22	25659400	25659600	U	U	U	U
chr22	25659600	25659800	U	U	U	U
chr22	25661400	25661600	U	U	U	U
chr22	25661800	25662000	U	U	U	U
chr22	25663600	25663800	U	U	U	U
chr22	25664000	25664200	U	U	U	U
chr22	25668200	25668400	U	U	U	U
chr22	25668400	25668600	U	U	U	U
chr22	25672400	25672600	U	U	U	U
chr22	25674000	25674200	U	U	U	U
chr22	25678800	25679000	U	U	U	U
chr22	25679000	25679200	U	U	U	U
chr22	25679400	25679600	U	U	U	U
chr22	25681200	25681400	U	U	U	U
chr22	25689800	25690000	U	U	U	U
chr22	25690200	25690400	U	U	U	U
chr22	25690600	25690800	U	U	U	U
chr22	25691400	25691600	U	U	U	U
chr22	25693400	25693600	U	U	U	U
chr22	25694800	25695000	U	U	U	U
chr22	25698400	25698600	U	U	U	U
chr22	25702400	25702600	U	U	U	U
chr22	25703200	25703400	U	U	U	U
chr22	25710400	25710600	U	U	U	U
chr22	25712000	25712200	U	U	U	U
chr22	25713000	25713200	U	U	U	U
chr22	25713800	25714000	U	U	U	U
chr22	25714600	25714800	U	U	U	U
chr22	25718000	25718200	U	U	U	U
chr22	25718200	25718400	U	U	U	U
chr22	25720800	25721000	U	U	U	U
chr22	25721000	25721200	U	U	U	U
chr22	25724400	25724600	U	U	U	U
chr22	25725200	25725400	U	U	U	U
chr22	25725400	25725600	U	U	U	U
chr22	25729200	25729400	U	U	U	U
chr22	25729600	25729800	U	U	U	U
chr22	25734200	25734400	U	U	U	U
chr22	25739600	25739800	U	U	U	U
chr22	25740000	25740200	U	U	U	U
chr22	25742200	25742400	B	U	U	B
chr22	25744200	25744400	U	U	U	U
chr22	25761000	25761200	U	U	U	U
chr22	25763200	25763400	U	U	U	U
chr22	25769000	25769200	U	U	U	U
chr22	25770000	25770200	U	U	U	U
chr22	25771600	25771800	U	U	U	U
chr22	25780800	25781000	U	U	U	U
chr22	25783600	25783800	U	U	U	U
chr22	25791400	25791600	U	U	U	U
chr22	25799400	25799600	U	U	U	U
chr22	25801000	25801200	U	U	U	U
chr22	25805000	25805200	U	U	U	U
chr22	25816000	25816200	U	U	U	U
chr22	25827200	25827400	U	U	U	U
chr22	25828800	25829000	U	U	U	U
chr22	25839400	25839600	U	U	U	U
chr22	25840800	25841000	U	U	U	U
chr22	25843600	25843800	U	U	U	U
chr22	25843800	25844000	U	U	U	U
chr22	25846000	25846200	B	U	U	U
chr22	25853200	25853400	B	U	U	U
chr22	25853600	25853800	B	U	U	U
chr22	25853800	25854000	B	U	U	U
chr22	25875800	25876000	U	U	U	U
chr22	25876200	25876400	U	U	U	U
chr22	25881200	25881400	U	U	U	U
chr22	25881600	25881800	U	U	U	U
chr22	25883600	25883800	U	U	U	U
chr22	25883800	25884000	U	U	U	U
chr22	25885600	25885800	U	U	U	U
chr22	25893200	25893400	U	U	U	U
chr22	25894400	25894600	U	U	U	U
chr22	25895200	25895400	U	U	U	U
chr22	25901400	25901600	U	U	U	U
chr22	25901600	25901800	U	U	U	U
chr22	25902200	25902400	U	U	U	U
chr22	25909400	25909600	U	U	U	U
chr22	25911000	25911200	U	U	U	U
chr22	25911200	25911400	U	U	U	U
chr22	25911800	25912000	U	U	U	U
chr22	25918600	25918800	U	U	U	U
chr22	25928000	25928200	U	U	U	U
chr22	25929200	25929400	U	U	U	U
chr22	25930800	25931000	U	U	U	U
chr22	25936000	25936200	U	U	U	U
chr22	25946400	25946600	U	U	U	U
chr22	25946800	25947000	U	U	U	U
chr22	25952400	25952600	U	U	U	U
chr22	25952600	25952800	U	U	U	U
chr22	25955200	25955400	U	U	U	U
chr22	25956600	25956800	U	U	U	U
chr22	25960200	25960400	U	U	U	U
chr22	25960600	25960800	U	U	U	U
chr22	25966000	25966200	U	U	U	U
chr22	25966600	25966800	U	U	U	U
chr22	25967400	25967600	U	U	U	U
chr22	25973000	25973200	U	U	U	U
chr22	25979200	25979400	U	U	U	U
chr22	25986600	25986800	U	U	U	U
chr22	25998400	25998600	U	U	U	U
chr22	26000200	26000400	U	U	B	U
chr22	26000600	26000800	U	U	U	U
chr22	26002600	26002800	U	U	U	U
chr22	26004200	26004400	U	U	U	U
chr22	26009000	26009200	U	U	U	U
chr22	26009600	26009800	U	U	U	U
chr22	26011600	26011800	U	U	U	U
chr22	26011800	26012000	U	U	U	U
chr22	26018000	26018200	U	U	U	U
chr22	26018400	26018600	U	U	U	U
chr22	26019600	26019800	U	U	U	U
chr22	26019800	26020000	U	U	U	U
chr22	26024400	26024600	U	U	U	U
chr22	26027400	26027600	U	U	U	U
chr22	26028400	26028600	U	U	U	U
chr22	26036600	26036800	U	U	U	U
chr22	26045800	26046000	U	U	U	U
chr22	26046200	26046400	U	U	U	U
chr22	26058000	26058200	U	U	U	U
chr22	26058200	26058400	U	U	U	U
chr22	26059400	26059600	U	U	U	U
chr22	26062800	26063000	U	U	U	U
chr22	26063000	26063200	U	U	U	U
chr22	26063800	26064000	U	U	U	U
chr22	26068800	26069000	U	U	U	U
chr22	26071000	26071200	U	U	U	U
chr22	26077400	26077600	U	U	U	U
chr22	26078800	26079000	U	U	B	U
chr22	26087800	26088000	U	U	U	U
chr22	26090800	26091000	U	U	U	U
chr22	26100400	26100600	U	U	U	U
chr22	26105000	26105200	U	U	U	U
chr22	26106000	26106200	U	U	U	U
chr22	26106600	26106800	U	U	U	U
chr22	26125400	26125600	U	U	U	U
chr22	26131400	26131600	U	U	U	U
chr22	26131600	26131800	U	U	U	U
chr22	26131800	26132000	U	U	U	U
chr22	26139200	26139400	U	U	U	U
chr22	26158400	26158600	U	U	U	U
chr22	26159600	26159800	U	U	U	U
chr22	26166600	26166800	U	U	U	U
chr22	26168400	26168600	U	U	U	U
chr22	26169800	26170000	U	U	U	U
chr22	26170400	26170600	U	U	U	U
chr22	26174600	26174800	U	U	U	U
chr22	26175600	26175800	U	U	U	U
chr22	26176400	26176600	U	U	U	U
chr22	26182600	26182800	U	U	U	U
chr22	26183400	26183600	U	U	U	U
chr22	26187800	26188000	U	U	U	U
chr22	26188000	26188200	U	U	U	U
chr22	26188600	26188800	U	U	U	U
chr22	26193000	26193200	U	U	U	U
chr22	26206000	26206200	U	U	U	U
chr22	26210400	26210600	U	U	U	U
chr22	26211200	26211400	U	U	U	U
chr22	26219400	26219600	U	U	U	U
chr22	26221800	26222000	U	U	U	U
chr22	26228000	26228200	U	U	U	U
chr22	26236000	26236200	U	U	U	U
chr22	26239600	26239800	U	U	U	U
chr22	26248000	26248200	U	U	U	U
chr22	26251800	26252000	U	U	U	U
chr22	26258000	26258200	U	U	U	U
chr22	26267800	26268000	U	U	U	U
chr22	26269800	26270000	U	U	U	U
chr22	26272400	26272600	U	U	U	U
chr22	26276600	26276800	U	U	U	U
chr22	26276800	26277000	U	U	U	U
chr22	26286000	26286200	U	U	U	U
chr22	26292600	26292800	U	U	U	U
chr22	26292800	26293000	U	U	U	U
chr22	26308800	26309000	U	U	U	U
chr22	26323000	26323200	U	U	U	U
chr22	26324200	26324400	U	U	U	U
chr22	26324400	26324600	U	U	U	U
chr22	26326000	26326200	U	U	U	U
chr22	26333200	26333400	U	U	U	U
chr22	26352400	26352600	U	U	U	U
chr22	26354800	26355000	U	U	U	U
chr22	26358000	26358200	U	U	U	U
chr22	26359000	26359200	U	U	U	U
chr22	26372200	26372400	U	U	U	U
chr22	26383400	26383600	U	U	U	U
chr22	26390800	26391000	U	U	U	U
chr22	26391200	26391400	U	U	U	U
chr22	26391600	26391800	U	U	U	U
chr22	26392600	26392800	U	U	U	U
chr22	26395000	26395200	U	U	U	U
chr22	26400200	26400400	U	U	U	U
chr22	26401200	26401400	U	U	U	U
chr22	26409600	26409800	U	U	U	U
chr22	26412600	26412800	U	U	U	U
chr22	26414000	26414200	U	U	U	U
chr22	26414200	26414400	U	U	U	U
chr22	26416400	26416600	U	U	U	U
chr22	26417200	26417400	U	U	B	U
chr22	26420400	26420600	U	U	U	U
chr22	26432400	26432600	U	U	U	U
chr22	26437200	26437400	U	U	U	U
chr22	26440800	26441000	U	U	U	U
chr22	26443400	26443600	U	U	U	U
chr22	26444000	26444200	U	U	U	U
chr22	26444200	26444400	U	U	U	U
chr22	26445800	26446000	U	U	U	U
chr22	26451600	26451800	U	U	U	U
chr22	26453400	26453600	U	U	U	U
chr22	26460400	26460600	U	U	U	U
chr22	26464600	26464800	U	U	U	U
chr22	26466200	26466400	U	U	U	U
chr22	26470200	26470400	U	U	U	U
chr22	26471200	26471400	U	U	U	U
chr22	26473200	26473400	U	U	U	U
chr22	26477000	26477200	U	U	U	U
chr22	26481600	26481800	U	U	U	U
chr22	26482200	26482400	U	U	U	U
chr22	26483200	26483400	B	U	B	U
chr22	26491600	26491800	U	U	U	U
chr22	26491800	26492000	U	U	U	U
chr22	26492200	26492400	U	U	U	U
chr22	26494200	26494400	U	U	U	U
chr22	26498800	26499000	U	U	U	U
chr22	26499000	26499200	U	U	U	U
chr22	26503600	26503800	U	U	U	U
chr22	26504200	26504400	U	U	U	U
chr22	26526600	26526800	U	U	U	U
chr22	26529800	26530000	U	U	U	U
chr22	26536200	26536400	U	U	U	U
chr22	26540800	26541000	U	U	U	U
chr22	26543800	26544000	U	U	U	U
chr22	26544400	26544600	U	U	U	U
chr22	26544600	26544800	U	U	U	U
chr22	26567400	26567600	U	U	U	U
chr22	26570400	26570600	U	U	U	U
chr22	26573800	26574000	B	U	U	U
chr22	26574800	26575000	U	U	U	U
chr22	26586600	26586800	U	U	B	U
chr22	26586800	26587000	U	U	B	U
chr22	26589400	26589600	B	U	U	U
chr22	26594200	26594400	U	U	U	U
chr22	26607800	26608000	U	U	U	U
chr22	26618000	26618200	B	U	U	U
chr22	26618800	26619000	U	U	U	U
chr22	26622000	26622200	U	U	U	U
chr22	26622400	26622600	U	U	U	U
chr22	26623200	26623400	U	U	U	U
chr22	26625400	26625600	U	U	U	U
chr22	26632600	26632800	B	U	U	B
chr22	26644800	26645000	B	U	U	U
chr22	26647800	26648000	U	U	U	U
chr22	26648000	26648200	U	U	U	U
chr22	26652800	26653000	U	U	U	U
chr22	26657800	26658000	U	U	U	U
chr22	26658600	26658800	B	U	U	U
chr22	26659200	26659400	B	U	B	B
chr22	26662600	26662800	U	U	U	U
chr22	26668400	26668600	U	U	U	U
chr22	26672600	26672800	B	U	U	U
chr22	26673200	26673400	B	U	U	U
chr22	26675800	26676000	U	U	U	U
chr22	26686400	26686600	U	U	U	U
chr22	26697400	26697600	U	U	U	U
chr22	26697600	26697800	U	U	U	U
chr22	26709800	26710000	U	U	U	U
chr22	26714400	26714600	U	U	U	U
chr22	26717600	26717800	U	U	U	U
chr22	26746600	26746800	U	U	U	U
chr22	26746800	26747000	U	U	U	U
chr22	26747000	26747200	U	U	U	U
chr22	26748600	26748800	U	U	U	U
chr22	26751200	26751400	U	U	U	U
chr22	26752200	26752400	U	U	U	U
chr22	26752400	26752600	U	U	U	U
chr22	26759000	26759200	U	U	U	U
chr22	26768800	26769000	U	U	U	U
chr22	26771200	26771400	U	U	U	U
chr22	26779200	26779400	U	U	U	U
chr22	26781400	26781600	U	U	U	U
chr22	26781600	26781800	U	U	U	U
chr22	26783000	26783200	U	U	U	U
chr22	26800600	26800800	U	U	U	U
chr22	26801200	26801400	U	U	U	U
chr22	26805200	26805400	U	U	U	U
chr22	26806400	26806600	U	U	U	U
chr22	26809200	26809400	U	U	U	U
chr22	26810000	26810200	U	U	U	U
chr22	26817000	26817200	U	U	U	U
chr22	26821200	26821400	U	U	U	U
chr22	26830600	26830800	U	U	U	U
chr22	26830800	26831000	U	U	U	U
chr22	26843600	26843800	U	U	U	U
chr22	26845200	26845400	U	U	U	U
chr22	26847200	26847400	U	U	U	U
chr22	26852600	26852800	U	U	B	U
chr22	26855000	26855200	U	U	U	U
chr22	26859000	26859200	U	U	U	U
chr22	26862200	26862400	U	U	U	U
chr22	26863000	26863200	U	U	U	U
chr22	26868600	26868800	U	U	U	U
chr22	26869200	26869400	U	U	U	U
chr22	26869400	26869600	U	U	U	U
chr22	26883800	26884000	U	U	U	U
chr22	26885000	26885200	U	U	U	U
chr22	26887000	26887200	U	U	U	U
chr22	26893000	26893200	U	U	U	U
chr22	26893400	26893600	U	U	U	U
chr22	26914200	26914400	U	U	U	U
chr22	26914600	26914800	U	U	U	U
chr22	26921800	26922000	U	U	U	U
chr22	26923600	26923800	U	U	U	U
chr22	26925200	26925400	U	U	U	U
chr22	26926000	26926200	U	U	U	U
chr22	26930200	26930400	U	U	U	U
chr22	26935800	26936000	U	U	U	U
chr22	26936600	26936800	U	U	U	U
chr22	26942000	26942200	U	U	U	U
chr22	26943600	26943800	U	U	U	U
chr22	26956400	26956600	U	U	U	U
chr22	26972000	26972200	U	U	U	U
chr22	26975200	26975400	U	U	U	U
chr22	26977600	26977800	U	U	B	U
chr22	26979800	26980000	U	U	U	U
chr22	26984600	26984800	U	U	U	U
chr22	26986600	26986800	U	U	U	U
chr22	26989600	26989800	U	U	U	U
chr22	26990200	26990400	U	U	U	U
chr22	26994400	26994600	U	U	U	U
chr22	27000400	27000600	U	U	U	U
chr22	27003600	27003800	U	U	U	U
chr22	27003800	27004000	U	U	U	U
chr22	27015200	27015400	U	U	U	U
chr22	27015400	27015600	U	U	U	U
chr22	27022600	27022800	U	U	U	U
chr22	27023800	27024000	U	U	U	U
chr22	27032200	27032400	U	U	U	U
chr22	27032600	27032800	U	U	U	U
chr22	27034200	27034400	U	U	U	U
chr22	27036400	27036600	U	U	U	U
chr22	27041600	27041800	U	U	U	U
chr22	27041800	27042000	U	U	U	U
chr22	27043400	27043600	U	U	U	U
chr22	27043600	27043800	U	U	U	U
chr22	27054200	27054400	U	U	U	U
chr22	27056400	27056600	U	U	U	U
chr22	27058200	27058400	U	U	U	U
chr22	27059600	27059800	U	U	U	U
chr22	27060000	27060200	U	U	U	U
chr22	27063200	27063400	U	U	U	U
chr22	27072600	27072800	U	U	U	U
chr22	27083200	27083400	U	U	U	U
chr22	27089000	27089200	U	U	U	U
chr22	27107800	27108000	U	U	U	U
chr22	27109000	27109200	U	U	U	U
chr22	27111000	27111200	U	U	U	U
chr22	27111200	27111400	U	U	U	U
chr22	27121000	27121200	U	U	U	U
chr22	27124800	27125000	U	U	U	U
chr22	27135800	27136000	U	U	U	U
chr22	27142400	27142600	U	U	U	U
chr22	27158000	27158200	U	U	U	U
chr22	27160400	27160600	U	U	U	U
chr22	27163800	27164000	U	U	U	U
chr22	27164800	27165000	U	U	U	U
chr22	27167400	27167600	U	U	U	U
chr22	27170600	27170800	U	U	U	U
chr22	27171600	27171800	U	U	U	U
chr22	27172000	27172200	U	U	U	U
chr22	27179400	27179600	U	U	U	U
chr22	27180000	27180200	U	U	U	U
chr22	27181400	27181600	U	U	U	U
chr22	27183800	27184000	U	U	U	U
chr22	27184000	27184200	U	U	U	U
chr22	27185200	27185400	U	U	U	U
chr22	27192600	27192800	U	U	U	U
chr22	27202800	27203000	U	U	U	U
chr22	27204400	27204600	U	U	U	U
chr22	27211000	27211200	U	U	U	U
chr22	27211200	27211400	U	U	U	U
chr22	27231600	27231800	U	U	U	U
chr22	27237400	27237600	U	U	U	U
chr22	27243200	27243400	U	U	U	U
chr22	27248400	27248600	U	U	U	U
chr22	27251400	27251600	U	U	U	U
chr22	27251600	27251800	U	U	U	U
chr22	27259800	27260000	U	U	U	U
chr22	27260800	27261000	U	U	U	U
chr22	27262200	27262400	U	U	U	U
chr22	27262400	27262600	U	U	U	U
chr22	27270800	27271000	U	U	U	U
chr22	27275800	27276000	U	U	U	U
chr22	27279000	27279200	U	U	U	U
chr22	27282800	27283000	U	U	U	U
chr22	27284800	27285000	U	U	U	U
chr22	27285800	27286000	U	U	U	U
chr22	27286400	27286600	U	U	U	U
chr22	27294200	27294400	U	U	U	U
chr22	27304800	27305000	U	U	U	U
chr22	27308000	27308200	U	U	U	U
chr22	27313400	27313600	U	U	U	U
chr22	27313600	27313800	U	U	U	U
chr22	27317600	27317800	U	U	U	U
chr22	27318200	27318400	U	U	U	U
chr22	27323800	27324000	U	U	U	U
chr22	27328000	27328200	U	U	U	U
chr22	27345200	27345400	U	U	U	U
chr22	27347400	27347600	U	U	U	U
chr22	27347600	27347800	U	U	U	U
chr22	27352400	27352600	U	U	U	U
chr22	27369600	27369800	U	U	U	U
chr22	27376800	27377000	U	U	U	U
chr22	27378400	27378600	U	U	U	U
chr22	27380800	27381000	U	U	U	U
chr22	27388400	27388600	U	U	U	U
chr22	27390600	27390800	U	U	U	U
chr22	27392600	27392800	U	U	U	U
chr22	27397000	27397200	U	U	U	U
chr22	27399200	27399400	U	U	U	U
chr22	27409400	27409600	U	U	U	U
chr22	27410400	27410600	U	U	U	U
chr22	27412400	27412600	U	U	U	U
chr22	27416600	27416800	U	U	U	U
chr22	27418400	27418600	U	U	U	U
chr22	27429600	27429800	U	U	U	U
chr22	27436400	27436600	U	U	U	U
chr22	27438600	27438800	U	U	U	U
chr22	27440000	27440200	U	U	U	U
chr22	27441200	27441400	U	U	U	U
chr22	27453200	27453400	U	U	U	U
chr22	27453400	27453600	U	U	U	U
chr22	27462200	27462400	U	U	U	U
chr22	27467000	27467200	U	U	U	U
chr22	27467800	27468000	U	U	U	U
chr22	27469000	27469200	U	U	U	U
chr22	27475400	27475600	U	U	U	U
chr22	27476800	27477000	U	U	U	U
chr22	27482600	27482800	U	U	U	U
chr22	27482800	27483000	U	U	U	U
chr22	27495800	27496000	U	U	U	U
chr22	27499200	27499400	U	U	U	U
chr22	27499400	27499600	U	U	U	U
chr22	27516800	27517000	U	U	U	U
chr22	27517800	27518000	U	U	U	U
chr22	27518400	27518600	U	U	U	U
chr22	27519000	27519200	U	U	U	U
chr22	27521800	27522000	U	U	U	U
chr22	27522400	27522600	U	U	U	U
chr22	27528000	27528200	U	U	U	U
chr22	27533600	27533800	U	U	U	U
chr22	27542000	27542200	U	U	U	U
chr22	27542200	27542400	U	U	U	U
chr22	27548400	27548600	U	U	U	U
chr22	27558400	27558600	U	U	U	U
chr22	27565000	27565200	U	U	U	U
chr22	27568600	27568800	U	U	U	U
chr22	27579600	27579800	U	U	U	U
chr22	27580000	27580200	U	U	U	U
chr22	27580800	27581000	U	U	U	U
chr22	27581000	27581200	U	U	U	U
chr22	27583600	27583800	U	U	U	U
chr22	27593800	27594000	U	U	U	U
chr22	27596600	27596800	U	U	U	U
chr22	27601000	27601200	U	U	U	U
chr22	27609800	27610000	U	U	U	U
chr22	27611800	27612000	U	U	U	U
chr22	27619800	27620000	U	U	U	U
chr22	27621600	27621800	U	U	U	U
chr22	27627200	27627400	B	U	U	U
chr22	27630800	27631000	U	U	U	U
chr22	27635600	27635800	U	U	U	U
chr22	27639400	27639600	U	U	U	U
chr22	27642200	27642400	U	U	U	U
chr22	27645800	27646000	U	U	U	U
chr22	27652000	27652200	U	U	U	U
chr22	27662600	27662800	U	U	U	U
chr22	27664800	27665000	U	U	U	U
chr22	27665800	27666000	U	U	U	U
chr22	27672600	27672800	U	U	U	U
chr22	27673800	27674000	U	U	U	U
chr22	27675200	27675400	U	U	U	U
chr22	27678000	27678200	U	U	U	U
chr22	27678200	27678400	U	U	U	U
chr22	27682800	27683000	B	U	U	U
chr22	27694600	27694800	U	U	U	U
chr22	27694800	27695000	U	U	U	U
chr22	27696200	27696400	U	U	U	U
chr22	27707400	27707600	U	U	U	U
chr22	27713400	27713600	U	U	U	U
chr22	27725000	27725200	U	U	U	U
chr22	27727200	27727400	B	U	U	U
chr22	27731000	27731200	U	U	U	U
chr22	27731400	27731600	U	U	U	U
chr22	27736400	27736600	U	U	U	U
chr22	27745200	27745400	U	U	U	U
chr22	27745800	27746000	U	U	U	U
chr22	27746000	27746200	U	U	U	U
chr22	27748400	27748600	U	U	U	U
chr22	27749400	27749600	U	U	U	U
chr22	27750200	27750400	U	U	U	U
chr22	27750800	27751000	U	U	U	U
chr22	27751000	27751200	U	U	U	U
chr22	27752800	27753000	U	U	U	U
chr22	27755400	27755600	U	U	U	U
chr22	27755600	27755800	U	U	U	U
chr22	27756400	27756600	U	U	U	U
chr22	27757600	27757800	U	U	U	U
chr22	27762000	27762200	U	U	U	U
chr22	27770200	27770400	U	U	U	U
chr22	27776200	27776400	U	U	U	U
chr22	27776400	27776600	U	U	U	U
chr22	27779000	27779200	U	U	U	U
chr22	27780200	27780400	U	U	U	U
chr22	27784000	27784200	U	U	U	U
chr22	27784600	27784800	U	U	U	U
chr22	27785400	27785600	U	U	U	U
chr22	27785600	27785800	U	U	U	U
chr22	27786600	27786800	U	U	U	U
chr22	27787400	27787600	U	U	U	U
chr22	27789200	27789400	U	U	U	U
chr22	27790400	27790600	U	U	U	U
chr22	27791400	27791600	U	U	U	U
chr22	27792400	27792600	U	U	U	U
chr22	27793600	27793800	U	U	U	U
chr22	27793800	27794000	U	U	U	U
chr22	27794200	27794400	U	U	U	U
chr22	27796600	27796800	U	U	U	U
chr22	27796800	27797000	U	U	U	U
chr22	27797000	27797200	U	U	U	U
chr22	27797200	27797400	U	U	U	U
chr22	27797800	27798000	U	U	U	U
chr22	27801400	27801600	U	U	U	U
chr22	27802200	27802400	U	U	U	U
chr22	27804400	27804600	B	U	U	U
chr22	27807600	27807800	U	U	U	U
chr22	27808000	27808200	U	U	U	U
chr22	27809200	27809400	U	U	U	U
chr22	27815600	27815800	U	U	U	U
chr22	27836400	27836600	U	U	U	U
chr22	27839000	27839200	U	U	U	U
chr22	27841200	27841400	U	U	U	U
chr22	27842600	27842800	U	U	U	U
chr22	27843400	27843600	U	U	U	U
chr22	27844400	27844600	U	U	U	U
chr22	27846000	27846200	U	U	U	U
chr22	27851000	27851200	U	U	U	U
chr22	27852000	27852200	U	U	U	U
chr22	27852600	27852800	U	U	U	U
chr22	27853200	27853400	U	U	U	U
chr22	27856800	27857000	U	U	U	U
chr22	27858800	27859000	U	U	U	U
chr22	27859400	27859600	U	U	U	U
chr22	27860400	27860600	U	U	U	U
chr22	27862000	27862200	U	U	U	U
chr22	27863000	27863200	U	U	U	U
chr22	27864000	27864200	U	U	U	U
chr22	27866400	27866600	U	U	U	U
chr22	27869200	27869400	U	U	U	U
chr22	27870800	27871000	U	U	U	U
chr22	27873600	27873800	U	U	U	U
chr22	27873800	27874000	U	U	U	U
chr22	27874400	27874600	U	U	U	U
chr22	27874600	27874800	U	U	U	U
chr22	27876600	27876800	U	U	U	U
chr22	27876800	27877000	U	U	U	U
chr22	27877400	27877600	U	U	U	U
chr22	27878200	27878400	U	U	U	U
chr22	27879600	27879800	U	U	U	U
chr22	27881200	27881400	U	U	U	U
chr22	27886000	27886200	U	U	U	U
chr22	27886200	27886400	U	U	U	U
chr22	27889000	27889200	U	U	U	U
chr22	27890000	27890200	U	U	U	U
chr22	27892800	27893000	U	U	U	U
chr22	27894200	27894400	U	U	U	U
chr22	27895000	27895200	U	U	U	U
chr22	27896200	27896400	U	U	U	U
chr22	27896600	27896800	U	U	U	U
chr22	27896800	27897000	U	U	U	U
chr22	27897000	27897200	U	U	U	U
chr22	27897800	27898000	U	U	U	U
chr22	27898400	27898600	U	U	U	U
chr22	27900400	27900600	U	U	U	U
chr22	27906200	27906400	U	U	U	U
chr22	27906800	27907000	U	U	U	U
chr22	27907200	27907400	U	U	U	U
chr22	27912200	27912400	U	U	U	U
chr22	27912400	27912600	U	U	U	U
chr22	27914200	27914400	U	U	U	U
chr22	27914800	27915000	U	U	U	U
chr22	27915600	27915800	U	U	U	U
chr22	27919000	27919200	B	U	U	U
chr22	27921800	27922000	U	U	U	U
chr22	27961400	27961600	U	U	U	U
chr22	27978800	27979000	U	U	U	U
chr22	27980000	27980200	U	U	U	U
chr22	27983200	27983400	U	U	U	U
chr22	27983800	27984000	U	U	U	U
chr22	27990200	27990400	U	U	U	U
chr22	27991400	27991600	U	U	U	U
chr22	27992000	27992200	U	U	U	U
chr22	27993200	27993400	U	U	U	U
chr22	27996000	27996200	U	U	U	U
chr22	27996800	27997000	U	U	U	U
chr22	27997000	27997200	U	U	U	U
chr22	27998400	27998600	U	U	U	U
chr22	27998800	27999000	U	U	U	U
chr22	27999200	27999400	U	U	U	U
chr22	27999400	27999600	U	U	U	U
chr22	28000200	28000400	U	U	U	U
chr22	28001400	28001600	U	U	U	U
chr22	28001600	28001800	U	U	U	U
chr22	28002400	28002600	U	U	U	U
chr22	28008400	28008600	U	U	U	U
chr22	28014400	28014600	U	U	U	U
chr22	28014600	28014800	U	U	U	U
chr22	28017200	28017400	U	U	U	U
chr22	28023000	28023200	U	U	U	U
chr22	28024800	28025000	U	U	U	U
chr22	28027200	28027400	U	U	U	U
chr22	28028400	28028600	U	U	U	U
chr22	28033000	28033200	U	U	U	U
chr22	28034800	28035000	B	U	U	U
chr22	28043800	28044000	U	U	U	U
chr22	28044200	28044400	U	U	U	U
chr22	28048400	28048600	U	U	U	U
chr22	28049400	28049600	U	U	U	U
chr22	28051200	28051400	U	U	U	U
chr22	28053000	28053200	U	U	U	U
chr22	28053600	28053800	U	U	U	U
chr22	28053800	28054000	U	U	U	U
chr22	28054600	28054800	U	U	U	U
chr22	28065800	28066000	U	U	U	U
chr22	28066800	28067000	U	U	U	U
chr22	28072400	28072600	U	U	U	U
chr22	28073000	28073200	U	U	U	U
chr22	28073400	28073600	U	U	U	U
chr22	28074000	28074200	U	U	U	U
chr22	28075400	28075600	U	U	U	U
chr22	28077600	28077800	U	U	U	U
chr22	28078000	28078200	U	U	U	U
chr22	28091200	28091400	U	U	U	U
chr22	28094200	28094400	U	U	U	U
chr22	28094400	28094600	U	U	U	U
chr22	28095000	28095200	U	U	U	U
chr22	28097800	28098000	U	U	U	U
chr22	28098800	28099000	U	U	U	U
chr22	28099600	28099800	U	U	U	U
chr22	28100600	28100800	U	U	U	U
chr22	28101000	28101200	U	U	U	U
chr22	28102800	28103000	U	U	U	U
chr22	28103800	28104000	U	U	U	U
chr22	28106400	28106600	U	U	U	U
chr22	28107200	28107400	U	U	U	U
chr22	28113200	28113400	U	U	U	U
chr22	28114200	28114400	U	U	U	U
chr22	28119800	28120000	U	U	U	U
chr22	28125600	28125800	U	U	U	U
chr22	28126400	28126600	U	U	U	U
chr22	28132200	28132400	U	U	U	U
chr22	28145600	28145800	U	U	U	U
chr22	28147200	28147400	U	U	U	U
chr22	28150600	28150800	U	U	U	U
chr22	28151400	28151600	U	U	U	U
chr22	28151600	28151800	U	U	U	U
chr22	28152800	28153000	U	U	U	U
chr22	28153000	28153200	U	U	U	U
chr22	28162000	28162200	U	U	U	U
chr22	28163000	28163200	U	U	U	U
chr22	28181400	28181600	U	U	U	U
chr22	28184400	28184600	U	U	U	U
chr22	28204800	28205000	U	U	U	U
chr22	28208800	28209000	U	U	U	U
chr22	28215400	28215600	U	U	U	U
chr22	28219800	28220000	U	U	U	U
chr22	28223000	28223200	U	U	U	U
chr22	28223200	28223400	U	U	U	U
chr22	28233400	28233600	U	U	U	U
chr22	28235200	28235400	U	U	U	U
chr22	28244400	28244600	U	U	U	U
chr22	28244600	28244800	U	U	U	U
chr22	28245000	28245200	U	U	U	U
chr22	28247200	28247400	B	U	U	U
chr22	28248400	28248600	U	U	U	U
chr22	28251800	28252000	U	U	U	U
chr22	28252200	28252400	U	U	U	U
chr22	28252800	28253000	U	U	U	U
chr22	28253000	28253200	U	U	U	U
chr22	28259400	28259600	U	U	U	U
chr22	28260200	28260400	U	U	U	U
chr22	28265200	28265400	U	U	U	U
chr22	28267000	28267200	U	U	U	U
chr22	28267400	28267600	U	U	U	U
chr22	28268200	28268400	U	U	U	U
chr22	28269000	28269200	U	U	U	U
chr22	28274400	28274600	U	U	U	U
chr22	28275200	28275400	U	U	U	U
chr22	28275400	28275600	U	U	U	U
chr22	28278600	28278800	U	U	U	U
chr22	28294000	28294200	U	U	U	U
chr22	28294200	28294400	U	U	U	U
chr22	28295800	28296000	U	U	U	U
chr22	28296000	28296200	U	U	U	U
chr22	28296200	28296400	U	U	U	U
chr22	28297800	28298000	U	U	U	U
chr22	28303000	28303200	U	U	U	U
chr22	28304600	28304800	U	U	U	U
chr22	28306600	28306800	U	U	U	U
chr22	28307800	28308000	U	U	U	U
chr22	28320400	28320600	U	U	U	U
chr22	28321000	28321200	U	U	U	U
chr22	28326600	28326800	U	U	U	U
chr22	28330000	28330200	U	U	U	U
chr22	28330400	28330600	U	U	U	U
chr22	28331800	28332000	U	U	U	U
chr22	28332000	28332200	U	U	U	U
chr22	28332200	28332400	U	U	U	U
chr22	28333600	28333800	U	U	U	U
chr22	28346400	28346600	U	U	U	U
chr22	28346600	28346800	U	U	U	U
chr22	28350200	28350400	U	U	U	U
chr22	28365400	28365600	U	U	U	U
chr22	28372400	28372600	U	U	U	U
chr22	28373000	28373200	U	U	U	U
chr22	28374200	28374400	U	U	U	U
chr22	28381400	28381600	U	U	U	U
chr22	28381800	28382000	U	U	U	U
chr22	28394800	28395000	U	U	U	U
chr22	28397800	28398000	U	U	U	U
chr22	28398800	28399000	U	U	U	U
chr22	28399000	28399200	U	U	U	U
chr22	28401800	28402000	U	U	U	U
chr22	28403800	28404000	U	U	U	U
chr22	28406800	28407000	U	U	U	U
chr22	28408800	28409000	U	U	U	U
chr22	28414000	28414200	U	U	U	U
chr22	28414400	28414600	U	U	U	U
chr22	28415800	28416000	U	U	U	U
chr22	28416200	28416400	U	U	U	U
chr22	28416600	28416800	U	U	U	U
chr22	28418200	28418400	U	U	U	U
chr22	28419800	28420000	U	U	U	U
chr22	28420000	28420200	U	U	U	U
chr22	28420200	28420400	U	U	U	U
chr22	28432800	28433000	U	U	U	U
chr22	28438600	28438800	U	U	U	U
chr22	28440200	28440400	U	U	U	U
chr22	28442600	28442800	B	U	U	U
chr22	28443000	28443200	B	U	U	U
chr22	28459600	28459800	U	U	U	U
chr22	28460200	28460400	U	U	U	U
chr22	28464600	28464800	U	U	U	U
chr22	28464800	28465000	U	U	U	U
chr22	28466400	28466600	U	U	U	U
chr22	28466600	28466800	U	U	U	U
chr22	28468200	28468400	U	U	U	U
chr22	28471600	28471800	U	U	U	U
chr22	28479400	28479600	U	U	U	U
chr22	28480400	28480600	U	U	U	U
chr22	28484600	28484800	U	U	U	U
chr22	28484800	28485000	U	U	U	U
chr22	28485000	28485200	U	U	U	U
chr22	28486000	28486200	U	U	U	U
chr22	28489400	28489600	U	U	U	U
chr22	28490800	28491000	U	U	U	U
chr22	28501800	28502000	U	U	U	U
chr22	28503800	28504000	U	U	U	U
chr22	28504000	28504200	U	U	U	U
chr22	28514000	28514200	U	U	U	U
chr22	28514200	28514400	U	U	U	U
chr22	28514800	28515000	U	U	U	U
chr22	28515000	28515200	U	U	U	U
chr22	28515400	28515600	U	U	U	U
chr22	28537600	28537800	U	U	U	U
chr22	28548000	28548200	U	U	U	U
chr22	28565000	28565200	U	U	U	U
chr22	28581800	28582000	U	U	U	U
chr22	28582000	28582200	U	U	U	U
chr22	28582400	28582600	U	U	U	U
chr22	28583400	28583600	U	U	U	U
chr22	28588800	28589000	U	U	U	U
chr22	28594400	28594600	B	U	U	U
chr22	28596800	28597000	U	U	U	U
chr22	28598800	28599000	U	U	U	U
chr22	28605000	28605200	U	U	U	U
chr22	28627000	28627200	U	U	U	U
chr22	28635400	28635600	U	U	U	U
chr22	28662600	28662800	B	U	U	U
chr22	28669400	28669600	U	U	U	U
chr22	28673400	28673600	U	U	U	U
chr22	28678000	28678200	U	U	U	U
chr22	28679000	28679200	U	U	U	U
chr22	28680000	28680200	U	U	U	U
chr22	28682400	28682600	U	U	U	U
chr22	28709200	28709400	U	U	U	U
chr22	28711800	28712000	U	U	U	U
chr22	28719400	28719600	U	U	U	U
chr22	28723000	28723200	U	U	U	U
chr22	28725000	28725200	U	U	U	U
chr22	28741400	28741600	B	U	U	U
chr22	28742000	28742200	B	U	U	U
chr22	28742600	28742800	B	U	U	U
chr22	28742800	28743000	U	U	U	U
chr22	28783600	28783800	U	U	U	U
chr22	28786400	28786600	U	U	U	U
chr22	28786600	28786800	U	U	U	U
chr22	28787000	28787200	U	U	U	U
chr22	28787600	28787800	U	U	U	U
chr22	28787800	28788000	U	U	U	U
chr22	28789200	28789400	U	U	U	U
chr22	28794800	28795000	U	U	U	U
chr22	28796800	28797000	U	U	U	U
chr22	28797000	28797200	U	U	U	U
chr22	28802800	28803000	U	U	U	U
chr22	28813800	28814000	U	U	U	U
chr22	28816800	28817000	U	U	U	U
chr22	28819600	28819800	U	U	U	U
chr22	28821600	28821800	U	U	U	U
chr22	28822800	28823000	U	U	B	U
chr22	28833600	28833800	U	U	U	U
chr22	28856000	28856200	B	U	U	U
chr22	28863200	28863400	U	U	U	U
chr22	28865000	28865200	U	U	U	U
chr22	28872200	28872400	U	U	U	U
chr22	28882800	28883000	B	U	U	U
chr22	28884800	28885000	U	U	U	U
chr22	28885000	28885200	U	U	U	U
chr22	28885200	28885400	U	U	U	U
chr22	28886400	28886600	U	U	U	U
chr22	28892400	28892600	U	U	U	U
chr22	28894400	28894600	U	U	U	U
chr22	28903400	28903600	U	U	U	U
chr22	28904200	28904400	U	U	U	U
chr22	28907400	28907600	U	U	U	U
chr22	28908000	28908200	U	U	U	U
chr22	28908200	28908400	U	U	U	U
chr22	28912200	28912400	U	U	U	U
chr22	28914000	28914200	U	U	U	U
chr22	28918800	28919000	U	U	U	U
chr22	28925000	28925200	U	U	U	U
chr22	28925800	28926000	U	U	U	U
chr22	28926000	28926200	U	U	U	U
chr22	28932400	28932600	U	U	U	U
chr22	28935000	28935200	U	U	U	U
chr22	28935200	28935400	U	U	U	U
chr22	28935600	28935800	U	U	U	U
chr22	28938600	28938800	U	U	U	U
chr22	28940200	28940400	U	U	U	U
chr22	28943000	28943200	U	U	U	U
chr22	28943600	28943800	U	U	U	U
chr22	28952000	28952200	U	U	U	U
chr22	28952200	28952400	U	U	U	U
chr22	28956400	28956600	U	U	U	U
chr22	28956800	28957000	U	U	U	U
chr22	28957000	28957200	U	U	U	U
chr22	28957200	28957400	U	U	U	U
chr22	28958600	28958800	U	U	U	U
chr22	28960600	28960800	U	U	U	U
chr22	28962400	28962600	U	U	U	U
chr22	28963800	28964000	U	U	U	U
chr22	28975800	28976000	U	U	U	U
chr22	28976600	28976800	U	U	U	U
chr22	28978000	28978200	U	U	U	U
chr22	28983600	28983800	U	U	U	U
chr22	28984600	28984800	U	U	U	U
chr22	28985000	28985200	U	U	U	U
chr22	28986600	28986800	U	U	U	U
chr22	28986800	28987000	U	U	U	U
chr22	28989000	28989200	U	U	U	U
chr22	28989600	28989800	U	U	U	U
chr22	28996800	28997000	U	U	U	U
chr22	28997000	28997200	U	U	U	U
chr22	28999600	28999800	U	U	U	U
chr22	29000200	29000400	U	U	U	U
chr22	29000400	29000600	U	U	U	U
chr22	29002600	29002800	U	U	U	U
chr22	29002800	29003000	U	U	U	U
chr22	29004800	29005000	U	U	U	U
chr22	29008600	29008800	U	U	U	U
chr22	29011200	29011400	U	U	U	U
chr22	29014400	29014600	U	U	U	U
chr22	29014800	29015000	U	U	U	U
chr22	29022400	29022600	U	U	U	U
chr22	29023400	29023600	U	U	U	U
chr22	29023800	29024000	U	U	U	U
chr22	29026000	29026200	U	U	U	U
chr22	29026600	29026800	U	U	U	U
chr22	29030600	29030800	B	U	U	U
chr22	29034000	29034200	U	U	U	U
chr22	29037400	29037600	U	U	U	U
chr22	29039400	29039600	U	U	U	U
chr22	29046600	29046800	U	U	U	U
chr22	29047800	29048000	U	U	U	U
chr22	29048400	29048600	U	U	U	U
chr22	29050400	29050600	B	U	U	U
chr22	29053800	29054000	U	U	U	U
chr22	29054200	29054400	U	U	U	U
chr22	29055600	29055800	U	U	U	U
chr22	29059800	29060000	U	U	U	U
chr22	29061600	29061800	U	U	U	U
chr22	29062200	29062400	U	U	U	U
chr22	29066200	29066400	U	U	U	U
chr22	29069400	29069600	U	U	U	U
chr22	29069600	29069800	U	U	U	U
chr22	29071400	29071600	U	U	U	U
chr22	29073200	29073400	B	U	U	U
chr22	29075800	29076000	U	U	U	U
chr22	29076000	29076200	U	U	U	U
chr22	29076200	29076400	U	U	U	U
chr22	29083200	29083400	U	U	U	U
chr22	29084600	29084800	U	U	U	U
chr22	29086400	29086600	U	U	U	U
chr22	29094000	29094200	U	U	U	U
chr22	29095600	29095800	U	U	U	U
chr22	29098800	29099000	U	U	U	U
chr22	29102400	29102600	U	U	U	U
chr22	29109600	29109800	B	U	U	U
chr22	29109800	29110000	B	U	U	U
chr22	29121000	29121200	U	U	U	U
chr22	29125000	29125200	U	U	U	U
chr22	29129800	29130000	U	U	U	U
chr22	29130800	29131000	U	U	U	U
chr22	29140200	29140400	U	U	U	U
chr22	29144000	29144200	U	U	U	U
chr22	29145800	29146000	U	U	U	U
chr22	29146400	29146600	U	U	U	U
chr22	29150400	29150600	U	U	U	U
chr22	29152200	29152400	B	U	U	U
chr22	29152400	29152600	B	U	U	U
chr22	29156000	29156200	U	U	U	U
chr22	29156200	29156400	U	U	U	U
chr22	29165800	29166000	U	U	U	U
chr22	29171600	29171800	U	U	U	U
chr22	29184600	29184800	U	U	U	U
chr22	29188000	29188200	U	U	U	U
chr22	29200200	29200400	U	U	U	U
chr22	29201800	29202000	B	U	U	U
chr22	29203800	29204000	U	U	U	U
chr22	29208400	29208600	U	U	U	U
chr22	29209400	29209600	U	U	U	U
chr22	29214800	29215000	U	U	U	U
chr22	29216800	29217000	U	U	U	U
chr22	29220400	29220600	U	U	U	U
chr22	29221800	29222000	U	U	U	U
chr22	29231400	29231600	U	U	U	U
chr22	29243600	29243800	U	U	U	U
chr22	29244800	29245000	U	U	U	U
chr22	29252400	29252600	U	U	U	U
chr22	29255000	29255200	U	U	U	U
chr22	29259000	29259200	U	U	U	U
chr22	29259400	29259600	B	U	U	U
chr22	29260600	29260800	U	U	U	U
chr22	29260800	29261000	U	U	U	U
chr22	29265400	29265600	U	U	U	U
chr22	29271400	29271600	U	U	U	U
chr22	29272000	29272200	U	U	U	U
chr22	29272200	29272400	U	U	U	U
chr22	29272400	29272600	U	U	U	U
chr22	29274600	29274800	U	U	U	U
chr22	29287600	29287800	U	U	U	U
chr22	29288200	29288400	U	U	U	U
chr22	29289400	29289600	U	U	U	U
chr22	29290600	29290800	U	U	U	U
chr22	29290800	29291000	U	U	U	U
chr22	29291200	29291400	U	U	U	U
chr22	29292200	29292400	U	U	U	U
chr22	29298800	29299000	U	U	U	U
chr22	29299400	29299600	U	U	U	U
chr22	29300200	29300400	U	U	U	U
chr22	29306800	29307000	B	U	U	U
chr22	29308400	29308600	U	U	U	U
chr22	29312800	29313000	U	U	U	U
chr22	29318800	29319000	U	U	U	U
chr22	29326000	29326200	U	U	U	U
chr22	29326800	29327000	U	U	U	U
chr22	29327800	29328000	U	U	U	U
chr22	29329600	29329800	U	U	U	U
chr22	29331000	29331200	U	U	U	U
chr22	29331200	29331400	U	U	U	U
chr22	29332200	29332400	U	U	U	U
chr22	29333200	29333400	U	U	U	U
chr22	29334200	29334400	U	U	U	U
chr22	29334400	29334600	U	U	U	U
chr22	29336200	29336400	U	U	U	U
chr22	29339000	29339200	U	U	U	U
chr22	29339400	29339600	U	U	U	U
chr22	29350600	29350800	U	U	U	U
chr22	29351000	29351200	U	U	U	U
chr22	29356200	29356400	U	U	U	U
chr22	29356800	29357000	U	U	U	U
chr22	29358800	29359000	U	U	U	U
chr22	29359800	29360000	U	U	U	U
chr22	29363000	29363200	U	U	U	U
chr22	29364000	29364200	U	U	U	U
chr22	29365800	29366000	U	U	U	U
chr22	29369200	29369400	B	U	U	U
chr22	29371800	29372000	U	U	U	U
chr22	29378000	29378200	U	U	U	U
chr22	29383200	29383400	B	U	U	U
chr22	29385800	29386000	U	U	U	U
chr22	29397400	29397600	U	U	U	U
chr22	29409600	29409800	U	U	U	U
chr22	29419000	29419200	U	U	U	U
chr22	29431200	29431400	U	U	U	U
chr22	29435000	29435200	U	U	U	U
chr22	29435200	29435400	U	U	U	U
chr22	29435600	29435800	U	U	U	U
chr22	29437400	29437600	U	U	U	U
chr22	29439000	29439200	U	U	U	U
chr22	29441800	29442000	U	U	U	U
chr22	29442200	29442400	U	U	U	U
chr22	29448600	29448800	U	U	U	U
chr22	29452800	29453000	U	U	U	U
chr22	29460000	29460200	U	U	U	U
chr22	29463800	29464000	U	U	U	U
chr22	29467400	29467600	U	U	U	U
chr22	29474800	29475000	U	U	U	U
chr22	29475400	29475600	U	U	U	U
chr22	29477400	29477600	U	U	U	U
chr22	29478600	29478800	B	U	B	U
chr22	29480600	29480800	B	U	U	U
chr22	29482600	29482800	U	U	U	U
chr22	29483400	29483600	U	U	U	U
chr22	29490400	29490600	U	U	U	U
chr22	29491200	29491400	U	U	U	U
chr22	29508400	29508600	U	U	U	U
chr22	29510800	29511000	U	U	U	U
chr22	29517800	29518000	U	U	U	U
chr22	29521600	29521800	U	U	U	U
chr22	29525400	29525600	U	U	U	U
chr22	29525600	29525800	U	U	U	U
chr22	29528200	29528400	U	U	U	U
chr22	29529400	29529600	U	U	U	U
chr22	29531000	29531200	U	U	U	U
chr22	29531800	29532000	U	U	U	U
chr22	29536000	29536200	U	U	U	U
chr22	29539400	29539600	U	U	U	U
chr22	29549400	29549600	U	U	U	U
chr22	29561000	29561200	U	U	U	U
chr22	29561800	29562000	U	U	U	U
chr22	29570400	29570600	U	U	U	U
chr22	29580000	29580200	B	U	U	U
chr22	29582800	29583000	U	U	U	U
chr22	29590600	29590800	U	U	U	U
chr22	29603200	29603400	B	U	U	U
chr22	29604000	29604200	B	U	U	U
chr22	29609600	29609800	U	U	U	U
chr22	29618000	29618200	U	U	U	U
chr22	29618800	29619000	U	U	U	U
chr22	29621000	29621200	U	U	U	U
chr22	29622200	29622400	U	U	U	U
chr22	29627000	29627200	U	U	U	U
chr22	29629200	29629400	U	U	U	U
chr22	29629600	29629800	U	U	U	U
chr22	29634800	29635000	U	U	U	U
chr22	29637200	29637400	U	U	U	U
chr22	29637600	29637800	U	U	U	U
chr22	29638800	29639000	U	U	U	U
chr22	29645000	29645200	U	U	U	U
chr22	29651600	29651800	U	U	U	U
chr22	29655000	29655200	U	U	U	U
chr22	29659000	29659200	U	U	U	U
chr22	29659600	29659800	U	U	U	U
chr22	29659800	29660000	U	U	U	U
chr22	29663000	29663200	U	U	U	U
chr22	29664600	29664800	U	U	U	U
chr22	29668200	29668400	U	U	U	U
chr22	29668600	29668800	U	U	U	U
chr22	29673000	29673200	U	U	U	U
chr22	29673200	29673400	U	U	U	U
chr22	29673400	29673600	U	U	U	U
chr22	29674200	29674400	U	U	U	U
chr22	29674800	29675000	U	U	U	U
chr22	29678600	29678800	U	U	U	U
chr22	29681600	29681800	U	U	U	U
chr22	29682000	29682200	U	U	U	U
chr22	29683600	29683800	U	U	U	U
chr22	29689600	29689800	B	U	U	U
chr22	29691200	29691400	U	U	U	U
chr22	29692200	29692400	U	U	U	U
chr22	29695000	29695200	U	U	U	U
chr22	29695400	29695600	U	U	U	U
chr22	29697200	29697400	U	U	U	U
chr22	29700200	29700400	U	U	U	U
chr22	29700600	29700800	U	U	U	U
chr22	29700800	29701000	U	U	U	U
chr22	29703800	29704000	U	U	U	U
chr22	29704800	29705000	U	U	U	U
chr22	29716400	29716600	B	U	U	U
chr22	29717000	29717200	B	U	B	U
chr22	29718600	29718800	U	U	U	U
chr22	29720800	29721000	U	U	U	U
chr22	29721600	29721800	U	U	U	U
chr22	29726200	29726400	B	U	U	U
chr22	29727600	29727800	B	U	U	U
chr22	29735000	29735200	U	U	U	U
chr22	29737400	29737600	U	U	U	U
chr22	29738000	29738200	U	U	U	U
chr22	29740800	29741000	U	U	U	U
chr22	29744400	29744600	U	U	U	U
chr22	29747600	29747800	U	U	U	U
chr22	29769600	29769800	U	U	U	U
chr22	29770000	29770200	U	U	U	U
chr22	29773400	29773600	U	U	U	U
chr22	29775800	29776000	U	U	U	U
chr22	29781000	29781200	B	U	B	B
chr22	29784600	29784800	U	U	U	U
chr22	29784800	29785000	U	U	U	U
chr22	29785800	29786000	U	U	U	U
chr22	29788600	29788800	U	U	U	U
chr22	29789400	29789600	U	U	U	U
chr22	29790400	29790600	U	U	U	U
chr22	29793400	29793600	U	U	U	U
chr22	29799000	29799200	B	U	B	B
chr22	29799400	29799600	B	U	B	B
chr22	29822200	29822400	U	U	U	U
chr22	29831800	29832000	U	U	U	U
chr22	29832000	29832200	U	U	U	U
chr22	29832200	29832400	U	U	U	U
chr22	29852800	29853000	U	U	U	U
chr22	29855800	29856000	U	U	U	U
chr22	29872800	29873000	U	U	U	U
chr22	29878200	29878400	U	U	U	U
chr22	29884000	29884200	B	U	U	U
chr22	29886800	29887000	U	U	U	U
chr22	29892800	29893000	U	U	U	U
chr22	29894200	29894400	U	U	U	U
chr22	29899000	29899200	U	U	U	U
chr22	29901000	29901200	U	U	U	U
chr22	29901200	29901400	U	U	U	U
chr22	29939200	29939400	U	U	U	U
chr22	29947000	29947200	U	U	U	U
chr22	29951200	29951400	U	U	U	U
chr22	29951400	29951600	U	U	U	U
chr22	29953200	29953400	U	U	U	U
chr22	29958800	29959000	U	U	U	U
chr22	29971200	29971400	U	U	U	U
chr22	29972200	29972400	U	U	U	U
chr22	29974200	29974400	U	U	U	U
chr22	29984200	29984400	U	U	U	U
chr22	29986000	29986200	U	U	U	U
chr22	29992600	29992800	U	U	U	U
chr22	29994600	29994800	B	U	U	U
chr22	29995400	29995600	B	U	U	U
chr22	29996200	29996400	U	U	U	U
chr22	30000800	30001000	U	U	U	U
chr22	30002200	30002400	U	U	U	U
chr22	30004200	30004400	U	U	U	U
chr22	30007000	30007200	U	U	U	U
chr22	30007600	30007800	U	U	U	U
chr22	30008600	30008800	U	U	U	U
chr22	30009400	30009600	U	U	U	U
chr22	30016200	30016400	U	U	U	U
chr22	30017400	30017600	U	U	U	U
chr22	30020000	30020200	U	U	U	U
chr22	30020800	30021000	U	U	U	U
chr22	30021000	30021200	U	U	U	U
chr22	30023400	30023600	U	U	U	U
chr22	30025200	30025400	U	U	U	U
chr22	30027000	30027200	U	U	U	U
chr22	30027400	30027600	U	U	U	U
chr22	30028400	30028600	U	U	U	U
chr22	30030200	30030400	U	U	U	U
chr22	30030400	30030600	U	U	U	U
chr22	30031400	30031600	U	U	U	U
chr22	30033400	30033600	U	U	U	U
chr22	30035600	30035800	U	U	U	U
chr22	30036600	30036800	U	U	U	U
chr22	30044000	30044200	U	U	U	U
chr22	30044400	30044600	U	U	U	U
chr22	30048400	30048600	U	U	U	U
chr22	30062800	30063000	U	U	U	U
chr22	30074800	30075000	U	U	U	U
chr22	30075200	30075400	U	U	U	U
chr22	30076400	30076600	U	U	U	U
chr22	30077000	30077200	U	U	U	U
chr22	30080000	30080200	U	U	U	U
chr22	30080600	30080800	U	U	U	U
chr22	30088400	30088600	U	U	U	U
chr22	30093400	30093600	U	U	U	U
chr22	30094600	30094800	U	U	U	U
chr22	30106400	30106600	U	U	U	U
chr22	30112800	30113000	U	U	U	U
chr22	30113600	30113800	U	U	U	U
chr22	30117000	30117200	U	U	U	U
chr22	30119000	30119200	U	U	U	U
chr22	30121400	30121600	U	U	U	U
chr22	30121800	30122000	U	U	U	U
chr22	30122400	30122600	U	U	U	U
chr22	30133200	30133400	U	U	U	U
chr22	30136800	30137000	U	U	U	U
chr22	30151400	30151600	U	U	U	U
chr22	30156000	30156200	U	U	U	U
chr22	30156800	30157000	U	U	U	U
chr22	30157000	30157200	U	U	U	U
chr22	30159000	30159200	U	U	U	U
chr22	30160000	30160200	U	U	U	U
chr22	30161200	30161400	U	U	U	U
chr22	30167600	30167800	U	U	U	U
chr22	30174200	30174400	U	U	U	U
chr22	30178800	30179000	U	U	U	U
chr22	30179200	30179400	U	U	U	U
chr22	30184400	30184600	U	U	U	U
chr22	30189600	30189800	U	U	U	U
chr22	30196600	30196800	B	U	U	B
chr22	30196800	30197000	B	U	U	U
chr22	30197600	30197800	U	U	U	U
chr22	30198600	30198800	U	U	U	U
chr22	30199200	30199400	U	U	U	U
chr22	30199400	30199600	U	U	U	U
chr22	30204000	30204200	U	U	U	U
chr22	30204800	30205000	U	U	U	U
chr22	30209200	30209400	B	U	B	U
chr22	30229000	30229200	U	U	U	U
chr22	30233000	30233200	U	U	U	U
chr22	30242600	30242800	U	U	U	U
chr22	30242800	30243000	U	U	U	U
chr22	30243000	30243200	U	U	U	U
chr22	30246000	30246200	U	U	U	U
chr22	30247600	30247800	U	U	U	U
chr22	30248800	30249000	U	U	U	U
chr22	30250400	30250600	U	U	U	U
chr22	30252600	30252800	U	U	U	U
chr22	30253600	30253800	U	U	U	U
chr22	30253800	30254000	U	U	U	U
chr22	30254600	30254800	U	U	U	U
chr22	30259800	30260000	U	U	U	U
chr22	30260400	30260600	U	U	U	U
chr22	30263800	30264000	U	U	U	U
chr22	30265000	30265200	U	U	U	U
chr22	30266000	30266200	U	U	U	U
chr22	30266400	30266600	U	U	U	U
chr22	30277800	30278000	U	U	U	U
chr22	30282400	30282600	U	U	U	U
chr22	30283400	30283600	U	U	U	U
chr22	30285200	30285400	U	U	U	U
chr22	30290200	30290400	U	U	U	U
chr22	30293400	30293600	U	U	U	U
chr22	30298200	30298400	U	U	U	U
chr22	30298800	30299000	U	U	U	U
chr22	30304200	30304400	U	U	U	U
chr22	30315000	30315200	U	U	U	U
chr22	30318000	30318200	U	U	U	U
chr22	30318200	30318400	U	U	U	U
chr22	30321000	30321200	U	U	U	U
chr22	30325800	30326000	U	U	U	U
chr22	30330800	30331000	U	U	U	U
chr22	30332200	30332400	U	U	U	U
chr22	30333800	30334000	U	U	U	U
chr22	30338800	30339000	U	U	U	U
chr22	30340800	30341000	U	U	U	U
chr22	30342400	30342600	U	U	U	U
chr22	30344600	30344800	U	U	U	U
chr22	30344800	30345000	U	U	U	U
chr22	30356600	30356800	B	U	U	U
chr22	30358600	30358800	U	U	U	U
chr22	30366000	30366200	U	U	U	U
chr22	30368200	30368400	U	U	U	U
chr22	30370400	30370600	U	U	U	U
chr22	30372200	30372400	U	U	U	U
chr22	30376200	30376400	U	U	U	U
chr22	30376600	30376800	U	U	U	U
chr22	30380200	30380400	U	U	U	U
chr22	30384400	30384600	U	U	U	U
chr22	30386400	30386600	U	U	U	U
chr22	30390400	30390600	U	U	U	U
chr22	30394000	30394200	U	U	U	U
chr22	30399000	30399200	U	U	U	U
chr22	30402000	30402200	B	U	U	U
chr22	30402200	30402400	B	U	U	U
chr22	30414400	30414600	U	U	U	U
chr22	30418400	30418600	U	U	U	U
chr22	30420600	30420800	U	U	U	U
chr22	30422600	30422800	U	U	U	U
chr22	30423000	30423200	B	U	U	U
chr22	30423400	30423600	B	U	U	U
chr22	30425800	30426000	B	U	U	U
chr22	30429600	30429800	U	U	U	U
chr22	30434800	30435000	U	U	U	U
chr22	30444000	30444200	U	U	U	U
chr22	30444600	30444800	B	U	U	U
chr22	30455600	30455800	U	U	U	U
chr22	30458000	30458200	U	U	U	U
chr22	30460200	30460400	U	U	U	U
chr22	30464200	30464400	U	U	U	U
chr22	30471400	30471600	U	U	U	U
chr22	30472000	30472200	U	U	U	U
chr22	30481400	30481600	U	U	U	U
chr22	30483800	30484000	U	U	U	U
chr22	30485800	30486000	B	U	U	U
chr22	30486800	30487000	U	U	U	U
chr22	30492400	30492600	U	U	U	U
chr22	30495200	30495400	U	U	U	U
chr22	30495400	30495600	U	U	U	U
chr22	30505600	30505800	U	U	U	U
chr22	30514200	30514400	U	U	U	U
chr22	30525000	30525200	U	U	U	U
chr22	30525200	30525400	U	U	U	U
chr22	30526000	30526200	U	U	U	U
chr22	30532800	30533000	U	U	U	U
chr22	30543000	30543200	B	U	U	U
chr22	30548000	30548200	U	U	U	U
chr22	30549400	30549600	U	U	U	U
chr22	30555400	30555600	U	U	U	U
chr22	30575800	30576000	U	U	U	U
chr22	30576200	30576400	U	U	U	U
chr22	30578400	30578600	U	U	U	U
chr22	30578600	30578800	U	U	U	U
chr22	30580000	30580200	U	U	U	U
chr22	30580200	30580400	U	U	U	U
chr22	30580600	30580800	U	U	U	U
chr22	30581000	30581200	U	U	U	U
chr22	30581800	30582000	U	U	U	U
chr22	30584600	30584800	U	U	U	U
chr22	30585400	30585600	U	U	U	U
chr22	30585800	30586000	U	U	U	U
chr22	30587400	30587600	U	U	U	U
chr22	30589000	30589200	U	U	U	U
chr22	30590400	30590600	U	U	U	U
chr22	30591800	30592000	B	U	U	U
chr22	30592000	30592200	B	U	U	U
chr22	30606800	30607000	B	U	B	U
chr22	30609800	30610000	B	U	U	U
chr22	30613800	30614000	U	U	U	U
chr22	30614400	30614600	U	U	U	U
chr22	30615400	30615600	U	U	U	U
chr22	30617400	30617600	U	U	U	U
chr22	30620400	30620600	U	U	U	U
chr22	30626800	30627000	U	U	U	U
chr22	30628000	30628200	U	U	U	U
chr22	30640400	30640600	U	U	U	U
chr22	30644200	30644400	U	U	U	U
chr22	30649600	30649800	B	U	U	U
chr22	30661800	30662000	U	U	U	U
chr22	30663000	30663200	U	U	U	U
chr22	30663200	30663400	U	U	U	U
chr22	30663400	30663600	U	U	U	U
chr22	30664600	30664800	U	U	U	U
chr22	30674000	30674200	B	U	U	U
chr22	30674200	30674400	B	U	U	U
chr22	30684000	30684200	U	U	U	U
chr22	30695800	30696000	U	U	U	U
chr22	30697600	30697800	U	U	U	U
chr22	30700600	30700800	U	U	U	U
chr22	30705000	30705200	U	U	U	U
chr22	30706200	30706400	U	U	U	U
chr22	30706800	30707000	U	U	U	U
chr22	30711800	30712000	U	U	U	U
chr22	30721600	30721800	U	U	U	U
chr22	30734600	30734800	U	U	U	U
chr22	30740800	30741000	U	U	U	U
chr22	30741000	30741200	U	U	U	U
chr22	30741400	30741600	U	U	U	U
chr22	30743200	30743400	U	U	U	U
chr22	30753600	30753800	U	U	U	U
chr22	30756000	30756200	B	U	U	U
chr22	30762600	30762800	U	U	U	U
chr22	30764400	30764600	U	U	U	U
chr22	30772000	30772200	U	U	U	U
chr22	30772400	30772600	U	U	U	U
chr22	30777600	30777800	U	U	U	U
chr22	30789600	30789800	U	U	U	U
chr22	30796200	30796400	U	U	U	U
chr22	30799800	30800000	U	U	U	U
chr22	30803400	30803600	U	U	U	U
chr22	30804600	30804800	U	U	U	U
chr22	30804800	30805000	U	U	U	U
chr22	30807200	30807400	U	U	U	U
chr22	30807400	30807600	U	U	U	U
chr22	30813600	30813800	U	U	U	U
chr22	30815400	30815600	U	U	U	U
chr22	30817400	30817600	U	U	U	U
chr22	30818600	30818800	U	U	U	U
chr22	30818800	30819000	U	U	U	U
chr22	30819800	30820000	U	U	U	U
chr22	30822800	30823000	U	U	U	U
chr22	30823200	30823400	B	U	U	U
chr22	30824200	30824400	U	U	U	U
chr22	30824600	30824800	U	U	U	U
chr22	30825600	30825800	U	U	U	U
chr22	30825800	30826000	U	U	U	U
chr22	30828600	30828800	U	U	U	U
chr22	30828800	30829000	U	U	U	U
chr22	30830000	30830200	U	U	U	U
chr22	30831200	30831400	U	U	U	U
chr22	30855600	30855800	U	U	U	U
chr22	30859600	30859800	U	U	U	U
chr22	30861000	30861200	U	U	U	U
chr22	30863600	30863800	B	U	U	U
chr22	30865000	30865200	U	U	U	U
chr22	30869000	30869200	U	U	U	U
chr22	30870200	30870400	U	U	U	U
chr22	30871000	30871200	U	U	U	U
chr22	30871200	30871400	U	U	U	U
chr22	30871600	30871800	U	U	U	U
chr22	30871800	30872000	U	U	U	U
chr22	30872200	30872400	B	U	U	U
chr22	30872600	30872800	B	U	U	U
chr22	30876800	30877000	U	U	U	U
chr22	30877400	30877600	U	U	U	U
chr22	30877600	30877800	U	U	U	U
chr22	30877800	30878000	U	U	U	U
chr22	30879400	30879600	U	U	U	U
chr22	30881600	30881800	B	U	U	B
chr22	30882000	30882200	B	U	U	U
chr22	30882600	30882800	B	U	U	U
chr22	30883800	30884000	U	U	U	U
chr22	30885800	30886000	U	U	U	U
chr22	30888200	30888400	U	U	U	U
chr22	30892000	30892200	U	U	U	U
chr22	30892800	30893000	U	U	U	U
chr22	30902200	30902400	U	U	U	U
chr22	30902600	30902800	U	U	U	U
chr22	30902800	30903000	U	U	U	U
chr22	30903200	30903400	U	U	U	U
chr22	30904200	30904400	U	U	U	U
chr22	30905600	30905800	U	U	U	U
chr22	30906200	30906400	U	U	U	U
chr22	30906400	30906600	U	U	U	U
chr22	30923200	30923400	U	U	U	U
chr22	30925200	30925400	U	U	U	U
chr22	30925400	30925600	U	U	U	U
chr22	30927800	30928000	U	U	U	U
chr22	30928000	30928200	U	U	U	U
chr22	30930600	30930800	U	U	U	U
chr22	30930800	30931000	U	U	U	U
chr22	30932200	30932400	U	U	U	U
chr22	30933000	30933200	U	U	U	U
chr22	30933200	30933400	U	U	U	U
chr22	30934600	30934800	U	U	U	U
chr22	30934800	30935000	U	U	U	U
chr22	30935200	30935400	U	U	U	U
chr22	30937400	30937600	U	U	U	U
chr22	30939400	30939600	U	U	U	U
chr22	30940200	30940400	U	U	U	U
chr22	30941400	30941600	U	U	U	U
chr22	30942000	30942200	U	U	U	U
chr22	30946200	30946400	U	U	U	U
chr22	30946800	30947000	U	U	U	U
chr22	30949000	30949200	U	U	U	U
chr22	30950000	30950200	U	U	U	U
chr22	30951000	30951200	U	U	U	U
chr22	30952000	30952200	U	U	U	U
chr22	30956800	30957000	U	U	U	U
chr22	30958200	30958400	U	U	U	U
chr22	30959200	30959400	U	U	U	U
chr22	30959600	30959800	U	U	U	U
chr22	30965600	30965800	U	U	U	U
chr22	30967800	30968000	U	U	U	U
chr22	30968600	30968800	B	U	B	U
chr22	30969000	30969200	B	U	B	U
chr22	30969200	30969400	B	U	B	U
chr22	30971400	30971600	U	U	U	U
chr22	30975800	30976000	U	U	U	U
chr22	30976400	30976600	U	U	U	U
chr22	30978200	30978400	U	U	U	U
chr22	30993000	30993200	U	U	U	U
chr22	31002400	31002600	U	U	U	U
chr22	31033200	31033400	U	U	U	U
chr22	31039600	31039800	U	U	U	U
chr22	31045600	31045800	U	U	U	U
chr22	31046400	31046600	B	U	U	U
chr22	31046600	31046800	B	U	U	U
chr22	31056800	31057000	U	U	U	U
chr22	31079200	31079400	U	U	U	U
chr22	31080800	31081000	B	U	U	U
chr22	31081400	31081600	B	U	U	U
chr22	31084400	31084600	U	U	U	U
chr22	31084600	31084800	B	U	U	U
chr22	31087000	31087200	U	U	U	U
chr22	31088000	31088200	U	U	U	U
chr22	31088600	31088800	U	U	U	U
chr22	31091400	31091600	U	U	U	U
chr22	31092600	31092800	U	U	U	U
chr22	31093400	31093600	U	U	U	U
chr22	31095200	31095400	U	U	U	U
chr22	31098400	31098600	B	U	U	U
chr22	31098600	31098800	B	U	U	U
chr22	31099400	31099600	U	U	U	U
chr22	31104200	31104400	U	U	U	U
chr22	31104600	31104800	U	U	U	U
chr22	31105000	31105200	U	U	U	U
chr22	31113000	31113200	U	U	U	U
chr22	31118000	31118200	U	U	U	U
chr22	31118200	31118400	U	U	U	U
chr22	31118800	31119000	U	U	U	U
chr22	31119000	31119200	U	U	U	U
chr22	31122200	31122400	U	U	U	U
chr22	31125000	31125200	U	U	U	U
chr22	31125400	31125600	U	U	U	U
chr22	31125800	31126000	U	U	U	U
chr22	31126400	31126600	U	U	U	U
chr22	31127200	31127400	B	U	U	U
chr22	31128200	31128400	U	U	U	U
chr22	31128400	31128600	U	U	U	U
chr22	31133800	31134000	U	U	U	U
chr22	31136800	31137000	U	U	U	U
chr22	31153600	31153800	U	U	U	U
chr22	31156000	31156200	U	U	U	U
chr22	31156200	31156400	U	U	U	U
chr22	31160200	31160400	B	U	B	B
chr22	31178200	31178400	U	U	U	U
chr22	31185000	31185200	U	U	U	U
chr22	31186800	31187000	U	U	U	U
chr22	31196000	31196200	U	U	U	U
chr22	31196400	31196600	U	U	U	U
chr22	31201000	31201200	U	U	U	U
chr22	31204800	31205000	U	U	U	U
chr22	31205200	31205400	U	U	U	U
chr22	31206800	31207000	U	U	U	U
chr22	31213000	31213200	U	U	U	U
chr22	31213200	31213400	U	U	U	U
chr22	31213400	31213600	U	U	U	U
chr22	31216400	31216600	U	U	U	U
chr22	31216800	31217000	U	U	U	U
chr22	31237600	31237800	U	U	U	U
chr22	31240000	31240200	U	U	U	U
chr22	31240200	31240400	U	U	U	U
chr22	31243400	31243600	U	U	U	U
chr22	31247000	31247200	U	U	U	U
chr22	31248000	31248200	B	U	U	U
chr22	31251000	31251200	U	U	U	U
chr22	31255400	31255600	U	U	U	U
chr22	31258200	31258400	U	U	U	U
chr22	31259000	31259200	U	U	U	U
chr22	31262000	31262200	U	U	U	U
chr22	31262200	31262400	U	U	U	U
chr22	31262400	31262600	U	U	U	U
chr22	31265600	31265800	U	U	U	U
chr22	31266200	31266400	U	U	U	U
chr22	31267200	31267400	U	U	U	U
chr22	31267800	31268000	U	U	U	U
chr22	31270000	31270200	U	U	U	U
chr22	31270400	31270600	U	U	U	U
chr22	31271000	31271200	U	U	U	U
chr22	31271200	31271400	U	U	U	U
chr22	31272600	31272800	B	U	U	U
chr22	31274800	31275000	U	U	U	U
chr22	31278600	31278800	U	U	U	U
chr22	31280200	31280400	U	U	U	U
chr22	31284400	31284600	U	U	U	U
chr22	31286600	31286800	U	U	U	U
chr22	31293600	31293800	U	U	U	U
chr22	31301600	31301800	U	U	U	U
chr22	31302200	31302400	U	U	U	U
chr22	31313600	31313800	B	U	B	U
chr22	31313800	31314000	U	U	U	U
chr22	31314800	31315000	U	U	U	U
chr22	31321400	31321600	U	U	U	U
chr22	31326200	31326400	U	U	U	U
chr22	31326600	31326800	U	U	U	U
chr22	31328200	31328400	U	U	U	U
chr22	31328800	31329000	U	U	U	U
chr22	31329000	31329200	U	U	U	U
chr22	31329400	31329600	U	U	U	U
chr22	31329800	31330000	U	U	U	U
chr22	31330800	31331000	U	U	U	U
chr22	31336000	31336200	U	U	U	U
chr22	31339600	31339800	U	U	U	U
chr22	31340400	31340600	U	U	U	U
chr22	31341600	31341800	U	U	U	U
chr22	31342000	31342200	U	U	U	U
chr22	31342200	31342400	U	U	U	U
chr22	31360400	31360600	U	U	U	U
chr22	31399200	31399400	B	U	U	U
chr22	31399800	31400000	B	U	U	U
chr22	31400600	31400800	U	U	U	U
chr22	31425200	31425400	U	U	U	U
chr22	31433600	31433800	U	U	U	U
chr22	31435200	31435400	U	U	U	U
chr22	31437000	31437200	U	U	U	U
chr22	31437800	31438000	U	U	U	U
chr22	31438400	31438600	U	U	U	U
chr22	31441600	31441800	U	U	U	U
chr22	31442200	31442400	U	U	U	U
chr22	31443600	31443800	U	U	U	U
chr22	31445200	31445400	U	U	U	U
chr22	31448400	31448600	U	U	U	U
chr22	31448800	31449000	U	U	U	U
chr22	31450200	31450400	U	U	U	U
chr22	31454600	31454800	U	U	U	U
chr22	31455800	31456000	U	U	U	U
chr22	31457000	31457200	U	U	U	U
chr22	31458400	31458600	U	U	U	U
chr22	31483800	31484000	U	U	U	U
chr22	31487200	31487400	U	U	U	U
chr22	31489200	31489400	B	U	U	U
chr22	31489400	31489600	B	U	U	U
chr22	31492400	31492600	U	U	U	U
chr22	31504200	31504400	U	U	U	U
chr22	31530800	31531000	U	U	U	U
chr22	31544200	31544400	U	U	U	U
chr22	31573000	31573200	U	U	U	U
chr22	31584200	31584400	U	U	U	U
chr22	31585200	31585400	B	U	U	B
chr22	31589400	31589600	U	U	U	U
chr22	31603400	31603600	B	U	U	B
chr22	31603600	31603800	B	U	U	U
chr22	31606200	31606400	U	U	U	U
chr22	31609600	31609800	U	U	U	U
chr22	31611400	31611600	U	U	U	U
chr22	31611800	31612000	U	U	U	U
chr22	31613600	31613800	U	U	U	U
chr22	31614000	31614200	U	U	U	U
chr22	31614600	31614800	U	U	U	U
chr22	31614800	31615000	U	U	U	U
chr22	31616200	31616400	U	U	U	U
chr22	31617000	31617200	U	U	U	U
chr22	31620600	31620800	U	U	U	U
chr22	31620800	31621000	U	U	U	U
chr22	31623800	31624000	U	U	U	U
chr22	31624000	31624200	U	U	U	U
chr22	31625400	31625600	U	U	U	U
chr22	31627000	31627200	B	U	U	U
chr22	31630000	31630200	U	U	U	U
chr22	31636200	31636400	U	U	U	U
chr22	31637800	31638000	U	U	U	U
chr22	31638000	31638200	U	U	U	U
chr22	31647800	31648000	U	U	U	U
chr22	31648000	31648200	U	U	U	U
chr22	31651800	31652000	U	U	U	U
chr22	31661800	31662000	B	U	U	U
chr22	31662600	31662800	B	U	U	U
chr22	31671200	31671400	U	U	B	U
chr22	31680000	31680200	U	U	U	U
chr22	31681600	31681800	U	U	U	U
chr22	31681800	31682000	U	U	U	U
chr22	31683600	31683800	U	U	U	U
chr22	31683800	31684000	U	U	U	U
chr22	31704200	31704400	U	U	U	U
chr22	31704400	31704600	U	U	U	U
chr22	31710800	31711000	U	U	U	U
chr22	31712600	31712800	U	U	U	U
chr22	31713000	31713200	U	U	U	U
chr22	31713400	31713600	U	U	U	U
chr22	31713600	31713800	U	U	U	U
chr22	31714600	31714800	U	U	U	U
chr22	31717200	31717400	U	U	U	U
chr22	31717400	31717600	U	U	U	U
chr22	31723400	31723600	U	U	U	U
chr22	31726600	31726800	U	U	U	U
chr22	31728800	31729000	U	U	U	U
chr22	31746400	31746600	U	U	U	U
chr22	31752000	31752200	U	U	U	U
chr22	31753800	31754000	B	U	U	B
chr22	31755200	31755400	U	U	B	U
chr22	31797600	31797800	U	U	U	U
chr22	31805000	31805200	U	U	U	U
chr22	31821400	31821600	U	U	U	U
chr22	31821800	31822000	U	U	U	U
chr22	31826400	31826600	U	U	U	U
chr22	31835600	31835800	U	U	U	U
chr22	31843600	31843800	U	U	U	U
chr22	31851200	31851400	U	U	U	U
chr22	31860400	31860600	U	U	U	U
chr22	31860800	31861000	U	U	U	U
chr22	31861400	31861600	U	U	U	U
chr22	31861600	31861800	U	U	U	U
chr22	31875000	31875200	U	U	U	U
chr22	31876000	31876200	U	U	U	U
chr22	31876200	31876400	U	U	U	U
chr22	31876400	31876600	U	U	U	U
chr22	31879600	31879800	U	U	U	U
chr22	31882200	31882400	U	U	U	U
chr22	31888000	31888200	U	U	U	U
chr22	31889200	31889400	U	U	U	U
chr22	31891400	31891600	B	U	U	B
chr22	31891800	31892000	B	U	U	U
chr22	31896000	31896200	B	U	U	B
chr22	31901600	31901800	B	U	U	B
chr22	31903800	31904000	U	U	U	U
chr22	31905600	31905800	U	U	U	U
chr22	31907000	31907200	U	U	U	U
chr22	31910200	31910400	U	U	U	U
chr22	31926800	31927000	U	U	U	U
chr22	31929000	31929200	U	U	U	U
chr22	31936000	31936200	B	U	U	U
chr22	31945000	31945200	B	U	U	U
chr22	31946000	31946200	U	U	U	U
chr22	31946800	31947000	U	U	U	U
chr22	31947000	31947200	B	U	U	U
chr22	31947600	31947800	U	U	U	U
chr22	31947800	31948000	U	U	U	U
chr22	31948000	31948200	U	U	U	U
chr22	31951800	31952000	U	U	U	U
chr22	31955000	31955200	U	U	U	U
chr22	31956000	31956200	U	U	U	U
chr22	31956800	31957000	U	U	U	U
chr22	31957000	31957200	U	U	U	U
chr22	31958000	31958200	U	U	U	U
chr22	31962800	31963000	U	U	U	U
chr22	31978200	31978400	U	U	U	U
chr22	31984000	31984200	U	U	U	U
chr22	31987400	31987600	U	U	U	U
chr22	32005600	32005800	U	U	U	U
chr22	32016000	32016200	U	U	U	U
chr22	32024000	32024200	U	U	U	U
chr22	32040200	32040400	U	U	U	U
chr22	32040400	32040600	U	U	U	U
chr22	32045200	32045400	U	U	U	U
chr22	32050600	32050800	B	U	U	U
chr22	32052000	32052200	U	U	U	U
chr22	32056600	32056800	U	U	U	U
chr22	32063600	32063800	U	U	U	U
chr22	32071600	32071800	U	U	U	U
chr22	32076400	32076600	U	U	U	U
chr22	32079400	32079600	U	U	U	U
chr22	32079800	32080000	U	U	U	U
chr22	32082000	32082200	U	U	U	U
chr22	32086400	32086600	U	U	U	U
chr22	32097000	32097200	U	U	U	U
chr22	32099200	32099400	U	U	U	U
chr22	32099800	32100000	U	U	U	U
chr22	32101000	32101200	U	U	U	U
chr22	32101400	32101600	U	U	U	U
chr22	32114000	32114200	U	U	U	U
chr22	32115200	32115400	U	U	U	U
chr22	32125800	32126000	U	U	U	U
chr22	32129600	32129800	U	U	U	U
chr22	32129800	32130000	U	U	U	U
chr22	32136600	32136800	U	U	U	U
chr22	32140800	32141000	B	U	U	U
chr22	32142000	32142200	U	U	U	U
chr22	32157600	32157800	U	U	U	U
chr22	32158000	32158200	U	U	U	U
chr22	32161200	32161400	U	U	U	U
chr22	32162400	32162600	U	U	U	U
chr22	32165800	32166000	U	U	U	U
chr22	32171400	32171600	U	U	U	U
chr22	32185200	32185400	U	U	U	U
chr22	32187400	32187600	U	U	U	U
chr22	32191200	32191400	U	U	U	U
chr22	32191800	32192000	U	U	U	U
chr22	32192000	32192200	U	U	U	U
chr22	32192800	32193000	U	U	U	U
chr22	32194600	32194800	U	U	U	U
chr22	32197000	32197200	U	U	U	U
chr22	32198000	32198200	U	U	U	U
chr22	32200200	32200400	U	U	U	U
chr22	32201400	32201600	U	U	U	U
chr22	32201600	32201800	U	U	U	U
chr22	32202800	32203000	B	U	U	U
chr22	32207600	32207800	U	U	U	U
chr22	32210600	32210800	U	U	U	U
chr22	32211800	32212000	U	U	U	U
chr22	32212000	32212200	U	U	U	U
chr22	32225600	32225800	U	U	U	U
chr22	32231000	32231200	U	U	U	U
chr22	32235000	32235200	U	U	U	U
chr22	32235200	32235400	U	U	U	U
chr22	32238600	32238800	U	U	U	U
chr22	32238800	32239000	U	U	U	U
chr22	32247400	32247600	U	U	U	U
chr22	32247800	32248000	U	U	U	U
chr22	32248000	32248200	U	U	U	U
chr22	32249400	32249600	U	U	U	U
chr22	32254200	32254400	U	U	U	U
chr22	32255200	32255400	U	U	U	U
chr22	32260200	32260400	U	U	U	U
chr22	32264800	32265000	U	U	U	U
chr22	32270600	32270800	U	U	U	U
chr22	32271800	32272000	U	U	U	U
chr22	32272400	32272600	U	U	U	U
chr22	32272600	32272800	U	U	U	U
chr22	32272800	32273000	U	U	U	U
chr22	32305800	32306000	U	U	U	U
chr22	32306600	32306800	U	U	U	U
chr22	32308200	32308400	U	U	U	U
chr22	32308400	32308600	U	U	U	U
chr22	32322000	32322200	U	U	U	U
chr22	32323800	32324000	U	U	U	U
chr22	32326000	32326200	U	U	U	U
chr22	32331800	32332000	U	U	U	U
chr22	32335800	32336000	U	U	U	U
chr22	32342600	32342800	U	U	U	U
chr22	32343800	32344000	U	U	U	U
chr22	32344200	32344400	U	U	U	U
chr22	32344400	32344600	U	U	U	U
chr22	32344800	32345000	U	U	U	U
chr22	32353200	32353400	U	U	U	U
chr22	32356600	32356800	U	U	U	U
chr22	32359200	32359400	U	U	U	U
chr22	32360400	32360600	U	U	U	U
chr22	32363800	32364000	U	U	U	U
chr22	32364200	32364400	U	U	U	U
chr22	32367600	32367800	U	U	U	U
chr22	32373200	32373400	U	U	U	U
chr22	32373600	32373800	U	U	U	U
chr22	32376600	32376800	U	U	U	U
chr22	32380200	32380400	U	U	U	U
chr22	32384000	32384200	U	U	U	U
chr22	32384200	32384400	U	U	U	U
chr22	32386400	32386600	U	U	U	U
chr22	32395000	32395200	U	U	U	U
chr22	32400200	32400400	U	U	U	U
chr22	32400600	32400800	U	U	U	U
chr22	32407200	32407400	U	U	U	U
chr22	32411400	32411600	B	U	U	U
chr22	32411600	32411800	B	U	U	U
chr22	32418800	32419000	U	U	U	U
chr22	32421000	32421200	U	U	U	U
chr22	32431600	32431800	U	U	U	U
chr22	32439400	32439600	U	U	U	U
chr22	32444800	32445000	U	U	U	U
chr22	32454400	32454600	U	U	U	U
chr22	32457000	32457200	U	U	U	U
chr22	32475200	32475400	B	U	U	U
chr22	32475600	32475800	B	U	U	U
chr22	32476000	32476200	U	U	U	U
chr22	32477000	32477200	U	U	U	U
chr22	32477400	32477600	U	U	U	U
chr22	32477600	32477800	U	U	U	U
chr22	32479000	32479200	U	U	U	U
chr22	32479800	32480000	U	U	U	U
chr22	32481000	32481200	U	U	U	U
chr22	32481400	32481600	U	U	U	U
chr22	32485600	32485800	U	U	U	U
chr22	32488600	32488800	U	U	U	U
chr22	32493600	32493800	U	U	U	U
chr22	32499600	32499800	U	U	U	U
chr22	32502000	32502200	U	U	U	U
chr22	32502200	32502400	U	U	U	U
chr22	32509200	32509400	U	U	U	U
chr22	32512200	32512400	U	U	U	U
chr22	32513000	32513200	U	U	U	U
chr22	32513200	32513400	U	U	U	U
chr22	32513400	32513600	U	U	U	U
chr22	32513600	32513800	U	U	U	U
chr22	32522200	32522400	U	U	U	U
chr22	32532600	32532800	B	U	B	B
chr22	32534600	32534800	U	U	U	U
chr22	32547400	32547600	U	U	U	U
chr22	32553600	32553800	U	U	U	U
chr22	32571000	32571200	U	U	U	U
chr22	32575600	32575800	U	U	U	U
chr22	32583200	32583400	U	U	U	U
chr22	32607600	32607800	U	U	U	U
chr22	32615600	32615800	U	U	U	U
chr22	32616400	32616600	U	U	U	U
chr22	32624200	32624400	U	U	U	U
chr22	32635600	32635800	U	U	U	U
chr22	32646400	32646600	U	U	U	U
chr22	32651600	32651800	U	U	U	U
chr22	32654000	32654200	U	U	U	U
chr22	32658400	32658600	U	U	U	U
chr22	32659200	32659400	U	U	U	U
chr22	32668600	32668800	U	U	U	U
chr22	32672200	32672400	U	U	U	U
chr22	32672400	32672600	U	U	U	U
chr22	32672600	32672800	U	U	U	U
chr22	32673200	32673400	U	U	U	U
chr22	32674000	32674200	U	U	U	U
chr22	32675600	32675800	U	U	U	U
chr22	32683200	32683400	U	U	U	U
chr22	32683800	32684000	U	U	U	U
chr22	32688400	32688600	U	U	U	U
chr22	32688600	32688800	U	U	U	U
chr22	32692200	32692400	U	U	U	U
chr22	32695600	32695800	U	U	U	U
chr22	32696800	32697000	U	U	U	U
chr22	32698800	32699000	U	U	U	U
chr22	32702600	32702800	U	U	U	U
chr22	32703000	32703200	U	U	U	U
chr22	32706600	32706800	U	U	U	U
chr22	32718000	32718200	U	U	U	U
chr22	32718200	32718400	U	U	U	U
chr22	32720600	32720800	U	U	U	U
chr22	32734000	32734200	U	U	U	U
chr22	32736800	32737000	U	U	U	U
chr22	32743200	32743400	U	U	U	U
chr22	32744200	32744400	U	U	U	U
chr22	32745800	32746000	U	U	U	U
chr22	32753400	32753600	U	U	U	U
chr22	32765800	32766000	U	U	U	U
chr22	32766600	32766800	U	U	U	U
chr22	32771800	32772000	U	U	U	U
chr22	32772000	32772200	U	U	U	U
chr22	32776800	32777000	U	U	U	U
chr22	32792600	32792800	U	U	U	U
chr22	32796600	32796800	U	U	U	U
chr22	32799600	32799800	U	U	U	U
chr22	32802400	32802600	U	U	U	U
chr22	32802600	32802800	U	U	U	U
chr22	32802800	32803000	U	U	U	U
chr22	32803000	32803200	U	U	U	U
chr22	32803400	32803600	U	U	U	U
chr22	32803600	32803800	U	U	U	U
chr22	32808200	32808400	U	U	U	U
chr22	32808600	32808800	U	U	U	U
chr22	32809800	32810000	U	U	U	U
chr22	32811200	32811400	U	U	U	U
chr22	32812600	32812800	U	U	U	U
chr22	32814600	32814800	U	U	U	U
chr22	32816000	32816200	U	U	U	U
chr22	32818600	32818800	U	U	U	U
chr22	32820600	32820800	U	U	U	U
chr22	32824600	32824800	U	U	U	U
chr22	32827200	32827400	U	U	U	U
chr22	32831400	32831600	U	U	U	U
chr22	32832000	32832200	U	U	U	U
chr22	32835800	32836000	U	U	U	U
chr22	32838600	32838800	U	U	U	U
chr22	32844200	32844400	U	U	U	U
chr22	32847200	32847400	U	U	U	U
chr22	32849000	32849200	U	U	U	U
chr22	32851000	32851200	U	U	U	U
chr22	32857400	32857600	U	U	U	U
chr22	32858000	32858200	U	U	U	U
chr22	32858400	32858600	U	U	U	U
chr22	32859400	32859600	U	U	U	U
chr22	32861000	32861200	U	U	U	U
chr22	32861800	32862000	U	U	U	U
chr22	32862400	32862600	U	U	U	U
chr22	32864200	32864400	U	U	U	U
chr22	32864600	32864800	U	U	U	U
chr22	32865800	32866000	U	U	U	U
chr22	32869000	32869200	U	U	U	U
chr22	32871200	32871400	U	U	U	U
chr22	32874600	32874800	U	U	U	U
chr22	32900200	32900400	U	U	U	U
chr22	32902000	32902200	U	U	U	U
chr22	32906000	32906200	U	U	U	U
chr22	32909800	32910000	U	U	U	U
chr22	32920000	32920200	U	U	U	U
chr22	32922000	32922200	U	U	U	U
chr22	32931200	32931400	U	U	U	U
chr22	32934000	32934200	U	U	U	U
chr22	32946800	32947000	U	U	U	U
chr22	32950400	32950600	U	U	U	U
chr22	32951800	32952000	U	U	U	U
chr22	32961400	32961600	U	U	U	U
chr22	32961600	32961800	U	U	U	U
chr22	32967200	32967400	U	U	U	U
chr22	32968000	32968200	U	U	U	U
chr22	32968200	32968400	U	U	U	U
chr22	32968400	32968600	U	U	U	U
chr22	32970600	32970800	U	U	U	U
chr22	32971400	32971600	U	U	U	U
chr22	32976200	32976400	U	U	U	U
chr22	32976400	32976600	U	U	U	U
chr22	32976800	32977000	U	U	U	U
chr22	32987000	32987200	U	U	U	U
chr22	32998400	32998600	U	U	U	U
chr22	33000600	33000800	B	U	U	U
chr22	33006400	33006600	U	U	U	U
chr22	33014800	33015000	U	U	U	U
chr22	33015600	33015800	U	U	U	U
chr22	33026400	33026600	U	U	U	U
chr22	33042600	33042800	U	U	U	U
chr22	33049600	33049800	U	U	U	U
chr22	33051400	33051600	U	U	U	U
chr22	33057400	33057600	U	U	U	U
chr22	33061400	33061600	U	U	U	U
chr22	33063400	33063600	U	U	U	U
chr22	33067000	33067200	U	U	U	U
chr22	33068000	33068200	U	U	U	U
chr22	33071800	33072000	U	U	U	U
chr22	33073200	33073400	U	U	U	U
chr22	33073400	33073600	U	U	U	U
chr22	33076200	33076400	U	U	B	U
chr22	33079800	33080000	U	U	U	U
chr22	33082200	33082400	U	U	U	U
chr22	33094200	33094400	U	U	U	U
chr22	33095600	33095800	U	U	U	U
chr22	33110600	33110800	U	U	U	U
chr22	33136600	33136800	U	U	U	U
chr22	33143000	33143200	U	U	U	U
chr22	33145000	33145200	U	U	U	U
chr22	33145200	33145400	U	U	U	U
chr22	33146000	33146200	U	U	U	U
chr22	33146400	33146600	U	U	U	U
chr22	33153400	33153600	U	U	U	U
chr22	33158400	33158600	U	U	U	U
chr22	33166800	33167000	U	U	U	U
chr22	33167000	33167200	U	U	U	U
chr22	33178600	33178800	U	U	U	U
chr22	33179600	33179800	U	U	U	U
chr22	33191600	33191800	U	U	U	U
chr22	33191800	33192000	U	U	U	U
chr22	33194200	33194400	U	U	U	U
chr22	33221600	33221800	U	U	U	U
chr22	33222200	33222400	U	U	U	U
chr22	33223800	33224000	U	U	U	U
chr22	33224800	33225000	U	U	U	U
chr22	33227800	33228000	U	U	U	U
chr22	33230400	33230600	U	U	U	U
chr22	33236400	33236600	U	U	U	U
chr22	33236800	33237000	U	U	U	U
chr22	33244600	33244800	U	U	U	U
chr22	33252800	33253000	U	U	U	U
chr22	33262200	33262400	U	U	U	U
chr22	33272600	33272800	U	U	U	U
chr22	33280400	33280600	U	U	U	U
chr22	33282600	33282800	U	U	U	U
chr22	33282800	33283000	U	U	U	U
chr22	33284200	33284400	U	U	U	U
chr22	33289600	33289800	U	U	U	U
chr22	33295400	33295600	U	U	U	U
chr22	33301200	33301400	U	U	U	U
chr22	33305600	33305800	U	U	U	U
chr22	33312600	33312800	U	U	U	U
chr22	33321600	33321800	U	U	U	U
chr22	33330600	33330800	U	U	U	U
chr22	33339200	33339400	U	U	U	U
chr22	33347800	33348000	U	U	U	U
chr22	33361400	33361600	U	U	U	U
chr22	33380000	33380200	U	U	U	U
chr22	33380400	33380600	U	U	U	U
chr22	33382400	33382600	U	U	U	U
chr22	33384000	33384200	U	U	U	U
chr22	33384800	33385000	U	U	U	U
chr22	33385000	33385200	U	U	U	U
chr22	33390000	33390200	U	U	U	U
chr22	33395400	33395600	U	U	U	U
chr22	33400200	33400400	U	U	U	U
chr22	33400400	33400600	U	U	U	U
chr22	33403400	33403600	U	U	U	U
chr22	33407400	33407600	U	U	U	U
chr22	33409200	33409400	U	U	U	U
chr22	33411000	33411200	U	U	U	U
chr22	33415200	33415400	U	U	U	U
chr22	33415600	33415800	U	U	U	U
chr22	33426600	33426800	U	U	U	U
chr22	33430600	33430800	U	U	U	U
chr22	33432600	33432800	U	U	U	U
chr22	33432800	33433000	U	U	U	U
chr22	33447400	33447600	U	U	U	U
chr22	33449400	33449600	U	U	U	U
chr22	33452800	33453000	U	U	U	U
chr22	33456600	33456800	U	U	U	U
chr22	33467200	33467400	U	U	U	U
chr22	33467600	33467800	U	U	U	U
chr22	33470600	33470800	U	U	U	U
chr22	33476800	33477000	U	U	U	U
chr22	33478800	33479000	U	U	U	U
chr22	33481800	33482000	U	U	U	U
chr22	33491200	33491400	U	U	U	U
chr22	33492200	33492400	U	U	U	U
chr22	33501000	33501200	U	U	U	U
chr22	33505000	33505200	U	U	U	U
chr22	33508600	33508800	U	U	U	U
chr22	33509800	33510000	U	U	U	U
chr22	33515600	33515800	U	U	U	U
chr22	33517800	33518000	U	U	U	U
chr22	33518800	33519000	U	U	U	U
chr22	33525200	33525400	U	U	U	U
chr22	33527400	33527600	U	U	U	U
chr22	33532200	33532400	U	U	U	U
chr22	33540400	33540600	U	U	U	U
chr22	33542200	33542400	U	U	U	U
chr22	33549200	33549400	U	U	U	U
chr22	33552800	33553000	U	U	U	U
chr22	33558000	33558200	U	U	U	U
chr22	33561800	33562000	U	U	U	U
chr22	33563400	33563600	U	U	U	U
chr22	33564600	33564800	U	U	U	U
chr22	33567200	33567400	U	U	U	U
chr22	33569400	33569600	U	U	U	U
chr22	33575200	33575400	U	U	U	U
chr22	33576400	33576600	U	U	U	U
chr22	33578000	33578200	U	U	U	U
chr22	33580600	33580800	U	U	U	U
chr22	33583000	33583200	U	U	U	U
chr22	33584600	33584800	U	U	U	U
chr22	33590200	33590400	U	U	U	U
chr22	33596400	33596600	U	U	U	U
chr22	33605600	33605800	U	U	U	U
chr22	33613200	33613400	U	U	U	U
chr22	33615000	33615200	U	U	U	U
chr22	33617600	33617800	U	U	U	U
chr22	33617800	33618000	U	U	U	U
chr22	33621200	33621400	U	U	U	U
chr22	33626400	33626600	U	U	U	U
chr22	33626600	33626800	U	U	U	U
chr22	33629400	33629600	U	U	U	U
chr22	33632600	33632800	U	U	U	U
chr22	33637000	33637200	U	U	U	U
chr22	33638200	33638400	U	U	U	U
chr22	33639800	33640000	U	U	U	U
chr22	33654600	33654800	U	U	U	U
chr22	33656600	33656800	U	U	U	U
chr22	33657000	33657200	U	U	U	U
chr22	33659200	33659400	U	U	U	U
chr22	33659400	33659600	U	U	U	U
chr22	33660200	33660400	U	U	U	U
chr22	33661600	33661800	U	U	U	U
chr22	33662200	33662400	U	U	U	U
chr22	33662600	33662800	U	U	U	U
chr22	33663200	33663400	U	U	U	U
chr22	33666200	33666400	U	U	U	U
chr22	33667200	33667400	U	U	U	U
chr22	33671200	33671400	U	U	U	U
chr22	33672000	33672200	U	U	U	U
chr22	33680800	33681000	U	U	U	U
chr22	33681000	33681200	U	U	U	U
chr22	33684000	33684200	U	U	U	U
chr22	33685000	33685200	U	U	U	U
chr22	33691800	33692000	U	U	U	U
chr22	33707600	33707800	U	U	U	U
chr22	33708000	33708200	U	U	U	U
chr22	33716800	33717000	U	U	U	U
chr22	33717400	33717600	U	U	U	U
chr22	33721000	33721200	U	U	U	U
chr22	33722600	33722800	U	U	U	U
chr22	33723800	33724000	U	U	U	U
chr22	33725400	33725600	U	U	U	U
chr22	33727000	33727200	U	U	U	U
chr22	33734400	33734600	U	U	U	U
chr22	33738000	33738200	U	U	U	U
chr22	33739200	33739400	U	U	U	U
chr22	33739400	33739600	U	U	U	U
chr22	33739800	33740000	U	U	U	U
chr22	33745200	33745400	U	U	U	U
chr22	33755200	33755400	U	U	U	U
chr22	33755400	33755600	U	U	U	U
chr22	33770000	33770200	U	U	U	U
chr22	33776600	33776800	U	U	U	U
chr22	33780600	33780800	U	U	U	U
chr22	33783800	33784000	U	U	U	U
chr22	33784000	33784200	U	U	U	U
chr22	33786400	33786600	U	U	U	U
chr22	33792800	33793000	U	U	U	U
chr22	33796200	33796400	U	U	U	U
chr22	33799000	33799200	U	U	U	U
chr22	33802600	33802800	U	U	U	U
chr22	33804600	33804800	U	U	U	U
chr22	33808400	33808600	U	U	U	U
chr22	33813600	33813800	U	U	U	U
chr22	33822200	33822400	U	U	U	U
chr22	33829600	33829800	U	U	U	U
chr22	33832400	33832600	U	U	U	U
chr22	33835400	33835600	U	U	U	U
chr22	33837000	33837200	U	U	U	U
chr22	33847800	33848000	U	U	U	U
chr22	33850800	33851000	U	U	U	U
chr22	33859200	33859400	U	U	U	U
chr22	33864200	33864400	U	U	U	U
chr22	33865000	33865200	U	U	U	U
chr22	33868000	33868200	U	U	U	U
chr22	33868800	33869000	U	U	U	U
chr22	33869200	33869400	U	U	U	U
chr22	33873200	33873400	U	U	U	U
chr22	33873400	33873600	U	U	U	U
chr22	33875400	33875600	U	U	U	U
chr22	33881600	33881800	U	U	U	U
chr22	33881800	33882000	U	U	U	U
chr22	33882800	33883000	U	U	U	U
chr22	33883000	33883200	U	U	U	U
chr22	33890800	33891000	U	U	U	U
chr22	33894400	33894600	U	U	U	U
chr22	33897600	33897800	U	U	U	U
chr22	33900200	33900400	U	U	U	U
chr22	33901800	33902000	U	U	U	U
chr22	33904800	33905000	U	U	U	U
chr22	33907200	33907400	U	U	U	U
chr22	33911600	33911800	U	U	U	U
chr22	33917000	33917200	U	U	U	U
chr22	33919200	33919400	U	U	U	U
chr22	33920000	33920200	U	U	U	U
chr22	33921600	33921800	U	U	U	U
chr22	33923400	33923600	U	U	U	U
chr22	33925000	33925200	U	U	U	U
chr22	33925400	33925600	U	U	U	U
chr22	33929800	33930000	U	U	U	U
chr22	33935800	33936000	U	U	U	U
chr22	33939600	33939800	U	U	U	U
chr22	33947200	33947400	U	U	U	U
chr22	33948400	33948600	U	U	U	U
chr22	33953400	33953600	U	U	U	U
chr22	33955000	33955200	U	U	U	U
chr22	33963800	33964000	U	U	U	U
chr22	33966400	33966600	U	U	U	U
chr22	33969000	33969200	U	U	U	U
chr22	33972800	33973000	U	U	U	U
chr22	33977000	33977200	U	U	U	U
chr22	33977800	33978000	U	U	U	U
chr22	33981000	33981200	U	U	U	U
chr22	33990000	33990200	U	U	U	U
chr22	33990400	33990600	U	U	U	U
chr22	34017400	34017600	U	U	U	U
chr22	34040800	34041000	U	U	U	U
chr22	34043400	34043600	U	U	U	U
chr22	34045600	34045800	U	U	U	U
chr22	34045800	34046000	U	U	U	U
chr22	34046000	34046200	U	U	U	U
chr22	34047800	34048000	U	U	U	U
chr22	34057600	34057800	U	U	U	U
chr22	34064800	34065000	U	U	U	U
chr22	34080600	34080800	U	U	U	U
chr22	34083800	34084000	U	U	U	U
chr22	34086400	34086600	U	U	U	U
chr22	34089800	34090000	U	U	U	U
chr22	34097400	34097600	U	U	U	U
chr22	34097800	34098000	U	U	U	U
chr22	34102800	34103000	U	U	B	U
chr22	34103800	34104000	U	U	U	U
chr22	34105200	34105400	U	U	U	U
chr22	34113600	34113800	U	U	U	U
chr22	34114400	34114600	U	U	U	U
chr22	34122400	34122600	U	U	U	U
chr22	34128600	34128800	U	U	U	U
chr22	34152000	34152200	U	U	U	U
chr22	34158400	34158600	U	U	U	U
chr22	34163000	34163200	U	U	U	U
chr22	34172200	34172400	U	U	U	U
chr22	34173800	34174000	U	U	U	U
chr22	34186200	34186400	U	U	U	U
chr22	34188200	34188400	U	U	U	U
chr22	34190200	34190400	U	U	U	U
chr22	34197600	34197800	U	U	U	U
chr22	34201600	34201800	U	U	U	U
chr22	34206000	34206200	U	U	U	U
chr22	34207400	34207600	U	U	U	U
chr22	34223600	34223800	U	U	U	U
chr22	34225000	34225200	U	U	U	U
chr22	34230000	34230200	U	U	U	U
chr22	34230200	34230400	U	U	U	U
chr22	34231000	34231200	U	U	U	U
chr22	34239600	34239800	U	U	U	U
chr22	34243200	34243400	U	U	U	U
chr22	34262000	34262200	U	U	U	U
chr22	34262200	34262400	U	U	U	U
chr22	34264000	34264200	U	U	U	U
chr22	34264200	34264400	U	U	U	U
chr22	34277600	34277800	U	U	U	U
chr22	34277800	34278000	U	U	U	U
chr22	34280800	34281000	U	U	U	U
chr22	34291400	34291600	U	U	U	U
chr22	34291800	34292000	U	U	U	U
chr22	34292000	34292200	U	U	U	U
chr22	34294200	34294400	U	U	U	U
chr22	34299000	34299200	U	U	U	U
chr22	34302200	34302400	U	U	U	U
chr22	34303400	34303600	U	U	U	U
chr22	34306800	34307000	U	U	U	U
chr22	34307000	34307200	U	U	U	U
chr22	34308200	34308400	U	U	U	U
chr22	34312400	34312600	U	U	U	U
chr22	34312600	34312800	U	U	U	U
chr22	34317600	34317800	U	U	U	U
chr22	34320400	34320600	U	U	U	U
chr22	34320600	34320800	U	U	U	U
chr22	34339200	34339400	U	U	U	U
chr22	34343000	34343200	U	U	U	U
chr22	34344600	34344800	U	U	U	U
chr22	34348200	34348400	U	U	U	U
chr22	34349200	34349400	U	U	U	U
chr22	34351200	34351400	U	U	U	U
chr22	34354000	34354200	U	U	U	U
chr22	34354400	34354600	U	U	U	U
chr22	34356200	34356400	U	U	U	U
chr22	34361600	34361800	U	U	U	U
chr22	34361800	34362000	U	U	U	U
chr22	34373800	34374000	U	U	U	U
chr22	34375000	34375200	U	U	U	U
chr22	34384400	34384600	U	U	U	U
chr22	34391600	34391800	U	U	U	U
chr22	34400200	34400400	U	U	U	U
chr22	34400600	34400800	U	U	U	U
chr22	34406400	34406600	U	U	U	U
chr22	34407400	34407600	U	U	U	U
chr22	34410000	34410200	U	U	U	U
chr22	34410200	34410400	U	U	U	U
chr22	34416200	34416400	U	U	U	U
chr22	34416400	34416600	U	U	U	U
chr22	34432200	34432400	U	U	U	U
chr22	34438800	34439000	U	U	U	U
chr22	34448800	34449000	U	U	U	U
chr22	34450200	34450400	U	U	U	U
chr22	34450800	34451000	U	U	U	U
chr22	34463200	34463400	U	U	U	U
chr22	34475600	34475800	U	U	U	U
chr22	34478800	34479000	U	U	U	U
chr22	34479200	34479400	U	U	U	U
chr22	34483400	34483600	U	U	U	U
chr22	34486400	34486600	U	U	U	U
chr22	34487400	34487600	U	U	U	U
chr22	34493800	34494000	U	U	U	U
chr22	34502600	34502800	U	U	U	U
chr22	34509200	34509400	U	U	U	U
chr22	34509600	34509800	U	U	U	U
chr22	34516800	34517000	U	U	U	U
chr22	34534200	34534400	U	U	U	U
chr22	34538800	34539000	U	U	U	U
chr22	34544000	34544200	U	U	U	U
chr22	34563600	34563800	U	U	U	U
chr22	34564400	34564600	U	U	U	U
chr22	34565200	34565400	U	U	U	U
chr22	34585800	34586000	U	U	U	U
chr22	34590800	34591000	U	U	U	U
chr22	34592600	34592800	U	U	U	U
chr22	34598000	34598200	U	U	U	U
chr22	34599400	34599600	U	U	U	U
chr22	34623800	34624000	U	U	U	U
chr22	34627000	34627200	U	U	U	U
chr22	34627400	34627600	U	U	U	U
chr22	34634400	34634600	U	U	U	U
chr22	34636600	34636800	U	U	U	U
chr22	34640800	34641000	U	U	U	U
chr22	34670800	34671000	U	U	U	U
chr22	34700200	34700400	U	U	U	U
chr22	34705400	34705600	U	U	U	U
chr22	34708400	34708600	U	U	U	U
chr22	34708800	34709000	U	U	U	U
chr22	34713800	34714000	U	U	U	U
chr22	34714000	34714200	U	U	U	U
chr22	34731800	34732000	U	U	U	U
chr22	34743600	34743800	U	U	U	U
chr22	34753800	34754000	U	U	U	U
chr22	34760200	34760400	U	U	U	U
chr22	34762600	34762800	U	U	U	U
chr22	34766600	34766800	U	U	U	U
chr22	34767400	34767600	U	U	U	U
chr22	34771800	34772000	U	U	U	U
chr22	34781200	34781400	U	U	U	U
chr22	34781400	34781600	U	U	U	U
chr22	34783200	34783400	U	U	U	U
chr22	34783400	34783600	U	U	U	U
chr22	34798000	34798200	U	U	U	U
chr22	34804200	34804400	U	U	U	U
chr22	34806800	34807000	U	U	U	U
chr22	34809200	34809400	U	U	U	U
chr22	34823200	34823400	U	U	U	U
chr22	34826200	34826400	U	U	U	U
chr22	34833000	34833200	U	U	U	U
chr22	34846800	34847000	U	U	U	U
chr22	34852200	34852400	U	U	B	U
chr22	34857800	34858000	U	U	U	U
chr22	34864000	34864200	U	U	U	U
chr22	34864200	34864400	U	U	U	U
chr22	34869800	34870000	U	U	U	U
chr22	34874400	34874600	U	U	U	U
chr22	34874800	34875000	U	U	U	U
chr22	34879000	34879200	U	U	U	U
chr22	34880200	34880400	U	U	U	U
chr22	34880800	34881000	U	U	U	U
chr22	34881000	34881200	U	U	U	U
chr22	34893800	34894000	U	U	U	U
chr22	34898400	34898600	U	U	U	U
chr22	34904000	34904200	U	U	U	U
chr22	34906000	34906200	U	U	U	U
chr22	34912800	34913000	U	U	U	U
chr22	34913000	34913200	U	U	U	U
chr22	34913200	34913400	U	U	U	U
chr22	34913600	34913800	U	U	U	U
chr22	34914000	34914200	U	U	U	U
chr22	34914200	34914400	U	U	U	U
chr22	34914800	34915000	U	U	U	U
chr22	34917400	34917600	U	U	U	U
chr22	34919800	34920000	U	U	U	U
chr22	34924800	34925000	U	U	U	U
chr22	34934400	34934600	U	U	U	U
chr22	34942000	34942200	U	U	U	U
chr22	34945600	34945800	U	U	U	U
chr22	34957800	34958000	U	U	U	U
chr22	34958400	34958600	U	U	U	U
chr22	34964200	34964400	U	U	U	U
chr22	34969600	34969800	U	U	U	U
chr22	34971400	34971600	U	U	U	U
chr22	34971600	34971800	U	U	U	U
chr22	34972800	34973000	U	U	U	U
chr22	34984200	34984400	U	U	U	U
chr22	34985800	34986000	U	U	U	U
chr22	34988800	34989000	U	U	U	U
chr22	35003200	35003400	U	U	U	U
chr22	35008000	35008200	U	U	U	U
chr22	35008200	35008400	U	U	U	U
chr22	35009800	35010000	U	U	U	U
chr22	35010400	35010600	U	U	U	U
chr22	35016200	35016400	U	U	U	U
chr22	35021200	35021400	U	U	U	U
chr22	35038400	35038600	U	U	U	U
chr22	35038800	35039000	U	U	U	U
chr22	35039600	35039800	U	U	U	U
chr22	35043600	35043800	B	U	U	U
chr22	35055600	35055800	U	U	U	U
chr22	35065600	35065800	U	U	U	U
chr22	35066200	35066400	U	U	U	U
chr22	35067000	35067200	U	U	U	U
chr22	35067400	35067600	U	U	U	U
chr22	35071800	35072000	U	U	U	U
chr22	35076800	35077000	U	U	U	U
chr22	35080600	35080800	U	U	U	U
chr22	35080800	35081000	U	U	U	U
chr22	35082600	35082800	U	U	U	U
chr22	35093000	35093200	U	U	U	U
chr22	35097000	35097200	U	U	U	U
chr22	35104000	35104200	U	U	U	U
chr22	35119600	35119800	U	U	U	U
chr22	35132400	35132600	U	U	U	U
chr22	35135400	35135600	U	U	U	U
chr22	35137400	35137600	U	U	U	U
chr22	35137600	35137800	U	U	U	U
chr22	35143600	35143800	U	U	U	U
chr22	35148600	35148800	U	U	U	U
chr22	35149000	35149200	U	U	U	U
chr22	35152800	35153000	U	U	U	U
chr22	35161800	35162000	U	U	U	U
chr22	35162400	35162600	U	U	U	U
chr22	35165400	35165600	U	U	U	U
chr22	35172200	35172400	U	U	U	U
chr22	35178400	35178600	U	U	U	U
chr22	35183600	35183800	U	U	U	U
chr22	35196800	35197000	U	U	U	U
chr22	35213200	35213400	U	U	U	U
chr22	35219400	35219600	U	U	U	U
chr22	35220200	35220400	U	U	U	U
chr22	35222000	35222200	U	U	U	U
chr22	35227200	35227400	U	U	U	U
chr22	35232400	35232600	U	U	U	U
chr22	35251400	35251600	U	U	U	U
chr22	35259000	35259200	U	U	U	U
chr22	35259800	35260000	U	U	U	U
chr22	35263600	35263800	U	U	U	U
chr22	35263800	35264000	U	U	U	U
chr22	35264400	35264600	U	U	U	U
chr22	35264800	35265000	U	U	U	U
chr22	35272200	35272400	U	U	U	U
chr22	35281200	35281400	U	U	U	U
chr22	35286000	35286200	U	U	U	U
chr22	35286200	35286400	U	U	U	U
chr22	35293400	35293600	U	U	U	U
chr22	35295000	35295200	U	U	U	U
chr22	35295200	35295400	U	U	U	U
chr22	35295400	35295600	U	U	U	U
chr22	35300200	35300400	B	U	U	U
chr22	35301600	35301800	U	U	U	U
chr22	35301800	35302000	U	U	U	U
chr22	35302000	35302200	U	U	U	U
chr22	35304800	35305000	U	U	U	U
chr22	35308800	35309000	U	U	U	U
chr22	35314600	35314800	U	U	U	U
chr22	35316000	35316200	U	U	U	U
chr22	35317800	35318000	U	U	U	U
chr22	35318800	35319000	U	U	U	U
chr22	35323600	35323800	U	U	U	U
chr22	35325200	35325400	U	U	U	U
chr22	35326200	35326400	U	U	U	U
chr22	35335200	35335400	U	U	U	U
chr22	35336000	35336200	U	U	U	U
chr22	35337400	35337600	U	U	U	U
chr22	35338600	35338800	U	U	U	U
chr22	35341400	35341600	U	U	U	U
chr22	35342200	35342400	U	U	U	U
chr22	35342400	35342600	U	U	U	U
chr22	35349400	35349600	U	U	U	U
chr22	35353400	35353600	U	U	U	U
chr22	35356000	35356200	U	U	U	U
chr22	35358400	35358600	U	U	U	U
chr22	35381000	35381200	U	U	U	U
chr22	35382000	35382200	U	U	U	U
chr22	35401800	35402000	U	U	U	U
chr22	35403000	35403200	U	U	U	U
chr22	35406600	35406800	U	U	U	U
chr22	35412400	35412600	U	U	U	U
chr22	35413800	35414000	U	U	U	U
chr22	35420000	35420200	U	U	U	U
chr22	35446800	35447000	U	U	U	U
chr22	35450600	35450800	U	U	U	U
chr22	35458800	35459000	U	U	U	U
chr22	35464000	35464200	U	U	U	U
chr22	35468000	35468200	U	U	U	U
chr22	35475400	35475600	U	U	U	U
chr22	35476800	35477000	U	U	U	U
chr22	35480200	35480400	U	U	U	U
chr22	35480800	35481000	U	U	U	U
chr22	35485000	35485200	U	U	U	U
chr22	35490600	35490800	U	U	U	U
chr22	35502600	35502800	U	U	U	U
chr22	35503400	35503600	U	U	U	U
chr22	35520200	35520400	U	U	U	U
chr22	35524000	35524200	U	U	U	U
chr22	35526400	35526600	U	U	U	U
chr22	35540000	35540200	B	U	U	U
chr22	35540200	35540400	B	U	U	U
chr22	35540800	35541000	B	U	U	U
chr22	35541000	35541200	U	U	U	U
chr22	35541400	35541600	U	U	U	U
chr22	35546800	35547000	U	U	U	U
chr22	35547000	35547200	U	U	U	U
chr22	35561800	35562000	U	U	U	U
chr22	35563200	35563400	U	U	U	U
chr22	35563600	35563800	U	U	U	U
chr22	35563800	35564000	U	U	U	U
chr22	35567600	35567800	U	U	U	U
chr22	35573400	35573600	U	U	U	U
chr22	35585600	35585800	U	U	U	U
chr22	35587800	35588000	U	U	U	U
chr22	35605000	35605200	U	U	U	B
chr22	35608000	35608200	U	U	U	U
chr22	35613000	35613200	U	U	U	U
chr22	35613800	35614000	U	U	U	U
chr22	35615200	35615400	B	U	U	U
chr22	35617400	35617600	U	U	U	U
chr22	35627600	35627800	U	U	U	U
chr22	35629800	35630000	U	U	U	U
chr22	35638600	35638800	U	U	U	U
chr22	35645600	35645800	U	U	U	U
chr22	35646600	35646800	U	U	U	U
chr22	35658200	35658400	B	U	U	B
chr22	35703800	35704000	U	U	U	U
chr22	35713600	35713800	U	U	U	U
chr22	35716000	35716200	U	U	U	U
chr22	35717800	35718000	U	U	U	U
chr22	35723000	35723200	U	U	U	U
chr22	35727800	35728000	U	U	B	U
chr22	35728600	35728800	U	U	U	U
chr22	35739200	35739400	U	U	U	U
chr22	35740600	35740800	U	U	U	U
chr22	35745000	35745200	U	U	U	U
chr22	35745800	35746000	U	U	U	U
chr22	35747600	35747800	U	U	U	U
chr22	35747800	35748000	U	U	U	U
chr22	35748200	35748400	U	U	U	U
chr22	35748800	35749000	U	U	U	U
chr22	35749000	35749200	U	U	U	U
chr22	35749600	35749800	U	U	U	U
chr22	35750000	35750200	U	U	U	U
chr22	35750600	35750800	U	U	U	U
chr22	35751200	35751400	U	U	U	U
chr22	35758200	35758400	U	U	U	U
chr22	35760600	35760800	U	U	U	U
chr22	35761400	35761600	U	U	U	U
chr22	35762000	35762200	U	U	U	U
chr22	35765400	35765600	U	U	U	U
chr22	35766800	35767000	U	U	U	U
chr22	35767400	35767600	U	U	U	U
chr22	35769000	35769200	U	U	U	U
chr22	35770000	35770200	U	U	U	U
chr22	35773600	35773800	U	U	U	U
chr22	35776200	35776400	U	U	U	U
chr22	35777800	35778000	U	U	U	U
chr22	35778200	35778400	U	U	U	U
chr22	35781600	35781800	U	U	U	U
chr22	35783600	35783800	U	U	U	U
chr22	35785600	35785800	U	U	U	U
chr22	35788000	35788200	U	U	U	U
chr22	35788200	35788400	U	U	U	U
chr22	35795200	35795400	U	U	U	U
chr22	35795800	35796000	U	U	U	U
chr22	35798800	35799000	U	U	U	U
chr22	35799200	35799400	U	U	U	U
chr22	35799400	35799600	U	U	U	U
chr22	35813200	35813400	U	U	U	U
chr22	35813400	35813600	U	U	U	U
chr22	35819000	35819200	U	U	U	U
chr22	35821000	35821200	U	U	U	U
chr22	35824200	35824400	U	U	U	U
chr22	35824600	35824800	U	U	U	U
chr22	35827200	35827400	U	U	U	U
chr22	35827400	35827600	U	U	U	U
chr22	35835200	35835400	U	U	U	U
chr22	35835800	35836000	U	U	U	U
chr22	35836800	35837000	U	U	U	U
chr22	35837000	35837200	U	U	U	U
chr22	35838000	35838200	U	U	U	U
chr22	35841000	35841200	U	U	U	U
chr22	35841200	35841400	U	U	U	U
chr22	35847000	35847200	U	U	U	U
chr22	35847600	35847800	U	U	U	U
chr22	35848000	35848200	U	U	U	U
chr22	35848200	35848400	U	U	U	U
chr22	35848400	35848600	U	U	U	U
chr22	35854800	35855000	U	U	U	U
chr22	35856200	35856400	U	U	U	U
chr22	35857400	35857600	U	U	U	U
chr22	35864400	35864600	U	U	U	U
chr22	35864600	35864800	U	U	U	U
chr22	35864800	35865000	U	U	U	U
chr22	35876400	35876600	U	U	U	U
chr22	35889200	35889400	U	U	U	U
chr22	35891600	35891800	U	U	U	U
chr22	35893600	35893800	U	U	U	U
chr22	35893800	35894000	U	U	U	U
chr22	35895400	35895600	U	U	U	U
chr22	35896800	35897000	U	U	U	U
chr22	35897600	35897800	U	U	U	U
chr22	35899600	35899800	U	U	U	U
chr22	35899800	35900000	U	U	U	U
chr22	35912200	35912400	U	U	U	U
chr22	35914800	35915000	B	U	U	U
chr22	35920400	35920600	U	U	U	U
chr22	35926400	35926600	U	U	U	U
chr22	35938800	35939000	U	U	U	U
chr22	35939000	35939200	U	U	U	U
chr22	35943400	35943600	U	U	U	U
chr22	35944400	35944600	U	U	U	U
chr22	35945000	35945200	U	U	U	U
chr22	35945200	35945400	U	U	U	U
chr22	35958000	35958200	U	U	U	U
chr22	35961400	35961600	U	U	U	U
chr22	35961600	35961800	U	U	U	U
chr22	35962600	35962800	U	U	U	U
chr22	35967600	35967800	U	U	U	U
chr22	35969600	35969800	U	U	U	U
chr22	35970000	35970200	U	U	U	U
chr22	35980200	35980400	U	U	U	U
chr22	35980400	35980600	U	U	U	U
chr22	35983200	35983400	U	U	U	U
chr22	35987200	35987400	U	U	U	U
chr22	35987400	35987600	U	U	U	U
chr22	35989600	35989800	U	U	U	U
chr22	35991200	35991400	U	U	U	U
chr22	35995200	35995400	U	U	U	U
chr22	35997200	35997400	U	U	U	U
chr22	36005200	36005400	U	U	U	U
chr22	36005400	36005600	U	U	U	U
chr22	36006800	36007000	U	U	U	U
chr22	36009000	36009200	B	U	U	U
chr22	36010400	36010600	B	U	U	U
chr22	36015000	36015200	U	U	U	U
chr22	36015400	36015600	U	U	U	U
chr22	36015800	36016000	U	U	U	U
chr22	36016000	36016200	U	U	U	U
chr22	36017800	36018000	U	U	U	U
chr22	36019000	36019200	U	U	U	U
chr22	36019200	36019400	U	U	U	U
chr22	36021600	36021800	U	U	U	U
chr22	36022000	36022200	U	U	U	U
chr22	36023200	36023400	U	U	U	U
chr22	36023600	36023800	U	U	U	U
chr22	36024200	36024400	U	U	U	U
chr22	36027200	36027400	U	U	U	U
chr22	36028000	36028200	U	U	U	U
chr22	36028400	36028600	B	U	U	U
chr22	36029000	36029200	B	U	U	U
chr22	36029200	36029400	B	U	U	U
chr22	36032800	36033000	U	U	U	U
chr22	36049200	36049400	B	U	U	U
chr22	36049400	36049600	B	U	U	U
chr22	36105600	36105800	U	U	U	U
chr22	36105800	36106000	U	U	U	U
chr22	36125000	36125200	U	U	U	U
chr22	36130000	36130200	U	U	U	U
chr22	36130400	36130600	U	U	U	U
chr22	36130600	36130800	U	U	U	U
chr22	36131600	36131800	U	U	U	U
chr22	36135200	36135400	U	U	U	U
chr22	36136800	36137000	U	U	U	U
chr22	36140800	36141000	U	U	U	U
chr22	36141000	36141200	U	U	U	U
chr22	36141400	36141600	U	U	U	U
chr22	36147200	36147400	U	U	U	U
chr22	36147400	36147600	U	U	U	U
chr22	36147600	36147800	U	U	U	U
chr22	36148800	36149000	U	U	U	U
chr22	36153200	36153400	U	U	U	U
chr22	36155800	36156000	U	U	U	U
chr22	36163000	36163200	U	U	U	U
chr22	36164600	36164800	U	U	U	U
chr22	36176400	36176600	U	U	U	U
chr22	36176600	36176800	U	U	U	U
chr22	36177600	36177800	U	U	U	U
chr22	36179200	36179400	U	U	U	U
chr22	36182000	36182200	U	U	U	U
chr22	36186000	36186200	U	U	U	U
chr22	36195200	36195400	B	U	U	U
chr22	36197200	36197400	B	U	U	U
chr22	36199200	36199400	U	U	B	U
chr22	36214000	36214200	U	U	U	U
chr22	36224400	36224600	U	U	U	U
chr22	36226600	36226800	U	U	U	U
chr22	36231400	36231600	U	U	U	U
chr22	36235000	36235200	U	U	U	U
chr22	36237200	36237400	U	U	U	U
chr22	36252000	36252200	U	U	U	U
chr22	36255400	36255600	B	U	U	U
chr22	36259600	36259800	B	U	U	U
chr22	36265200	36265400	U	U	U	U
chr22	36268000	36268200	U	U	U	U
chr22	36278000	36278200	B	U	U	U
chr22	36281200	36281400	U	U	U	U
chr22	36281600	36281800	U	U	U	U
chr22	36282000	36282200	U	U	U	U
chr22	36282800	36283000	U	U	U	U
chr22	36284000	36284200	U	U	U	U
chr22	36285200	36285400	U	U	U	U
chr22	36287000	36287200	B	U	U	U
chr22	36287200	36287400	U	U	U	U
chr22	36288200	36288400	U	U	U	U
chr22	36288400	36288600	U	U	U	U
chr22	36291800	36292000	U	U	U	U
chr22	36292600	36292800	U	U	U	U
chr22	36298000	36298200	U	U	U	U
chr22	36299000	36299200	U	U	U	U
chr22	36301800	36302000	B	U	U	U
chr22	36302000	36302200	U	U	U	U
chr22	36304000	36304200	U	U	U	U
chr22	36306200	36306400	U	U	U	U
chr22	36307000	36307200	U	U	U	U
chr22	36307200	36307400	U	U	U	U
chr22	36307400	36307600	U	U	U	U
chr22	36309400	36309600	U	U	U	U
chr22	36310800	36311000	U	U	U	U
chr22	36311800	36312000	U	U	U	U
chr22	36317400	36317600	U	U	U	U
chr22	36317600	36317800	U	U	U	U
chr22	36317800	36318000	U	U	U	U
chr22	36320000	36320200	U	U	U	U
chr22	36321400	36321600	U	U	U	U
chr22	36323800	36324000	U	U	U	U
chr22	36324400	36324600	U	U	U	U
chr22	36325600	36325800	U	U	U	U
chr22	36326600	36326800	U	U	U	U
chr22	36327600	36327800	U	U	U	U
chr22	36329200	36329400	B	U	U	U
chr22	36330800	36331000	U	U	U	U
chr22	36333200	36333400	U	U	U	U
chr22	36333400	36333600	U	U	U	U
chr22	36333600	36333800	U	U	U	U
chr22	36339000	36339200	U	U	U	U
chr22	36339200	36339400	U	U	U	U
chr22	36341400	36341600	U	U	U	U
chr22	36344200	36344400	U	U	U	U
chr22	36346200	36346400	U	U	U	U
chr22	36350000	36350200	U	U	U	U
chr22	36351000	36351200	U	U	U	U
chr22	36351400	36351600	U	U	U	U
chr22	36355400	36355600	B	U	U	U
chr22	36358800	36359000	U	U	U	U
chr22	36360200	36360400	U	U	U	U
chr22	36363800	36364000	U	U	U	U
chr22	36365200	36365400	U	U	U	U
chr22	36367000	36367200	U	U	U	U
chr22	36368600	36368800	B	U	U	B
chr22	36368800	36369000	B	U	U	B
chr22	36369400	36369600	U	U	U	U
chr22	36376400	36376600	U	U	U	U
chr22	36377400	36377600	U	U	U	U
chr22	36381000	36381200	U	U	U	U
chr22	36385000	36385200	U	U	U	U
chr22	36385400	36385600	U	U	U	U
chr22	36387000	36387200	B	U	U	U
chr22	36387200	36387400	B	U	U	U
chr22	36387400	36387600	U	U	U	U
chr22	36395200	36395400	U	U	U	U
chr22	36405800	36406000	U	U	U	U
chr22	36410200	36410400	B	U	U	U
chr22	36413400	36413600	U	U	U	U
chr22	36419400	36419600	B	U	U	B
chr22	36423600	36423800	B	U	U	B
chr22	36423800	36424000	B	U	U	B
chr22	36426000	36426200	U	U	U	U
chr22	36426200	36426400	B	U	U	U
chr22	36466800	36467000	U	U	U	U
chr22	36467400	36467600	U	U	U	U
chr22	36504200	36504400	U	U	U	U
chr22	36504600	36504800	U	U	U	U
chr22	36506600	36506800	B	U	U	U
chr22	36507400	36507600	B	U	U	U
chr22	36511600	36511800	U	U	U	U
chr22	36512200	36512400	U	U	U	U
chr22	36512400	36512600	U	U	U	U
chr22	36514000	36514200	U	U	U	U
chr22	36516800	36517000	U	U	U	U
chr22	36518600	36518800	U	U	U	U
chr22	36519400	36519600	U	U	U	U
chr22	36523200	36523400	U	U	U	U
chr22	36524000	36524200	U	U	U	U
chr22	36524400	36524600	U	U	U	U
chr22	36525800	36526000	U	U	U	U
chr22	36529000	36529200	B	U	U	B
chr22	36537000	36537200	U	U	U	U
chr22	36545200	36545400	U	U	U	U
chr22	36568800	36569000	U	U	U	U
chr22	36575800	36576000	U	U	U	U
chr22	36586600	36586800	U	U	U	U
chr22	36589800	36590000	U	U	U	U
chr22	36607600	36607800	U	U	U	U
chr22	36610600	36610800	U	U	U	U
chr22	36618200	36618400	U	U	U	U
chr22	36620200	36620400	U	U	U	U
chr22	36628600	36628800	U	U	U	U
chr22	36637200	36637400	U	U	U	U
chr22	36642400	36642600	U	U	U	U
chr22	36644200	36644400	U	U	B	U
chr22	36645600	36645800	U	U	U	U
chr22	36660400	36660600	U	U	U	U
chr22	36663800	36664000	U	U	U	U
chr22	36671400	36671600	U	U	U	U
chr22	36671600	36671800	U	U	U	U
chr22	36675400	36675600	U	U	U	U
chr22	36678000	36678200	U	U	U	U
chr22	36682600	36682800	U	U	U	U
chr22	36685000	36685200	U	U	U	U
chr22	36686400	36686600	U	U	U	U
chr22	36694000	36694200	U	U	U	U
chr22	36695800	36696000	U	U	U	U
chr22	36696000	36696200	U	U	U	U
chr22	36697000	36697200	U	U	U	U
chr22	36699000	36699200	U	U	U	U
chr22	36699400	36699600	U	U	U	U
chr22	36700400	36700600	U	U	U	U
chr22	36701000	36701200	U	U	U	U
chr22	36701800	36702000	U	U	U	U
chr22	36703400	36703600	B	U	B	U
chr22	36704200	36704400	U	U	U	U
chr22	36705000	36705200	U	U	U	U
chr22	36705400	36705600	U	U	U	U
chr22	36714600	36714800	U	U	U	U
chr22	36715000	36715200	U	U	U	U
chr22	36719000	36719200	U	U	U	U
chr22	36723000	36723200	U	U	U	U
chr22	36725000	36725200	U	U	U	U
chr22	36725400	36725600	U	U	U	U
chr22	36734200	36734400	U	U	U	U
chr22	36745800	36746000	U	U	U	U
chr22	36746400	36746600	U	U	U	U
chr22	36754000	36754200	U	U	U	U
chr22	36756600	36756800	U	U	U	U
chr22	36771800	36772000	U	U	U	U
chr22	36772000	36772200	U	U	U	U
chr22	36775600	36775800	U	U	U	U
chr22	36783400	36783600	U	U	U	U
chr22	36786400	36786600	U	U	U	U
chr22	36797600	36797800	U	U	U	U
chr22	36800600	36800800	U	U	U	U
chr22	36800800	36801000	U	U	U	U
chr22	36807400	36807600	U	U	U	U
chr22	36811600	36811800	U	U	U	U
chr22	36814600	36814800	U	U	U	U
chr22	36816400	36816600	U	U	U	U
chr22	36816600	36816800	U	U	U	U
chr22	36822800	36823000	U	U	U	U
chr22	36836600	36836800	U	U	U	U
chr22	36847600	36847800	U	U	U	U
chr22	36850800	36851000	U	U	U	U
chr22	36851400	36851600	U	U	U	U
chr22	36855400	36855600	U	U	U	U
chr22	36857200	36857400	U	U	U	U
chr22	36857600	36857800	U	U	U	U
chr22	36860800	36861000	U	U	U	U
chr22	36864000	36864200	U	U	U	U
chr22	36865200	36865400	U	U	U	U
chr22	36865400	36865600	U	U	B	U
chr22	36870400	36870600	U	U	U	U
chr22	36874200	36874400	U	U	U	U
chr22	36892400	36892600	U	U	U	U
chr22	36894000	36894200	U	U	U	U
chr22	36899800	36900000	U	U	U	U
chr22	36901000	36901200	U	U	U	U
chr22	36901600	36901800	U	U	U	U
chr22	36921800	36922000	U	U	U	U
chr22	36922000	36922200	U	U	U	U
chr22	36923000	36923200	U	U	U	U
chr22	36926200	36926400	U	U	U	U
chr22	36928400	36928600	U	U	U	U
chr22	36928600	36928800	U	U	U	U
chr22	36931000	36931200	U	U	U	U
chr22	36932800	36933000	U	U	U	U
chr22	36933400	36933600	U	U	U	U
chr22	36933600	36933800	U	U	U	U
chr22	36935400	36935600	U	U	U	U
chr22	36935600	36935800	U	U	U	U
chr22	36937000	36937200	U	U	U	U
chr22	36937400	36937600	U	U	U	U
chr22	36954000	36954200	U	U	U	U
chr22	36959800	36960000	U	U	U	U
chr22	36961000	36961200	U	U	U	U
chr22	36961600	36961800	U	U	U	U
chr22	36963800	36964000	U	U	U	U
chr22	36966000	36966200	U	U	U	U
chr22	36995400	36995600	U	U	U	U
chr22	36999800	37000000	U	U	U	U
chr22	37000000	37000200	U	U	U	U
chr22	37003800	37004000	U	U	U	U
chr22	37010000	37010200	U	U	U	U
chr22	37010200	37010400	U	U	U	U
chr22	37010400	37010600	U	U	U	U
chr22	37012400	37012600	U	U	U	U
chr22	37015400	37015600	B	U	U	U
chr22	37017600	37017800	U	U	U	U
chr22	37019000	37019200	B	U	U	U
chr22	37029600	37029800	U	U	U	U
chr22	37029800	37030000	U	U	U	U
chr22	37030000	37030200	U	U	U	U
chr22	37037000	37037200	U	U	U	U
chr22	37037200	37037400	U	U	U	U
chr22	37038000	37038200	U	U	U	U
chr22	37044800	37045000	U	U	U	U
chr22	37045200	37045400	U	U	U	U
chr22	37045400	37045600	U	U	U	U
chr22	37056000	37056200	U	U	U	U
chr22	37063000	37063200	U	U	U	U
chr22	37065400	37065600	U	U	U	U
chr22	37070400	37070600	U	U	U	U
chr22	37075200	37075400	U	U	U	U
chr22	37076400	37076600	U	U	U	U
chr22	37083000	37083200	U	U	U	U
chr22	37083400	37083600	U	U	U	U
chr22	37085600	37085800	U	U	U	U
chr22	37086600	37086800	U	U	U	U
chr22	37087200	37087400	U	U	U	U
chr22	37087400	37087600	U	U	U	U
chr22	37089600	37089800	U	U	U	U
chr22	37090200	37090400	U	U	U	U
chr22	37094800	37095000	U	U	U	U
chr22	37101400	37101600	U	U	U	U
chr22	37103400	37103600	U	U	U	U
chr22	37109400	37109600	U	U	U	U
chr22	37123000	37123200	U	U	U	U
chr22	37125000	37125200	U	U	U	U
chr22	37136200	37136400	U	U	U	U
chr22	37139000	37139200	U	U	U	U
chr22	37140000	37140200	U	U	U	U
chr22	37143000	37143200	U	U	U	U
chr22	37143200	37143400	U	U	U	U
chr22	37145400	37145600	U	U	U	U
chr22	37147800	37148000	U	U	U	U
chr22	37155800	37156000	U	U	U	U
chr22	37162400	37162600	U	U	U	U
chr22	37163200	37163400	U	U	U	U
chr22	37167200	37167400	U	U	U	U
chr22	37167600	37167800	U	U	U	U
chr22	37168200	37168400	U	U	U	U
chr22	37176200	37176400	U	U	U	U
chr22	37178800	37179000	U	U	U	U
chr22	37182400	37182600	B	U	U	U
chr22	37186400	37186600	B	U	U	U
chr22	37186600	37186800	U	U	U	U
chr22	37187600	37187800	U	U	U	U
chr22	37205200	37205400	U	U	U	U
chr22	37207000	37207200	U	U	U	U
chr22	37207400	37207600	U	U	U	U
chr22	37207600	37207800	U	U	U	U
chr22	37209200	37209400	U	U	U	U
chr22	37210000	37210200	U	U	U	U
chr22	37212000	37212200	U	U	U	U
chr22	37213600	37213800	U	U	U	U
chr22	37213800	37214000	U	U	U	U
chr22	37225800	37226000	U	U	U	U
chr22	37238800	37239000	U	U	U	U
chr22	37239000	37239200	U	U	U	U
chr22	37239400	37239600	U	U	U	U
chr22	37240000	37240200	U	U	U	U
chr22	37256400	37256600	U	U	U	U
chr22	37266800	37267000	B	U	U	U
chr22	37275200	37275400	U	U	U	U
chr22	37275600	37275800	U	U	U	U
chr22	37284400	37284600	U	U	U	U
chr22	37284800	37285000	U	U	U	U
chr22	37287400	37287600	U	U	U	U
chr22	37292600	37292800	U	U	U	U
chr22	37293600	37293800	U	U	U	U
chr22	37296800	37297000	U	U	U	U
chr22	37300800	37301000	U	U	U	U
chr22	37302800	37303000	U	U	U	U
chr22	37303400	37303600	U	U	U	U
chr22	37307200	37307400	B	U	U	U
chr22	37309400	37309600	U	U	U	U
chr22	37313600	37313800	U	U	U	U
chr22	37318200	37318400	U	U	U	U
chr22	37319000	37319200	U	U	U	U
chr22	37320600	37320800	U	U	U	U
chr22	37329800	37330000	U	U	U	U
chr22	37332800	37333000	U	U	U	U
chr22	37334800	37335000	U	U	U	U
chr22	37338800	37339000	U	U	U	U
chr22	37341200	37341400	U	U	U	U
chr22	37343600	37343800	U	U	U	U
chr22	37344600	37344800	U	U	U	U
chr22	37344800	37345000	U	U	U	U
chr22	37346400	37346600	U	U	U	U
chr22	37349800	37350000	U	U	U	U
chr22	37350200	37350400	U	U	U	U
chr22	37351400	37351600	U	U	U	U
chr22	37353200	37353400	U	U	U	U
chr22	37355000	37355200	U	U	U	U
chr22	37360800	37361000	U	U	U	U
chr22	37363400	37363600	U	U	U	U
chr22	37363600	37363800	U	U	U	U
chr22	37369400	37369600	U	U	U	U
chr22	37371200	37371400	U	U	U	U
chr22	37371800	37372000	U	U	U	U
chr22	37373600	37373800	U	U	U	U
chr22	37379400	37379600	U	U	U	U
chr22	37380200	37380400	U	U	U	U
chr22	37380600	37380800	U	U	U	U
chr22	37384200	37384400	U	U	U	U
chr22	37386400	37386600	U	U	U	U
chr22	37387600	37387800	U	U	U	U
chr22	37390400	37390600	U	U	U	U
chr22	37390600	37390800	U	U	U	U
chr22	37392800	37393000	U	U	U	U
chr22	37394200	37394400	U	U	U	U
chr22	37394600	37394800	U	U	U	U
chr22	37400200	37400400	U	U	U	U
chr22	37401600	37401800	U	U	U	U
chr22	37404400	37404600	U	U	U	U
chr22	37406400	37406600	U	U	U	U
chr22	37412400	37412600	U	U	U	U
chr22	37413000	37413200	U	U	U	U
chr22	37415200	37415400	U	U	U	U
chr22	37418800	37419000	U	U	U	U
chr22	37419000	37419200	U	U	U	U
chr22	37419600	37419800	U	U	U	U
chr22	37421800	37422000	U	U	U	U
chr22	37424200	37424400	U	U	U	U
chr22	37425200	37425400	U	U	U	U
chr22	37428400	37428600	U	U	U	U
chr22	37431600	37431800	U	U	U	U
chr22	37433200	37433400	U	U	U	U
chr22	37433400	37433600	U	U	U	U
chr22	37435200	37435400	U	U	U	U
chr22	37447200	37447400	U	U	U	U
chr22	37448600	37448800	U	U	U	U
chr22	37449600	37449800	U	U	U	U
chr22	37458600	37458800	U	U	U	U
chr22	37467600	37467800	U	U	U	U
chr22	37480600	37480800	U	U	U	U
chr22	37498200	37498400	B	U	U	U
chr22	37499000	37499200	U	U	U	U
chr22	37512600	37512800	B	U	U	U
chr22	37519400	37519600	B	U	U	U
chr22	37520000	37520200	U	U	U	U
chr22	37560400	37560600	B	U	B	U
chr22	37562400	37562600	U	U	U	U
chr22	37569200	37569400	B	U	U	U
chr22	37569600	37569800	B	U	U	U
chr22	37570000	37570200	B	U	U	U
chr22	37602000	37602200	B	U	U	U
chr22	37605200	37605400	U	U	U	U
chr22	37605400	37605600	U	U	U	U
chr22	37605600	37605800	U	U	U	U
chr22	37609000	37609200	B	U	U	U
chr22	37618200	37618400	U	U	U	U
chr22	37618400	37618600	U	U	U	U
chr22	37618600	37618800	U	U	U	U
chr22	37620800	37621000	U	U	U	U
chr22	37632000	37632200	U	U	U	U
chr22	37632800	37633000	U	U	U	U
chr22	37640000	37640200	B	U	U	U
chr22	37642600	37642800	U	U	U	U
chr22	37644600	37644800	U	U	U	U
chr22	37646600	37646800	U	U	U	U
chr22	37653600	37653800	U	U	U	U
chr22	37658200	37658400	B	U	U	U
chr22	37661400	37661600	B	U	U	U
chr22	37665600	37665800	U	U	U	U
chr22	37666400	37666600	U	U	U	U
chr22	37675000	37675200	B	U	U	U
chr22	37677000	37677200	B	U	U	B
chr22	37679600	37679800	U	U	U	U
chr22	37686400	37686600	B	U	U	U
chr22	37687000	37687200	B	U	U	U
chr22	37688400	37688600	U	U	U	U
chr22	37695600	37695800	U	U	U	U
chr22	37701200	37701400	U	U	U	U
chr22	37709800	37710000	U	U	U	U
chr22	37713600	37713800	U	U	U	U
chr22	37725600	37725800	U	U	U	U
chr22	37735800	37736000	U	U	U	U
chr22	37739000	37739200	U	U	U	U
chr22	37745800	37746000	B	U	U	U
chr22	37750600	37750800	U	U	U	U
chr22	37751000	37751200	U	U	U	U
chr22	37757600	37757800	U	U	U	U
chr22	37765800	37766000	U	U	U	U
chr22	37768000	37768200	U	U	U	U
chr22	37769000	37769200	U	U	U	U
chr22	37769200	37769400	U	U	U	U
chr22	37772600	37772800	U	U	U	U
chr22	37776000	37776200	U	U	U	U
chr22	37783400	37783600	U	U	U	U
chr22	37802800	37803000	B	U	U	U
chr22	37803600	37803800	B	U	U	U
chr22	37804000	37804200	U	U	U	U
chr22	37806800	37807000	U	U	U	U
chr22	37816000	37816200	U	U	U	U
chr22	37818000	37818200	B	U	U	U
chr22	37818400	37818600	B	U	U	U
chr22	37818800	37819000	U	U	U	U
chr22	37822200	37822400	U	U	U	U
chr22	37823600	37823800	U	U	U	U
chr22	37824800	37825000	U	U	U	U
chr22	37830400	37830600	U	U	U	U
chr22	37838400	37838600	U	U	U	U
chr22	37844200	37844400	B	U	B	U
chr22	37862800	37863000	B	U	U	U
chr22	37863200	37863400	B	U	U	U
chr22	37870000	37870200	U	U	U	U
chr22	37887600	37887800	U	U	U	U
chr22	37893000	37893200	U	U	U	U
chr22	37895200	37895400	U	U	U	U
chr22	37907800	37908000	U	U	U	U
chr22	37911200	37911400	U	U	U	U
chr22	37920200	37920400	U	U	U	U
chr22	37922200	37922400	U	U	U	U
chr22	37924800	37925000	U	U	U	U
chr22	37925600	37925800	U	U	U	U
chr22	37926600	37926800	U	U	U	U
chr22	37927200	37927400	U	U	U	U
chr22	37927600	37927800	U	U	U	U
chr22	37930400	37930600	U	U	U	U
chr22	37937200	37937400	U	U	U	U
chr22	37941400	37941600	U	U	U	U
chr22	37941600	37941800	U	U	U	U
chr22	37941800	37942000	U	U	U	U
chr22	37942800	37943000	U	U	U	U
chr22	37943000	37943200	U	U	U	U
chr22	37944000	37944200	U	U	U	U
chr22	37944200	37944400	U	U	U	U
chr22	37968400	37968600	U	U	U	U
chr22	37968600	37968800	U	U	U	U
chr22	37968800	37969000	U	U	U	U
chr22	37969200	37969400	U	U	U	U
chr22	37971800	37972000	U	U	U	U
chr22	37972200	37972400	U	U	U	U
chr22	37979800	37980000	U	U	U	U
chr22	37981200	37981400	U	U	U	U
chr22	37981800	37982000	U	U	U	U
chr22	37983400	37983600	U	U	U	U
chr22	37984000	37984200	U	U	U	U
chr22	37986000	37986200	U	U	U	U
chr22	37988800	37989000	U	U	U	U
chr22	37996200	37996400	U	U	U	U
chr22	37997600	37997800	U	U	U	U
chr22	37998200	37998400	U	U	U	U
chr22	37998400	37998600	U	U	U	U
chr22	38018000	38018200	U	U	U	U
chr22	38019000	38019200	U	U	U	U
chr22	38023200	38023400	U	U	U	U
chr22	38024600	38024800	U	U	U	U
chr22	38028200	38028400	U	U	U	U
chr22	38029000	38029200	U	U	U	U
chr22	38033600	38033800	U	U	U	U
chr22	38046600	38046800	U	U	U	U
chr22	38057400	38057600	B	U	U	U
chr22	38059200	38059400	U	U	U	U
chr22	38065600	38065800	U	U	U	U
chr22	38066200	38066400	U	U	U	U
chr22	38069000	38069200	B	U	U	U
chr22	38071400	38071600	U	U	U	U
chr22	38071600	38071800	U	U	U	U
chr22	38074000	38074200	U	U	U	U
chr22	38074200	38074400	U	U	U	U
chr22	38078200	38078400	U	U	U	U
chr22	38079000	38079200	U	U	U	U
chr22	38082800	38083000	U	U	U	U
chr22	38083800	38084000	U	U	U	U
chr22	38084200	38084400	U	U	U	U
chr22	38084800	38085000	U	U	U	U
chr22	38097000	38097200	U	U	U	U
chr22	38097800	38098000	B	U	U	U
chr22	38098400	38098600	U	U	U	U
chr22	38107800	38108000	U	U	U	U
chr22	38109200	38109400	U	U	U	U
chr22	38110200	38110400	U	U	U	U
chr22	38113400	38113600	U	U	U	U
chr22	38113800	38114000	U	U	U	U
chr22	38116000	38116200	U	U	U	U
chr22	38120200	38120400	U	U	U	U
chr22	38120800	38121000	U	U	U	U
chr22	38123600	38123800	U	U	U	U
chr22	38126200	38126400	U	U	U	U
chr22	38127200	38127400	B	U	U	U
chr22	38127400	38127600	B	U	U	U
chr22	38128000	38128200	B	U	U	U
chr22	38135400	38135600	U	U	U	U
chr22	38138200	38138400	U	U	U	U
chr22	38164600	38164800	B	U	U	U
chr22	38172600	38172800	U	U	U	U
chr22	38173200	38173400	U	U	U	U
chr22	38176000	38176200	U	U	U	U
chr22	38176200	38176400	U	U	U	U
chr22	38181600	38181800	B	U	B	U
chr22	38181800	38182000	B	U	B	U
chr22	38183000	38183200	U	U	U	U
chr22	38202200	38202400	B	U	U	U
chr22	38203000	38203200	B	U	U	U
chr22	38203800	38204000	U	U	U	U
chr22	38204600	38204800	U	U	U	U
chr22	38205600	38205800	U	U	U	U
chr22	38219200	38219400	U	U	U	U
chr22	38220800	38221000	U	U	U	U
chr22	38221200	38221400	U	U	U	U
chr22	38223200	38223400	U	U	U	U
chr22	38225000	38225200	U	U	U	U
chr22	38226400	38226600	U	U	U	U
chr22	38226600	38226800	U	U	U	U
chr22	38227800	38228000	U	U	U	U
chr22	38228000	38228200	U	U	U	U
chr22	38230600	38230800	U	U	U	U
chr22	38232000	38232200	U	U	U	U
chr22	38232800	38233000	U	U	U	U
chr22	38235000	38235200	U	U	U	U
chr22	38243400	38243600	U	U	U	U
chr22	38244800	38245000	U	U	U	U
chr22	38246800	38247000	U	U	U	U
chr22	38249800	38250000	U	U	U	U
chr22	38251000	38251200	U	U	U	U
chr22	38259000	38259200	U	U	U	U
chr22	38261000	38261200	U	U	U	U
chr22	38264400	38264600	U	U	U	U
chr22	38266000	38266200	B	U	B	U
chr22	38266600	38266800	U	U	U	U
chr22	38270600	38270800	U	U	U	U
chr22	38272200	38272400	B	U	U	U
chr22	38277200	38277400	U	U	U	U
chr22	38284000	38284200	U	U	U	U
chr22	38285200	38285400	B	U	B	U
chr22	38288800	38289000	U	U	U	U
chr22	38292400	38292600	U	U	U	U
chr22	38293800	38294000	U	U	U	U
chr22	38296600	38296800	U	U	U	U
chr22	38298800	38299000	U	U	U	U
chr22	38300600	38300800	U	U	U	U
chr22	38301200	38301400	U	U	U	U
chr22	38301800	38302000	U	U	U	U
chr22	38310800	38311000	U	U	U	U
chr22	38312400	38312600	U	U	U	U
chr22	38313200	38313400	U	U	U	U
chr22	38313800	38314000	U	U	U	U
chr22	38314400	38314600	U	U	U	U
chr22	38314600	38314800	U	U	U	U
chr22	38316000	38316200	U	U	U	U
chr22	38316600	38316800	B	U	U	U
chr22	38328000	38328200	U	U	U	U
chr22	38333800	38334000	U	U	U	U
chr22	38336000	38336200	B	U	U	U
chr22	38346000	38346200	U	U	U	U
chr22	38346600	38346800	U	U	U	U
chr22	38347400	38347600	U	U	U	U
chr22	38349000	38349200	B	U	U	U
chr22	38351000	38351200	U	U	U	U
chr22	38351800	38352000	U	U	U	U
chr22	38355400	38355600	U	U	U	U
chr22	38357200	38357400	U	U	U	U
chr22	38369600	38369800	U	U	U	U
chr22	38370000	38370200	U	U	U	U
chr22	38377600	38377800	U	U	U	U
chr22	38378000	38378200	U	U	U	U
chr22	38379600	38379800	U	U	U	U
chr22	38386400	38386600	U	U	U	U
chr22	38388200	38388400	U	U	U	U
chr22	38390000	38390200	U	U	U	U
chr22	38390200	38390400	U	U	U	U
chr22	38393200	38393400	U	U	U	U
chr22	38393800	38394000	U	U	U	U
chr22	38394200	38394400	U	U	U	U
chr22	38395400	38395600	U	U	U	U
chr22	38397800	38398000	B	U	U	U
chr22	38399800	38400000	U	U	U	U
chr22	38400000	38400200	U	U	U	U
chr22	38400800	38401000	U	U	U	U
chr22	38401200	38401400	U	U	U	U
chr22	38401800	38402000	U	U	U	U
chr22	38404000	38404200	U	U	U	U
chr22	38415200	38415400	U	U	U	U
chr22	38419200	38419400	U	U	U	U
chr22	38420000	38420200	U	U	U	U
chr22	38423400	38423600	U	U	U	U
chr22	38426200	38426400	U	U	U	U
chr22	38427200	38427400	U	U	U	U
chr22	38428400	38428600	U	U	U	U
chr22	38431200	38431400	U	U	U	U
chr22	38431600	38431800	U	U	U	U
chr22	38447400	38447600	U	U	U	U
chr22	38452400	38452600	U	U	U	U
chr22	38452800	38453000	U	U	U	U
chr22	38453600	38453800	U	U	U	U
chr22	38454400	38454600	U	U	U	U
chr22	38456800	38457000	U	U	U	U
chr22	38460200	38460400	U	U	U	U
chr22	38460800	38461000	U	U	U	U
chr22	38463600	38463800	B	U	U	U
chr22	38467600	38467800	U	U	U	U
chr22	38467800	38468000	B	U	U	U
chr22	38469600	38469800	U	U	U	U
chr22	38477600	38477800	U	U	U	U
chr22	38479600	38479800	U	U	U	U
chr22	38482600	38482800	U	U	U	U
chr22	38484000	38484200	U	U	U	U
chr22	38485200	38485400	U	U	U	U
chr22	38486000	38486200	U	U	U	U
chr22	38488200	38488400	U	U	U	U
chr22	38489000	38489200	U	U	U	U
chr22	38489600	38489800	U	U	U	U
chr22	38490000	38490200	U	U	U	U
chr22	38490400	38490600	U	U	U	U
chr22	38492800	38493000	U	U	U	U
chr22	38501200	38501400	U	U	U	U
chr22	38503000	38503200	U	U	U	U
chr22	38503800	38504000	U	U	U	U
chr22	38505400	38505600	B	U	U	U
chr22	38525400	38525600	U	U	U	U
chr22	38531200	38531400	U	U	U	U
chr22	38539200	38539400	U	U	U	U
chr22	38546600	38546800	U	U	U	U
chr22	38548000	38548200	U	U	U	U
chr22	38556600	38556800	U	U	U	U
chr22	38556800	38557000	U	U	U	U
chr22	38562000	38562200	U	U	U	U
chr22	38567000	38567200	U	U	U	U
chr22	38569200	38569400	B	U	U	U
chr22	38569400	38569600	B	U	U	U
chr22	38569600	38569800	B	U	U	U
chr22	38570600	38570800	B	U	U	U
chr22	38583800	38584000	U	U	U	U
chr22	38586000	38586200	U	U	U	U
chr22	38586400	38586600	U	U	U	U
chr22	38599400	38599600	U	U	U	U
chr22	38599600	38599800	U	U	U	U
chr22	38614400	38614600	U	U	U	U
chr22	38641600	38641800	U	U	U	U
chr22	38650000	38650200	U	U	U	U
chr22	38650200	38650400	U	U	U	U
chr22	38650800	38651000	U	U	U	U
chr22	38656800	38657000	B	U	U	U
chr22	38668800	38669000	U	U	U	U
chr22	38672800	38673000	U	U	U	U
chr22	38673600	38673800	U	U	U	U
chr22	38683600	38683800	U	U	U	U
chr22	38684400	38684600	U	U	U	U
chr22	38687400	38687600	U	U	U	U
chr22	38697400	38697600	B	U	B	U
chr22	38700000	38700200	U	U	U	U
chr22	38701600	38701800	B	U	U	U
chr22	38706000	38706200	B	U	U	U
chr22	38708400	38708600	U	U	U	U
chr22	38709800	38710000	U	U	U	U
chr22	38716000	38716200	U	U	U	U
chr22	38722600	38722800	U	U	U	U
chr22	38723000	38723200	U	U	U	U
chr22	38723600	38723800	U	U	U	U
chr22	38726800	38727000	U	U	U	U
chr22	38729200	38729400	U	U	U	U
chr22	38730000	38730200	U	U	U	U
chr22	38734000	38734200	B	U	U	U
chr22	38735200	38735400	U	U	U	U
chr22	38735400	38735600	U	U	U	U
chr22	38736000	38736200	U	U	U	U
chr22	38737400	38737600	U	U	U	U
chr22	38738600	38738800	U	U	U	U
chr22	38739000	38739200	U	U	U	U
chr22	38739200	38739400	U	U	U	U
chr22	38742600	38742800	U	U	U	U
chr22	38745800	38746000	U	U	U	U
chr22	38747400	38747600	U	U	U	U
chr22	38748800	38749000	U	U	U	U
chr22	38749400	38749600	U	U	U	U
chr22	38750000	38750200	U	U	U	U
chr22	38750200	38750400	U	U	U	U
chr22	38750800	38751000	U	U	U	U
chr22	38752600	38752800	U	U	U	U
chr22	38753000	38753200	U	U	U	U
chr22	38754200	38754400	U	U	U	U
chr22	38754800	38755000	U	U	U	U
chr22	38755800	38756000	B	U	U	U
chr22	38760800	38761000	U	U	U	U
chr22	38761200	38761400	U	U	U	U
chr22	38762200	38762400	U	U	U	U
chr22	38764600	38764800	U	U	U	U
chr22	38768000	38768200	U	U	U	U
chr22	38774000	38774200	U	U	U	U
chr22	38775400	38775600	U	U	U	U
chr22	38780800	38781000	U	U	U	U
chr22	38781000	38781200	U	U	U	U
chr22	38782800	38783000	U	U	U	U
chr22	38786000	38786200	B	U	U	U
chr22	38796400	38796600	U	U	U	U
chr22	38796600	38796800	U	U	U	U
chr22	38818200	38818400	U	U	U	U
chr22	38820000	38820200	U	U	U	U
chr22	38821800	38822000	U	U	U	U
chr22	38822400	38822600	U	U	U	U
chr22	38822600	38822800	U	U	U	U
chr22	38824400	38824600	B	U	B	U
chr22	38828400	38828600	U	U	U	U
chr22	38832800	38833000	U	U	U	U
chr22	38833200	38833400	U	U	U	U
chr22	38840400	38840600	U	U	U	U
chr22	38842000	38842200	U	U	U	U
chr22	38842200	38842400	U	U	U	U
chr22	38844200	38844400	B	U	B	U
chr22	38845200	38845400	U	U	U	U
chr22	38850000	38850200	U	U	U	U
chr22	38851000	38851200	U	U	U	U
chr22	38851400	38851600	U	U	U	U
chr22	38853000	38853200	U	U	U	U
chr22	38860000	38860200	U	U	U	U
chr22	38865400	38865600	U	U	U	U
chr22	38868400	38868600	U	U	U	U
chr22	38871000	38871200	B	U	U	U
chr22	38871600	38871800	B	U	U	U
chr22	38872400	38872600	B	U	B	U
chr22	38873800	38874000	U	U	U	U
chr22	38878800	38879000	U	U	U	U
chr22	38881600	38881800	U	U	U	U
chr22	38900400	38900600	U	U	U	U
chr22	38933000	38933200	U	U	U	U
chr22	38942800	38943000	U	U	U	U
chr22	38948200	38948400	U	U	U	U
chr22	38948400	38948600	U	U	U	U
chr22	38949800	38950000	U	U	B	U
chr22	38952800	38953000	U	U	U	U
chr22	38953400	38953600	U	U	U	U
chr22	38954600	38954800	U	U	U	U
chr22	38955400	38955600	U	U	U	U
chr22	38956000	38956200	U	U	U	U
chr22	38956800	38957000	U	U	U	U
chr22	38959200	38959400	U	U	U	U
chr22	38959600	38959800	U	U	U	U
chr22	38960200	38960400	U	U	U	U
chr22	38964400	38964600	U	U	U	U
chr22	38965200	38965400	U	U	U	U
chr22	38966800	38967000	U	U	U	U
chr22	38967600	38967800	U	U	U	U
chr22	38967800	38968000	U	U	U	U
chr22	38968800	38969000	U	U	U	U
chr22	38973400	38973600	B	U	U	U
chr22	38981600	38981800	B	U	U	U
chr22	38982000	38982200	B	U	U	U
chr22	38982800	38983000	U	U	U	U
chr22	38985800	38986000	U	U	U	U
chr22	38989000	38989200	U	U	U	U
chr22	38992400	38992600	U	U	U	U
chr22	38996400	38996600	U	U	U	U
chr22	39001200	39001400	U	U	U	U
chr22	39013800	39014000	B	U	U	U
chr22	39014800	39015000	B	U	U	U
chr22	39015600	39015800	U	U	U	U
chr22	39016600	39016800	U	U	U	U
chr22	39022600	39022800	U	U	U	U
chr22	39025200	39025400	U	U	U	U
chr22	39025400	39025600	U	U	U	U
chr22	39027400	39027600	U	U	U	U
chr22	39029000	39029200	U	U	U	U
chr22	39029400	39029600	U	U	U	U
chr22	39032200	39032400	U	U	U	U
chr22	39047000	39047200	U	U	U	U
chr22	39049200	39049400	U	U	U	U
chr22	39052600	39052800	U	U	U	U
chr22	39070400	39070600	U	U	U	U
chr22	39072600	39072800	U	U	U	U
chr22	39077000	39077200	B	U	U	U
chr22	39082800	39083000	U	U	U	U
chr22	39083600	39083800	U	U	U	U
chr22	39084800	39085000	U	U	U	U
chr22	39085000	39085200	U	U	U	U
chr22	39093000	39093200	U	U	U	U
chr22	39095400	39095600	U	U	U	U
chr22	39097600	39097800	U	U	U	U
chr22	39098600	39098800	U	U	U	U
chr22	39130000	39130200	U	U	U	U
chr22	39131400	39131600	B	U	U	U
chr22	39132000	39132200	U	U	U	U
chr22	39132600	39132800	U	U	U	U
chr22	39133600	39133800	U	U	U	U
chr22	39140200	39140400	U	U	U	U
chr22	39144000	39144200	U	U	U	U
chr22	39148400	39148600	U	U	U	U
chr22	39150200	39150400	U	U	U	U
chr22	39153400	39153600	U	U	U	U
chr22	39155600	39155800	U	U	U	U
chr22	39175400	39175600	U	U	U	U
chr22	39185200	39185400	U	U	U	U
chr22	39208400	39208600	U	U	U	U
chr22	39209800	39210000	U	U	U	U
chr22	39214400	39214600	U	U	U	U
chr22	39222600	39222800	U	U	U	U
chr22	39225000	39225200	U	U	U	U
chr22	39225200	39225400	U	U	U	U
chr22	39231400	39231600	U	U	U	U
chr22	39233800	39234000	U	U	U	U
chr22	39235000	39235200	U	U	U	U
chr22	39236800	39237000	U	U	U	U
chr22	39238000	39238200	U	U	U	U
chr22	39240200	39240400	U	U	U	U
chr22	39240400	39240600	U	U	U	U
chr22	39241000	39241200	U	U	B	U
chr22	39241600	39241800	U	U	B	U
chr22	39250200	39250400	U	U	U	U
chr22	39250800	39251000	U	U	U	U
chr22	39252200	39252400	U	U	U	U
chr22	39253000	39253200	U	U	U	U
chr22	39253200	39253400	U	U	U	U
chr22	39253400	39253600	B	U	U	U
chr22	39253800	39254000	B	U	U	U
chr22	39254400	39254600	U	U	U	U
chr22	39256200	39256400	U	U	U	U
chr22	39256400	39256600	U	U	U	U
chr22	39256600	39256800	U	U	U	U
chr22	39289600	39289800	U	U	U	U
chr22	39296800	39297000	U	U	U	U
chr22	39298400	39298600	U	U	U	U
chr22	39299400	39299600	U	U	U	U
chr22	39311600	39311800	B	U	U	U
chr22	39313800	39314000	U	U	U	U
chr22	39314200	39314400	U	U	U	U
chr22	39314800	39315000	U	U	U	U
chr22	39319000	39319200	B	U	U	U
chr22	39319600	39319800	B	U	B	B
chr22	39362200	39362400	U	U	U	U
chr22	39362600	39362800	U	U	U	U
chr22	39363800	39364000	B	U	U	U
chr22	39368400	39368600	U	U	U	U
chr22	39377000	39377200	U	U	U	U
chr22	39377600	39377800	U	U	U	U
chr22	39384000	39384200	U	U	U	U
chr22	39384200	39384400	U	U	U	U
chr22	39388800	39389000	B	U	U	U
chr22	39405200	39405400	U	U	U	U
chr22	39415400	39415600	U	U	U	U
chr22	39415800	39416000	U	U	U	U
chr22	39416200	39416400	U	U	U	U
chr22	39416600	39416800	U	U	U	U
chr22	39421400	39421600	U	U	U	U
chr22	39429000	39429200	U	U	U	U
chr22	39430000	39430200	U	U	U	U
chr22	39431400	39431600	U	U	U	U
chr22	39431600	39431800	U	U	U	U
chr22	39445600	39445800	U	U	U	U
chr22	39447000	39447200	U	U	U	U
chr22	39449800	39450000	U	U	U	U
chr22	39452600	39452800	B	U	U	U
chr22	39454600	39454800	U	U	U	U
chr22	39456600	39456800	U	U	U	U
chr22	39458400	39458600	U	U	U	U
chr22	39461400	39461600	U	U	U	U
chr22	39464000	39464200	U	U	U	U
chr22	39466200	39466400	U	U	U	U
chr22	39466400	39466600	U	U	U	U
chr22	39468800	39469000	U	U	U	U
chr22	39469200	39469400	U	U	U	U
chr22	39472400	39472600	B	U	U	U
chr22	39472800	39473000	B	U	B	B
chr22	39476400	39476600	U	U	U	U
chr22	39476800	39477000	U	U	U	U
chr22	39479400	39479600	U	U	U	U
chr22	39486800	39487000	B	U	U	U
chr22	39487400	39487600	B	U	U	U
chr22	39489600	39489800	B	U	U	U
chr22	39491200	39491400	U	U	U	U
chr22	39492000	39492200	U	U	U	U
chr22	39492400	39492600	U	U	U	U
chr22	39502000	39502200	B	U	U	U
chr22	39506600	39506800	U	U	U	U
chr22	39507000	39507200	U	U	U	U
chr22	39509600	39509800	U	U	U	U
chr22	39511800	39512000	U	U	U	U
chr22	39512200	39512400	U	U	U	U
chr22	39512400	39512600	U	U	U	U
chr22	39514000	39514200	U	U	U	U
chr22	39514200	39514400	U	U	B	U
chr22	39514800	39515000	U	U	U	U
chr22	39517200	39517400	U	U	U	U
chr22	39517800	39518000	U	U	U	U
chr22	39519400	39519600	B	U	U	U
chr22	39521400	39521600	U	U	U	U
chr22	39521800	39522000	U	U	U	U
chr22	39522800	39523000	B	U	U	U
chr22	39523000	39523200	B	U	U	U
chr22	39527800	39528000	U	U	U	U
chr22	39529000	39529200	U	U	U	B
chr22	39536000	39536200	U	U	U	U
chr22	39540000	39540200	U	U	U	U
chr22	39540600	39540800	U	U	U	U
chr22	39546000	39546200	B	U	B	U
chr22	39547200	39547400	U	U	U	U
chr22	39547400	39547600	U	U	U	U
chr22	39548600	39548800	U	U	U	U
chr22	39550600	39550800	U	U	U	U
chr22	39557200	39557400	B	U	U	U
chr22	39558400	39558600	U	U	U	U
chr22	39560400	39560600	U	U	U	U
chr22	39560600	39560800	U	U	U	U
chr22	39570600	39570800	U	U	U	U
chr22	39572000	39572200	U	U	U	U
chr22	39576600	39576800	U	U	U	U
chr22	39581400	39581600	U	U	U	U
chr22	39587000	39587200	U	U	U	U
chr22	39587200	39587400	U	U	U	U
chr22	39592000	39592200	U	U	U	U
chr22	39592600	39592800	U	U	U	U
chr22	39592800	39593000	U	U	U	U
chr22	39597000	39597200	B	U	U	U
chr22	39597600	39597800	B	U	U	U
chr22	39611400	39611600	U	U	U	U
chr22	39617400	39617600	U	U	U	U
chr22	39619400	39619600	U	U	U	U
chr22	39624400	39624600	U	U	U	U
chr22	39627800	39628000	U	U	U	U
chr22	39632200	39632400	U	U	U	U
chr22	39632400	39632600	U	U	U	U
chr22	39632800	39633000	U	U	U	U
chr22	39634400	39634600	B	U	U	U
chr22	39636600	39636800	U	U	U	U
chr22	39645600	39645800	U	U	U	U
chr22	39648400	39648600	U	U	U	U
chr22	39648800	39649000	U	U	U	U
chr22	39649400	39649600	U	U	U	U
chr22	39659400	39659600	U	U	U	U
chr22	39659600	39659800	U	U	U	U
chr22	39662000	39662200	U	U	U	U
chr22	39662600	39662800	B	U	U	U
chr22	39665000	39665200	B	U	U	U
chr22	39665800	39666000	U	U	U	U
chr22	39668400	39668600	U	U	U	U
chr22	39670000	39670200	U	U	U	U
chr22	39674600	39674800	U	U	U	U
chr22	39676200	39676400	U	U	U	U
chr22	39676600	39676800	U	U	U	U
chr22	39677600	39677800	U	U	U	U
chr22	39678000	39678200	U	U	U	U
chr22	39678200	39678400	U	U	U	U
chr22	39679400	39679600	U	U	U	U
chr22	39679800	39680000	U	U	U	U
chr22	39680000	39680200	U	U	U	U
chr22	39683600	39683800	U	U	U	U
chr22	39684200	39684400	U	U	U	U
chr22	39684400	39684600	U	U	U	U
chr22	39685800	39686000	U	U	U	U
chr22	39686800	39687000	U	U	U	U
chr22	39687000	39687200	U	U	U	U
chr22	39688400	39688600	U	U	U	U
chr22	39689200	39689400	U	U	U	U
chr22	39689400	39689600	U	U	U	U
chr22	39694200	39694400	U	U	U	U
chr22	39697400	39697600	U	U	U	U
chr22	39699600	39699800	U	U	U	U
chr22	39700400	39700600	U	U	U	U
chr22	39703800	39704000	U	U	U	U
chr22	39706000	39706200	U	U	U	U
chr22	39707400	39707600	U	U	U	U
chr22	39714400	39714600	U	U	U	U
chr22	39714600	39714800	U	U	U	U
chr22	39717800	39718000	U	U	U	U
chr22	39719200	39719400	U	U	U	U
chr22	39722400	39722600	U	U	U	U
chr22	39722600	39722800	U	U	U	U
chr22	39730200	39730400	U	U	U	U
chr22	39730400	39730600	U	U	U	U
chr22	39731800	39732000	B	U	U	U
chr22	39732000	39732200	B	U	U	U
chr22	39732200	39732400	B	U	U	U
chr22	39732600	39732800	B	U	U	U
chr22	39733000	39733200	U	U	U	U
chr22	39737000	39737200	U	U	U	U
chr22	39737600	39737800	U	U	U	U
chr22	39738600	39738800	U	U	U	U
chr22	39743000	39743200	U	U	U	U
chr22	39743400	39743600	U	U	U	U
chr22	39743600	39743800	U	U	U	U
chr22	39743800	39744000	U	U	U	U
chr22	39750800	39751000	U	U	U	U
chr22	39753200	39753400	U	U	U	U
chr22	39756000	39756200	U	U	U	U
chr22	39776400	39776600	U	U	U	U
chr22	39776800	39777000	U	U	U	U
chr22	39801000	39801200	U	U	U	U
chr22	39805800	39806000	U	U	U	U
chr22	39808600	39808800	U	U	U	U
chr22	39808800	39809000	U	U	U	U
chr22	39828800	39829000	U	U	U	U
chr22	39830400	39830600	U	U	U	U
chr22	39836400	39836600	U	U	U	U
chr22	39839600	39839800	U	U	U	U
chr22	39855000	39855200	U	U	U	U
chr22	39860400	39860600	U	U	U	U
chr22	39860600	39860800	U	U	U	U
chr22	39864000	39864200	U	U	U	U
chr22	39865400	39865600	U	U	U	U
chr22	39873200	39873400	U	U	U	U
chr22	39887000	39887200	U	U	U	U
chr22	39889000	39889200	U	U	U	U
chr22	39900600	39900800	U	U	U	U
chr22	39901400	39901600	B	U	U	U
chr22	39902000	39902200	B	U	U	U
chr22	39906000	39906200	U	U	U	U
chr22	39909600	39909800	U	U	U	U
chr22	39909800	39910000	U	U	U	U
chr22	39911200	39911400	U	U	U	U
chr22	39913400	39913600	U	U	U	U
chr22	39916600	39916800	U	U	U	U
chr22	39916800	39917000	U	U	U	U
chr22	39917200	39917400	U	U	U	U
chr22	39917400	39917600	U	U	U	U
chr22	39918800	39919000	U	U	U	U
chr22	39920000	39920200	B	U	B	U
chr22	39925200	39925400	U	U	U	U
chr22	39928200	39928400	U	U	U	U
chr22	39928800	39929000	U	U	U	U
chr22	39931400	39931600	U	U	U	U
chr22	39937000	39937200	U	U	U	U
chr22	39938000	39938200	U	U	U	U
chr22	39938200	39938400	U	U	U	U
chr22	39938400	39938600	U	U	U	B
chr22	39938800	39939000	U	U	U	B
chr22	39939000	39939200	U	U	U	U
chr22	39944200	39944400	U	U	U	U
chr22	39944600	39944800	U	U	U	U
chr22	39945000	39945200	U	U	U	U
chr22	39945200	39945400	U	U	U	U
chr22	39945400	39945600	U	U	U	U
chr22	39946400	39946600	B	U	U	U
chr22	39948200	39948400	U	U	U	U
chr22	39951600	39951800	U	U	U	U
chr22	39951800	39952000	U	U	U	U
chr22	39958800	39959000	B	U	U	U
chr22	39959200	39959400	B	U	U	U
chr22	39964200	39964400	U	U	U	U
chr22	39971200	39971400	U	U	U	U
chr22	39972600	39972800	U	U	U	U
chr22	39974200	39974400	U	U	U	U
chr22	39980400	39980600	U	U	U	U
chr22	39985600	39985800	U	U	U	U
chr22	39989400	39989600	U	U	U	U
chr22	39989600	39989800	U	U	U	U
chr22	39994600	39994800	U	U	U	U
chr22	39995400	39995600	U	U	U	U
chr22	39999800	40000000	B	U	B	U
chr22	40002200	40002400	U	U	U	U
chr22	40018200	40018400	U	U	U	U
chr22	40019000	40019200	U	U	U	U
chr22	40020000	40020200	U	U	U	U
chr22	40029400	40029600	U	U	U	U
chr22	40029600	40029800	U	U	U	U
chr22	40030800	40031000	U	U	U	U
chr22	40031800	40032000	U	U	U	U
chr22	40035200	40035400	U	U	U	U
chr22	40038400	40038600	U	U	U	U
chr22	40039600	40039800	U	U	U	U
chr22	40040600	40040800	U	U	U	U
chr22	40043400	40043600	U	U	U	U
chr22	40044600	40044800	B	U	U	U
chr22	40045000	40045200	B	U	U	U
chr22	40046000	40046200	U	U	U	U
chr22	40051400	40051600	B	U	U	B
chr22	40056000	40056200	U	U	U	U
chr22	40057800	40058000	U	U	U	U
chr22	40068000	40068200	U	U	U	U
chr22	40069800	40070000	U	U	U	U
chr22	40071600	40071800	U	U	U	U
chr22	40073200	40073400	U	U	U	U
chr22	40080600	40080800	U	U	U	U
chr22	40087000	40087200	U	U	U	U
chr22	40096400	40096600	U	U	U	U
chr22	40114000	40114200	U	U	U	U
chr22	40117000	40117200	U	U	U	U
chr22	40125800	40126000	U	U	U	U
chr22	40130000	40130200	U	U	U	U
chr22	40133000	40133200	U	U	U	U
chr22	40137000	40137200	U	U	U	U
chr22	40178400	40178600	U	U	U	U
chr22	40178600	40178800	B	U	U	U
chr22	40178800	40179000	B	U	U	U
chr22	40181000	40181200	U	U	U	U
chr22	40182600	40182800	U	U	U	U
chr22	40185400	40185600	U	U	U	U
chr22	40189000	40189200	U	U	U	U
chr22	40193000	40193200	U	U	U	U
chr22	40194000	40194200	U	U	U	U
chr22	40196400	40196600	U	U	U	U
chr22	40202800	40203000	B	U	U	U
chr22	40203200	40203400	B	U	U	U
chr22	40204200	40204400	U	U	U	U
chr22	40208800	40209000	U	U	U	U
chr22	40210400	40210600	U	U	U	U
chr22	40212000	40212200	U	U	U	U
chr22	40212400	40212600	U	U	U	U
chr22	40220000	40220200	U	U	U	U
chr22	40220200	40220400	U	U	U	U
chr22	40220400	40220600	U	U	U	U
chr22	40220800	40221000	U	U	U	U
chr22	40221200	40221400	U	U	U	U
chr22	40222000	40222200	U	U	U	U
chr22	40226200	40226400	U	U	U	U
chr22	40226600	40226800	U	U	U	U
chr22	40236600	40236800	U	U	U	U
chr22	40244800	40245000	U	U	U	U
chr22	40247200	40247400	U	U	U	U
chr22	40248200	40248400	U	U	U	U
chr22	40250000	40250200	U	U	U	U
chr22	40258400	40258600	U	U	U	U
chr22	40260600	40260800	U	U	U	U
chr22	40262400	40262600	U	U	U	U
chr22	40263800	40264000	U	U	U	U
chr22	40264400	40264600	U	U	U	U
chr22	40265400	40265600	U	U	U	U
chr22	40266800	40267000	U	U	U	U
chr22	40268400	40268600	U	U	U	U
chr22	40271200	40271400	U	U	U	U
chr22	40274000	40274200	U	U	U	U
chr22	40277400	40277600	U	U	U	U
chr22	40280600	40280800	U	U	U	U
chr22	40280800	40281000	U	U	U	U
chr22	40283600	40283800	U	U	U	U
chr22	40284200	40284400	U	U	U	U
chr22	40284400	40284600	U	U	U	U
chr22	40285000	40285200	U	U	U	U
chr22	40285600	40285800	U	U	U	U
chr22	40292400	40292600	U	U	U	U
chr22	40292600	40292800	U	U	U	U
chr22	40302000	40302200	U	U	U	U
chr22	40305000	40305200	U	U	U	U
chr22	40307600	40307800	U	U	U	U
chr22	40308600	40308800	U	U	U	U
chr22	40309200	40309400	U	U	U	U
chr22	40311200	40311400	U	U	U	U
chr22	40312400	40312600	U	U	U	U
chr22	40312600	40312800	U	U	U	U
chr22	40313200	40313400	U	U	U	U
chr22	40315000	40315200	U	U	U	U
chr22	40317000	40317200	U	U	U	U
chr22	40322800	40323000	U	U	U	U
chr22	40323000	40323200	U	U	U	U
chr22	40326800	40327000	U	U	U	U
chr22	40328600	40328800	U	U	U	U
chr22	40329400	40329600	B	U	U	B
chr22	40330400	40330600	U	U	U	U
chr22	40331800	40332000	U	U	U	U
chr22	40332200	40332400	U	U	U	U
chr22	40332400	40332600	U	U	U	U
chr22	40333400	40333600	U	U	U	U
chr22	40333800	40334000	U	U	U	U
chr22	40334200	40334400	U	U	U	U
chr22	40334600	40334800	U	U	U	U
chr22	40336400	40336600	U	U	U	U
chr22	40352000	40352200	U	U	U	U
chr22	40358800	40359000	U	U	U	U
chr22	40359000	40359200	U	U	U	U
chr22	40361000	40361200	U	U	U	U
chr22	40363000	40363200	U	U	U	U
chr22	40364600	40364800	U	U	U	U
chr22	40372600	40372800	U	U	U	U
chr22	40387600	40387800	U	U	U	U
chr22	40398400	40398600	U	U	U	U
chr22	40399800	40400000	U	U	U	U
chr22	40401000	40401200	U	U	U	U
chr22	40404200	40404400	U	U	U	U
chr22	40406400	40406600	U	U	U	U
chr22	40406800	40407000	U	U	U	U
chr22	40407200	40407400	U	U	U	U
chr22	40408000	40408200	U	U	U	U
chr22	40408400	40408600	U	U	U	U
chr22	40409400	40409600	U	U	U	U
chr22	40411200	40411400	U	U	U	U
chr22	40411600	40411800	U	U	U	U
chr22	40417800	40418000	U	U	U	U
chr22	40421000	40421200	U	U	U	U
chr22	40427200	40427400	U	U	U	U
chr22	40429200	40429400	U	U	U	U
chr22	40431400	40431600	U	U	U	U
chr22	40432400	40432600	U	U	U	U
chr22	40435400	40435600	U	U	U	U
chr22	40440600	40440800	U	U	U	U
chr22	40441200	40441400	U	U	U	U
chr22	40448600	40448800	U	U	U	U
chr22	40449600	40449800	U	U	U	U
chr22	40467600	40467800	U	U	U	U
chr22	40468000	40468200	U	U	U	U
chr22	40473600	40473800	U	U	U	U
chr22	40474400	40474600	U	U	U	U
chr22	40476200	40476400	U	U	U	U
chr22	40485400	40485600	U	U	U	U
chr22	40485600	40485800	U	U	U	U
chr22	40485800	40486000	U	U	U	U
chr22	40486000	40486200	U	U	U	U
chr22	40491800	40492000	U	U	U	U
chr22	40492000	40492200	U	U	U	U
chr22	40493000	40493200	U	U	U	U
chr22	40493200	40493400	U	U	U	U
chr22	40509400	40509600	U	U	U	U
chr22	40511800	40512000	U	U	U	U
chr22	40512400	40512600	U	U	U	U
chr22	40519600	40519800	U	U	U	U
chr22	40527200	40527400	U	U	U	U
chr22	40530800	40531000	U	U	U	U
chr22	40532200	40532400	U	U	U	U
chr22	40534000	40534200	B	U	U	B
chr22	40534200	40534400	B	U	U	U
chr22	40534800	40535000	B	U	U	U
chr22	40541000	40541200	U	U	U	U
chr22	40557000	40557200	U	U	U	U
chr22	40560600	40560800	U	U	U	U
chr22	40562800	40563000	U	U	U	U
chr22	40565000	40565200	U	U	U	U
chr22	40568000	40568200	U	U	U	U
chr22	40586400	40586600	U	U	U	U
chr22	40589000	40589200	U	U	U	U
chr22	40593600	40593800	U	U	U	U
chr22	40594600	40594800	U	U	U	U
chr22	40598000	40598200	U	U	U	U
chr22	40600200	40600400	U	U	U	U
chr22	40603400	40603600	U	U	U	U
chr22	40607600	40607800	U	U	U	U
chr22	40607800	40608000	U	U	U	U
chr22	40611800	40612000	U	U	U	U
chr22	40624800	40625000	U	U	U	U
chr22	40631000	40631200	U	U	U	U
chr22	40631600	40631800	U	U	U	U
chr22	40634800	40635000	U	U	U	U
chr22	40645000	40645200	U	U	U	U
chr22	40654200	40654400	U	U	U	U
chr22	40673400	40673600	U	U	U	U
chr22	40673600	40673800	U	U	U	U
chr22	40673800	40674000	U	U	U	U
chr22	40678600	40678800	U	U	U	U
chr22	40681000	40681200	U	U	U	U
chr22	40690000	40690200	U	U	U	U
chr22	40690800	40691000	U	U	U	U
chr22	40723800	40724000	U	U	U	U
chr22	40725200	40725400	U	U	U	U
chr22	40733000	40733200	U	U	U	U
chr22	40739800	40740000	U	U	U	U
chr22	40759200	40759400	U	U	U	U
chr22	40768800	40769000	U	U	U	U
chr22	40770000	40770200	U	U	U	U
chr22	40770800	40771000	U	U	U	U
chr22	40778000	40778200	U	U	U	U
chr22	40779400	40779600	U	U	U	U
chr22	40780600	40780800	U	U	U	U
chr22	40782600	40782800	U	U	U	U
chr22	40790400	40790600	U	U	U	U
chr22	40797400	40797600	U	U	U	U
chr22	40804000	40804200	U	U	U	U
chr22	40806000	40806200	U	U	U	U
chr22	40815400	40815600	U	U	U	U
chr22	40825000	40825200	U	U	U	U
chr22	40825200	40825400	U	U	U	U
chr22	40825400	40825600	U	U	U	U
chr22	40825600	40825800	U	U	U	U
chr22	40826400	40826600	U	U	U	U
chr22	40826600	40826800	U	U	U	U
chr22	40827200	40827400	U	U	U	U
chr22	40828800	40829000	U	U	U	U
chr22	40829800	40830000	U	U	U	U
chr22	40831200	40831400	U	U	U	U
chr22	40832800	40833000	U	U	U	U
chr22	40835400	40835600	U	U	U	U
chr22	40835600	40835800	U	U	U	U
chr22	40840600	40840800	U	U	U	U
chr22	40850800	40851000	U	U	U	U
chr22	40851200	40851400	U	U	U	U
chr22	40851400	40851600	U	U	U	U
chr22	40854200	40854400	B	U	U	U
chr22	40856000	40856200	B	U	U	U
chr22	40856400	40856600	B	U	B	U
chr22	40859400	40859600	U	U	U	U
chr22	40859800	40860000	U	U	U	U
chr22	40861200	40861400	U	U	U	U
chr22	40879000	40879200	U	U	U	U
chr22	40879200	40879400	U	U	U	U
chr22	40881600	40881800	U	U	U	U
chr22	40885200	40885400	U	U	U	U
chr22	40892800	40893000	U	U	U	U
chr22	40907600	40907800	U	U	U	U
chr22	40908600	40908800	U	U	U	U
chr22	40925400	40925600	U	U	U	U
chr22	40926600	40926800	U	U	U	U
chr22	40931200	40931400	U	U	U	U
chr22	40931800	40932000	U	U	U	U
chr22	40932800	40933000	U	U	U	U
chr22	40952200	40952400	U	U	U	U
chr22	40952600	40952800	U	U	U	U
chr22	40967600	40967800	U	U	U	U
chr22	40983200	40983400	U	U	U	U
chr22	40983400	40983600	U	U	U	U
chr22	40994000	40994200	U	U	U	U
chr22	41009800	41010000	U	U	U	U
chr22	41019600	41019800	U	U	U	U
chr22	41022800	41023000	B	U	B	U
chr22	41049400	41049600	B	U	U	U
chr22	41064000	41064200	U	U	U	U
chr22	41064400	41064600	U	U	U	U
chr22	41073800	41074000	U	U	U	U
chr22	41081800	41082000	U	U	U	U
chr22	41087400	41087600	U	U	U	U
chr22	41090600	41090800	U	U	U	U
chr22	41091600	41091800	B	U	U	U
chr22	41092200	41092400	B	U	U	U
chr22	41094600	41094800	U	U	U	U
chr22	41095000	41095200	U	U	U	U
chr22	41096400	41096600	U	U	U	U
chr22	41097400	41097600	U	U	U	U
chr22	41102200	41102400	U	U	U	U
chr22	41102400	41102600	U	U	U	U
chr22	41106000	41106200	U	U	U	U
chr22	41106200	41106400	U	U	U	U
chr22	41117600	41117800	U	U	U	U
chr22	41118200	41118400	U	U	U	U
chr22	41118400	41118600	U	U	U	U
chr22	41121800	41122000	U	U	U	U
chr22	41123200	41123400	U	U	U	U
chr22	41126200	41126400	U	U	U	U
chr22	41135800	41136000	U	U	U	U
chr22	41137600	41137800	U	U	U	U
chr22	41138600	41138800	U	U	U	U
chr22	41149400	41149600	U	U	U	U
chr22	41150200	41150400	U	U	U	U
chr22	41151200	41151400	U	U	U	U
chr22	41160000	41160200	U	U	U	U
chr22	41162400	41162600	U	U	U	U
chr22	41164000	41164200	U	U	U	U
chr22	41168800	41169000	U	U	U	U
chr22	41169600	41169800	U	U	U	U
chr22	41169800	41170000	U	U	U	U
chr22	41172800	41173000	U	U	U	U
chr22	41176400	41176600	U	U	U	U
chr22	41177800	41178000	U	U	U	U
chr22	41178600	41178800	U	U	U	U
chr22	41179000	41179200	U	U	U	U
chr22	41179600	41179800	U	U	U	U
chr22	41181800	41182000	U	U	U	U
chr22	41195400	41195600	U	U	U	U
chr22	41211000	41211200	U	U	U	U
chr22	41217600	41217800	B	U	U	U
chr22	41221000	41221200	U	U	U	U
chr22	41227200	41227400	U	U	U	U
chr22	41227600	41227800	U	U	U	U
chr22	41228000	41228200	U	U	U	U
chr22	41230600	41230800	U	U	U	U
chr22	41232800	41233000	U	U	U	U
chr22	41240600	41240800	U	U	U	U
chr22	41245200	41245400	B	U	U	U
chr22	41251000	41251200	U	U	U	U
chr22	41253000	41253200	U	U	U	U
chr22	41256000	41256200	U	U	U	U
chr22	41256200	41256400	U	U	U	U
chr22	41265600	41265800	U	U	U	U
chr22	41267600	41267800	U	U	U	U
chr22	41268000	41268200	U	U	U	U
chr22	41272200	41272400	U	U	U	U
chr22	41274600	41274800	U	U	U	U
chr22	41302400	41302600	U	U	U	U
chr22	41302600	41302800	U	U	U	U
chr22	41302800	41303000	U	U	U	U
chr22	41317800	41318000	U	U	U	U
chr22	41320600	41320800	U	U	U	U
chr22	41323400	41323600	U	U	U	U
chr22	41327200	41327400	U	U	U	U
chr22	41334400	41334600	U	U	U	U
chr22	41339000	41339200	U	U	U	U
chr22	41340000	41340200	U	U	U	U
chr22	41343200	41343400	U	U	U	U
chr22	41343600	41343800	U	U	U	U
chr22	41345800	41346000	U	U	U	U
chr22	41348800	41349000	U	U	U	U
chr22	41351600	41351800	U	U	U	U
chr22	41357200	41357400	U	U	U	U
chr22	41357400	41357600	U	U	U	U
chr22	41358400	41358600	B	U	U	U
chr22	41360400	41360600	U	U	U	U
chr22	41366600	41366800	U	U	U	U
chr22	41369200	41369400	U	U	U	U
chr22	41369400	41369600	U	U	U	U
chr22	41376000	41376200	U	U	U	U
chr22	41377800	41378000	U	U	U	U
chr22	41381600	41381800	B	U	U	U
chr22	41394200	41394400	U	U	U	U
chr22	41394400	41394600	U	U	U	U
chr22	41395600	41395800	U	U	U	U
chr22	41398400	41398600	U	U	U	U
chr22	41402000	41402200	U	U	U	U
chr22	41410200	41410400	U	U	U	U
chr22	41412800	41413000	B	U	U	U
chr22	41414600	41414800	B	U	U	U
chr22	41414800	41415000	B	U	U	U
chr22	41418200	41418400	U	U	U	U
chr22	41431800	41432000	U	U	U	U
chr22	41433200	41433400	U	U	U	U
chr22	41433400	41433600	U	U	U	U
chr22	41434000	41434200	U	U	U	U
chr22	41435600	41435800	U	U	U	U
chr22	41436400	41436600	U	U	U	U
chr22	41438800	41439000	U	U	U	U
chr22	41439000	41439200	U	U	U	U
chr22	41442400	41442600	U	U	U	U
chr22	41442600	41442800	U	U	U	U
chr22	41445400	41445600	U	U	U	U
chr22	41446000	41446200	U	U	U	U
chr22	41446200	41446400	U	U	U	U
chr22	41446400	41446600	U	U	U	U
chr22	41447200	41447400	B	U	U	U
chr22	41459600	41459800	U	U	U	U
chr22	41462000	41462200	U	U	U	U
chr22	41473000	41473200	U	U	U	U
chr22	41479800	41480000	U	U	U	U
chr22	41481400	41481600	U	U	U	U
chr22	41482000	41482200	B	U	U	U
chr22	41488000	41488200	U	U	U	U
chr22	41500000	41500200	U	U	U	U
chr22	41504400	41504600	U	U	U	U
chr22	41508400	41508600	U	U	U	U
chr22	41508600	41508800	U	U	U	U
chr22	41513200	41513400	B	U	B	U
chr22	41515600	41515800	U	U	U	U
chr22	41517400	41517600	U	U	U	U
chr22	41520200	41520400	U	U	U	U
chr22	41523200	41523400	B	U	U	U
chr22	41526600	41526800	B	U	U	U
chr22	41527400	41527600	U	U	U	U
chr22	41528200	41528400	U	U	U	U
chr22	41528600	41528800	U	U	U	U
chr22	41529200	41529400	U	U	U	U
chr22	41532800	41533000	U	U	U	U
chr22	41533600	41533800	U	U	U	U
chr22	41538600	41538800	U	U	U	U
chr22	41541800	41542000	U	U	U	U
chr22	41549600	41549800	U	U	U	U
chr22	41560800	41561000	U	U	U	U
chr22	41570200	41570400	U	U	U	U
chr22	41571600	41571800	U	U	U	U
chr22	41572000	41572200	U	U	U	U
chr22	41574800	41575000	U	U	U	U
chr22	41575200	41575400	U	U	U	U
chr22	41579200	41579400	U	U	U	U
chr22	41584200	41584400	U	U	U	U
chr22	41589800	41590000	B	U	U	U
chr22	41598000	41598200	B	U	U	U
chr22	41600600	41600800	U	U	U	U
chr22	41600800	41601000	U	U	U	U
chr22	41602200	41602400	U	U	U	U
chr22	41616800	41617000	U	U	U	U
chr22	41621800	41622000	B	U	B	U
chr22	41664000	41664200	U	U	U	U
chr22	41667600	41667800	B	U	U	U
chr22	41675000	41675200	U	U	U	U
chr22	41680200	41680400	U	U	U	U
chr22	41688000	41688200	B	U	U	U
chr22	41688600	41688800	B	U	U	U
chr22	41690000	41690200	U	U	U	U
chr22	41690600	41690800	U	U	U	U
chr22	41693600	41693800	U	U	U	U
chr22	41693800	41694000	U	U	U	U
chr22	41694600	41694800	U	U	U	U
chr22	41696600	41696800	B	U	U	U
chr22	41703200	41703400	U	U	U	U
chr22	41708000	41708200	U	U	U	U
chr22	41708600	41708800	U	U	U	U
chr22	41709200	41709400	U	U	U	U
chr22	41718000	41718200	U	U	U	U
chr22	41718400	41718600	U	U	U	U
chr22	41729600	41729800	U	U	U	U
chr22	41748200	41748400	U	U	U	U
chr22	41752600	41752800	U	U	U	U
chr22	41753800	41754000	U	U	U	U
chr22	41763000	41763200	B	U	U	U
chr22	41767400	41767600	U	U	U	U
chr22	41773000	41773200	U	U	U	U
chr22	41775000	41775200	U	U	U	U
chr22	41781600	41781800	B	U	U	U
chr22	41784200	41784400	U	U	U	U
chr22	41795800	41796000	U	U	U	U
chr22	41799800	41800000	B	U	U	U
chr22	41800000	41800200	B	U	U	U
chr22	41808200	41808400	B	U	U	U
chr22	41813600	41813800	U	U	U	U
chr22	41822600	41822800	B	U	U	U
chr22	41828200	41828400	U	U	U	U
chr22	41836000	41836200	U	U	U	U
chr22	41841400	41841600	U	U	U	U
chr22	41841600	41841800	U	U	U	U
chr22	41841800	41842000	U	U	U	U
chr22	41847200	41847400	U	U	U	U
chr22	41848400	41848600	B	U	U	U
chr22	41849600	41849800	U	U	U	U
chr22	41862000	41862200	U	U	U	U
chr22	41862200	41862400	U	U	U	U
chr22	41862400	41862600	U	U	U	U
chr22	41868200	41868400	U	U	U	U
chr22	41868400	41868600	U	U	U	U
chr22	41875400	41875600	U	U	U	U
chr22	41875600	41875800	U	U	U	U
chr22	41876200	41876400	U	U	U	U
chr22	41876400	41876600	U	U	U	U
chr22	41878000	41878200	U	U	U	U
chr22	41878200	41878400	U	U	U	U
chr22	41894200	41894400	U	U	U	U
chr22	41894400	41894600	U	U	U	U
chr22	41899400	41899600	U	U	U	U
chr22	41900400	41900600	B	U	U	U
chr22	41900600	41900800	B	U	U	U
chr22	41904600	41904800	U	U	U	U
chr22	41905800	41906000	U	U	U	U
chr22	41906000	41906200	U	U	U	U
chr22	41906200	41906400	U	U	U	U
chr22	41906800	41907000	U	U	U	U
chr22	41909200	41909400	B	U	U	U
chr22	41909800	41910000	U	U	U	U
chr22	41910600	41910800	U	U	U	U
chr22	41914200	41914400	B	U	U	U
chr22	41914800	41915000	B	U	U	U
chr22	41917000	41917200	U	U	U	U
chr22	41925000	41925200	U	U	U	U
chr22	41925400	41925600	U	U	U	U
chr22	41928800	41929000	U	U	U	U
chr22	41929200	41929400	U	U	U	U
chr22	41932400	41932600	U	U	U	U
chr22	41936400	41936600	U	U	U	U
chr22	41951800	41952000	U	U	U	U
chr22	41952000	41952200	U	U	U	U
chr22	41952800	41953000	U	U	U	U
chr22	41953000	41953200	U	U	U	U
chr22	41956400	41956600	U	U	U	U
chr22	41964200	41964400	U	U	U	U
chr22	41971400	41971600	U	U	U	U
chr22	41977600	41977800	U	U	U	U
chr22	41979600	41979800	U	U	U	U
chr22	41987400	41987600	U	U	U	U
chr22	41988600	41988800	U	U	U	U
chr22	41989200	41989400	U	U	U	U
chr22	41991800	41992000	U	U	U	U
chr22	41996200	41996400	U	U	U	U
chr22	41996400	41996600	U	U	U	U
chr22	41997000	41997200	U	U	U	U
chr22	41997800	41998000	U	U	U	U
chr22	42001400	42001600	U	U	U	U
chr22	42020600	42020800	U	U	U	U
chr22	42031000	42031200	U	U	U	U
chr22	42031200	42031400	U	U	U	U
chr22	42031400	42031600	U	U	U	U
chr22	42045800	42046000	U	U	U	U
chr22	42046200	42046400	U	U	U	U
chr22	42046400	42046600	U	U	U	U
chr22	42047000	42047200	U	U	U	U
chr22	42059800	42060000	U	U	U	U
chr22	42067000	42067200	U	U	U	U
chr22	42068200	42068400	U	U	U	U
chr22	42073800	42074000	U	U	U	U
chr22	42074200	42074400	U	U	U	U
chr22	42077400	42077600	U	U	U	U
chr22	42077600	42077800	U	U	U	U
chr22	42079600	42079800	B	U	U	U
chr22	42081800	42082000	U	U	U	U
chr22	42083200	42083400	U	U	U	U
chr22	42107800	42108000	U	U	U	U
chr22	42108600	42108800	U	U	U	U
chr22	42118400	42118600	U	U	U	U
chr22	42118600	42118800	U	U	U	U
chr22	42124600	42124800	U	U	U	U
chr22	42125000	42125200	U	U	U	U
chr22	42126000	42126200	U	U	U	U
chr22	42126800	42127000	U	U	U	U
chr22	42127600	42127800	U	U	U	U
chr22	42128400	42128600	U	U	U	U
chr22	42128600	42128800	U	U	U	U
chr22	42128800	42129000	U	U	U	U
chr22	42129400	42129600	B	U	U	U
chr22	42129600	42129800	B	U	U	U
chr22	42130600	42130800	U	U	U	U
chr22	42131200	42131400	U	U	U	U
chr22	42136800	42137000	U	U	U	U
chr22	42139800	42140000	U	U	U	U
chr22	42140200	42140400	U	U	U	U
chr22	42140600	42140800	U	U	U	U
chr22	42141200	42141400	U	U	U	U
chr22	42142200	42142400	U	U	U	U
chr22	42143600	42143800	U	U	U	U
chr22	42150600	42150800	U	U	U	U
chr22	42153200	42153400	U	U	U	U
chr22	42154800	42155000	U	U	U	U
chr22	42155400	42155600	U	U	U	U
chr22	42156000	42156200	U	U	U	U
chr22	42156800	42157000	U	U	U	U
chr22	42159800	42160000	U	U	U	U
chr22	42160200	42160400	U	U	U	U
chr22	42161600	42161800	U	U	U	U
chr22	42162400	42162600	U	U	U	U
chr22	42167000	42167200	U	U	U	U
chr22	42171600	42171800	U	U	U	U
chr22	42173600	42173800	U	U	U	U
chr22	42176200	42176400	U	U	U	U
chr22	42180400	42180600	B	U	U	B
chr22	42187200	42187400	U	U	U	U
chr22	42189400	42189600	U	U	U	U
chr22	42190800	42191000	U	U	U	U
chr22	42191600	42191800	U	U	U	U
chr22	42193800	42194000	U	U	U	U
chr22	42194000	42194200	U	U	U	U
chr22	42195200	42195400	U	U	U	U
chr22	42195800	42196000	U	U	U	U
chr22	42199200	42199400	U	U	U	U
chr22	42210400	42210600	U	U	U	U
chr22	42212600	42212800	U	U	U	U
chr22	42213600	42213800	U	U	U	U
chr22	42213800	42214000	U	U	U	U
chr22	42215800	42216000	U	U	U	U
chr22	42216800	42217000	U	U	U	U
chr22	42217600	42217800	U	U	U	U
chr22	42217800	42218000	U	U	U	U
chr22	42218200	42218400	U	U	U	U
chr22	42253200	42253400	U	U	U	U
chr22	42255800	42256000	U	U	U	U
chr22	42256400	42256600	U	U	U	U
chr22	42257800	42258000	U	U	U	U
chr22	42269400	42269600	B	U	U	U
chr22	42271000	42271200	U	U	U	U
chr22	42272200	42272400	U	U	U	U
chr22	42275200	42275400	U	U	U	U
chr22	42275400	42275600	U	U	U	U
chr22	42282200	42282400	U	U	U	U
chr22	42284600	42284800	U	U	U	U
chr22	42287600	42287800	U	U	U	U
chr22	42290000	42290200	U	U	U	U
chr22	42291400	42291600	U	U	U	U
chr22	42291800	42292000	U	U	U	U
chr22	42294800	42295000	B	U	B	U
chr22	42297200	42297400	U	U	U	U
chr22	42300800	42301000	B	U	U	U
chr22	42304000	42304200	U	U	U	U
chr22	42305600	42305800	U	U	U	U
chr22	42306200	42306400	U	U	U	U
chr22	42312000	42312200	U	U	U	U
chr22	42312200	42312400	U	U	U	U
chr22	42329600	42329800	U	U	U	U
chr22	42335800	42336000	U	U	U	U
chr22	42338400	42338600	U	U	U	U
chr22	42342400	42342600	U	U	U	U
chr22	42348200	42348400	U	U	U	U
chr22	42348600	42348800	U	U	U	U
chr22	42352400	42352600	U	U	U	U
chr22	42357400	42357600	U	U	U	U
chr22	42357800	42358000	U	U	U	U
chr22	42366400	42366600	U	U	U	U
chr22	42366800	42367000	U	U	U	U
chr22	42371000	42371200	U	U	U	U
chr22	42372800	42373000	U	U	U	U
chr22	42377000	42377200	U	U	U	U
chr22	42379200	42379400	U	U	U	U
chr22	42381800	42382000	U	U	U	U
chr22	42383400	42383600	U	U	U	U
chr22	42387600	42387800	U	U	U	U
chr22	42388600	42388800	U	U	U	U
chr22	42388800	42389000	U	U	U	U
chr22	42389000	42389200	U	U	U	U
chr22	42398000	42398200	U	U	U	U
chr22	42404000	42404200	U	U	U	U
chr22	42404200	42404400	U	U	U	U
chr22	42409200	42409400	U	U	U	U
chr22	42409400	42409600	U	U	U	U
chr22	42410800	42411000	U	U	U	U
chr22	42414800	42415000	U	U	U	U
chr22	42417600	42417800	U	U	U	U
chr22	42424600	42424800	U	U	U	U
chr22	42425800	42426000	U	U	U	U
chr22	42426600	42426800	U	U	U	U
chr22	42427200	42427400	U	U	U	U
chr22	42430800	42431000	U	U	U	U
chr22	42432200	42432400	U	U	U	U
chr22	42438000	42438200	B	U	U	U
chr22	42439800	42440000	U	U	U	U
chr22	42440400	42440600	U	U	U	U
chr22	42440600	42440800	U	U	U	U
chr22	42441200	42441400	U	U	U	U
chr22	42459000	42459200	U	U	U	U
chr22	42459200	42459400	U	U	U	U
chr22	42470600	42470800	U	U	U	U
chr22	42483800	42484000	U	U	U	U
chr22	42492400	42492600	U	U	U	U
chr22	42502800	42503000	B	U	U	U
chr22	42510600	42510800	U	U	U	U
chr22	42512000	42512200	B	U	U	U
chr22	42512200	42512400	B	U	U	U
chr22	42515400	42515600	U	U	U	U
chr22	42535000	42535200	U	U	U	U
chr22	42550000	42550200	U	U	U	U
chr22	42554000	42554200	B	U	U	U
chr22	42557800	42558000	U	U	U	U
chr22	42561600	42561800	U	U	U	U
chr22	42562000	42562200	U	U	U	U
chr22	42566200	42566400	U	U	U	U
chr22	42571000	42571200	U	U	U	U
chr22	42571200	42571400	U	U	U	U
chr22	42574000	42574200	U	U	U	U
chr22	42576000	42576200	U	U	U	U
chr22	42576400	42576600	U	U	U	U
chr22	42577000	42577200	U	U	U	U
chr22	42577600	42577800	U	U	U	U
chr22	42584200	42584400	U	U	U	U
chr22	42584400	42584600	U	U	U	U
chr22	42585200	42585400	U	U	U	U
chr22	42585400	42585600	U	U	U	U
chr22	42596400	42596600	U	U	U	U
chr22	42602000	42602200	U	U	U	U
chr22	42602200	42602400	U	U	U	U
chr22	42613800	42614000	U	U	U	U
chr22	42615800	42616000	B	U	U	U
chr22	42619600	42619800	U	U	U	U
chr22	42619800	42620000	U	U	U	U
chr22	42621400	42621600	B	U	U	U
chr22	42624800	42625000	U	U	U	U
chr22	42627200	42627400	U	U	U	U
chr22	42627600	42627800	U	U	U	U
chr22	42628400	42628600	U	U	U	U
chr22	42629000	42629200	U	U	U	U
chr22	42630200	42630400	U	U	U	U
chr22	42630600	42630800	U	U	U	U
chr22	42631400	42631600	U	U	U	U
chr22	42643200	42643400	U	U	U	U
chr22	42645600	42645800	U	U	U	U
chr22	42646000	42646200	U	U	U	U
chr22	42648000	42648200	U	U	U	U
chr22	42653600	42653800	U	U	U	U
chr22	42662600	42662800	B	U	U	U
chr22	42683600	42683800	U	U	U	U
chr22	42686000	42686200	U	U	U	U
chr22	42686600	42686800	U	U	U	U
chr22	42692000	42692200	U	U	U	U
chr22	42693200	42693400	U	U	U	U
chr22	42693800	42694000	U	U	U	U
chr22	42694000	42694200	U	U	U	U
chr22	42695400	42695600	U	U	U	U
chr22	42697600	42697800	U	U	U	U
chr22	42702800	42703000	U	U	U	U
chr22	42716200	42716400	U	U	U	U
chr22	42719000	42719200	U	U	U	U
chr22	42719600	42719800	U	U	U	U
chr22	42726800	42727000	U	U	U	U
chr22	42730000	42730200	U	U	U	U
chr22	42742600	42742800	U	U	U	U
chr22	42752400	42752600	U	U	U	U
chr22	42765800	42766000	U	U	U	U
chr22	42769400	42769600	B	U	U	U
chr22	42770000	42770200	B	U	U	U
chr22	42773400	42773600	U	U	U	U
chr22	42785200	42785400	U	U	U	U
chr22	42787000	42787200	U	U	U	U
chr22	42791000	42791200	U	U	U	U
chr22	42793400	42793600	U	U	U	U
chr22	42795200	42795400	U	U	U	U
chr22	42795400	42795600	U	U	U	U
chr22	42795600	42795800	U	U	U	U
chr22	42796600	42796800	U	U	U	U
chr22	42801800	42802000	U	U	U	U
chr22	42805400	42805600	U	U	U	U
chr22	42805600	42805800	U	U	U	U
chr22	42808800	42809000	U	U	U	U
chr22	42817200	42817400	U	U	U	U
chr22	42819400	42819600	U	U	U	U
chr22	42825800	42826000	U	U	U	U
chr22	42826000	42826200	U	U	U	U
chr22	42827000	42827200	U	U	U	U
chr22	42841600	42841800	U	U	U	U
chr22	42843800	42844000	U	U	U	U
chr22	42850600	42850800	U	U	U	U
chr22	42851600	42851800	U	U	U	U
chr22	42853400	42853600	U	U	U	U
chr22	42866400	42866600	U	U	U	U
chr22	42868600	42868800	U	U	U	U
chr22	42868800	42869000	U	U	U	U
chr22	42869000	42869200	U	U	U	U
chr22	42872000	42872200	U	U	U	U
chr22	42876000	42876200	U	U	U	U
chr22	42876600	42876800	U	U	U	U
chr22	42879000	42879200	U	U	U	U
chr22	42880400	42880600	U	U	U	U
chr22	42882000	42882200	U	U	U	U
chr22	42884400	42884600	U	U	U	U
chr22	42885600	42885800	U	U	U	U
chr22	42886200	42886400	U	U	U	U
chr22	42887600	42887800	U	U	U	U
chr22	42892000	42892200	U	U	U	U
chr22	42894800	42895000	U	U	U	U
chr22	42897400	42897600	U	U	U	U
chr22	42901800	42902000	U	U	U	U
chr22	42903800	42904000	U	U	U	U
chr22	42905000	42905200	U	U	U	U
chr22	42905200	42905400	U	U	U	U
chr22	42905400	42905600	U	U	U	U
chr22	42906400	42906600	U	U	U	U
chr22	42907400	42907600	U	U	U	U
chr22	42907600	42907800	U	U	U	U
chr22	42908200	42908400	U	U	U	U
chr22	42910600	42910800	U	U	U	U
chr22	42912600	42912800	U	U	U	U
chr22	42915800	42916000	U	U	U	U
chr22	42916800	42917000	U	U	U	U
chr22	42926400	42926600	U	U	U	U
chr22	42928000	42928200	U	U	U	U
chr22	42931600	42931800	U	U	U	U
chr22	42935600	42935800	U	U	U	U
chr22	42937600	42937800	B	U	U	U
chr22	42938400	42938600	U	U	U	U
chr22	42945200	42945400	U	U	U	U
chr22	42947200	42947400	U	U	U	U
chr22	42956600	42956800	U	U	U	U
chr22	42956800	42957000	U	U	U	U
chr22	42958600	42958800	U	U	U	U
chr22	42959200	42959400	B	U	U	U
chr22	42960200	42960400	B	U	U	U
chr22	42964600	42964800	U	U	U	U
chr22	42965600	42965800	U	U	U	U
chr22	42966400	42966600	U	U	U	U
chr22	42973600	42973800	U	U	U	U
chr22	42975800	42976000	U	U	U	U
chr22	42976000	42976200	U	U	U	U
chr22	42985400	42985600	U	U	B	U
chr22	42985800	42986000	U	U	B	U
chr22	42988200	42988400	U	U	U	U
chr22	42993800	42994000	U	U	U	U
chr22	42994800	42995000	U	U	U	U
chr22	42995000	42995200	U	U	U	U
chr22	43000200	43000400	U	U	U	U
chr22	43001200	43001400	U	U	U	U
chr22	43001600	43001800	U	U	U	U
chr22	43004600	43004800	U	U	U	U
chr22	43007600	43007800	B	U	U	U
chr22	43007800	43008000	B	U	U	U
chr22	43008600	43008800	U	U	U	U
chr22	43011000	43011200	U	U	U	U
chr22	43013200	43013400	U	U	U	U
chr22	43013600	43013800	U	U	U	U
chr22	43015200	43015400	B	U	U	U
chr22	43015400	43015600	B	U	U	U
chr22	43018600	43018800	U	U	U	U
chr22	43023400	43023600	U	U	U	U
chr22	43025600	43025800	U	U	U	U
chr22	43036200	43036400	U	U	U	U
chr22	43037800	43038000	U	U	U	U
chr22	43038400	43038600	U	U	U	U
chr22	43039800	43040000	U	U	U	U
chr22	43040000	43040200	U	U	U	U
chr22	43047000	43047200	U	U	U	U
chr22	43057600	43057800	U	U	U	U
chr22	43059400	43059600	U	U	U	U
chr22	43068400	43068600	U	U	U	U
chr22	43069600	43069800	U	U	U	U
chr22	43070200	43070400	U	U	U	U
chr22	43079600	43079800	U	U	U	U
chr22	43101200	43101400	B	U	U	U
chr22	43101400	43101600	B	U	U	U
chr22	43101600	43101800	B	U	U	U
chr22	43111200	43111400	B	U	U	U
chr22	43111400	43111600	B	U	U	U
chr22	43114600	43114800	U	U	U	U
chr22	43121400	43121600	U	U	U	U
chr22	43126600	43126800	U	U	U	U
chr22	43128400	43128600	U	U	U	U
chr22	43129800	43130000	U	U	U	U
chr22	43130200	43130400	U	U	U	U
chr22	43132600	43132800	U	U	U	U
chr22	43143000	43143200	B	U	U	U
chr22	43152000	43152200	B	U	U	U
chr22	43158400	43158600	U	U	U	U
chr22	43159200	43159400	U	U	U	U
chr22	43159400	43159600	U	U	U	U
chr22	43159600	43159800	U	U	U	U
chr22	43161000	43161200	U	U	U	U
chr22	43163600	43163800	B	U	U	U
chr22	43166800	43167000	B	U	U	U
chr22	43167000	43167200	B	U	U	U
chr22	43168000	43168200	U	U	U	U
chr22	43171600	43171800	U	U	U	U
chr22	43173800	43174000	U	U	U	U
chr22	43175000	43175200	U	U	U	U
chr22	43179800	43180000	U	U	U	U
chr22	43180600	43180800	U	U	U	U
chr22	43180800	43181000	U	U	U	U
chr22	43182200	43182400	U	U	U	U
chr22	43182800	43183000	U	U	U	U
chr22	43183200	43183400	B	U	U	U
chr22	43184600	43184800	B	U	U	U
chr22	43191400	43191600	U	U	U	U
chr22	43199600	43199800	U	U	U	U
chr22	43200600	43200800	U	U	U	U
chr22	43200800	43201000	U	U	U	U
chr22	43203400	43203600	U	U	U	U
chr22	43206600	43206800	U	U	U	U
chr22	43209600	43209800	U	U	U	U
chr22	43212200	43212400	U	U	U	U
chr22	43213800	43214000	U	U	U	U
chr22	43218200	43218400	U	U	U	U
chr22	43229200	43229400	U	U	U	U
chr22	43230400	43230600	U	U	U	U
chr22	43230800	43231000	B	U	U	U
chr22	43232000	43232200	U	U	U	U
chr22	43234000	43234200	U	U	U	U
chr22	43235000	43235200	U	U	U	U
chr22	43237000	43237200	U	U	U	U
chr22	43237200	43237400	U	U	U	U
chr22	43241600	43241800	U	U	U	U
chr22	43242600	43242800	U	U	U	U
chr22	43244200	43244400	U	U	U	U
chr22	43244800	43245000	U	U	U	U
chr22	43246200	43246400	U	U	U	U
chr22	43247800	43248000	U	U	U	U
chr22	43249600	43249800	U	U	U	U
chr22	43253400	43253600	U	U	U	U
chr22	43257000	43257200	U	U	U	U
chr22	43257800	43258000	U	U	U	U
chr22	43258400	43258600	U	U	U	U
chr22	43258800	43259000	U	U	U	U
chr22	43259200	43259400	U	U	U	U
chr22	43260000	43260200	U	U	U	U
chr22	43260600	43260800	U	U	U	U
chr22	43262600	43262800	U	U	U	U
chr22	43264400	43264600	B	U	U	U
chr22	43266200	43266400	U	U	U	U
chr22	43267800	43268000	U	U	U	U
chr22	43271600	43271800	U	U	U	U
chr22	43276200	43276400	U	U	U	U
chr22	43279000	43279200	U	U	U	U
chr22	43279200	43279400	U	U	U	U
chr22	43284200	43284400	U	U	U	U
chr22	43285200	43285400	U	U	U	U
chr22	43286800	43287000	U	U	U	U
chr22	43287000	43287200	U	U	U	U
chr22	43290600	43290800	U	U	U	U
chr22	43294000	43294200	B	U	U	U
chr22	43303800	43304000	U	U	U	U
chr22	43306600	43306800	U	U	U	U
chr22	43315600	43315800	U	U	U	U
chr22	43323200	43323400	U	U	U	U
chr22	43324400	43324600	U	U	U	U
chr22	43328400	43328600	U	U	U	U
chr22	43331400	43331600	U	U	U	U
chr22	43331600	43331800	U	U	U	U
chr22	43333200	43333400	U	U	U	U
chr22	43342200	43342400	U	U	U	U
chr22	43342800	43343000	U	U	U	U
chr22	43343800	43344000	U	U	U	U
chr22	43344200	43344400	U	U	U	U
chr22	43344800	43345000	U	U	U	U
chr22	43349400	43349600	U	U	U	U
chr22	43349600	43349800	U	U	U	U
chr22	43356000	43356200	U	U	U	U
chr22	43364000	43364200	U	U	U	U
chr22	43364200	43364400	U	U	U	U
chr22	43364800	43365000	U	U	U	U
chr22	43369600	43369800	U	U	U	U
chr22	43370200	43370400	U	U	U	U
chr22	43371200	43371400	U	U	U	U
chr22	43387000	43387200	U	U	U	U
chr22	43388200	43388400	B	U	U	U
chr22	43388600	43388800	B	U	B	U
chr22	43399800	43400000	U	U	U	U
chr22	43400200	43400400	U	U	U	U
chr22	43401200	43401400	U	U	U	U
chr22	43401400	43401600	U	U	U	U
chr22	43406200	43406400	U	U	U	U
chr22	43412400	43412600	U	U	U	U
chr22	43415800	43416000	U	U	U	U
chr22	43416600	43416800	U	U	U	U
chr22	43421400	43421600	U	U	U	U
chr22	43424000	43424200	U	U	U	U
chr22	43424400	43424600	U	U	U	U
chr22	43425000	43425200	U	U	U	U
chr22	43426400	43426600	U	U	U	U
chr22	43426600	43426800	U	U	U	U
chr22	43427400	43427600	U	U	U	U
chr22	43429000	43429200	U	U	U	U
chr22	43433600	43433800	U	U	U	U
chr22	43436200	43436400	U	U	U	U
chr22	43437800	43438000	U	U	U	U
chr22	43439000	43439200	U	U	U	U
chr22	43442800	43443000	U	U	U	U
chr22	43445000	43445200	U	U	U	U
chr22	43466000	43466200	U	U	U	U
chr22	43468000	43468200	U	U	U	U
chr22	43468200	43468400	U	U	U	U
chr22	43468800	43469000	U	U	U	U
chr22	43473200	43473400	U	U	U	U
chr22	43473600	43473800	U	U	U	U
chr22	43476800	43477000	U	U	U	U
chr22	43481600	43481800	U	U	U	U
chr22	43482200	43482400	U	U	U	U
chr22	43490400	43490600	U	U	U	U
chr22	43490600	43490800	U	U	U	U
chr22	43490800	43491000	U	U	U	U
chr22	43498200	43498400	U	U	U	U
chr22	43498800	43499000	U	U	U	U
chr22	43500600	43500800	U	U	U	U
chr22	43502200	43502400	U	U	U	U
chr22	43502400	43502600	U	U	U	U
chr22	43506600	43506800	U	U	U	U
chr22	43507200	43507400	U	U	U	U
chr22	43507400	43507600	U	U	U	U
chr22	43508000	43508200	U	U	U	U
chr22	43510200	43510400	U	U	U	U
chr22	43510600	43510800	U	U	U	U
chr22	43511200	43511400	U	U	U	U
chr22	43525800	43526000	U	U	U	U
chr22	43526200	43526400	U	U	U	U
chr22	43527600	43527800	U	U	U	U
chr22	43528000	43528200	U	U	U	U
chr22	43530200	43530400	U	U	U	U
chr22	43532000	43532200	U	U	U	U
chr22	43535600	43535800	U	U	U	U
chr22	43537600	43537800	U	U	U	U
chr22	43540000	43540200	U	U	U	U
chr22	43541000	43541200	U	U	U	U
chr22	43542000	43542200	U	U	U	U
chr22	43551000	43551200	U	U	U	U
chr22	43554600	43554800	U	U	U	U
chr22	43560600	43560800	U	U	U	U
chr22	43561400	43561600	U	U	U	U
chr22	43561600	43561800	U	U	U	U
chr22	43566800	43567000	U	U	U	U
chr22	43568800	43569000	U	U	U	U
chr22	43570200	43570400	U	U	U	U
chr22	43570600	43570800	U	U	U	U
chr22	43571000	43571200	U	U	U	U
chr22	43571400	43571600	U	U	U	U
chr22	43577800	43578000	U	U	U	U
chr22	43578400	43578600	U	U	U	U
chr22	43580000	43580200	U	U	U	U
chr22	43580400	43580600	U	U	U	U
chr22	43581200	43581400	U	U	U	U
chr22	43593200	43593400	U	U	U	U
chr22	43599000	43599200	U	U	U	U
chr22	43602000	43602200	U	U	U	U
chr22	43602400	43602600	U	U	U	U
chr22	43606000	43606200	U	U	U	U
chr22	43606200	43606400	U	U	U	U
chr22	43606800	43607000	U	U	U	U
chr22	43608000	43608200	U	U	U	U
chr22	43608200	43608400	U	U	U	U
chr22	43608800	43609000	U	U	U	U
chr22	43615000	43615200	U	U	U	U
chr22	43616000	43616200	U	U	U	U
chr22	43625600	43625800	U	U	U	U
chr22	43630200	43630400	U	U	U	U
chr22	43632000	43632200	U	U	U	U
chr22	43632600	43632800	U	U	U	U
chr22	43632800	43633000	U	U	U	U
chr22	43634600	43634800	U	U	U	U
chr22	43635800	43636000	U	U	U	U
chr22	43677000	43677200	U	U	U	U
chr22	43678600	43678800	U	U	U	U
chr22	43682000	43682200	U	U	U	U
chr22	43711600	43711800	U	U	U	U
chr22	43716000	43716200	U	U	U	U
chr22	43719400	43719600	U	U	U	U
chr22	43726000	43726200	U	U	U	U
chr22	43732200	43732400	U	U	U	U
chr22	43733000	43733200	U	U	U	U
chr22	43733200	43733400	U	U	U	U
chr22	43736000	43736200	U	U	U	U
chr22	43750600	43750800	U	U	U	U
chr22	43750800	43751000	U	U	U	U
chr22	43751600	43751800	U	U	U	U
chr22	43752800	43753000	U	U	U	U
chr22	43755000	43755200	U	U	U	U
chr22	43755600	43755800	U	U	U	U
chr22	43767000	43767200	U	U	U	U
chr22	43767600	43767800	U	U	U	U
chr22	43774000	43774200	U	U	U	U
chr22	43774400	43774600	U	U	U	U
chr22	43774600	43774800	U	U	U	U
chr22	43775000	43775200	U	U	U	U
chr22	43793600	43793800	U	U	U	U
chr22	43796400	43796600	U	U	U	U
chr22	43803200	43803400	U	U	U	U
chr22	43807200	43807400	U	U	U	U
chr22	43818600	43818800	U	U	U	U
chr22	43819200	43819400	U	U	U	U
chr22	43819400	43819600	U	U	U	U
chr22	43820000	43820200	U	U	U	U
chr22	43820800	43821000	U	U	U	U
chr22	43821200	43821400	U	U	U	U
chr22	43822000	43822200	U	U	U	U
chr22	43825200	43825400	U	U	U	U
chr22	43830200	43830400	U	U	U	U
chr22	43830600	43830800	U	U	U	U
chr22	43832200	43832400	U	U	U	U
chr22	43833200	43833400	U	U	U	U
chr22	43837200	43837400	U	U	U	U
chr22	43837400	43837600	U	U	U	U
chr22	43848400	43848600	U	U	U	U
chr22	43848600	43848800	U	U	U	U
chr22	43852800	43853000	U	U	U	U
chr22	43861200	43861400	U	U	U	U
chr22	43879000	43879200	U	U	U	U
chr22	43880800	43881000	U	U	U	U
chr22	43881400	43881600	U	U	U	U
chr22	43889200	43889400	U	U	U	U
chr22	43889400	43889600	U	U	U	U
chr22	43893800	43894000	U	U	U	U
chr22	43894000	43894200	U	U	U	U
chr22	43896000	43896200	U	U	U	U
chr22	43906000	43906200	U	U	B	U
chr22	43907600	43907800	U	U	U	U
chr22	43919400	43919600	U	U	U	U
chr22	43921600	43921800	U	U	U	U
chr22	43925200	43925400	U	U	U	U
chr22	43925600	43925800	U	U	U	U
chr22	43927000	43927200	U	U	U	U
chr22	43928600	43928800	U	U	U	U
chr22	43932800	43933000	U	U	U	U
chr22	43935000	43935200	U	U	U	U
chr22	43936800	43937000	U	U	U	U
chr22	43937000	43937200	U	U	U	U
chr22	43937400	43937600	U	U	U	U
chr22	43944400	43944600	U	U	U	U
chr22	43944800	43945000	U	U	U	U
chr22	43957000	43957200	U	U	U	U
chr22	43972000	43972200	U	U	U	U
chr22	43972400	43972600	U	U	U	U
chr22	43972600	43972800	U	U	U	U
chr22	43972800	43973000	U	U	U	U
chr22	43973200	43973400	U	U	U	U
chr22	43978800	43979000	U	U	U	U
chr22	43980800	43981000	U	U	U	U
chr22	43988800	43989000	U	U	U	U
chr22	43990400	43990600	U	U	U	U
chr22	43990600	43990800	U	U	U	U
chr22	43992200	43992400	U	U	U	U
chr22	43995000	43995200	U	U	U	U
chr22	43996400	43996600	U	U	U	U
chr22	43999000	43999200	U	U	U	U
chr22	44002600	44002800	U	U	U	U
chr22	44007000	44007200	U	U	U	U
chr22	44012200	44012400	U	U	U	U
chr22	44014200	44014400	U	U	U	U
chr22	44024800	44025000	B	U	U	U
chr22	44030200	44030400	U	U	U	U
chr22	44032200	44032400	U	U	U	U
chr22	44033400	44033600	U	U	U	U
chr22	44038000	44038200	U	U	U	U
chr22	44042600	44042800	U	U	U	U
chr22	44046400	44046600	B	U	U	B
chr22	44046800	44047000	B	U	U	B
chr22	44048000	44048200	U	U	U	U
chr22	44051000	44051200	U	U	U	U
chr22	44057400	44057600	U	U	U	U
chr22	44059600	44059800	U	U	U	U
chr22	44060400	44060600	U	U	U	U
chr22	44063600	44063800	U	U	U	U
chr22	44064200	44064400	U	U	U	U
chr22	44065000	44065200	U	U	U	U
chr22	44068800	44069000	U	U	U	U
chr22	44070800	44071000	U	U	U	U
chr22	44073600	44073800	U	U	U	U
chr22	44074000	44074200	U	U	U	U
chr22	44074400	44074600	U	U	U	U
chr22	44074600	44074800	U	U	U	U
chr22	44084600	44084800	U	U	U	U
chr22	44087400	44087600	U	U	U	U
chr22	44088200	44088400	U	U	U	U
chr22	44091000	44091200	U	U	U	U
chr22	44093400	44093600	U	U	U	U
chr22	44099600	44099800	U	U	U	U
chr22	44107000	44107200	U	U	U	U
chr22	44109000	44109200	U	U	U	U
chr22	44123000	44123200	U	U	U	U
chr22	44124800	44125000	U	U	U	U
chr22	44127200	44127400	U	U	U	U
chr22	44130600	44130800	U	U	U	U
chr22	44134000	44134200	U	U	U	U
chr22	44134400	44134600	U	U	U	U
chr22	44140800	44141000	U	U	U	U
chr22	44142600	44142800	U	U	U	U
chr22	44148200	44148400	U	U	U	U
chr22	44151200	44151400	U	U	U	U
chr22	44158800	44159000	U	U	U	U
chr22	44170600	44170800	U	U	U	U
chr22	44172400	44172600	U	U	U	U
chr22	44182400	44182600	U	U	U	U
chr22	44182800	44183000	U	U	U	U
chr22	44183000	44183200	U	U	U	U
chr22	44183200	44183400	U	U	U	U
chr22	44185800	44186000	U	U	U	U
chr22	44189000	44189200	U	U	U	U
chr22	44189200	44189400	U	U	U	U
chr22	44196400	44196600	U	U	U	U
chr22	44197000	44197200	U	U	U	U
chr22	44198000	44198200	U	U	U	U
chr22	44202400	44202600	U	U	U	U
chr22	44211600	44211800	U	U	U	U
chr22	44212400	44212600	U	U	U	U
chr22	44218200	44218400	U	U	U	U
chr22	44219200	44219400	U	U	U	U
chr22	44246000	44246200	U	U	U	U
chr22	44261800	44262000	U	U	U	U
chr22	44272600	44272800	U	U	U	U
chr22	44278600	44278800	U	U	U	U
chr22	44281800	44282000	U	U	U	U
chr22	44282600	44282800	U	U	U	U
chr22	44283600	44283800	U	U	U	U
chr22	44285200	44285400	U	U	U	U
chr22	44285400	44285600	U	U	U	U
chr22	44285600	44285800	U	U	U	U
chr22	44287800	44288000	U	U	U	U
chr22	44289800	44290000	U	U	U	U
chr22	44291600	44291800	U	U	U	U
chr22	44292600	44292800	U	U	U	U
chr22	44297600	44297800	U	U	U	U
chr22	44298000	44298200	U	U	U	U
chr22	44298600	44298800	U	U	U	U
chr22	44301200	44301400	U	U	U	U
chr22	44305800	44306000	U	U	U	U
chr22	44306000	44306200	U	U	U	U
chr22	44307800	44308000	U	U	U	U
chr22	44308600	44308800	U	U	U	U
chr22	44316800	44317000	U	U	U	U
chr22	44317800	44318000	U	U	U	U
chr22	44319600	44319800	U	U	U	U
chr22	44320600	44320800	U	U	U	U
chr22	44325400	44325600	U	U	U	U
chr22	44326000	44326200	U	U	U	U
chr22	44326400	44326600	U	U	U	U
chr22	44331000	44331200	U	U	U	U
chr22	44332600	44332800	U	U	U	U
chr22	44342000	44342200	U	U	U	U
chr22	44349600	44349800	U	U	U	U
chr22	44352600	44352800	U	U	U	U
chr22	44361000	44361200	U	U	U	U
chr22	44363400	44363600	U	U	U	U
chr22	44364000	44364200	U	U	U	U
chr22	44364600	44364800	U	U	U	U
chr22	44366600	44366800	U	U	U	U
chr22	44369200	44369400	U	U	U	U
chr22	44373800	44374000	U	U	U	U
chr22	44380600	44380800	U	U	U	U
chr22	44382000	44382200	U	U	U	U
chr22	44382400	44382600	U	U	U	U
chr22	44383600	44383800	U	U	U	U
chr22	44386800	44387000	U	U	U	U
chr22	44390800	44391000	U	U	U	U
chr22	44391600	44391800	U	U	U	U
chr22	44396800	44397000	U	U	U	U
chr22	44408000	44408200	U	U	U	U
chr22	44425000	44425200	U	U	U	U
chr22	44430800	44431000	U	U	U	U
chr22	44438400	44438600	U	U	U	U
chr22	44440600	44440800	U	U	U	U
chr22	44440800	44441000	U	U	U	U
chr22	44442200	44442400	U	U	U	U
chr22	44442600	44442800	U	U	U	U
chr22	44443000	44443200	U	U	U	U
chr22	44443200	44443400	U	U	U	U
chr22	44450400	44450600	U	U	U	U
chr22	44452600	44452800	U	U	U	U
chr22	44453200	44453400	U	U	U	U
chr22	44453800	44454000	U	U	U	U
chr22	44458200	44458400	U	U	U	U
chr22	44459400	44459600	U	U	U	U
chr22	44481200	44481400	U	U	U	U
chr22	44484600	44484800	U	U	U	U
chr22	44485000	44485200	U	U	U	U
chr22	44489400	44489600	U	U	U	U
chr22	44494400	44494600	U	U	U	U
chr22	44495800	44496000	U	U	U	U
chr22	44496800	44497000	U	U	U	U
chr22	44497200	44497400	U	U	U	U
chr22	44501600	44501800	U	U	U	U
chr22	44521400	44521600	U	U	U	U
chr22	44534600	44534800	U	U	U	U
chr22	44536400	44536600	U	U	U	U
chr22	44537600	44537800	U	U	U	U
chr22	44539200	44539400	U	U	U	U
chr22	44541600	44541800	U	U	U	U
chr22	44543200	44543400	U	U	U	U
chr22	44543400	44543600	U	U	U	U
chr22	44545200	44545400	U	U	U	U
chr22	44545800	44546000	U	U	U	U
chr22	44547400	44547600	U	U	U	U
chr22	44567000	44567200	U	U	U	U
chr22	44570800	44571000	U	U	U	U
chr22	44571800	44572000	U	U	U	U
chr22	44575000	44575200	U	U	U	U
chr22	44577600	44577800	U	U	U	U
chr22	44577800	44578000	U	U	U	U
chr22	44580600	44580800	U	U	U	U
chr22	44582000	44582200	U	U	U	U
chr22	44590800	44591000	U	U	U	U
chr22	44591400	44591600	U	U	U	U
chr22	44591600	44591800	U	U	U	U
chr22	44593600	44593800	U	U	U	U
chr22	44596800	44597000	U	U	U	U
chr22	44598200	44598400	U	U	U	U
chr22	44600800	44601000	U	U	U	U
chr22	44604000	44604200	U	U	U	U
chr22	44605600	44605800	U	U	U	U
chr22	44606200	44606400	U	U	U	U
chr22	44608000	44608200	U	U	U	U
chr22	44608400	44608600	U	U	U	U
chr22	44608600	44608800	U	U	U	U
chr22	44609600	44609800	U	U	U	U
chr22	44620200	44620400	U	U	U	U
chr22	44626600	44626800	U	U	U	U
chr22	44626800	44627000	U	U	U	U
chr22	44640600	44640800	U	U	U	U
chr22	44667800	44668000	U	U	U	U
chr22	44668400	44668600	U	U	U	U
chr22	44679200	44679400	U	U	U	U
chr22	44682000	44682200	U	U	U	U
chr22	44689200	44689400	U	U	U	U
chr22	44691000	44691200	U	U	U	U
chr22	44698000	44698200	U	U	U	U
chr22	44707400	44707600	U	U	U	U
chr22	44711200	44711400	B	U	U	U
chr22	44714200	44714400	U	U	U	U
chr22	44719600	44719800	U	U	U	U
chr22	44720200	44720400	U	U	U	U
chr22	44720600	44720800	U	U	U	U
chr22	44726800	44727000	U	U	U	U
chr22	44729200	44729400	U	U	U	U
chr22	44729600	44729800	U	U	U	U
chr22	44729800	44730000	U	U	U	U
chr22	44730000	44730200	U	U	U	U
chr22	44732200	44732400	U	U	U	U
chr22	44734400	44734600	U	U	U	U
chr22	44734800	44735000	U	U	U	U
chr22	44735400	44735600	U	U	U	U
chr22	44737600	44737800	U	U	U	U
chr22	44743800	44744000	U	U	U	U
chr22	44756400	44756600	U	U	U	U
chr22	44765000	44765200	U	U	U	U
chr22	44765200	44765400	U	U	U	U
chr22	44765400	44765600	U	U	U	U
chr22	44765800	44766000	U	U	U	U
chr22	44766000	44766200	U	U	U	U
chr22	44766800	44767000	U	U	U	U
chr22	44781200	44781400	U	U	U	U
chr22	44790000	44790200	U	U	U	U
chr22	44797400	44797600	U	U	U	U
chr22	44799200	44799400	U	U	U	U
chr22	44804400	44804600	U	U	U	U
chr22	44804600	44804800	U	U	U	U
chr22	44804800	44805000	U	U	U	U
chr22	44807000	44807200	U	U	U	U
chr22	44807200	44807400	U	U	U	U
chr22	44811000	44811200	U	U	U	U
chr22	44814000	44814200	U	U	U	U
chr22	44815800	44816000	U	U	U	U
chr22	44817200	44817400	U	U	U	U
chr22	44820200	44820400	U	U	U	U
chr22	44820400	44820600	B	U	U	U
chr22	44821600	44821800	U	U	U	U
chr22	44837600	44837800	U	U	U	U
chr22	44839200	44839400	U	U	U	U
chr22	44841000	44841200	U	U	U	U
chr22	44841600	44841800	U	U	U	U
chr22	44846200	44846400	U	U	U	U
chr22	44846400	44846600	U	U	U	U
chr22	44848400	44848600	U	U	U	U
chr22	44850200	44850400	U	U	U	U
chr22	44860000	44860200	U	U	U	U
chr22	44862800	44863000	U	U	U	U
chr22	44869400	44869600	U	U	U	U
chr22	44870200	44870400	B	U	U	U
chr22	44871600	44871800	U	U	U	U
chr22	44882000	44882200	U	U	U	U
chr22	44882200	44882400	U	U	U	U
chr22	44882800	44883000	U	U	U	U
chr22	44885800	44886000	U	U	U	U
chr22	44889000	44889200	U	U	U	U
chr22	44891600	44891800	U	U	U	U
chr22	44892200	44892400	U	U	U	U
chr22	44892800	44893000	U	U	U	U
chr22	44901600	44901800	U	U	U	U
chr22	44901800	44902000	U	U	U	U
chr22	44903400	44903600	U	U	U	U
chr22	44914800	44915000	U	U	U	U
chr22	44916200	44916400	U	U	U	U
chr22	44917200	44917400	U	U	U	U
chr22	44926200	44926400	U	U	U	U
chr22	44929600	44929800	U	U	U	U
chr22	44930200	44930400	U	U	U	U
chr22	44930800	44931000	U	U	U	U
chr22	44931400	44931600	U	U	U	U
chr22	44931800	44932000	U	U	U	U
chr22	44934200	44934400	U	U	U	U
chr22	44934400	44934600	U	U	U	U
chr22	44936200	44936400	U	U	U	U
chr22	44939600	44939800	U	U	U	U
chr22	44940800	44941000	U	U	U	U
chr22	44943000	44943200	U	U	U	U
chr22	44944400	44944600	U	U	U	U
chr22	44945600	44945800	U	U	U	U
chr22	44952400	44952600	U	U	U	U
chr22	44953000	44953200	U	U	U	U
chr22	44954400	44954600	U	U	U	U
chr22	44956400	44956600	U	U	U	U
chr22	44964400	44964600	U	U	U	U
chr22	44971400	44971600	U	U	U	U
chr22	44980400	44980600	U	U	U	U
chr22	44981800	44982000	U	U	U	U
chr22	44984800	44985000	U	U	U	U
chr22	44990000	44990200	U	U	U	U
chr22	44991000	44991200	U	U	U	U
chr22	44996200	44996400	U	U	U	U
chr22	44997800	44998000	U	U	U	U
chr22	44999400	44999600	U	U	U	U
chr22	45001800	45002000	U	U	U	U
chr22	45004600	45004800	U	U	U	U
chr22	45008000	45008200	U	U	B	U
chr22	45008200	45008400	U	U	U	U
chr22	45008600	45008800	U	U	U	U
chr22	45009200	45009400	U	U	U	U
chr22	45009600	45009800	U	U	U	U
chr22	45010600	45010800	U	U	U	U
chr22	45014400	45014600	U	U	U	U
chr22	45019400	45019600	U	U	U	U
chr22	45023400	45023600	U	U	U	U
chr22	45025400	45025600	U	U	U	U
chr22	45033400	45033600	U	U	U	U
chr22	45034000	45034200	U	U	U	U
chr22	45035600	45035800	U	U	U	U
chr22	45036400	45036600	U	U	U	U
chr22	45038800	45039000	U	U	U	U
chr22	45043200	45043400	U	U	U	U
chr22	45043400	45043600	U	U	U	U
chr22	45044400	45044600	U	U	U	U
chr22	45055600	45055800	U	U	U	U
chr22	45055800	45056000	U	U	U	U
chr22	45058400	45058600	U	U	U	U
chr22	45058600	45058800	U	U	U	U
chr22	45062000	45062200	U	U	U	U
chr22	45064200	45064400	U	U	U	U
chr22	45066800	45067000	U	U	U	U
chr22	45070000	45070200	U	U	U	U
chr22	45070600	45070800	U	U	U	U
chr22	45070800	45071000	U	U	U	U
chr22	45071000	45071200	U	U	U	U
chr22	45072000	45072200	U	U	U	U
chr22	45077400	45077600	U	U	U	U
chr22	45077600	45077800	U	U	U	U
chr22	45085000	45085200	U	U	U	U
chr22	45088600	45088800	U	U	U	U
chr22	45088800	45089000	U	U	U	U
chr22	45101200	45101400	U	U	U	U
chr22	45109200	45109400	U	U	U	U
chr22	45109800	45110000	U	U	U	U
chr22	45110800	45111000	U	U	U	U
chr22	45121200	45121400	U	U	U	U
chr22	45124200	45124400	U	U	U	U
chr22	45124600	45124800	U	U	U	U
chr22	45132800	45133000	U	U	U	U
chr22	45149800	45150000	U	U	U	U
chr22	45163400	45163600	B	U	U	U
chr22	45167200	45167400	U	U	U	U
chr22	45167800	45168000	U	U	U	U
chr22	45168000	45168200	U	U	U	U
chr22	45168600	45168800	U	U	U	U
chr22	45170600	45170800	U	U	U	U
chr22	45172000	45172200	U	U	U	U
chr22	45173400	45173600	U	U	U	U
chr22	45174600	45174800	U	U	U	U
chr22	45177600	45177800	U	U	U	U
chr22	45179200	45179400	U	U	U	U
chr22	45181000	45181200	U	U	U	U
chr22	45181800	45182000	U	U	U	U
chr22	45185400	45185600	U	U	U	U
chr22	45186000	45186200	U	U	U	U
chr22	45186800	45187000	U	U	U	U
chr22	45187600	45187800	U	U	U	U
chr22	45193000	45193200	B	U	B	U
chr22	45193400	45193600	U	U	U	U
chr22	45194400	45194600	U	U	U	U
chr22	45196600	45196800	U	U	U	U
chr22	45197600	45197800	U	U	U	U
chr22	45197800	45198000	U	U	U	U
chr22	45199200	45199400	U	U	U	U
chr22	45201200	45201400	U	U	U	U
chr22	45201600	45201800	U	U	U	U
chr22	45202400	45202600	U	U	U	U
chr22	45204200	45204400	U	U	U	U
chr22	45212200	45212400	U	U	U	U
chr22	45216400	45216600	B	U	B	U
chr22	45216600	45216800	B	U	B	U
chr22	45226800	45227000	U	U	U	U
chr22	45227000	45227200	U	U	U	U
chr22	45227200	45227400	U	U	U	U
chr22	45229400	45229600	U	U	U	U
chr22	45239400	45239600	U	U	U	U
chr22	45246400	45246600	U	U	U	U
chr22	45268200	45268400	U	U	U	U
chr22	45272000	45272200	U	U	U	U
chr22	45275600	45275800	U	U	U	U
chr22	45279400	45279600	U	U	U	U
chr22	45288800	45289000	U	U	U	U
chr22	45290200	45290400	U	U	U	U
chr22	45294200	45294400	U	U	U	U
chr22	45294400	45294600	U	U	U	U
chr22	45311000	45311200	U	U	U	U
chr22	45311400	45311600	U	U	U	U
chr22	45315800	45316000	U	U	U	B
chr22	45318800	45319000	U	U	U	U
chr22	45319200	45319400	U	U	U	U
chr22	45319600	45319800	U	U	U	U
chr22	45322000	45322200	U	U	U	U
chr22	45323600	45323800	U	U	U	U
chr22	45331600	45331800	U	U	U	U
chr22	45332400	45332600	U	U	U	U
chr22	45335000	45335200	U	U	U	U
chr22	45336200	45336400	U	U	U	U
chr22	45340400	45340600	U	U	U	U
chr22	45340600	45340800	U	U	U	U
chr22	45346600	45346800	U	U	U	U
chr22	45352600	45352800	U	U	U	U
chr22	45354000	45354200	U	U	U	U
chr22	45355000	45355200	U	U	U	U
chr22	45362000	45362200	U	U	U	U
chr22	45370000	45370200	U	U	U	U
chr22	45378600	45378800	U	U	U	U
chr22	45385200	45385400	U	U	U	U
chr22	45385600	45385800	U	U	U	U
chr22	45389600	45389800	U	U	U	U
chr22	45396000	45396200	U	U	U	U
chr22	45399200	45399400	U	U	U	U
chr22	45406600	45406800	U	U	U	U
chr22	45422000	45422200	U	U	U	U
chr22	45422200	45422400	U	U	U	U
chr22	45425800	45426000	U	U	U	U
chr22	45430200	45430400	U	U	U	U
chr22	45451400	45451600	U	U	U	U
chr22	45453000	45453200	U	U	U	U
chr22	45454000	45454200	U	U	U	U
chr22	45455600	45455800	U	U	U	U
chr22	45457600	45457800	U	U	U	U
chr22	45469800	45470000	U	U	U	U
chr22	45475600	45475800	U	U	U	U
chr22	45502200	45502400	U	U	U	U
chr22	45503200	45503400	U	U	U	U
chr22	45504000	45504200	U	U	U	U
chr22	45505000	45505200	U	U	U	U
chr22	45505200	45505400	U	U	U	U
chr22	45514200	45514400	U	U	U	U
chr22	45515200	45515400	U	U	U	U
chr22	45515400	45515600	U	U	U	U
chr22	45516600	45516800	U	U	U	U
chr22	45516800	45517000	U	U	U	U
chr22	45517200	45517400	U	U	U	U
chr22	45518200	45518400	U	U	U	U
chr22	45518400	45518600	U	U	U	U
chr22	45518800	45519000	U	U	U	U
chr22	45521400	45521600	U	U	U	U
chr22	45522400	45522600	U	U	U	U
chr22	45524400	45524600	U	U	U	U
chr22	45526800	45527000	U	U	U	U
chr22	45527000	45527200	U	U	U	U
chr22	45527200	45527400	U	U	U	U
chr22	45529200	45529400	U	U	U	U
chr22	45530000	45530200	U	U	U	U
chr22	45532800	45533000	U	U	U	U
chr22	45534400	45534600	U	U	U	U
chr22	45538600	45538800	U	U	U	U
chr22	45540800	45541000	U	U	U	U
chr22	45541200	45541400	U	U	U	U
chr22	45541600	45541800	U	U	U	U
chr22	45548800	45549000	U	U	U	U
chr22	45549400	45549600	B	U	U	U
chr22	45551000	45551200	U	U	U	U
chr22	45551800	45552000	U	U	U	U
chr22	45552200	45552400	U	U	U	U
chr22	45563000	45563200	U	U	U	U
chr22	45575800	45576000	U	U	U	U
chr22	45577000	45577200	U	U	U	U
chr22	45586000	45586200	U	U	U	U
chr22	45587000	45587200	U	U	U	U
chr22	45588600	45588800	U	U	U	U
chr22	45589600	45589800	U	U	U	U
chr22	45595200	45595400	U	U	U	U
chr22	45595400	45595600	U	U	U	U
chr22	45598400	45598600	U	U	U	U
chr22	45601200	45601400	U	U	U	U
chr22	45606400	45606600	U	U	U	U
chr22	45612400	45612600	U	U	U	U
chr22	45626600	45626800	U	U	U	U
chr22	45633000	45633200	U	U	U	U
chr22	45635400	45635600	U	U	U	U
chr22	45637800	45638000	U	U	U	U
chr22	45638800	45639000	B	U	U	U
chr22	45639600	45639800	U	U	U	U
chr22	45642600	45642800	U	U	U	U
chr22	45646200	45646400	B	U	U	U
chr22	45648800	45649000	U	U	U	U
chr22	45665400	45665600	U	U	U	U
chr22	45672200	45672400	B	U	U	U
chr22	45672400	45672600	B	U	U	U
chr22	45688200	45688400	U	U	U	U
chr22	45689600	45689800	U	U	U	U
chr22	45692200	45692400	U	U	U	U
chr22	45696200	45696400	U	U	U	U
chr22	45702400	45702600	U	U	U	U
chr22	45702600	45702800	U	U	U	U
chr22	45702800	45703000	U	U	U	U
chr22	45707800	45708000	U	U	U	U
chr22	45712600	45712800	U	U	U	U
chr22	45712800	45713000	U	U	U	U
chr22	45713400	45713600	U	U	U	U
chr22	45714800	45715000	U	U	U	U
chr22	45737400	45737600	U	U	U	U
chr22	45738800	45739000	U	U	U	U
chr22	45739800	45740000	U	U	U	U
chr22	45740400	45740600	U	U	U	U
chr22	45746200	45746400	U	U	U	U
chr22	45746400	45746600	U	U	U	U
chr22	45748400	45748600	U	U	U	U
chr22	45749000	45749200	U	U	U	U
chr22	45756600	45756800	U	U	U	U
chr22	45757000	45757200	U	U	U	U
chr22	45757200	45757400	U	U	U	U
chr22	45757400	45757600	U	U	U	U
chr22	45758400	45758600	U	U	U	U
chr22	45758600	45758800	U	U	U	U
chr22	45764600	45764800	U	U	U	U
chr22	45765000	45765200	U	U	U	U
chr22	45769200	45769400	U	U	U	U
chr22	45769800	45770000	U	U	U	U
chr22	45770400	45770600	U	U	U	U
chr22	45775800	45776000	U	U	U	U
chr22	45777000	45777200	U	U	U	U
chr22	45779800	45780000	U	U	U	U
chr22	45787600	45787800	U	U	U	U
chr22	45792800	45793000	U	U	U	U
chr22	45793000	45793200	U	U	U	U
chr22	45801600	45801800	U	U	U	U
chr22	45802200	45802400	U	U	U	U
chr22	45807600	45807800	U	U	U	U
chr22	45807800	45808000	U	U	U	U
chr22	45812600	45812800	U	U	U	U
chr22	45813200	45813400	U	U	U	U
chr22	45820200	45820400	U	U	U	U
chr22	45820400	45820600	U	U	U	U
chr22	45834600	45834800	U	U	U	U
chr22	45835400	45835600	U	U	U	U
chr22	45838400	45838600	U	U	U	U
chr22	45839200	45839400	U	U	U	U
chr22	45840800	45841000	U	U	U	U
chr22	45841000	45841200	U	U	U	U
chr22	45842000	45842200	U	U	U	U
chr22	45843600	45843800	U	U	U	U
chr22	45847000	45847200	U	U	B	U
chr22	45851400	45851600	U	U	U	U
chr22	45851600	45851800	U	U	U	U
chr22	45859400	45859600	U	U	U	U
chr22	45859600	45859800	U	U	U	U
chr22	45864600	45864800	U	U	U	U
chr22	45866800	45867000	U	U	U	U
chr22	45867600	45867800	U	U	U	U
chr22	45870200	45870400	U	U	U	U
chr22	45876600	45876800	U	U	U	U
chr22	45877400	45877600	U	U	U	U
chr22	45878800	45879000	U	U	U	U
chr22	45886200	45886400	U	U	U	U
chr22	45888200	45888400	U	U	U	U
chr22	45889200	45889400	U	U	U	U
chr22	45891600	45891800	U	U	U	U
chr22	45891800	45892000	U	U	U	U
chr22	45893200	45893400	U	U	U	U
chr22	45904200	45904400	U	U	U	U
chr22	45908000	45908200	U	U	U	U
chr22	45908200	45908400	U	U	U	U
chr22	45909400	45909600	U	U	U	U
chr22	45910200	45910400	U	U	U	U
chr22	45914200	45914400	U	U	U	U
chr22	45914800	45915000	U	U	U	U
chr22	45921000	45921200	U	U	U	U
chr22	45921200	45921400	U	U	U	U
chr22	45922800	45923000	U	U	U	U
chr22	45923200	45923400	U	U	U	U
chr22	45925400	45925600	U	U	U	U
chr22	45925600	45925800	U	U	U	U
chr22	45926200	45926400	U	U	U	U
chr22	45926600	45926800	U	U	U	U
chr22	45928200	45928400	U	U	U	U
chr22	45930600	45930800	U	U	U	U
chr22	45933800	45934000	U	U	U	U
chr22	45934200	45934400	U	U	U	U
chr22	45935200	45935400	U	U	U	U
chr22	45936400	45936600	U	U	U	U
chr22	45936800	45937000	U	U	U	U
chr22	45952000	45952200	U	U	U	U
chr22	45952600	45952800	U	U	U	U
chr22	45955800	45956000	U	U	U	U
chr22	45957800	45958000	U	U	U	U
chr22	45958200	45958400	U	U	U	U
chr22	45959600	45959800	U	U	U	U
chr22	45963200	45963400	U	U	U	U
chr22	45963800	45964000	U	U	U	U
chr22	45967600	45967800	U	U	U	U
chr22	45969000	45969200	U	U	U	U
chr22	45973600	45973800	U	U	U	U
chr22	45975800	45976000	U	U	U	U
chr22	45983600	45983800	U	U	U	U
chr22	45987000	45987200	U	U	U	U
chr22	45988600	45988800	U	U	U	U
chr22	45988800	45989000	U	U	U	U
chr22	45990600	45990800	U	U	U	U
chr22	45992200	45992400	U	U	U	U
chr22	45997400	45997600	U	U	U	U
chr22	45999000	45999200	U	U	U	U
chr22	46000600	46000800	U	U	U	U
chr22	46001400	46001600	U	U	U	U
chr22	46003400	46003600	U	U	U	U
chr22	46007000	46007200	B	U	U	U
chr22	46008000	46008200	U	U	U	U
chr22	46009400	46009600	U	U	U	U
chr22	46014800	46015000	U	U	U	U
chr22	46023800	46024000	U	U	U	U
chr22	46026800	46027000	U	U	U	U
chr22	46028600	46028800	U	U	U	U
chr22	46028800	46029000	U	U	U	U
chr22	46029000	46029200	U	U	U	U
chr22	46030800	46031000	U	U	U	U
chr22	46032800	46033000	U	U	U	U
chr22	46033000	46033200	U	U	U	U
chr22	46035400	46035600	U	U	U	U
chr22	46041600	46041800	U	U	U	U
chr22	46042800	46043000	U	U	U	U
chr22	46044400	46044600	U	U	U	U
chr22	46045800	46046000	U	U	U	U
chr22	46046000	46046200	U	U	U	U
chr22	46053200	46053400	U	U	U	U
chr22	46057400	46057600	U	U	U	U
chr22	46057600	46057800	B	U	U	U
chr22	46057800	46058000	B	U	U	U
chr22	46063600	46063800	U	U	U	U
chr22	46064600	46064800	U	U	U	U
chr22	46065000	46065200	U	U	U	U
chr22	46065200	46065400	U	U	U	U
chr22	46066000	46066200	U	U	U	U
chr22	46066200	46066400	U	U	U	U
chr22	46066800	46067000	U	U	U	U
chr22	46067600	46067800	U	U	U	U
chr22	46067800	46068000	U	U	U	U
chr22	46068400	46068600	U	U	U	U
chr22	46068600	46068800	B	U	U	U
chr22	46068800	46069000	B	U	U	U
chr22	46069800	46070000	U	U	U	U
chr22	46070200	46070400	U	U	U	U
chr22	46070400	46070600	U	U	U	U
chr22	46071600	46071800	U	U	U	U
chr22	46073800	46074000	U	U	U	U
chr22	46074200	46074400	U	U	U	U
chr22	46076400	46076600	U	U	U	U
chr22	46078400	46078600	U	U	U	U
chr22	46078800	46079000	U	U	U	U
chr22	46080600	46080800	U	U	U	U
chr22	46080800	46081000	U	U	U	U
chr22	46081400	46081600	U	U	U	U
chr22	46082200	46082400	U	U	U	U
chr22	46086000	46086200	B	U	U	B
chr22	46087000	46087200	U	U	B	U
chr22	46087200	46087400	U	U	U	U
chr22	46087800	46088000	B	U	U	U
chr22	46088800	46089000	U	U	U	U
chr22	46089600	46089800	U	U	U	U
chr22	46089800	46090000	U	U	U	U
chr22	46090200	46090400	U	U	U	U
chr22	46090800	46091000	U	U	U	U
chr22	46097600	46097800	U	U	U	U
chr22	46099800	46100000	U	U	U	U
chr22	46100200	46100400	U	U	U	U
chr22	46102200	46102400	U	U	U	U
chr22	46102800	46103000	U	U	U	U
chr22	46104000	46104200	U	U	U	U
chr22	46104200	46104400	U	U	U	U
chr22	46104800	46105000	U	U	U	U
chr22	46105000	46105200	U	U	U	U
chr22	46105800	46106000	U	U	U	U
chr22	46109800	46110000	B	U	U	U
chr22	46110400	46110600	B	U	U	U
chr22	46110600	46110800	B	U	U	U
chr22	46112000	46112200	U	U	U	U
chr22	46116000	46116200	U	U	U	U
chr22	46116200	46116400	U	U	U	U
chr22	46124600	46124800	U	U	U	U
chr22	46126000	46126200	U	U	U	U
chr22	46126400	46126600	U	U	U	U
chr22	46126600	46126800	U	U	U	U
chr22	46127200	46127400	U	U	U	U
chr22	46128600	46128800	U	U	U	U
chr22	46128800	46129000	U	U	U	U
chr22	46139400	46139600	U	U	U	U
chr22	46141000	46141200	U	U	U	U
chr22	46141600	46141800	U	U	U	U
chr22	46142600	46142800	U	U	U	U
chr22	46143000	46143200	U	U	U	U
chr22	46149000	46149200	U	U	U	U
chr22	46149200	46149400	U	U	U	U
chr22	46151200	46151400	B	U	U	U
chr22	46159400	46159600	U	U	U	U
chr22	46163000	46163200	U	U	U	U
chr22	46172800	46173000	U	U	U	U
chr22	46189000	46189200	U	U	U	U
chr22	46189200	46189400	U	U	U	U
chr22	46197400	46197600	U	U	U	U
chr22	46203200	46203400	U	U	U	U
chr22	46217000	46217200	U	U	U	U
chr22	46217400	46217600	U	U	U	U
chr22	46218200	46218400	U	U	U	U
chr22	46219200	46219400	U	U	U	U
chr22	46220000	46220200	U	U	U	U
chr22	46225000	46225200	U	U	U	U
chr22	46225200	46225400	U	U	U	U
chr22	46229800	46230000	U	U	U	U
chr22	46231800	46232000	U	U	U	U
chr22	46236800	46237000	U	U	U	U
chr22	46238600	46238800	U	U	U	U
chr22	46243000	46243200	U	U	U	U
chr22	46243200	46243400	U	U	U	U
chr22	46248200	46248400	U	U	U	U
chr22	46250800	46251000	B	U	U	U
chr22	46251000	46251200	B	U	U	U
chr22	46253000	46253200	U	U	U	U
chr22	46254200	46254400	U	U	U	U
chr22	46256200	46256400	U	U	U	U
chr22	46257800	46258000	U	U	U	U
chr22	46258000	46258200	U	U	U	U
chr22	46258200	46258400	U	U	U	U
chr22	46260200	46260400	U	U	U	U
chr22	46260600	46260800	U	U	U	U
chr22	46261400	46261600	U	U	U	U
chr22	46262400	46262600	U	U	U	U
chr22	46262600	46262800	U	U	U	U
chr22	46273600	46273800	U	U	U	U
chr22	46275200	46275400	U	U	U	U
chr22	46285200	46285400	U	U	U	U
chr22	46287400	46287600	U	U	U	U
chr22	46289400	46289600	U	U	U	U
chr22	46291000	46291200	U	U	U	U
chr22	46291400	46291600	U	U	U	U
chr22	46293600	46293800	U	U	U	U
chr22	46297200	46297400	B	U	U	U
chr22	46308800	46309000	U	U	U	U
chr22	46310000	46310200	U	U	U	U
chr22	46312000	46312200	U	U	U	U
chr22	46314000	46314200	B	U	U	U
chr22	46328400	46328600	U	U	U	U
chr22	46329600	46329800	U	U	U	U
chr22	46330600	46330800	U	U	U	U
chr22	46331400	46331600	U	U	U	U
chr22	46335800	46336000	B	U	U	B
chr22	46337200	46337400	U	U	U	U
chr22	46340200	46340400	U	U	U	U
chr22	46350000	46350200	U	U	U	U
chr22	46352200	46352400	U	U	U	U
chr22	46352400	46352600	U	U	U	U
chr22	46353600	46353800	U	U	U	U
chr22	46354600	46354800	U	U	U	U
chr22	46356800	46357000	U	U	U	U
chr22	46361400	46361600	U	U	U	U
chr22	46362400	46362600	U	U	U	U
chr22	46364800	46365000	U	U	U	U
chr22	46367200	46367400	B	U	U	U
chr22	46368000	46368200	B	U	U	U
chr22	46368400	46368600	U	U	U	U
chr22	46369600	46369800	U	U	U	U
chr22	46370000	46370200	U	U	U	U
chr22	46371200	46371400	U	U	U	U
chr22	46371400	46371600	U	U	U	U
chr22	46374000	46374200	U	U	U	U
chr22	46380200	46380400	U	U	U	U
chr22	46380800	46381000	U	U	U	U
chr22	46390000	46390200	U	U	U	U
chr22	46390200	46390400	B	U	U	U
chr22	46391800	46392000	U	U	U	U
chr22	46393000	46393200	U	U	U	U
chr22	46393800	46394000	U	U	U	U
chr22	46394200	46394400	U	U	U	U
chr22	46398200	46398400	U	U	U	U
chr22	46408800	46409000	U	U	U	U
chr22	46409000	46409200	U	U	U	U
chr22	46409600	46409800	U	U	U	U
chr22	46411600	46411800	U	U	U	U
chr22	46414000	46414200	U	U	U	U
chr22	46416400	46416600	U	U	U	U
chr22	46416600	46416800	U	U	U	U
chr22	46417400	46417600	U	U	U	U
chr22	46418800	46419000	U	U	U	U
chr22	46421200	46421400	U	U	U	U
chr22	46421800	46422000	U	U	U	U
chr22	46427600	46427800	U	U	U	U
chr22	46431200	46431400	U	U	U	U
chr22	46432800	46433000	U	U	U	U
chr22	46436200	46436400	U	U	U	U
chr22	46438000	46438200	U	U	U	U
chr22	46439400	46439600	U	U	U	U
chr22	46445800	46446000	U	U	U	U
chr22	46447400	46447600	U	U	U	U
chr22	46448600	46448800	U	U	U	U
chr22	46450200	46450400	U	U	U	U
chr22	46452600	46452800	U	U	U	U
chr22	46454400	46454600	U	U	U	U
chr22	46454600	46454800	U	U	U	U
chr22	46455800	46456000	B	U	U	U
chr22	46457600	46457800	U	U	U	U
chr22	46458000	46458200	U	U	U	U
chr22	46458400	46458600	U	U	U	U
chr22	46461000	46461200	U	U	U	U
chr22	46461800	46462000	U	U	U	U
chr22	46463600	46463800	U	U	U	U
chr22	46463800	46464000	U	U	U	U
chr22	46464600	46464800	U	U	U	U
chr22	46465000	46465200	U	U	U	U
chr22	46469200	46469400	U	U	U	U
chr22	46470600	46470800	U	U	U	U
chr22	46473400	46473600	U	U	U	U
chr22	46473800	46474000	U	U	U	U
chr22	46474000	46474200	U	U	U	U
chr22	46479200	46479400	U	U	U	U
chr22	46479400	46479600	U	U	U	U
chr22	46480000	46480200	U	U	U	U
chr22	46480200	46480400	U	U	U	U
chr22	46480400	46480600	U	U	U	U
chr22	46483800	46484000	U	U	U	U
chr22	46484000	46484200	U	U	U	U
chr22	46492200	46492400	U	U	U	U
chr22	46501600	46501800	U	U	U	U
chr22	46502800	46503000	U	U	U	U
chr22	46506600	46506800	U	U	U	U
chr22	46509000	46509200	U	U	U	U
chr22	46513200	46513400	U	U	U	U
chr22	46514400	46514600	U	U	U	U
chr22	46519600	46519800	U	U	U	U
chr22	46530600	46530800	U	U	U	U
chr22	46530800	46531000	U	U	U	U
chr22	46532600	46532800	U	U	U	U
chr22	46532800	46533000	U	U	U	U
chr22	46533000	46533200	U	U	U	U
chr22	46533200	46533400	U	U	U	U
chr22	46534800	46535000	U	U	U	U
chr22	46535000	46535200	U	U	U	U
chr22	46536000	46536200	U	U	U	U
chr22	46536400	46536600	U	U	U	U
chr22	46537200	46537400	U	U	U	U
chr22	46538400	46538600	U	U	U	U
chr22	46538600	46538800	U	U	U	U
chr22	46539200	46539400	U	U	U	U
chr22	46541200	46541400	U	U	U	U
chr22	46541800	46542000	U	U	U	U
chr22	46542200	46542400	B	U	U	U
chr22	46549600	46549800	U	U	U	U
chr22	46549800	46550000	U	U	U	U
chr22	46550000	46550200	U	U	U	U
chr22	46550600	46550800	U	U	U	U
chr22	46551600	46551800	U	U	U	U
chr22	46554400	46554600	U	U	U	U
chr22	46555000	46555200	U	U	U	U
chr22	46561600	46561800	B	U	B	U
chr22	46568400	46568600	U	U	U	U
chr22	46569400	46569600	U	U	U	U
chr22	46569600	46569800	U	U	U	U
chr22	46573200	46573400	U	U	U	U
chr22	46573800	46574000	U	U	U	U
chr22	46575800	46576000	U	U	U	U
chr22	46576000	46576200	U	U	U	U
chr22	46576600	46576800	U	U	U	U
chr22	46582400	46582600	U	U	U	U
chr22	46584600	46584800	U	U	U	U
chr22	46585800	46586000	U	U	U	U
chr22	46587000	46587200	U	U	U	U
chr22	46588200	46588400	U	U	U	U
chr22	46589600	46589800	U	U	U	U
chr22	46590400	46590600	U	U	U	U
chr22	46594800	46595000	U	U	U	U
chr22	46595400	46595600	U	U	U	U
chr22	46596200	46596400	U	U	U	U
chr22	46598800	46599000	U	U	U	U
chr22	46609200	46609400	U	U	U	U
chr22	46613400	46613600	U	U	U	U
chr22	46619000	46619200	U	U	U	U
chr22	46619600	46619800	U	U	U	U
chr22	46620000	46620200	U	U	U	U
chr22	46622000	46622200	U	U	U	U
chr22	46626800	46627000	U	U	U	U
chr22	46632400	46632600	U	U	U	U
chr22	46633600	46633800	U	U	U	U
chr22	46633800	46634000	U	U	U	U
chr22	46634200	46634400	U	U	U	U
chr22	46634400	46634600	U	U	U	U
chr22	46636400	46636600	B	U	U	U
chr22	46636600	46636800	U	U	U	U
chr22	46637600	46637800	U	U	U	U
chr22	46647400	46647600	U	U	U	U
chr22	46649600	46649800	B	U	U	B
chr22	46650800	46651000	U	U	U	U
chr22	46651400	46651600	U	U	U	U
chr22	46651800	46652000	U	U	U	U
chr22	46655600	46655800	U	U	U	U
chr22	46656600	46656800	U	U	U	U
chr22	46657000	46657200	U	U	U	U
chr22	46657800	46658000	U	U	U	U
chr22	46658000	46658200	U	U	U	U
chr22	46658200	46658400	U	U	U	U
chr22	46658400	46658600	U	U	U	U
chr22	46658800	46659000	U	U	U	U
chr22	46660200	46660400	U	U	U	U
chr22	46660800	46661000	U	U	U	U
chr22	46661600	46661800	U	U	U	U
chr22	46664000	46664200	U	U	U	U
chr22	46665400	46665600	U	U	U	U
chr22	46668800	46669000	U	U	U	U
chr22	46670000	46670200	U	U	U	U
chr22	46670200	46670400	U	U	U	U
chr22	46672800	46673000	U	U	U	U
chr22	46673400	46673600	U	U	U	U
chr22	46674400	46674600	U	U	U	U
chr22	46674800	46675000	U	U	U	U
chr22	46676600	46676800	U	U	U	U
chr22	46677400	46677600	U	U	U	U
chr22	46677600	46677800	U	U	U	U
chr22	46679600	46679800	U	U	U	U
chr22	46681800	46682000	U	U	U	U
chr22	46684400	46684600	U	U	U	U
chr22	46686400	46686600	U	U	U	U
chr22	46686600	46686800	U	U	U	U
chr22	46686800	46687000	U	U	U	U
chr22	46688400	46688600	U	U	U	U
chr22	46688600	46688800	U	U	U	U
chr22	46689800	46690000	U	U	U	U
chr22	46690000	46690200	U	U	U	U
chr22	46694400	46694600	U	U	U	U
chr22	46694800	46695000	U	U	U	U
chr22	46695800	46696000	U	U	U	U
chr22	46696000	46696200	U	U	U	U
chr22	46697000	46697200	U	U	U	U
chr22	46699400	46699600	U	U	U	U
chr22	46701400	46701600	U	U	U	U
chr22	46703000	46703200	U	U	U	U
chr22	46703800	46704000	U	U	U	U
chr22	46706600	46706800	U	U	U	U
chr22	46710800	46711000	U	U	U	U
chr22	46711000	46711200	U	U	U	U
chr22	46726200	46726400	U	U	U	U
chr22	46726600	46726800	U	U	U	U
chr22	46727600	46727800	U	U	U	U
chr22	46728000	46728200	U	U	U	U
chr22	46732200	46732400	U	U	U	U
chr22	46737800	46738000	B	U	U	U
chr22	46738800	46739000	B	U	U	U
chr22	46740600	46740800	U	U	U	U
chr22	46741200	46741400	U	U	U	U
chr22	46742200	46742400	U	U	U	U
chr22	46747400	46747600	U	U	U	U
chr22	46748600	46748800	U	U	U	U
chr22	46749400	46749600	U	U	U	U
chr22	46751600	46751800	U	U	U	U
chr22	46753200	46753400	U	U	U	U
chr22	46753800	46754000	B	U	U	U
chr22	46761000	46761200	U	U	B	U
chr22	46762200	46762400	B	U	U	U
chr22	46762400	46762600	B	U	U	U
chr22	46763600	46763800	U	U	U	U
chr22	46765000	46765200	U	U	U	U
chr22	46765200	46765400	U	U	U	U
chr22	46767000	46767200	U	U	U	U
chr22	46769400	46769600	U	U	U	U
chr22	46774200	46774400	B	U	U	U
chr22	46775600	46775800	U	U	U	U
chr22	46776800	46777000	U	U	U	U
chr22	46777000	46777200	U	U	U	U
chr22	46777200	46777400	U	U	U	U
chr22	46777400	46777600	U	U	U	U
chr22	46781800	46782000	U	U	U	U
chr22	46788400	46788600	U	U	B	U
chr22	46789800	46790000	U	U	U	U
chr22	46793800	46794000	U	U	U	U
chr22	46796200	46796400	U	U	U	U
chr22	46800200	46800400	U	U	U	U
chr22	46801400	46801600	U	U	U	U
chr22	46803600	46803800	B	U	B	U
chr22	46804000	46804200	U	U	U	U
chr22	46804800	46805000	U	U	U	U
chr22	46806600	46806800	U	U	U	U
chr22	46807000	46807200	U	U	U	U
chr22	46810800	46811000	U	U	U	U
chr22	46827200	46827400	U	U	U	U
chr22	46827600	46827800	U	U	U	U
chr22	46828000	46828200	U	U	U	U
chr22	46830000	46830200	U	U	U	U
chr22	46830200	46830400	U	U	U	U
chr22	46830600	46830800	U	U	U	U
chr22	46831000	46831200	U	U	U	U
chr22	46831800	46832000	U	U	U	U
chr22	46832800	46833000	U	U	U	U
chr22	46844200	46844400	U	U	U	U
chr22	46845000	46845200	U	U	U	U
chr22	46845800	46846000	U	U	U	U
chr22	46847200	46847400	U	U	U	U
chr22	46848400	46848600	U	U	U	U
chr22	46848600	46848800	U	U	U	U
chr22	46851400	46851600	U	U	U	U
chr22	46852000	46852200	U	U	U	U
chr22	46852400	46852600	U	U	U	U
chr22	46853000	46853200	U	U	U	U
chr22	46853200	46853400	U	U	U	U
chr22	46854400	46854600	B	U	U	U
chr22	46855800	46856000	U	U	U	U
chr22	46857000	46857200	U	U	U	U
chr22	46862800	46863000	U	U	U	U
chr22	46879400	46879600	U	U	U	U
chr22	46879800	46880000	U	U	U	U
chr22	46882800	46883000	U	U	U	U
chr22	46883000	46883200	U	U	U	U
chr22	46894400	46894600	U	U	U	U
chr22	46896600	46896800	B	U	U	U
chr22	46898000	46898200	U	U	U	U
chr22	46904200	46904400	U	U	U	U
chr22	46905200	46905400	U	U	U	U
chr22	46908800	46909000	U	U	U	U
chr22	46910400	46910600	U	U	U	U
chr22	46913600	46913800	U	U	U	U
chr22	46916400	46916600	U	U	U	U
chr22	46924800	46925000	U	U	U	U
chr22	46925000	46925200	U	U	U	U
chr22	46931800	46932000	U	U	U	U
chr22	46933400	46933600	U	U	U	U
chr22	46942600	46942800	U	U	U	U
chr22	46947000	46947200	U	U	U	U
chr22	46947800	46948000	U	U	U	U
chr22	46948200	46948400	U	U	U	U
chr22	46954600	46954800	U	U	U	U
chr22	46955000	46955200	U	U	U	U
chr22	46957000	46957200	U	U	U	U
chr22	46958800	46959000	U	U	U	U
chr22	46961400	46961600	U	U	U	U
chr22	46961600	46961800	U	U	U	U
chr22	46963400	46963600	U	U	U	U
chr22	46964600	46964800	U	U	U	U
chr22	46965400	46965600	U	U	U	U
chr22	46965800	46966000	U	U	U	U
chr22	46970600	46970800	U	U	U	U
chr22	46971000	46971200	U	U	U	U
chr22	46971400	46971600	U	U	U	U
chr22	46972000	46972200	U	U	U	U
chr22	46973000	46973200	U	U	U	U
chr22	46975000	46975200	U	U	U	U
chr22	46975600	46975800	U	U	U	U
chr22	46975800	46976000	U	U	U	U
chr22	46977200	46977400	U	U	U	U
chr22	46983800	46984000	U	U	U	U
chr22	46993200	46993400	U	U	U	U
chr22	46995000	46995200	U	U	U	U
chr22	46995200	46995400	U	U	U	U
chr22	46995800	46996000	U	U	U	U
chr22	46997200	46997400	U	U	U	U
chr22	46997400	46997600	U	U	U	U
chr22	46998400	46998600	U	U	U	U
chr22	46999400	46999600	U	U	U	U
chr22	47001000	47001200	U	U	U	U
chr22	47002600	47002800	U	U	U	U
chr22	47006800	47007000	U	U	U	U
chr22	47007000	47007200	U	U	U	U
chr22	47008800	47009000	U	U	U	U
chr22	47012000	47012200	U	U	U	U
chr22	47013000	47013200	U	U	U	U
chr22	47013400	47013600	U	U	U	U
chr22	47015200	47015400	U	U	U	U
chr22	47015400	47015600	U	U	U	U
chr22	47017400	47017600	U	U	U	U
chr22	47018200	47018400	U	U	U	U
chr22	47018800	47019000	U	U	U	U
chr22	47020400	47020600	U	U	U	U
chr22	47029800	47030000	U	U	U	U
chr22	47031000	47031200	U	U	U	U
chr22	47033000	47033200	U	U	U	U
chr22	47035800	47036000	U	U	U	U
chr22	47038400	47038600	U	U	U	U
chr22	47041000	47041200	U	U	U	U
chr22	47043200	47043400	U	U	U	U
chr22	47044600	47044800	U	U	U	U
chr22	47052200	47052400	U	U	U	U
chr22	47053400	47053600	U	U	U	U
chr22	47055000	47055200	U	U	U	U
chr22	47062800	47063000	U	U	U	U
chr22	47063400	47063600	U	U	U	U
chr22	47067400	47067600	U	U	U	U
chr22	47069200	47069400	U	U	U	U
chr22	47072600	47072800	U	U	U	U
chr22	47073000	47073200	U	U	U	U
chr22	47073200	47073400	U	U	U	U
chr22	47074400	47074600	U	U	U	U
chr22	47078000	47078200	U	U	U	U
chr22	47089800	47090000	B	U	U	U
chr22	47092600	47092800	U	U	U	U
chr22	47093000	47093200	U	U	U	U
chr22	47093200	47093400	U	U	U	U
chr22	47095400	47095600	U	U	U	U
chr22	47101800	47102000	U	U	U	U
chr22	47102400	47102600	U	U	U	U
chr22	47111200	47111400	U	U	U	U
chr22	47112400	47112600	U	U	U	U
chr22	47112600	47112800	U	U	U	U
chr22	47116200	47116400	U	U	U	U
chr22	47121800	47122000	U	U	U	U
chr22	47122200	47122400	U	U	U	U
chr22	47123200	47123400	U	U	U	U
chr22	47125400	47125600	U	U	U	U
chr22	47128600	47128800	U	U	U	U
chr22	47132800	47133000	U	U	U	U
chr22	47134000	47134200	U	U	U	U
chr22	47134600	47134800	U	U	U	U
chr22	47134800	47135000	U	U	U	U
chr22	47136000	47136200	U	U	U	U
chr22	47136400	47136600	U	U	U	U
chr22	47137000	47137200	U	U	U	U
chr22	47137400	47137600	U	U	U	U
chr22	47139400	47139600	U	U	U	U
chr22	47139800	47140000	U	U	U	U
chr22	47140000	47140200	U	U	U	U
chr22	47141800	47142000	U	U	U	U
chr22	47143200	47143400	U	U	U	U
chr22	47143800	47144000	U	U	U	U
chr22	47145200	47145400	U	U	U	U
chr22	47147800	47148000	U	U	U	U
chr22	47149800	47150000	U	U	U	U
chr22	47150600	47150800	U	U	U	U
chr22	47151200	47151400	U	U	U	U
chr22	47152400	47152600	U	U	U	U
chr22	47153600	47153800	U	U	U	U
chr22	47154600	47154800	U	U	U	U
chr22	47156400	47156600	U	U	U	U
chr22	47157200	47157400	U	U	U	U
chr22	47158600	47158800	U	U	U	U
chr22	47161200	47161400	U	U	U	U
chr22	47161400	47161600	U	U	U	U
chr22	47163600	47163800	U	U	U	U
chr22	47164800	47165000	U	U	U	U
chr22	47165000	47165200	U	U	U	U
chr22	47166600	47166800	U	U	U	U
chr22	47166800	47167000	U	U	U	U
chr22	47170200	47170400	U	U	U	U
chr22	47171000	47171200	U	U	U	U
chr22	47171200	47171400	U	U	U	U
chr22	47171400	47171600	U	U	U	U
chr22	47172800	47173000	U	U	U	U
chr22	47173000	47173200	U	U	U	U
chr22	47175000	47175200	U	U	U	U
chr22	47175200	47175400	U	U	U	U
chr22	47177000	47177200	U	U	U	U
chr22	47188200	47188400	U	U	U	U
chr22	47190200	47190400	U	U	U	U
chr22	47190800	47191000	U	U	U	U
chr22	47193000	47193200	B	U	U	U
chr22	47195400	47195600	U	U	U	U
chr22	47197200	47197400	U	U	U	U
chr22	47197800	47198000	U	U	U	U
chr22	47198000	47198200	U	U	U	U
chr22	47198600	47198800	U	U	U	U
chr22	47198800	47199000	U	U	U	U
chr22	47199400	47199600	U	U	U	U
chr22	47199600	47199800	U	U	U	U
chr22	47200200	47200400	U	U	U	U
chr22	47200400	47200600	U	U	U	U
chr22	47205200	47205400	U	U	U	U
chr22	47209400	47209600	U	U	U	U
chr22	47216200	47216400	U	U	U	U
chr22	47220200	47220400	U	U	U	U
chr22	47236400	47236600	U	U	U	U
chr22	47244000	47244200	U	U	U	U
chr22	47249600	47249800	U	U	U	U
chr22	47249800	47250000	U	U	U	U
chr22	47251600	47251800	U	U	U	U
chr22	47257800	47258000	U	U	U	U
chr22	47258600	47258800	U	U	U	U
chr22	47258800	47259000	U	U	U	U
chr22	47260000	47260200	U	U	U	U
chr22	47263800	47264000	U	U	U	U
chr22	47268200	47268400	U	U	U	U
chr22	47269000	47269200	U	U	U	U
chr22	47276400	47276600	U	U	U	U
chr22	47277200	47277400	U	U	U	U
chr22	47277600	47277800	U	U	U	U
chr22	47279000	47279200	U	U	U	U
chr22	47282400	47282600	U	U	U	U
chr22	47283400	47283600	U	U	U	U
chr22	47286200	47286400	U	U	U	U
chr22	47286600	47286800	U	U	U	U
chr22	47295000	47295200	U	U	U	U
chr22	47295600	47295800	U	U	U	U
chr22	47296400	47296600	U	U	U	U
chr22	47296600	47296800	U	U	U	U
chr22	47297000	47297200	U	U	U	U
chr22	47299000	47299200	U	U	U	U
chr22	47299400	47299600	U	U	U	U
chr22	47302200	47302400	U	U	U	U
chr22	47303200	47303400	U	U	U	U
chr22	47304200	47304400	U	U	U	U
chr22	47304600	47304800	U	U	U	U
chr22	47331000	47331200	U	U	U	U
chr22	47333200	47333400	U	U	U	U
chr22	47334200	47334400	U	U	U	U
chr22	47341200	47341400	U	U	U	U
chr22	47341400	47341600	U	U	U	U
chr22	47342200	47342400	U	U	U	U
chr22	47344600	47344800	U	U	U	U
chr22	47345200	47345400	U	U	U	U
chr22	47351800	47352000	U	U	U	U
chr22	47352800	47353000	U	U	U	U
chr22	47353200	47353400	U	U	U	U
chr22	47356400	47356600	U	U	U	U
chr22	47357200	47357400	U	U	U	U
chr22	47358800	47359000	U	U	U	U
chr22	47368600	47368800	U	U	U	U
chr22	47369200	47369400	U	U	U	U
chr22	47369400	47369600	U	U	U	U
chr22	47371600	47371800	U	U	U	U
chr22	47372400	47372600	U	U	U	U
chr22	47374200	47374400	U	U	U	U
chr22	47375200	47375400	U	U	U	U
chr22	47376800	47377000	U	U	U	U
chr22	47381800	47382000	U	U	U	U
chr22	47389000	47389200	U	U	U	U
chr22	47389400	47389600	U	U	U	U
chr22	47393800	47394000	U	U	U	U
chr22	47395200	47395400	U	U	U	U
chr22	47395600	47395800	U	U	U	U
chr22	47396400	47396600	U	U	U	U
chr22	47397600	47397800	U	U	U	U
chr22	47399200	47399400	U	U	U	U
chr22	47402400	47402600	U	U	U	U
chr22	47419600	47419800	U	U	B	U
chr22	47423000	47423200	U	U	U	U
chr22	47441800	47442000	U	U	U	U
chr22	47443200	47443400	U	U	U	U
chr22	47444000	47444200	U	U	U	U
chr22	47456600	47456800	U	U	U	U
chr22	47464800	47465000	U	U	U	U
chr22	47465200	47465400	U	U	U	U
chr22	47486600	47486800	U	U	U	U
chr22	47494400	47494600	U	U	U	U
chr22	47497400	47497600	U	U	U	U
chr22	47498600	47498800	U	U	U	U
chr22	47499600	47499800	U	U	U	U
chr22	47509800	47510000	U	U	U	U
chr22	47513200	47513400	U	U	U	U
chr22	47514000	47514200	U	U	U	U
chr22	47526400	47526600	U	U	U	U
chr22	47533800	47534000	U	U	U	U
chr22	47541400	47541600	U	U	U	U
chr22	47544200	47544400	U	U	U	U
chr22	47546000	47546200	U	U	U	U
chr22	47547800	47548000	U	U	U	U
chr22	47551400	47551600	U	U	U	U
chr22	47553800	47554000	U	U	U	U
chr22	47558800	47559000	U	U	U	U
chr22	47567400	47567600	U	U	U	U
chr22	47569400	47569600	U	U	U	U
chr22	47569800	47570000	U	U	U	U
chr22	47570800	47571000	U	U	U	U
chr22	47571800	47572000	U	U	U	U
chr22	47575200	47575400	U	U	U	U
chr22	47586400	47586600	U	U	U	U
chr22	47586800	47587000	U	U	U	U
chr22	47587200	47587400	U	U	U	U
chr22	47587600	47587800	U	U	U	U
chr22	47591800	47592000	U	U	U	U
chr22	47596600	47596800	U	U	U	U
chr22	47597000	47597200	U	U	U	U
chr22	47604600	47604800	U	U	U	U
chr22	47605000	47605200	U	U	U	U
chr22	47613800	47614000	U	U	U	U
chr22	47614200	47614400	U	U	U	U
chr22	47614400	47614600	U	U	U	U
chr22	47615200	47615400	U	U	U	U
chr22	47618200	47618400	U	U	U	U
chr22	47621400	47621600	U	U	U	U
chr22	47621600	47621800	U	U	U	U
chr22	47623800	47624000	U	U	U	U
chr22	47624400	47624600	U	U	U	U
chr22	47624800	47625000	U	U	U	U
chr22	47632000	47632200	B	U	U	U
chr22	47632400	47632600	U	U	U	U
chr22	47632600	47632800	U	U	U	U
chr22	47633200	47633400	U	U	U	U
chr22	47634800	47635000	U	U	U	U
chr22	47636600	47636800	U	U	U	U
chr22	47650600	47650800	U	U	U	U
chr22	47657000	47657200	U	U	U	U
chr22	47659600	47659800	U	U	U	U
chr22	47661800	47662000	U	U	U	U
chr22	47662200	47662400	U	U	U	U
chr22	47667000	47667200	U	U	U	U
chr22	47668000	47668200	U	U	U	U
chr22	47670800	47671000	U	U	U	U
chr22	47672400	47672600	U	U	U	U
chr22	47673000	47673200	U	U	U	U
chr22	47684000	47684200	U	U	U	U
chr22	47686400	47686600	U	U	U	U
chr22	47687000	47687200	U	U	U	U
chr22	47687200	47687400	U	U	U	U
chr22	47690200	47690400	U	U	U	U
chr22	47693200	47693400	U	U	U	U
chr22	47714000	47714200	B	U	U	U
chr22	47714600	47714800	B	U	U	U
chr22	47716000	47716200	U	U	U	U
chr22	47716200	47716400	U	U	U	U
chr22	47716600	47716800	B	U	U	U
chr22	47729200	47729400	U	U	U	U
chr22	47734000	47734200	U	U	U	U
chr22	47736800	47737000	U	U	U	U
chr22	47737800	47738000	U	U	U	U
chr22	47738400	47738600	U	U	U	U
chr22	47740000	47740200	U	U	U	U
chr22	47743800	47744000	U	U	U	U
chr22	47744000	47744200	U	U	U	U
chr22	47744800	47745000	U	U	U	U
chr22	47746200	47746400	U	U	U	U
chr22	47759200	47759400	U	U	U	U
chr22	47759400	47759600	U	U	U	U
chr22	47761600	47761800	U	U	U	U
chr22	47761800	47762000	U	U	U	U
chr22	47765400	47765600	U	U	U	U
chr22	47766200	47766400	U	U	U	U
chr22	47769800	47770000	U	U	U	U
chr22	47781200	47781400	U	U	U	U
chr22	47781400	47781600	U	U	U	U
chr22	47783600	47783800	U	U	U	U
chr22	47786400	47786600	U	U	U	U
chr22	47786600	47786800	U	U	U	U
chr22	47801600	47801800	U	U	U	U
chr22	47802600	47802800	U	U	U	U
chr22	47805600	47805800	U	U	U	U
chr22	47805800	47806000	U	U	U	U
chr22	47809000	47809200	U	U	U	U
chr22	47811400	47811600	U	U	U	U
chr22	47817200	47817400	U	U	U	U
chr22	47818000	47818200	U	U	U	U
chr22	47820000	47820200	U	U	U	U
chr22	47828000	47828200	U	U	U	U
chr22	47828200	47828400	U	U	U	U
chr22	47844400	47844600	U	U	U	U
chr22	47849800	47850000	U	U	U	U
chr22	47850600	47850800	U	U	U	U
chr22	47851600	47851800	U	U	U	U
chr22	47852800	47853000	U	U	U	U
chr22	47873400	47873600	U	U	U	U
chr22	47877800	47878000	U	U	U	U
chr22	47878000	47878200	U	U	U	U
chr22	47878200	47878400	U	U	U	U
chr22	47878400	47878600	U	U	U	U
chr22	47881800	47882000	U	U	U	U
chr22	47884400	47884600	U	U	U	U
chr22	47884600	47884800	U	U	U	U
chr22	47885400	47885600	U	U	U	U
chr22	47885800	47886000	U	U	U	U
chr22	47902800	47903000	U	U	U	U
chr22	47903000	47903200	U	U	U	U
chr22	47912000	47912200	U	U	U	U
chr22	47917000	47917200	U	U	U	U
chr22	47917400	47917600	U	U	U	U
chr22	47918800	47919000	U	U	U	U
chr22	47919000	47919200	U	U	U	U
chr22	47919800	47920000	U	U	U	U
chr22	47920600	47920800	U	U	U	U
chr22	47921200	47921400	U	U	U	U
chr22	47921800	47922000	U	U	U	U
chr22	47922000	47922200	U	U	U	U
chr22	47923600	47923800	U	U	U	U
chr22	47929600	47929800	U	U	U	U
chr22	47941400	47941600	U	U	U	U
chr22	47946600	47946800	U	U	U	U
chr22	47947200	47947400	U	U	U	U
chr22	47952000	47952200	U	U	U	U
chr22	47961800	47962000	U	U	U	U
chr22	47963800	47964000	U	U	U	U
chr22	47965200	47965400	U	U	U	U
chr22	47970800	47971000	U	U	U	U
chr22	47974200	47974400	U	U	U	U
chr22	47991600	47991800	U	U	U	U
chr22	47993600	47993800	U	U	U	U
chr22	47994600	47994800	U	U	U	U
chr22	47995000	47995200	U	U	U	U
chr22	47995800	47996000	U	U	U	U
chr22	47998800	47999000	U	U	U	U
chr22	47999200	47999400	U	U	U	U
chr22	48004600	48004800	U	U	U	U
chr22	48005600	48005800	U	U	U	U
chr22	48017200	48017400	U	U	U	U
chr22	48018400	48018600	U	U	U	U
chr22	48019600	48019800	U	U	U	U
chr22	48038600	48038800	U	U	U	U
chr22	48043200	48043400	U	U	U	U
chr22	48045400	48045600	U	U	U	U
chr22	48046600	48046800	U	U	U	U
chr22	48053000	48053200	U	U	U	U
chr22	48057200	48057400	U	U	U	U
chr22	48061200	48061400	U	U	U	U
chr22	48064400	48064600	U	U	U	U
chr22	48066000	48066200	U	U	U	U
chr22	48066600	48066800	U	U	U	U
chr22	48070000	48070200	U	U	U	U
chr22	48079000	48079200	U	U	U	U
chr22	48082200	48082400	U	U	U	U
chr22	48083000	48083200	U	U	U	U
chr22	48084600	48084800	U	U	U	U
chr22	48086600	48086800	U	U	U	U
chr22	48090000	48090200	U	U	U	U
chr22	48091800	48092000	U	U	U	U
chr22	48096400	48096600	U	U	U	U
chr22	48099000	48099200	U	U	U	U
chr22	48099200	48099400	U	U	U	U
chr22	48100000	48100200	U	U	U	U
chr22	48103600	48103800	U	U	U	U
chr22	48114600	48114800	U	U	U	U
chr22	48117600	48117800	U	U	U	U
chr22	48119800	48120000	U	U	U	U
chr22	48121800	48122000	U	U	U	U
chr22	48141200	48141400	U	U	U	U
chr22	48141600	48141800	U	U	U	U
chr22	48141800	48142000	U	U	U	U
chr22	48143200	48143400	U	U	U	U
chr22	48146600	48146800	U	U	U	U
chr22	48152400	48152600	U	U	U	U
chr22	48155000	48155200	U	U	U	U
chr22	48157400	48157600	U	U	U	U
chr22	48158000	48158200	U	U	U	U
chr22	48158200	48158400	U	U	U	U
chr22	48159600	48159800	U	U	U	U
chr22	48166600	48166800	U	U	U	U
chr22	48168400	48168600	U	U	U	U
chr22	48169600	48169800	U	U	U	U
chr22	48172400	48172600	U	U	U	U
chr22	48172600	48172800	U	U	U	U
chr22	48173000	48173200	U	U	U	U
chr22	48174000	48174200	U	U	U	U
chr22	48174800	48175000	U	U	U	U
chr22	48175400	48175600	U	U	U	U
chr22	48178400	48178600	U	U	U	U
chr22	48178800	48179000	U	U	U	U
chr22	48180400	48180600	U	U	U	U
chr22	48181800	48182000	U	U	U	U
chr22	48183400	48183600	U	U	U	U
chr22	48183800	48184000	U	U	U	U
chr22	48187200	48187400	U	U	U	U
chr22	48187600	48187800	U	U	U	U
chr22	48194000	48194200	U	U	U	U
chr22	48196200	48196400	U	U	U	U
chr22	48199600	48199800	U	U	U	U
chr22	48206800	48207000	U	U	U	U
chr22	48209000	48209200	U	U	U	U
chr22	48209400	48209600	U	U	U	U
chr22	48210600	48210800	U	U	U	U
chr22	48219400	48219600	U	U	U	U
chr22	48226000	48226200	U	U	U	U
chr22	48237400	48237600	U	U	U	U
chr22	48240000	48240200	U	U	U	U
chr22	48241400	48241600	U	U	U	U
chr22	48241800	48242000	U	U	U	U
chr22	48250000	48250200	U	U	U	U
chr22	48250400	48250600	U	U	U	U
chr22	48254600	48254800	U	U	U	U
chr22	48257400	48257600	U	U	U	U
chr22	48258000	48258200	U	U	U	U
chr22	48260400	48260600	U	U	U	U
chr22	48263000	48263200	U	U	U	U
chr22	48264000	48264200	U	U	U	U
chr22	48266800	48267000	U	U	U	U
chr22	48267000	48267200	U	U	U	U
chr22	48267800	48268000	U	U	U	U
chr22	48271800	48272000	U	U	U	U
chr22	48272200	48272400	U	U	U	U
chr22	48272400	48272600	U	U	U	U
chr22	48275400	48275600	U	U	U	U
chr22	48278200	48278400	U	U	U	U
chr22	48278600	48278800	U	U	U	U
chr22	48287200	48287400	U	U	U	U
chr22	48289200	48289400	U	U	U	U
chr22	48291000	48291200	U	U	U	U
chr22	48300000	48300200	U	U	U	U
chr22	48301200	48301400	U	U	U	U
chr22	48302600	48302800	U	U	U	U
chr22	48303400	48303600	U	U	U	U
chr22	48304800	48305000	U	U	U	U
chr22	48308000	48308200	U	U	U	U
chr22	48308400	48308600	U	U	U	U
chr22	48309400	48309600	U	U	U	U
chr22	48309600	48309800	U	U	U	U
chr22	48312400	48312600	U	U	U	U
chr22	48313000	48313200	U	U	U	U
chr22	48313200	48313400	U	U	U	U
chr22	48313600	48313800	U	U	U	U
chr22	48316600	48316800	U	U	U	U
chr22	48318800	48319000	U	U	U	U
chr22	48320000	48320200	U	U	U	U
chr22	48320800	48321000	U	U	U	U
chr22	48324200	48324400	U	U	U	U
chr22	48327600	48327800	U	U	U	U
chr22	48330200	48330400	U	U	U	U
chr22	48330400	48330600	U	U	U	U
chr22	48331200	48331400	U	U	U	U
chr22	48331400	48331600	U	U	U	U
chr22	48333000	48333200	U	U	U	U
chr22	48333200	48333400	U	U	U	U
chr22	48333400	48333600	U	U	U	U
chr22	48333600	48333800	U	U	U	U
chr22	48334000	48334200	U	U	U	U
chr22	48335400	48335600	U	U	U	U
chr22	48339600	48339800	U	U	U	U
chr22	48340600	48340800	U	U	U	U
chr22	48351600	48351800	U	U	U	U
chr22	48354200	48354400	U	U	U	U
chr22	48354400	48354600	U	U	U	U
chr22	48358200	48358400	U	U	U	U
chr22	48366600	48366800	U	U	U	U
chr22	48367800	48368000	U	U	U	U
chr22	48370000	48370200	U	U	U	U
chr22	48373000	48373200	U	U	U	U
chr22	48375200	48375400	U	U	U	U
chr22	48377000	48377200	U	U	U	U
chr22	48379400	48379600	U	U	U	U
chr22	48379800	48380000	U	U	U	U
chr22	48380000	48380200	U	U	U	U
chr22	48382000	48382200	U	U	U	U
chr22	48382200	48382400	U	U	U	U
chr22	48391000	48391200	U	U	U	U
chr22	48394600	48394800	U	U	U	U
chr22	48394800	48395000	U	U	U	U
chr22	48395200	48395400	U	U	U	U
chr22	48396200	48396400	U	U	U	U
chr22	48397600	48397800	U	U	U	U
chr22	48400800	48401000	U	U	U	U
chr22	48405000	48405200	U	U	U	U
chr22	48416000	48416200	U	U	U	U
chr22	48417600	48417800	U	U	U	U
chr22	48419400	48419600	U	U	U	U
chr22	48423600	48423800	U	U	U	U
chr22	48424200	48424400	U	U	U	U
chr22	48424800	48425000	U	U	U	U
chr22	48425800	48426000	U	U	U	U
chr22	48430800	48431000	U	U	U	U
chr22	48432200	48432400	U	U	U	U
chr22	48434800	48435000	U	U	U	U
chr22	48435600	48435800	U	U	U	U
chr22	48437800	48438000	U	U	U	U
chr22	48438800	48439000	U	U	U	U
chr22	48440400	48440600	U	U	U	U
chr22	48441200	48441400	U	U	U	U
chr22	48444200	48444400	U	U	U	U
chr22	48444800	48445000	U	U	U	U
chr22	48445000	48445200	U	U	U	U
chr22	48446200	48446400	U	U	U	U
chr22	48449400	48449600	U	U	U	U
chr22	48450200	48450400	U	U	U	U
chr22	48452600	48452800	U	U	U	U
chr22	48453800	48454000	U	U	U	U
chr22	48454200	48454400	U	U	U	U
chr22	48474000	48474200	U	U	U	U
chr22	48475800	48476000	U	U	U	U
chr22	48477200	48477400	U	U	U	U
chr22	48477600	48477800	U	U	U	U
chr22	48478200	48478400	U	U	U	U
chr22	48486400	48486600	U	U	U	U
chr22	48488200	48488400	U	U	U	U
chr22	48488600	48488800	U	U	U	U
chr22	48490600	48490800	U	U	U	U
chr22	48492000	48492200	U	U	U	U
chr22	48493400	48493600	U	U	U	U
chr22	48495000	48495200	U	U	U	U
chr22	48499200	48499400	U	U	U	U
chr22	48499600	48499800	U	U	U	U
chr22	48503400	48503600	U	U	U	U
chr22	48504200	48504400	U	U	U	U
chr22	48511400	48511600	U	U	U	U
chr22	48514400	48514600	U	U	U	U
chr22	48518600	48518800	U	U	U	U
chr22	48521200	48521400	U	U	U	U
chr22	48521800	48522000	U	U	U	U
chr22	48522800	48523000	U	U	U	U
chr22	48523400	48523600	U	U	U	U
chr22	48524400	48524600	U	U	U	U
chr22	48526000	48526200	U	U	U	U
chr22	48527400	48527600	U	U	U	U
chr22	48527800	48528000	U	U	U	U
chr22	48528600	48528800	U	U	U	U
chr22	48530200	48530400	U	U	U	U
chr22	48531200	48531400	U	U	U	U
chr22	48531400	48531600	U	U	U	U
chr22	48531800	48532000	U	U	U	U
chr22	48532600	48532800	U	U	U	U
chr22	48533600	48533800	U	U	U	U
chr22	48534400	48534600	U	U	U	U
chr22	48534600	48534800	U	U	U	U
chr22	48536800	48537000	U	U	U	U
chr22	48537200	48537400	U	U	U	U
chr22	48537600	48537800	U	U	U	U
chr22	48539600	48539800	U	U	U	U
chr22	48539800	48540000	U	U	U	U
chr22	48543200	48543400	U	U	U	U
chr22	48548000	48548200	U	U	U	U
chr22	48549400	48549600	U	U	U	U
chr22	48551600	48551800	U	U	U	U
chr22	48553600	48553800	U	U	U	U
chr22	48560200	48560400	U	U	U	U
chr22	48561200	48561400	U	U	U	U
chr22	48562600	48562800	U	U	U	U
chr22	48566800	48567000	U	U	U	U
chr22	48567800	48568000	U	U	U	U
chr22	48569800	48570000	U	U	U	U
chr22	48570600	48570800	U	U	U	U
chr22	48575400	48575600	U	U	U	U
chr22	48580200	48580400	U	U	U	U
chr22	48580400	48580600	U	U	U	U
chr22	48580600	48580800	U	U	U	U
chr22	48587000	48587200	U	U	U	U
chr22	48588400	48588600	U	U	U	U
chr22	48594200	48594400	U	U	U	U
chr22	48595400	48595600	U	U	U	U
chr22	48602200	48602400	U	U	U	U
chr22	48602800	48603000	U	U	U	U
chr22	48603200	48603400	U	U	U	U
chr22	48608400	48608600	U	U	U	U
chr22	48610200	48610400	U	U	U	U
chr22	48611600	48611800	U	U	U	U
chr22	48613400	48613600	U	U	U	U
chr22	48616200	48616400	U	U	U	U
chr22	48616600	48616800	U	U	U	U
chr22	48618200	48618400	U	U	U	U
chr22	48619800	48620000	U	U	U	U
chr22	48627200	48627400	U	U	U	U
chr22	48630400	48630600	U	U	U	U
chr22	48631200	48631400	U	U	U	U
chr22	48631400	48631600	U	U	U	U
chr22	48632400	48632600	U	U	U	U
chr22	48633200	48633400	U	U	U	U
chr22	48635000	48635200	U	U	U	U
chr22	48636000	48636200	U	U	U	U
chr22	48636200	48636400	U	U	U	U
chr22	48636800	48637000	U	U	U	U
chr22	48637800	48638000	U	U	U	U
chr22	48640000	48640200	U	U	U	U
chr22	48640200	48640400	U	U	U	U
chr22	48641800	48642000	U	U	U	U
chr22	48643800	48644000	U	U	U	U
chr22	48645400	48645600	U	U	U	U
chr22	48647200	48647400	U	U	U	U
chr22	48649600	48649800	U	U	U	U
chr22	48651400	48651600	U	U	U	U
chr22	48653000	48653200	U	U	U	U
chr22	48653400	48653600	U	U	U	U
chr22	48653800	48654000	U	U	U	U
chr22	48654000	48654200	U	U	U	U
chr22	48654400	48654600	U	U	U	U
chr22	48654800	48655000	U	U	U	U
chr22	48658200	48658400	U	U	U	U
chr22	48659400	48659600	U	U	U	U
chr22	48661400	48661600	U	U	U	U
chr22	48661600	48661800	U	U	U	U
chr22	48662800	48663000	U	U	U	U
chr22	48664400	48664600	U	U	U	U
chr22	48667000	48667200	U	U	U	U
chr22	48671000	48671200	U	U	U	U
chr22	48674600	48674800	U	U	U	U
chr22	48675800	48676000	U	U	U	U
chr22	48676200	48676400	U	U	U	U
chr22	48676400	48676600	U	U	U	U
chr22	48677200	48677400	U	U	U	U
chr22	48677600	48677800	U	U	U	U
chr22	48680200	48680400	U	U	U	U
chr22	48680600	48680800	U	U	U	U
chr22	48684200	48684400	U	U	U	U
chr22	48687600	48687800	U	U	U	U
chr22	48690600	48690800	U	U	U	U
chr22	48690800	48691000	U	U	U	U
chr22	48691800	48692000	U	U	U	U
chr22	48692800	48693000	U	U	U	U
chr22	48693000	48693200	U	U	U	U
chr22	48693800	48694000	U	U	U	U
chr22	48695400	48695600	U	U	U	U
chr22	48695600	48695800	U	U	U	U
chr22	48695800	48696000	U	U	U	U
chr22	48697000	48697200	U	U	U	U
chr22	48698600	48698800	U	U	U	U
chr22	48699600	48699800	U	U	U	U
chr22	48700400	48700600	U	U	U	U
chr22	48702600	48702800	U	U	U	U
chr22	48702800	48703000	U	U	U	U
chr22	48705800	48706000	U	U	U	U
chr22	48706800	48707000	U	U	U	U
chr22	48709200	48709400	U	U	U	U
chr22	48709600	48709800	U	U	U	U
chr22	48711000	48711200	U	U	U	U
chr22	48711400	48711600	U	U	U	U
chr22	48713200	48713400	U	U	U	U
chr22	48713600	48713800	U	U	U	U
chr22	48718200	48718400	U	U	U	U
chr22	48720600	48720800	U	U	U	U
chr22	48724400	48724600	U	U	U	U
chr22	48724800	48725000	U	U	U	U
chr22	48725000	48725200	U	U	U	U
chr22	48727200	48727400	U	U	U	U
chr22	48727800	48728000	U	U	U	U
chr22	48728000	48728200	U	U	U	U
chr22	48737000	48737200	U	U	U	U
chr22	48737400	48737600	U	U	U	U
chr22	48738800	48739000	U	U	U	U
chr22	48739600	48739800	U	U	U	U
chr22	48740600	48740800	U	U	U	U
chr22	48745800	48746000	U	U	U	U
chr22	48747000	48747200	U	U	U	U
chr22	48748200	48748400	U	U	U	U
chr22	48751400	48751600	U	U	U	U
chr22	48751600	48751800	U	U	U	U
chr22	48753000	48753200	U	U	U	U
chr22	48755200	48755400	U	U	U	U
chr22	48756400	48756600	U	U	U	U
chr22	48758800	48759000	U	U	U	U
chr22	48759000	48759200	U	U	U	U
chr22	48760400	48760600	U	U	U	U
chr22	48772400	48772600	U	U	U	U
chr22	48779200	48779400	U	U	U	U
chr22	48780800	48781000	U	U	U	U
chr22	48783800	48784000	U	U	U	U
chr22	48795000	48795200	U	U	U	U
chr22	48802400	48802600	U	U	U	U
chr22	48802600	48802800	U	U	U	U
chr22	48804400	48804600	U	U	U	U
chr22	48806600	48806800	U	U	U	U
chr22	48807400	48807600	U	U	U	U
chr22	48819400	48819600	U	U	U	U
chr22	48824000	48824200	U	U	U	U
chr22	48826400	48826600	U	U	U	U
chr22	48828000	48828200	U	U	U	U
chr22	48828200	48828400	U	U	U	U
chr22	48838200	48838400	U	U	U	U
chr22	48842200	48842400	U	U	U	U
chr22	48842400	48842600	U	U	U	U
chr22	48842600	48842800	U	U	U	U
chr22	48843000	48843200	U	U	U	U
chr22	48843800	48844000	U	U	U	U
chr22	48844200	48844400	U	U	U	U
chr22	48844400	48844600	U	U	U	U
chr22	48845000	48845200	U	U	U	U
chr22	48845800	48846000	U	U	U	U
chr22	48852800	48853000	U	U	U	U
chr22	48853800	48854000	U	U	U	U
chr22	48855800	48856000	U	U	U	U
chr22	48859800	48860000	U	U	U	U
chr22	48871000	48871200	U	U	U	U
chr22	48871200	48871400	U	U	U	U
chr22	48873000	48873200	U	U	U	U
chr22	48873200	48873400	U	U	U	U
chr22	48883000	48883200	U	U	U	U
chr22	48884800	48885000	U	U	U	U
chr22	48885600	48885800	U	U	U	U
chr22	48886000	48886200	U	U	U	U
chr22	48888800	48889000	U	U	U	U
chr22	48894200	48894400	U	U	U	U
chr22	48895000	48895200	U	U	U	U
chr22	48896800	48897000	U	U	U	U
chr22	48897000	48897200	U	U	U	U
chr22	48898000	48898200	U	U	U	U
chr22	48898200	48898400	U	U	U	U
chr22	48903000	48903200	U	U	U	U
chr22	48904600	48904800	U	U	U	U
chr22	48905400	48905600	U	U	U	U
chr22	48905600	48905800	U	U	U	U
chr22	48905800	48906000	U	U	U	U
chr22	48906200	48906400	U	U	U	U
chr22	48919400	48919600	U	U	U	U
chr22	48920000	48920200	U	U	U	U
chr22	48920200	48920400	U	U	U	U
chr22	48920600	48920800	U	U	U	U
chr22	48921000	48921200	U	U	U	U
chr22	48936600	48936800	U	U	U	U
chr22	48937400	48937600	U	U	U	U
chr22	48939800	48940000	U	U	U	U
chr22	48941200	48941400	U	U	U	U
chr22	48945400	48945600	U	U	U	U
chr22	48947800	48948000	U	U	U	U
chr22	48948000	48948200	U	U	U	U
chr22	48948400	48948600	U	U	U	U
chr22	48950600	48950800	U	U	U	U
chr22	48952200	48952400	U	U	U	U
chr22	48952800	48953000	U	U	U	U
chr22	48955000	48955200	U	U	U	U
chr22	48956000	48956200	U	U	U	U
chr22	48959200	48959400	U	U	U	U
chr22	48974800	48975000	U	U	U	U
chr22	48976000	48976200	U	U	U	U
chr22	48981000	48981200	U	U	U	U
chr22	48993400	48993600	U	U	U	U
chr22	49003800	49004000	U	U	U	U
chr22	49004600	49004800	U	U	U	U
chr22	49004800	49005000	U	U	U	U
chr22	49007000	49007200	U	U	U	U
chr22	49007200	49007400	U	U	U	U
chr22	49010400	49010600	U	U	U	U
chr22	49011200	49011400	U	U	U	U
chr22	49011400	49011600	U	U	U	U
chr22	49012600	49012800	U	U	U	U
chr22	49018400	49018600	U	U	U	U
chr22	49021600	49021800	U	U	U	U
chr22	49023000	49023200	U	U	U	U
chr22	49023800	49024000	U	U	U	U
chr22	49024600	49024800	U	U	U	U
chr22	49025600	49025800	U	U	U	U
chr22	49027000	49027200	U	U	U	U
chr22	49031000	49031200	U	U	U	U
chr22	49032800	49033000	U	U	U	U
chr22	49033600	49033800	U	U	U	U
chr22	49034000	49034200	U	U	U	U
chr22	49036400	49036600	U	U	U	U
chr22	49036600	49036800	U	U	U	U
chr22	49039000	49039200	U	U	U	U
chr22	49039200	49039400	U	U	U	U
chr22	49040000	49040200	U	U	U	U
chr22	49042400	49042600	U	U	U	U
chr22	49043400	49043600	U	U	U	U
chr22	49045200	49045400	U	U	U	U
chr22	49047000	49047200	U	U	U	U
chr22	49052000	49052200	B	U	U	U
chr22	49058800	49059000	U	U	U	U
chr22	49062000	49062200	U	U	U	U
chr22	49063000	49063200	U	U	U	U
chr22	49064600	49064800	U	U	U	U
chr22	49072800	49073000	U	U	U	U
chr22	49075600	49075800	U	U	U	U
chr22	49077000	49077200	U	U	U	U
chr22	49077400	49077600	U	U	U	U
chr22	49078400	49078600	U	U	U	U
chr22	49081400	49081600	U	U	U	U
chr22	49083800	49084000	U	U	U	U
chr22	49084800	49085000	U	U	U	U
chr22	49085000	49085200	U	U	U	U
chr22	49087400	49087600	U	U	U	U
chr22	49087600	49087800	U	U	U	U
chr22	49088800	49089000	U	U	U	U
chr22	49090400	49090600	U	U	U	U
chr22	49091600	49091800	U	U	U	U
chr22	49093000	49093200	U	U	U	U
chr22	49093200	49093400	U	U	U	U
chr22	49094600	49094800	U	U	U	U
chr22	49095600	49095800	U	U	U	U
chr22	49097000	49097200	U	U	U	U
chr22	49097200	49097400	U	U	U	U
chr22	49097400	49097600	U	U	U	U
chr22	49100000	49100200	U	U	U	U
chr22	49101400	49101600	U	U	U	U
chr22	49105400	49105600	U	U	U	U
chr22	49105600	49105800	U	U	U	U
chr22	49107400	49107600	U	U	U	U
chr22	49107600	49107800	U	U	U	U
chr22	49108400	49108600	U	U	U	U
chr22	49108600	49108800	U	U	U	U
chr22	49110800	49111000	U	U	U	U
chr22	49111400	49111600	U	U	U	U
chr22	49112800	49113000	U	U	U	U
chr22	49141000	49141200	U	U	U	U
chr22	49142600	49142800	U	U	U	U
chr22	49147600	49147800	U	U	U	U
chr22	49147800	49148000	U	U	U	U
chr22	49150000	49150200	U	U	U	U
chr22	49150200	49150400	U	U	U	U
chr22	49152200	49152400	U	U	U	U
chr22	49152800	49153000	U	U	U	U
chr22	49153200	49153400	U	U	U	U
chr22	49153800	49154000	U	U	U	U
chr22	49154200	49154400	U	U	U	U
chr22	49154400	49154600	U	U	U	U
chr22	49157000	49157200	U	U	U	U
chr22	49157600	49157800	U	U	U	U
chr22	49159800	49160000	U	U	U	U
chr22	49161400	49161600	U	U	U	U
chr22	49163000	49163200	U	U	U	U
chr22	49164000	49164200	U	U	U	U
chr22	49165400	49165600	U	U	U	U
chr22	49165600	49165800	U	U	U	U
chr22	49177000	49177200	U	U	U	U
chr22	49178000	49178200	U	U	U	U
chr22	49178400	49178600	U	U	U	U
chr22	49179000	49179200	U	U	U	U
chr22	49179800	49180000	U	U	U	U
chr22	49180000	49180200	U	U	U	U
chr22	49181800	49182000	U	U	U	U
chr22	49182000	49182200	U	U	U	U
chr22	49185800	49186000	U	U	U	U
chr22	49189200	49189400	U	U	U	U
chr22	49189400	49189600	U	U	U	U
chr22	49191400	49191600	U	U	U	U
chr22	49192000	49192200	U	U	U	U
chr22	49193600	49193800	U	U	U	U
chr22	49196000	49196200	U	U	U	U
chr22	49196200	49196400	U	U	U	U
chr22	49198000	49198200	U	U	U	U
chr22	49198600	49198800	U	U	U	U
chr22	49199200	49199400	U	U	U	U
chr22	49199400	49199600	U	U	U	U
chr22	49199800	49200000	U	U	U	U
chr22	49203400	49203600	U	U	U	U
chr22	49206400	49206600	U	U	U	U
chr22	49207000	49207200	U	U	U	U
chr22	49207800	49208000	U	U	U	U
chr22	49213600	49213800	U	U	U	U
chr22	49215200	49215400	U	U	U	U
chr22	49228600	49228800	U	U	U	U
chr22	49232600	49232800	U	U	U	U
chr22	49233000	49233200	U	U	U	U
chr22	49233400	49233600	U	U	U	U
chr22	49234000	49234200	U	U	U	U
chr22	49234200	49234400	U	U	U	U
chr22	49234600	49234800	U	U	U	U
chr22	49235000	49235200	U	U	U	U
chr22	49238400	49238600	U	U	U	U
chr22	49238800	49239000	U	U	U	U
chr22	49240400	49240600	U	U	U	U
chr22	49241800	49242000	U	U	U	U
chr22	49242200	49242400	U	U	U	U
chr22	49246400	49246600	U	U	U	U
chr22	49251400	49251600	U	U	U	U
chr22	49255200	49255400	U	U	U	U
chr22	49255800	49256000	U	U	U	U
chr22	49258600	49258800	U	U	U	U
chr22	49258800	49259000	U	U	U	U
chr22	49259800	49260000	U	U	U	U
chr22	49263000	49263200	U	U	U	U
chr22	49263600	49263800	U	U	U	U
chr22	49269000	49269200	U	U	U	U
chr22	49272600	49272800	U	U	U	U
chr22	49277800	49278000	U	U	U	U
chr22	49278000	49278200	U	U	U	U
chr22	49282800	49283000	U	U	U	U
chr22	49285600	49285800	U	U	U	U
chr22	49286600	49286800	U	U	U	U
chr22	49288000	49288200	U	U	U	U
chr22	49288200	49288400	U	U	U	U
chr22	49289800	49290000	U	U	U	U
chr22	49290800	49291000	U	U	U	U
chr22	49292000	49292200	U	U	U	U
chr22	49292400	49292600	U	U	U	U
chr22	49293000	49293200	U	U	U	U
chr22	49295200	49295400	U	U	U	U
chr22	49296200	49296400	U	U	U	U
chr22	49296600	49296800	U	U	U	U
chr22	49297000	49297200	U	U	U	U
chr22	49297400	49297600	U	U	U	U
chr22	49298000	49298200	U	U	U	U
chr22	49299200	49299400	U	U	U	U
chr22	49299800	49300000	U	U	U	U
chr22	49300000	49300200	U	U	U	U
chr22	49300200	49300400	U	U	U	U
chr22	49301800	49302000	U	U	U	U
chr22	49303200	49303400	U	U	U	U
chr22	49303400	49303600	U	U	U	U
chr22	49307800	49308000	U	U	U	U
chr22	49312600	49312800	U	U	U	U
chr22	49321600	49321800	U	U	U	U
chr22	49324000	49324200	U	U	U	U
chr22	49325800	49326000	U	U	U	U
chr22	49326000	49326200	U	U	U	U
chr22	49326400	49326600	U	U	U	U
chr22	49327200	49327400	U	U	U	U
chr22	49327400	49327600	U	U	U	U
chr22	49330800	49331000	U	U	U	U
chr22	49331400	49331600	U	U	U	U
chr22	49333800	49334000	U	U	U	U
chr22	49347600	49347800	U	U	U	U
chr22	49349400	49349600	U	U	U	U
chr22	49349600	49349800	U	U	U	U
chr22	49352400	49352600	U	U	U	U
chr22	49354200	49354400	U	U	U	U
chr22	49358200	49358400	U	U	U	U
chr22	49363600	49363800	U	U	U	U
chr22	49364200	49364400	U	U	U	U
chr22	49365600	49365800	U	U	U	U
chr22	49372000	49372200	U	U	U	U
chr22	49372600	49372800	B	U	B	U
chr22	49373800	49374000	U	U	U	U
chr22	49378000	49378200	U	U	U	U
chr22	49382000	49382200	U	U	U	U
chr22	49391400	49391600	U	U	U	U
chr22	49397000	49397200	U	U	U	U
chr22	49400200	49400400	U	U	U	U
chr22	49404800	49405000	U	U	U	U
chr22	49407000	49407200	U	U	U	U
chr22	49415000	49415200	U	U	U	U
chr22	49424400	49424600	U	U	U	U
chr22	49427800	49428000	U	U	U	U
chr22	49432400	49432600	U	U	U	U
chr22	49434200	49434400	U	U	U	U
chr22	49435400	49435600	U	U	U	U
chr22	49436600	49436800	U	U	U	U
chr22	49437000	49437200	U	U	U	U
chr22	49438000	49438200	U	U	U	U
chr22	49447600	49447800	U	U	U	U
chr22	49451000	49451200	U	U	U	U
chr22	49454800	49455000	U	U	U	U
chr22	49455000	49455200	U	U	U	U
chr22	49480800	49481000	U	U	U	U
chr22	49483400	49483600	U	U	U	U
chr22	49487800	49488000	U	U	U	U
chr22	49489000	49489200	U	U	U	U
chr22	49490800	49491000	U	U	U	U
chr22	49492000	49492200	U	U	U	U
chr22	49497200	49497400	U	U	U	U
chr22	49502200	49502400	U	U	U	B
chr22	49503000	49503200	U	U	U	U
chr22	49517000	49517200	U	U	U	U
chr22	49517800	49518000	U	U	U	U
chr22	49518400	49518600	U	U	U	U
chr22	49524800	49525000	U	U	U	U
chr22	49531200	49531400	U	U	U	U
chr22	49531600	49531800	U	U	U	U
chr22	49533200	49533400	U	U	U	U
chr22	49534400	49534600	U	U	U	U
chr22	49538600	49538800	U	U	U	U
chr22	49539800	49540000	U	U	U	U
chr22	49540200	49540400	U	U	U	U
chr22	49541600	49541800	U	U	U	U
chr22	49542200	49542400	U	U	U	U
chr22	49542400	49542600	U	U	U	U
chr22	49548000	49548200	U	U	U	U
chr22	49548600	49548800	U	U	U	U
chr22	49549800	49550000	U	U	U	U
chr22	49551600	49551800	U	U	U	U
chr22	49554400	49554600	U	U	U	U
chr22	49555800	49556000	U	U	U	U
chr22	49564000	49564200	U	U	U	U
chr22	49564400	49564600	U	U	U	U
chr22	49565800	49566000	U	U	U	U
chr22	49570000	49570200	U	U	U	U
chr22	49573200	49573400	U	U	U	U
chr22	49574600	49574800	U	U	U	U
chr22	49576200	49576400	U	U	U	U
chr22	49581200	49581400	U	U	U	U
chr22	49582400	49582600	U	U	U	U
chr22	49582800	49583000	U	U	U	U
chr22	49583000	49583200	U	U	U	U
chr22	49583800	49584000	U	U	U	U
chr22	49584400	49584600	U	U	U	U
chr22	49584600	49584800	U	U	U	U
chr22	49586000	49586200	U	U	U	U
chr22	49587800	49588000	U	U	U	U
chr22	49588400	49588600	U	U	U	U
chr22	49589000	49589200	U	U	U	U
chr22	49590400	49590600	U	U	U	U
chr22	49593800	49594000	U	U	U	U
chr22	49594800	49595000	U	U	U	U
chr22	49600800	49601000	U	U	U	U
chr22	49601000	49601200	U	U	U	U
chr22	49601800	49602000	U	U	U	U
chr22	49614000	49614200	U	U	U	U
chr22	49614400	49614600	U	U	U	U
chr22	49615400	49615600	U	U	U	U
chr22	49616200	49616400	U	U	U	U
chr22	49617000	49617200	U	U	U	U
chr22	49618000	49618200	U	U	U	U
chr22	49618600	49618800	U	U	U	U
chr22	49619400	49619600	U	U	U	U
chr22	49621000	49621200	U	U	U	U
chr22	49622000	49622200	U	U	U	U
chr22	49622600	49622800	U	U	U	U
chr22	49623800	49624000	U	U	U	U
chr22	49624800	49625000	U	U	U	U
chr22	49626800	49627000	U	U	U	U
chr22	49628200	49628400	U	U	U	U
chr22	49632400	49632600	U	U	U	U
chr22	49632600	49632800	U	U	U	U
chr22	49636800	49637000	U	U	U	U
chr22	49637200	49637400	U	U	U	U
chr22	49638400	49638600	U	U	U	U
chr22	49639000	49639200	U	U	U	U
chr22	49639800	49640000	U	U	U	U
chr22	49640400	49640600	U	U	U	U
chr22	49642400	49642600	U	U	U	U
chr22	49644000	49644200	U	U	U	U
chr22	49646600	49646800	U	U	U	U
chr22	49647000	49647200	U	U	U	U
chr22	49650200	49650400	U	U	U	U
chr22	49650400	49650600	U	U	U	U
chr22	49656200	49656400	U	U	U	U
chr22	49659200	49659400	U	U	U	U
chr22	49660400	49660600	U	U	U	U
chr22	49664400	49664600	U	U	U	U
chr22	49672000	49672200	U	U	U	U
chr22	49676800	49677000	U	U	U	U
chr22	49686200	49686400	U	U	U	U
chr22	49687000	49687200	U	U	U	U
chr22	49689200	49689400	U	U	U	U
chr22	49689600	49689800	U	U	U	U
chr22	49694000	49694200	U	U	U	U
chr22	49700200	49700400	U	U	U	U
chr22	49702400	49702600	U	U	U	U
chr22	49709200	49709400	U	U	U	U
chr22	49710400	49710600	U	U	U	U
chr22	49726600	49726800	U	U	U	U
chr22	49727600	49727800	U	U	U	U
chr22	49728200	49728400	U	U	U	U
chr22	49735000	49735200	U	U	U	U
chr22	49737200	49737400	U	U	U	U
chr22	49737400	49737600	U	U	U	U
chr22	49748600	49748800	U	U	U	U
chr22	49750000	49750200	U	U	U	U
chr22	49753400	49753600	U	U	U	U
chr22	49754600	49754800	U	U	U	U
chr22	49755000	49755200	U	U	U	U
chr22	49756800	49757000	U	U	U	U
chr22	49764000	49764200	U	U	U	U
chr22	49769400	49769600	U	U	U	U
chr22	49770800	49771000	U	U	U	U
chr22	49773000	49773200	U	U	U	U
chr22	49773600	49773800	U	U	U	U
chr22	49777000	49777200	U	U	U	U
chr22	49781600	49781800	U	U	U	U
chr22	49783400	49783600	U	U	U	U
chr22	49783600	49783800	U	U	U	U
chr22	49784600	49784800	U	U	U	U
chr22	49785400	49785600	U	U	U	U
chr22	49786200	49786400	B	U	U	U
chr22	49787800	49788000	U	U	U	U
chr22	49788400	49788600	U	U	U	U
chr22	49789600	49789800	U	U	U	U
chr22	49792200	49792400	U	U	U	U
chr22	49792600	49792800	U	U	U	U
chr22	49792800	49793000	U	U	U	U
chr22	49797200	49797400	U	U	U	U
chr22	49797800	49798000	U	U	U	U
chr22	49799400	49799600	U	U	U	U
chr22	49800800	49801000	U	U	U	U
chr22	49814400	49814600	U	U	U	U
chr22	49814600	49814800	U	U	U	U
chr22	49816400	49816600	U	U	U	U
chr22	49817600	49817800	U	U	U	U
chr22	49818200	49818400	U	U	U	U
chr22	49821200	49821400	U	U	U	U
chr22	49821400	49821600	U	U	U	U
chr22	49822800	49823000	U	U	U	U
chr22	49823400	49823600	U	U	U	U
chr22	49823600	49823800	U	U	U	U
chr22	49823800	49824000	U	U	U	U
chr22	49824800	49825000	U	U	U	U
chr22	49825200	49825400	U	U	U	U
chr22	49825400	49825600	U	U	U	U
chr22	49826000	49826200	B	U	U	U
chr22	49826200	49826400	B	U	U	U
chr22	49827400	49827600	B	U	U	U
chr22	49829200	49829400	U	U	U	U
chr22	49848000	49848200	U	U	U	U
chr22	49849800	49850000	U	U	U	U
chr22	49850200	49850400	U	U	U	U
chr22	49851400	49851600	U	U	U	U
chr22	49851600	49851800	U	U	U	U
chr22	49853000	49853200	B	U	U	U
chr22	49854600	49854800	U	U	U	U
chr22	49855200	49855400	U	U	U	U
chr22	49855600	49855800	U	U	U	U
chr22	49856000	49856200	U	U	U	U
chr22	49856400	49856600	U	U	U	U
chr22	49883000	49883200	U	U	U	U
chr22	49883800	49884000	U	U	U	U
chr22	49884000	49884200	U	U	U	U
chr22	49886400	49886600	U	U	U	U
chr22	49886800	49887000	U	U	U	U
chr22	49887200	49887400	U	U	U	U
chr22	49888400	49888600	U	U	U	U
chr22	49896400	49896600	U	U	U	U
chr22	49903600	49903800	U	U	U	U
chr22	49909000	49909200	U	U	U	U
chr22	49910600	49910800	U	U	U	U
chr22	49913200	49913400	U	U	U	U
chr22	49919600	49919800	U	U	U	U
chr22	49920400	49920600	U	U	U	U
chr22	49922200	49922400	U	U	U	U
chr22	49923200	49923400	U	U	U	U
chr22	49924600	49924800	U	U	U	U
chr22	49928600	49928800	U	U	U	U
chr22	49929200	49929400	U	U	U	U
chr22	49938400	49938600	U	U	U	U
chr22	49941800	49942000	U	U	U	U
chr22	49944600	49944800	U	U	U	U
chr22	49948600	49948800	U	U	U	U
chr22	49949200	49949400	U	U	U	U
chr22	49950600	49950800	U	U	U	U
chr22	49953800	49954000	U	U	U	U
chr22	49955000	49955200	U	U	U	U
chr22	49955400	49955600	U	U	U	U
chr22	49955600	49955800	U	U	U	U
chr22	49955800	49956000	U	U	U	U
chr22	49958400	49958600	U	U	U	U
chr22	49962400	49962600	B	U	U	U
chr22	49963200	49963400	U	U	U	U
chr22	49963600	49963800	U	U	U	U
chr22	49964800	49965000	U	U	U	U
chr22	49965000	49965200	U	U	U	U
chr22	49965800	49966000	U	U	U	U
chr22	49967800	49968000	U	U	U	U
chr22	49968200	49968400	U	U	U	U
chr22	49968400	49968600	U	U	U	U
chr22	49970400	49970600	U	U	U	U
chr22	49971400	49971600	B	U	U	U
chr22	49972000	49972200	B	U	U	U
chr22	49983800	49984000	U	U	U	U
chr22	49994800	49995000	U	U	U	U
chr22	49995600	49995800	U	U	U	U
chr22	50001400	50001600	U	U	U	U
chr22	50005000	50005200	U	U	U	U
chr22	50006000	50006200	U	U	U	U
chr22	50006400	50006600	U	U	U	U
chr22	50012000	50012200	U	U	U	U
chr22	50014000	50014200	U	U	U	U
chr22	50014200	50014400	U	U	U	U
chr22	50015000	50015200	U	U	U	U
chr22	50015400	50015600	U	U	U	U
chr22	50015800	50016000	U	U	U	U
chr22	50016200	50016400	U	U	U	U
chr22	50016800	50017000	U	U	U	U
chr22	50017200	50017400	U	U	U	U
chr22	50017600	50017800	U	U	U	U
chr22	50034600	50034800	U	U	U	U
chr22	50047200	50047400	U	U	U	U
chr22	50059200	50059400	B	U	U	U
chr22	50059400	50059600	U	U	U	U
chr22	50062600	50062800	U	U	U	U
chr22	50064400	50064600	U	U	U	U
chr22	50070800	50071000	U	U	U	U
chr22	50074400	50074600	U	U	U	U
chr22	50077400	50077600	U	U	U	U
chr22	50080200	50080400	U	U	U	U
chr22	50081800	50082000	U	U	U	U
chr22	50084000	50084200	U	U	U	U
chr22	50084200	50084400	U	U	U	U
chr22	50084400	50084600	U	U	U	U
chr22	50085200	50085400	U	U	U	U
chr22	50087600	50087800	U	U	U	U
chr22	50090400	50090600	U	U	U	U
chr22	50092000	50092200	U	U	U	U
chr22	50093200	50093400	U	U	U	U
chr22	50095400	50095600	U	U	U	U
chr22	50103600	50103800	B	U	U	U
chr22	50107800	50108000	U	U	U	U
chr22	50115800	50116000	U	U	U	U
chr22	50117000	50117200	B	U	U	B
chr22	50117400	50117600	B	U	U	B
chr22	50120800	50121000	U	U	U	U
chr22	50126600	50126800	U	U	U	U
chr22	50127200	50127400	U	U	U	U
chr22	50127400	50127600	U	U	U	U
chr22	50129000	50129200	U	U	U	U
chr22	50134200	50134400	U	U	U	U
chr22	50147800	50148000	U	U	U	U
chr22	50152600	50152800	U	U	U	U
chr22	50152800	50153000	U	U	U	U
chr22	50153400	50153600	U	U	U	U
chr22	50161400	50161600	U	U	U	U
chr22	50162200	50162400	U	U	U	U
chr22	50162800	50163000	U	U	U	U
chr22	50165400	50165600	U	U	U	U
chr22	50169600	50169800	U	U	U	U
chr22	50169800	50170000	U	U	U	U
chr22	50171600	50171800	U	U	U	U
chr22	50178600	50178800	U	U	U	U
chr22	50182800	50183000	U	U	U	U
chr22	50183400	50183600	U	U	U	U
chr22	50186800	50187000	B	U	U	U
chr22	50189000	50189200	U	U	U	U
chr22	50190000	50190200	B	U	U	U
chr22	50193600	50193800	U	U	U	U
chr22	50193800	50194000	U	U	U	U
chr22	50194000	50194200	U	U	U	U
chr22	50197400	50197600	U	U	U	U
chr22	50199600	50199800	U	U	U	U
chr22	50200600	50200800	B	U	U	U
chr22	50201800	50202000	U	U	U	U
chr22	50205800	50206000	U	U	U	U
chr22	50206400	50206600	U	U	U	U
chr22	50209000	50209200	U	U	U	U
chr22	50210400	50210600	U	U	U	U
chr22	50218200	50218400	U	U	U	U
chr22	50221600	50221800	U	U	U	U
chr22	50222200	50222400	U	U	U	U
chr22	50224200	50224400	U	U	U	U
chr22	50227600	50227800	U	U	U	U
chr22	50236800	50237000	U	U	U	U
chr22	50237400	50237600	U	U	U	U
chr22	50244000	50244200	U	U	U	U
chr22	50249800	50250000	U	U	U	U
chr22	50251000	50251200	B	U	B	U
chr22	50251600	50251800	B	U	U	U
chr22	50253000	50253200	U	U	U	U
chr22	50254800	50255000	U	U	U	U
chr22	50255600	50255800	U	U	U	U
chr22	50256200	50256400	U	U	U	U
chr22	50259000	50259200	U	U	U	U
chr22	50259200	50259400	U	U	U	U
chr22	50264200	50264400	U	U	U	U
chr22	50264400	50264600	U	U	U	U
chr22	50265000	50265200	U	U	U	U
chr22	50266600	50266800	U	U	U	U
chr22	50270600	50270800	B	U	B	U
chr22	50270800	50271000	B	U	B	U
chr22	50275800	50276000	U	U	U	U
chr22	50276800	50277000	U	U	U	U
chr22	50277400	50277600	U	U	U	U
chr22	50279400	50279600	U	U	U	U
chr22	50282000	50282200	U	U	U	U
chr22	50283000	50283200	U	U	U	U
chr22	50284200	50284400	U	U	U	U
chr22	50286200	50286400	U	U	U	U
chr22	50286600	50286800	U	U	U	U
chr22	50287200	50287400	U	U	U	U
chr22	50287400	50287600	U	U	U	U
chr22	50287800	50288000	U	U	U	U
chr22	50289400	50289600	U	U	U	U
chr22	50290000	50290200	U	U	U	U
chr22	50290600	50290800	U	U	U	U
chr22	50293000	50293200	U	U	U	U
chr22	50295600	50295800	U	U	U	U
chr22	50296800	50297000	U	U	U	U
chr22	50300600	50300800	U	U	U	U
chr22	50301600	50301800	U	U	U	U
chr22	50302800	50303000	U	U	U	U
chr22	50305200	50305400	U	U	U	U
chr22	50307000	50307200	B	U	U	U
chr22	50307200	50307400	B	U	U	U
chr22	50307400	50307600	B	U	U	U
chr22	50308000	50308200	U	U	U	U
chr22	50309000	50309200	U	U	U	U
chr22	50314000	50314200	U	U	U	U
chr22	50316000	50316200	U	U	U	U
chr22	50316200	50316400	U	U	U	U
chr22	50320600	50320800	U	U	U	U
chr22	50325000	50325200	U	U	U	U
chr22	50347200	50347400	U	U	U	U
chr22	50360800	50361000	U	U	U	U
chr22	50362000	50362200	U	U	U	U
chr22	50363200	50363400	U	U	U	U
chr22	50363600	50363800	U	U	U	U
chr22	50371000	50371200	U	U	U	U
chr22	50389200	50389400	U	U	U	U
chr22	50393400	50393600	U	U	U	U
chr22	50406600	50406800	U	U	U	U
chr22	50415600	50415800	U	U	U	U
chr22	50423200	50423400	U	U	U	U
chr22	50431200	50431400	U	U	U	U
chr22	50431400	50431600	U	U	U	U
chr22	50435200	50435400	U	U	U	U
chr22	50435600	50435800	U	U	U	U
chr22	50437200	50437400	U	U	U	U
chr22	50438400	50438600	U	U	U	U
chr22	50438800	50439000	U	U	U	U
chr22	50440200	50440400	U	U	U	U
chr22	50440400	50440600	U	U	U	U
chr22	50445000	50445200	U	U	U	U
chr22	50445200	50445400	U	U	U	U
chr22	50445800	50446000	U	U	U	U
chr22	50446200	50446400	U	U	U	U
chr22	50454200	50454400	U	U	U	U
chr22	50456200	50456400	U	U	U	U
chr22	50457200	50457400	B	U	U	U
chr22	50458400	50458600	U	U	U	U
chr22	50459600	50459800	U	U	U	U
chr22	50460200	50460400	U	U	U	U
chr22	50460400	50460600	U	U	U	U
chr22	50460600	50460800	U	U	U	U
chr22	50462000	50462200	U	U	U	U
chr22	50465000	50465200	U	U	U	U
chr22	50468400	50468600	U	U	U	U
chr22	50468800	50469000	U	U	U	U
chr22	50471200	50471400	U	U	U	U
chr22	50475000	50475200	B	U	U	U
chr22	50481200	50481400	B	U	U	U
chr22	50481400	50481600	B	U	U	U
chr22	50482200	50482400	B	U	U	U
chr22	50483200	50483400	U	U	U	U
chr22	50484200	50484400	U	U	U	U
chr22	50484400	50484600	U	U	U	U
chr22	50484600	50484800	U	U	U	U
chr22	50487200	50487400	U	U	U	U
chr22	50487600	50487800	U	U	U	U
chr22	50487800	50488000	U	U	U	U
chr22	50497200	50497400	U	U	U	U
chr22	50503200	50503400	U	U	U	U
chr22	50505600	50505800	U	U	U	U
chr22	50507000	50507200	B	U	U	U
chr22	50507400	50507600	B	U	U	U
chr22	50514600	50514800	U	U	U	U
chr22	50516200	50516400	U	U	U	U
chr22	50517000	50517200	U	U	U	U
chr22	50518800	50519000	U	U	U	U
chr22	50521800	50522000	U	U	U	U
chr22	50522200	50522400	U	U	U	U
chr22	50522800	50523000	U	U	U	U
chr22	50523200	50523400	U	U	U	U
chr22	50527200	50527400	U	U	U	U
chr22	50528400	50528600	U	U	U	U
chr22	50529600	50529800	U	U	U	U
chr22	50530800	50531000	U	U	U	U
chr22	50531400	50531600	U	U	U	U
chr22	50532200	50532400	U	U	U	U
chr22	50541000	50541200	U	U	U	U
chr22	50545000	50545200	U	U	U	U
chr22	50546600	50546800	U	U	U	U
chr22	50547000	50547200	B	U	U	U
chr22	50548400	50548600	U	U	U	U
chr22	50551200	50551400	U	U	U	U
chr22	50561000	50561200	U	U	U	U
chr22	50568600	50568800	U	U	U	U
chr22	50570200	50570400	U	U	U	U
chr22	50571600	50571800	U	U	U	U
chr22	50573600	50573800	U	U	U	U
chr22	50574400	50574600	U	U	U	U
chr22	50574600	50574800	U	U	U	U
chr22	50575600	50575800	U	U	U	U
chr22	50577400	50577600	U	U	U	U
chr22	50578600	50578800	U	U	U	U
chr22	50579200	50579400	U	U	U	U
chr22	50580400	50580600	U	U	U	U
chr22	50582600	50582800	B	U	U	U
chr22	50583400	50583600	B	U	U	U
chr22	50594000	50594200	U	U	U	U
chr22	50596800	50597000	U	U	U	U
chr22	50597200	50597400	U	U	U	U
chr22	50601600	50601800	U	U	U	U
chr22	50604000	50604200	U	U	U	U
chr22	50604400	50604600	U	U	U	U
chr22	50607000	50607200	U	U	U	U
chr22	50609800	50610000	U	U	U	U
chr22	50610000	50610200	U	U	U	U
chr22	50611200	50611400	U	U	U	U
chr22	50626600	50626800	U	U	U	U
chr22	50626800	50627000	U	U	U	U
chr22	50627400	50627600	B	U	U	U
chr22	50642400	50642600	B	U	U	U
chr22	50655600	50655800	U	U	U	U
chr22	50673400	50673600	U	U	U	U
chr22	50674600	50674800	U	U	U	U
chr22	50677200	50677400	U	U	U	U
chr22	50678000	50678200	U	U	U	U
chr22	50678200	50678400	U	U	U	U
chr22	50678400	50678600	U	U	U	U
chr22	50683400	50683600	U	U	U	U
chr22	50684000	50684200	U	U	U	U
chr22	50684600	50684800	U	U	U	U
chr22	50687000	50687200	U	U	U	U
chr22	50687200	50687400	U	U	U	U
chr22	50688000	50688200	U	U	U	U
chr22	50694400	50694600	U	U	U	U
chr22	50698400	50698600	U	U	U	U
chr22	50705400	50705600	B	U	U	U
chr22	50709600	50709800	U	U	U	U
chr22	50710200	50710400	U	U	U	U
chr22	50710400	50710600	U	U	U	U
chr22	50710600	50710800	U	U	U	U
chr22	50714000	50714200	U	U	U	U
chr22	50714800	50715000	U	U	U	U
chr22	50718000	50718200	U	U	U	U
chr22	50719400	50719600	U	U	U	U
chr22	50720400	50720600	U	U	U	U
chr22	50720600	50720800	U	U	U	U
chr22	50721400	50721600	U	U	U	U
chr22	50722000	50722200	U	U	U	U
chr22	50722200	50722400	U	U	U	U
chr22	50722600	50722800	U	U	U	U
chr22	50725400	50725600	U	U	U	U
chr22	50726200	50726400	U	U	U	U
chr22	50727600	50727800	U	U	U	U
chr22	50727800	50728000	U	U	U	U
chr22	50728400	50728600	U	U	U	U
chr22	50728600	50728800	U	U	U	U
chr22	50729400	50729600	U	U	U	U
chr22	50733400	50733600	U	U	U	U
chr22	50734200	50734400	U	U	U	U
chr22	50735800	50736000	U	U	U	U
chr22	50736800	50737000	U	U	U	U
chr22	50737400	50737600	U	U	U	U
chr22	50738400	50738600	U	U	U	U
chr22	50738600	50738800	U	U	U	U
chr22	50739000	50739200	U	U	U	U
chr22	50740600	50740800	U	U	U	U
chr22	50742800	50743000	U	U	U	U
chr22	50743400	50743600	U	U	U	U
chr22	50743600	50743800	U	U	U	U
chr22	50744200	50744400	U	U	U	U
chr22	50745400	50745600	U	U	U	U
chr22	50747200	50747400	U	U	U	U
chr22	50755000	50755200	U	U	U	U
chr22	50755200	50755400	U	U	U	U
chr22	50767200	50767400	U	U	U	U
chr22	50767400	50767600	U	U	U	U
chr22	50769000	50769200	U	U	U	U
chr22	50776200	50776400	U	U	U	U
chr22	50776400	50776600	U	U	U	U
chr22	50777000	50777200	U	U	U	U
chr22	50779400	50779600	U	U	U	U
chr22	50780000	50780200	U	U	U	U
chr22	50781800	50782000	U	U	U	U
chr22	50782800	50783000	B	U	U	U
chr22	50783400	50783600	B	U	U	U
chr22	50788200	50788400	U	U	U	U
chr22	50803800	50804000	U	U	U	U
