chr	start	end	ATAC	CTCF	REST	EP300
chr22	16718200	16718400	B	B	U	U
chr22	16920000	16920200	U	B	U	U
chr22	16920200	16920400	U	B	U	U
chr22	17119600	17119800	B	B	B	U
chr22	17171600	17171800	B	B	B	U
chr22	17171800	17172000	B	B	U	U
chr22	17268600	17268800	B	B	U	U
chr22	17367000	17367200	B	B	U	U
chr22	17501600	17501800	B	B	B	U
chr22	17638800	17639000	B	B	U	U
chr22	17785200	17785400	B	B	B	U
chr22	17830200	17830400	B	B	B	U
chr22	18078800	18079000	U	B	U	U
chr22	19023000	19023200	U	B	U	U
chr22	19037200	19037400	B	B	B	U
chr22	19121400	19121600	B	B	U	U
chr22	19121600	19121800	B	B	U	U
chr22	19122200	19122400	B	B	U	U
chr22	19144600	19144800	B	B	U	B
chr22	19218000	19218200	B	B	B	B
chr22	19270800	19271000	B	B	U	U
chr22	19291200	19291400	B	B	B	U
chr22	19479400	19479600	B	B	U	B
chr22	19554800	19555000	B	B	U	U
chr22	19579200	19579400	U	B	U	U
chr22	19630000	19630200	B	B	B	B
chr22	19644400	19644600	B	B	U	U
chr22	19645400	19645600	U	B	U	U
chr22	19662000	19662200	B	B	U	U
chr22	19705200	19705400	U	B	U	U
chr22	19718000	19718200	B	B	U	B
chr22	19730600	19730800	B	B	U	U
chr22	19753600	19753800	U	B	B	U
chr22	19756600	19756800	B	B	B	B
chr22	19773200	19773400	B	B	U	U
chr22	19788000	19788200	B	B	U	U
chr22	19799000	19799200	B	B	U	U
chr22	19910200	19910400	B	B	B	B
chr22	19912600	19912800	B	B	U	U
chr22	19941200	19941400	B	B	U	U
chr22	19953600	19953800	B	B	B	U
chr22	19988800	19989000	B	B	U	B
chr22	20013600	20013800	B	B	U	U
chr22	20021600	20021800	B	B	U	B
chr22	20079800	20080000	B	B	U	B
chr22	20116000	20116200	B	B	U	U
chr22	20116200	20116400	B	B	U	U
chr22	20117200	20117400	B	B	U	B
chr22	20129400	20129600	B	B	B	B
chr22	20130600	20130800	B	B	U	U
chr22	20186400	20186600	B	B	B	U
chr22	20195600	20195800	U	B	U	U
chr22	20216000	20216200	B	B	U	U
chr22	20238600	20238800	B	B	B	U
chr22	20258600	20258800	B	B	B	B
chr22	20268200	20268400	B	B	B	B
chr22	20298800	20299000	B	B	U	U
chr22	20429800	20430000	B	B	U	U
chr22	20439400	20439600	B	B	U	U
chr22	20487800	20488000	B	B	U	U
chr22	20509400	20509600	B	B	U	B
chr22	20549400	20549600	U	B	U	U
chr22	20552200	20552400	U	B	U	U
chr22	20571400	20571600	B	B	B	B
chr22	20604800	20605000	B	B	U	U
chr22	20697600	20697800	U	B	B	U
chr22	20703000	20703200	B	B	U	U
chr22	20707600	20707800	U	B	U	U
chr22	20707800	20708000	U	B	U	U
chr22	20917000	20917200	B	B	U	B
chr22	20947000	20947200	U	B	U	U
chr22	20986800	20987000	U	B	U	U
chr22	20988800	20989000	B	B	U	U
chr22	21001000	21001200	B	B	U	B
chr22	21001800	21002000	B	B	U	U
chr22	21003000	21003200	U	B	U	U
chr22	21014400	21014600	B	B	U	B
chr22	21056800	21057000	B	B	B	B
chr22	21068600	21068800	U	B	B	U
chr22	21102000	21102200	U	B	U	U
chr22	21591600	21591800	U	B	U	U
chr22	21593800	21594000	B	B	U	U
chr22	21607000	21607200	B	B	U	U
chr22	21624000	21624200	B	B	U	B
chr22	21628600	21628800	B	B	U	U
chr22	21632400	21632600	B	B	U	U
chr22	21641400	21641600	B	B	U	U
chr22	21641600	21641800	B	B	U	U
chr22	21646600	21646800	B	B	U	B
chr22	21652000	21652200	B	B	U	U
chr22	21946600	21946800	B	B	U	U
chr22	21972400	21972600	B	B	B	U
chr22	22164800	22165000	B	B	U	U
chr22	22235800	22236000	B	B	B	U
chr22	22298400	22298600	B	B	B	U
chr22	22348200	22348400	B	B	U	U
chr22	22369200	22369400	U	B	U	U
chr22	22403800	22404000	B	B	U	U
chr22	22409400	22409600	B	B	U	U
chr22	22431600	22431800	B	B	B	U
chr22	22466400	22466600	U	B	U	U
chr22	22697600	22697800	B	B	U	U
chr22	22745800	22746000	B	B	B	U
chr22	22768000	22768200	B	B	U	U
chr22	23071200	23071400	U	B	U	U
chr22	23075600	23075800	U	B	U	U
chr22	23078200	23078400	U	B	U	U
chr22	23156400	23156600	B	B	U	U
chr22	23275600	23275800	U	B	U	U
chr22	23290000	23290200	B	B	U	U
chr22	24189800	24190000	B	B	B	U
chr22	24407000	24407200	B	B	U	U
chr22	24525600	24525800	B	B	U	U
chr22	24772600	24772800	U	B	B	U
chr22	25028800	25029000	B	B	B	U
chr22	25060800	25061000	U	B	U	U
chr22	25110800	25111000	B	B	U	U
chr22	25111000	25111200	B	B	U	U
chr22	25427000	25427200	U	B	U	U
chr22	25462600	25462800	B	B	B	U
chr22	25544200	25544400	U	B	U	U
chr22	26259600	26259800	U	B	B	U
chr22	26331000	26331200	B	B	B	U
chr22	26756800	26757000	B	B	B	U
chr22	27603600	27603800	U	B	B	U
chr22	27804800	27805000	B	B	B	U
chr22	27937400	27937600	U	B	U	U
chr22	28009400	28009600	B	B	B	U
chr22	29195400	29195600	B	B	B	U
chr22	29206200	29206400	B	B	U	U
chr22	29307600	29307800	B	B	U	U
chr22	29313400	29313600	U	B	U	U
chr22	29395200	29395400	B	B	B	U
chr22	29427000	29427200	U	B	U	U
chr22	29427200	29427400	U	B	U	U
chr22	29470400	29470600	B	B	B	U
chr22	30089000	30089200	U	B	B	U
chr22	30287000	30287200	B	B	B	U
chr22	30532000	30532200	U	B	U	U
chr22	30626600	30626800	U	B	U	U
chr22	30634600	30634800	B	B	B	U
chr22	30667600	30667800	B	B	U	U
chr22	30754800	30755000	U	B	U	U
chr22	30890800	30891000	B	B	B	U
chr22	30947800	30948000	U	B	U	U
chr22	31085200	31085400	B	B	B	U
chr22	31231400	31231600	B	B	B	U
chr22	31490600	31490800	B	B	U	U
chr22	31496200	31496400	B	B	U	U
chr22	31556800	31557000	B	B	U	U
chr22	31970200	31970400	B	B	B	U
chr22	31970600	31970800	B	B	U	U
chr22	31970800	31971000	B	B	U	U
chr22	32266200	32266400	B	B	U	U
chr22	32378800	32379000	B	B	B	U
chr22	32413800	32414000	U	B	U	U
chr22	32794800	32795000	U	B	U	U
chr22	33203200	33203400	U	B	B	U
chr22	33210200	33210400	B	B	U	U
chr22	34804600	34804800	U	B	U	U
chr22	34804800	34805000	U	B	U	U
chr22	34842600	34842800	U	B	U	U
chr22	35150600	35150800	B	B	B	U
chr22	35155400	35155600	B	B	U	U
chr22	35619600	35619800	U	B	U	U
chr22	35761200	35761400	U	B	U	U
chr22	35921800	35922000	B	B	B	U
chr22	36066200	36066400	B	B	B	U
chr22	36286400	36286600	B	B	B	U
chr22	36286600	36286800	B	B	B	U
chr22	36301400	36301600	B	B	B	U
chr22	36314200	36314400	U	B	U	U
chr22	36334200	36334400	B	B	B	U
chr22	36454800	36455000	B	B	B	U
chr22	36570200	36570400	B	B	U	U
chr22	36929400	36929600	U	B	U	U
chr22	36978200	36978400	B	B	B	U
chr22	36991400	36991600	U	B	U	U
chr22	37044000	37044200	B	B	B	U
chr22	37046200	37046400	U	B	U	U
chr22	37126800	37127000	U	B	U	U
chr22	37200800	37201000	U	B	U	U
chr22	37259600	37259800	B	B	U	U
chr22	37316800	37317000	B	B	B	U
chr22	37331800	37332000	U	B	U	U
chr22	37567400	37567600	B	B	B	U
chr22	37965400	37965600	B	B	B	U
chr22	37983200	37983400	B	B	U	U
chr22	38043600	38043800	U	B	U	U
chr22	38052200	38052400	B	B	B	U
chr22	38222200	38222400	U	B	U	U
chr22	38298400	38298600	B	B	B	U
chr22	38298600	38298800	B	B	B	U
chr22	38461600	38461800	B	B	U	U
chr22	38468400	38468600	B	B	U	U
chr22	38927400	38927600	U	B	U	U
chr22	38965600	38965800	B	B	U	U
chr22	38973600	38973800	B	B	U	U
chr22	39014000	39014200	B	B	B	B
chr22	39014200	39014400	B	B	B	U
chr22	39212800	39213000	B	B	U	U
chr22	39446400	39446600	B	B	U	U
chr22	39514600	39514800	U	B	B	U
chr22	39519600	39519800	B	B	U	U
chr22	39529400	39529600	B	B	B	B
chr22	40024800	40025000	B	B	B	U
chr22	40156000	40156200	B	B	B	B
chr22	40193800	40194000	U	B	U	U
chr22	40437000	40437200	B	B	B	U
chr22	40683200	40683400	B	B	B	B
chr22	40819000	40819200	B	B	U	U
chr22	40922800	40923000	U	B	B	U
chr22	41022400	41022600	B	B	B	U
chr22	41301600	41301800	B	B	U	U
chr22	41533200	41533400	B	B	B	U
chr22	41597400	41597600	B	B	B	U
chr22	41763200	41763400	B	B	U	U
chr22	41822800	41823000	B	B	B	U
chr22	41857800	41858000	B	B	B	U
chr22	42169200	42169400	B	B	B	U
chr22	42278400	42278600	U	B	B	U
chr22	42444400	42444600	B	B	B	B
chr22	42615000	42615200	B	B	U	B
chr22	42632000	42632200	U	B	U	U
chr22	42794800	42795000	U	B	U	U
chr22	42903200	42903400	U	B	U	U
chr22	43187600	43187800	B	B	U	U
chr22	43197200	43197400	U	B	U	U
chr22	43388400	43388600	B	B	B	U
chr22	43537200	43537400	U	B	U	U
chr22	43592600	43592800	U	B	U	U
chr22	43885200	43885400	B	B	U	U
chr22	43946600	43946800	B	B	U	U
chr22	43993400	43993600	B	B	B	U
chr22	44669600	44669800	B	B	U	U
chr22	44735800	44736000	B	B	B	U
chr22	45192600	45192800	B	B	B	U
chr22	45645600	45645800	B	B	B	U
chr22	45645800	45646000	B	B	B	U
chr22	45978800	45979000	B	B	B	U
chr22	46027400	46027600	U	B	U	U
chr22	46131200	46131400	B	B	B	U
chr22	46355400	46355600	B	B	B	U
chr22	46355600	46355800	B	B	B	U
chr22	46367600	46367800	B	B	B	U
chr22	46542400	46542600	B	B	B	U
chr22	46635800	46636000	B	B	U	U
chr22	46693600	46693800	U	B	U	U
chr22	46845600	46845800	U	B	U	U
chr22	46878800	46879000	B	B	U	U
chr22	46931400	46931600	U	B	U	U
chr22	47434600	47434800	U	B	U	U
chr22	47515800	47516000	U	B	U	U
chr22	47776400	47776600	U	B	U	U
chr22	48492400	48492600	B	B	B	U
chr22	49701800	49702000	U	B	U	U
chr22	49993600	49993800	B	B	B	U
chr22	50149400	50149600	B	B	B	U
chr22	50327200	50327400	B	B	B	U
chr22	50626000	50626200	U	B	U	U
chr22	50626200	50626400	U	B	U	U
chr22	10510600	10510800	U	U	U	U
chr22	10517600	10517800	U	U	U	U
chr22	10519200	10519400	U	U	U	U
chr22	10519400	10519600	U	U	U	U
chr22	10521600	10521800	U	U	U	U
chr22	10524400	10524600	U	U	U	U
chr22	10524800	10525000	U	U	U	U
chr22	10525000	10525200	U	U	U	U
chr22	10528200	10528400	U	U	U	U
chr22	10533600	10533800	U	U	U	U
chr22	10538800	10539000	U	U	U	U
chr22	10540000	10540200	U	U	U	U
chr22	10540200	10540400	U	U	U	U
chr22	10540400	10540600	U	U	U	U
chr22	10540600	10540800	U	U	U	U
chr22	10540800	10541000	U	U	U	U
chr22	10547800	10548000	U	U	U	U
chr22	10548200	10548400	U	U	U	U
chr22	10548400	10548600	U	U	U	U
chr22	10550200	10550400	U	U	U	U
chr22	10550600	10550800	U	U	U	U
chr22	10552800	10553000	U	U	U	U
chr22	10555800	10556000	U	U	U	U
chr22	10558000	10558200	U	U	U	U
chr22	10569200	10569400	U	U	U	U
chr22	10569400	10569600	U	U	U	U
chr22	10570200	10570400	U	U	U	U
chr22	10571000	10571200	U	U	U	U
chr22	10579800	10580000	U	U	U	U
chr22	10580000	10580200	U	U	U	U
chr22	10582800	10583000	U	U	U	U
chr22	10589000	10589200	U	U	U	U
chr22	10591000	10591200	U	U	U	U
chr22	10591400	10591600	U	U	U	U
chr22	10591600	10591800	U	U	U	U
chr22	10596400	10596600	U	U	U	U
chr22	10600400	10600600	U	U	U	U
chr22	10606200	10606400	U	U	U	U
chr22	10607000	10607200	U	U	U	U
chr22	10609200	10609400	U	U	U	U
chr22	10612800	10613000	U	U	U	U
chr22	10613000	10613200	U	U	U	U
chr22	10619800	10620000	U	U	U	U
chr22	10621000	10621200	U	U	U	U
chr22	10621400	10621600	U	U	U	U
chr22	10622200	10622400	U	U	U	U
chr22	10626000	10626200	U	U	U	U
chr22	10626200	10626400	U	U	U	U
chr22	10627200	10627400	U	U	U	U
chr22	10646000	10646200	U	U	U	U
chr22	10646200	10646400	U	U	U	U
chr22	10647000	10647200	U	U	U	U
chr22	10649800	10650000	U	U	U	U
chr22	10651000	10651200	U	U	U	U
chr22	10652800	10653000	U	U	U	U
chr22	10657400	10657600	U	U	U	U
chr22	10661200	10661400	U	U	U	U
chr22	10665000	10665200	U	U	U	U
chr22	10669000	10669200	U	U	U	U
chr22	10670800	10671000	U	U	U	U
chr22	10671800	10672000	U	U	U	U
chr22	10685200	10685400	U	U	U	U
chr22	10686200	10686400	U	U	U	U
chr22	10686400	10686600	U	U	U	U
chr22	10695400	10695600	U	U	U	U
chr22	10698000	10698200	U	U	U	U
chr22	10698600	10698800	U	U	U	U
chr22	10700800	10701000	U	U	U	U
chr22	10705400	10705600	U	U	U	U
chr22	10705800	10706000	U	U	U	U
chr22	10710600	10710800	U	U	U	U
chr22	10712000	10712200	U	U	U	U
chr22	10715800	10716000	U	U	U	U
chr22	10741400	10741600	U	U	U	U
chr22	10742800	10743000	U	U	U	U
chr22	10743200	10743400	U	U	U	U
chr22	10745600	10745800	U	U	U	U
chr22	10748200	10748400	U	U	U	U
chr22	10748400	10748600	U	U	U	U
chr22	10752600	10752800	U	U	U	U
chr22	10753000	10753200	U	U	U	U
chr22	10755200	10755400	U	U	U	U
chr22	10762600	10762800	U	U	U	U
chr22	10762800	10763000	U	U	U	U
chr22	10763000	10763200	U	U	U	U
chr22	10774200	10774400	U	U	U	U
chr22	10774800	10775000	U	U	U	U
chr22	10778400	10778600	U	U	U	U
chr22	10835200	10835400	U	U	U	U
chr22	10836000	10836200	U	U	U	U
chr22	10836200	10836400	U	U	U	U
chr22	10842000	10842200	U	U	U	U
chr22	10842200	10842400	U	U	U	U
chr22	10845600	10845800	U	U	U	U
chr22	10846600	10846800	U	U	U	U
chr22	10846800	10847000	U	U	U	U
chr22	10847000	10847200	U	U	U	U
chr22	10855400	10855600	U	U	U	U
chr22	10855800	10856000	U	U	U	U
chr22	10858600	10858800	U	U	U	U
chr22	10866200	10866400	U	U	U	U
chr22	10871200	10871400	U	U	U	U
chr22	10872000	10872200	U	U	U	U
chr22	10872800	10873000	U	U	U	U
chr22	10934800	10935000	U	U	U	U
chr22	10935600	10935800	U	U	U	U
chr22	10938800	10939000	U	U	U	U
chr22	10939600	10939800	U	U	U	U
chr22	10939800	10940000	U	U	U	U
chr22	10940000	10940200	U	U	U	U
chr22	10943200	10943400	U	U	U	U
chr22	10946600	10946800	U	U	U	U
chr22	10948000	10948200	U	U	U	U
chr22	10954000	10954200	U	U	U	U
chr22	10958600	10958800	U	U	U	U
chr22	10963400	10963600	U	U	U	U
chr22	10964200	10964400	U	U	U	U
chr22	10966400	10966600	U	U	U	U
chr22	11017400	11017600	U	U	U	U
chr22	11018800	11019000	U	U	U	U
chr22	11025800	11026000	U	U	U	U
chr22	11046000	11046200	U	U	U	U
chr22	11054000	11054200	U	U	U	U
chr22	11055200	11055400	U	U	U	U
chr22	11124600	11124800	U	U	U	U
chr22	11142800	11143000	U	U	U	U
chr22	11144000	11144200	U	U	U	U
chr22	11146200	11146400	U	U	U	U
chr22	11248600	11248800	U	U	U	U
chr22	11248800	11249000	U	U	U	U
chr22	11259800	11260000	U	U	U	U
chr22	11279000	11279200	U	U	U	U
chr22	11279600	11279800	U	U	U	U
chr22	11284600	11284800	U	U	U	U
chr22	11285600	11285800	B	U	U	U
chr22	11298600	11298800	U	U	U	U
chr22	11305200	11305400	U	U	U	U
chr22	11351600	11351800	U	U	U	U
chr22	11351800	11352000	U	U	U	U
chr22	11352600	11352800	U	U	U	U
chr22	11354800	11355000	U	U	U	U
chr22	11356800	11357000	U	U	U	U
chr22	11437600	11437800	U	U	U	U
chr22	11475200	11475400	U	U	U	U
chr22	11477200	11477400	U	U	U	U
chr22	11496800	11497000	U	U	U	U
chr22	11578000	11578200	U	U	U	U
chr22	11578400	11578600	U	U	U	U
chr22	11579800	11580000	U	U	U	U
chr22	11584600	11584800	U	U	U	U
chr22	11585200	11585400	U	U	U	U
chr22	11597600	11597800	U	U	U	U
chr22	11597800	11598000	U	U	U	U
chr22	11598800	11599000	U	U	U	U
chr22	11599400	11599600	U	U	U	U
chr22	11601000	11601200	U	U	U	U
chr22	11601200	11601400	U	U	U	U
chr22	11601800	11602000	U	U	U	U
chr22	11605000	11605200	U	U	U	U
chr22	11614200	11614400	U	U	U	U
chr22	11622400	11622600	U	U	U	U
chr22	11623200	11623400	U	U	U	U
chr22	11624200	11624400	U	U	U	U
chr22	11625200	11625400	U	U	U	U
chr22	11628000	11628200	U	U	U	U
chr22	11628800	11629000	U	U	U	U
chr22	11629000	11629200	U	U	U	U
chr22	11694000	11694200	U	U	U	U
chr22	11698600	11698800	U	U	U	U
chr22	11700400	11700600	U	U	U	U
chr22	11711600	11711800	U	U	U	U
chr22	11711800	11712000	U	U	U	U
chr22	11716600	11716800	U	U	U	U
chr22	11775800	11776000	U	U	U	U
chr22	11780800	11781000	U	U	U	U
chr22	11781800	11782000	U	U	U	U
chr22	11817200	11817400	U	U	U	U
chr22	11821200	11821400	U	U	U	U
chr22	11829000	11829200	U	U	U	U
chr22	11829600	11829800	U	U	U	U
chr22	11834600	11834800	U	U	U	U
chr22	11842800	11843000	U	U	U	U
chr22	11854800	11855000	U	U	U	U
chr22	11856000	11856200	U	U	U	U
chr22	11860800	11861000	U	U	U	U
chr22	11861400	11861600	U	U	U	U
chr22	11862000	11862200	U	U	U	U
chr22	11862800	11863000	U	U	U	U
chr22	11863600	11863800	U	U	U	U
chr22	11868800	11869000	U	U	U	U
chr22	11874800	11875000	U	U	U	U
chr22	11878400	11878600	U	U	U	U
chr22	11879600	11879800	U	U	U	U
chr22	11883200	11883400	U	U	U	U
chr22	11883400	11883600	U	U	U	U
chr22	11883600	11883800	U	U	U	U
chr22	11887400	11887600	U	U	U	U
chr22	11888200	11888400	U	U	U	U
chr22	11890800	11891000	U	U	U	U
chr22	11891000	11891200	U	U	U	U
chr22	11891800	11892000	U	U	U	U
chr22	11892200	11892400	U	U	U	U
chr22	11893200	11893400	U	U	U	U
chr22	11893400	11893600	U	U	U	U
chr22	11899400	11899600	U	U	U	U
chr22	11899600	11899800	U	U	U	U
chr22	11902800	11903000	U	U	U	U
chr22	11909200	11909400	U	U	U	U
chr22	11910000	11910200	U	U	U	U
chr22	11912800	11913000	U	U	U	U
chr22	11914200	11914400	U	U	U	U
chr22	11914600	11914800	U	U	U	U
chr22	11915200	11915400	U	U	U	U
chr22	11924800	11925000	U	U	U	U
chr22	11925000	11925200	U	U	U	U
chr22	11925200	11925400	U	U	U	U
chr22	11931600	11931800	U	U	U	U
chr22	11932000	11932200	U	U	U	U
chr22	11932600	11932800	U	U	U	U
chr22	11933600	11933800	U	U	U	U
chr22	11933800	11934000	U	U	U	U
chr22	11934000	11934200	U	U	U	U
chr22	11937000	11937200	U	U	U	U
chr22	11971600	11971800	U	U	U	U
chr22	11972200	11972400	U	U	U	U
chr22	12029400	12029600	U	U	U	U
chr22	12038000	12038200	U	U	U	U
chr22	12049400	12049600	U	U	U	U
chr22	12051200	12051400	U	U	U	U
chr22	12052000	12052200	U	U	U	U
chr22	12053800	12054000	U	U	U	U
chr22	12056000	12056200	U	U	U	U
chr22	12056400	12056600	U	U	U	U
chr22	12057800	12058000	U	U	U	U
chr22	12059200	12059400	U	U	U	U
chr22	12064800	12065000	U	U	U	U
chr22	12065000	12065200	U	U	U	U
chr22	12065600	12065800	U	U	U	U
chr22	12069400	12069600	U	U	U	U
chr22	12095800	12096000	U	U	U	U
chr22	12096800	12097000	U	U	U	U
chr22	12116200	12116400	U	U	U	U
chr22	12121400	12121600	U	U	U	U
chr22	12121800	12122000	U	U	U	U
chr22	12128600	12128800	U	U	U	U
chr22	12136000	12136200	U	U	U	U
chr22	12137000	12137200	U	U	U	U
chr22	12137400	12137600	U	U	U	U
chr22	12144800	12145000	U	U	U	U
chr22	12145200	12145400	U	U	U	U
chr22	12159600	12159800	U	U	U	U
chr22	12163000	12163200	U	U	U	U
chr22	12177800	12178000	U	U	U	U
chr22	12185000	12185200	U	U	U	U
chr22	12208200	12208400	U	U	U	U
chr22	12210000	12210200	U	U	U	U
chr22	12210200	12210400	U	U	U	U
chr22	12210400	12210600	U	U	U	U
chr22	12216000	12216200	U	U	U	U
chr22	12217400	12217600	U	U	U	U
chr22	12217600	12217800	U	U	U	U
chr22	12218200	12218400	U	U	U	U
chr22	12218800	12219000	U	U	U	U
chr22	12219400	12219600	U	U	U	U
chr22	12221000	12221200	U	U	U	U
chr22	12221600	12221800	U	U	U	U
chr22	12223200	12223400	U	U	U	U
chr22	12281800	12282000	U	U	U	U
chr22	12283800	12284000	U	U	U	U
chr22	12284400	12284600	U	U	U	U
chr22	12284600	12284800	U	U	U	U
chr22	12285800	12286000	U	U	U	U
chr22	12289400	12289600	U	U	U	U
chr22	12290600	12290800	U	U	U	U
chr22	12291400	12291600	U	U	U	U
chr22	12295200	12295400	U	U	U	U
chr22	12295800	12296000	U	U	U	U
chr22	12304600	12304800	U	U	U	U
chr22	12306800	12307000	U	U	U	U
chr22	12307400	12307600	U	U	U	U
chr22	12308200	12308400	U	U	U	U
chr22	12312000	12312200	U	U	U	U
chr22	12312600	12312800	U	U	U	U
chr22	12328400	12328600	U	U	U	U
chr22	12536200	12536400	U	U	U	U
chr22	12552600	12552800	U	U	U	U
chr22	12553000	12553200	U	U	U	U
chr22	12556200	12556400	U	U	U	U
chr22	12557600	12557800	U	U	U	U
chr22	12572800	12573000	U	U	U	U
chr22	12573200	12573400	U	U	U	U
chr22	12573800	12574000	U	U	U	U
chr22	12574000	12574200	U	U	U	U
chr22	12574600	12574800	U	U	U	U
chr22	12577000	12577200	U	U	U	U
chr22	12578800	12579000	U	U	U	U
chr22	12580200	12580400	U	U	U	U
chr22	12582600	12582800	U	U	U	U
chr22	12584000	12584200	U	U	U	U
chr22	12584200	12584400	U	U	U	U
chr22	12584600	12584800	U	U	U	U
chr22	12585000	12585200	U	U	U	U
chr22	12586000	12586200	U	U	U	U
chr22	12586200	12586400	U	U	U	U
chr22	12587000	12587200	U	U	U	U
chr22	12597000	12597200	U	U	U	U
chr22	12597200	12597400	U	U	U	U
chr22	12599600	12599800	U	U	U	U
chr22	12600400	12600600	U	U	U	U
chr22	12609800	12610000	U	U	U	U
chr22	12610600	12610800	U	U	U	U
chr22	12610800	12611000	U	U	U	U
chr22	12611200	12611400	U	U	U	U
chr22	12616200	12616400	U	U	U	U
chr22	12617200	12617400	U	U	U	U
chr22	12620800	12621000	U	U	U	U
chr22	12624200	12624400	U	U	U	U
chr22	12626400	12626600	U	U	U	U
chr22	12628200	12628400	U	U	U	U
chr22	12694200	12694400	U	U	U	U
chr22	12696000	12696200	U	U	U	U
chr22	12696400	12696600	U	U	U	U
chr22	12711000	12711200	U	U	U	U
chr22	12722600	12722800	U	U	U	U
chr22	12724200	12724400	U	U	U	U
chr22	12724400	12724600	U	U	U	U
chr22	12792000	12792200	U	U	U	U
chr22	12795600	12795800	U	U	U	U
chr22	12813400	12813600	U	U	U	U
chr22	12813800	12814000	U	U	U	U
chr22	12815800	12816000	U	U	U	U
chr22	12816800	12817000	U	U	U	U
chr22	12817400	12817600	U	U	U	U
chr22	12868600	12868800	U	U	U	U
chr22	12870200	12870400	U	U	U	U
chr22	12884200	12884400	U	U	U	U
chr22	12887000	12887200	U	U	U	U
chr22	12887600	12887800	U	U	U	U
chr22	12890200	12890400	U	U	U	U
chr22	12890600	12890800	U	U	U	U
chr22	12892800	12893000	U	U	U	U
chr22	12894000	12894200	U	U	U	U
chr22	12898400	12898600	U	U	U	U
chr22	12900000	12900200	U	U	U	U
chr22	12901200	12901400	U	U	U	U
chr22	15214000	15214200	U	U	U	U
chr22	15222800	15223000	U	U	U	U
chr22	15236400	15236600	U	U	U	U
chr22	15239000	15239200	U	U	U	U
chr22	15239400	15239600	U	U	U	U
chr22	15248000	15248200	U	U	U	U
chr22	15251400	15251600	U	U	U	U
chr22	15264600	15264800	U	U	U	U
chr22	15266400	15266600	U	U	U	U
chr22	15268800	15269000	U	U	U	U
chr22	15270000	15270200	U	U	U	U
chr22	15272200	15272400	U	U	U	U
chr22	15272400	15272600	U	U	U	U
chr22	15273600	15273800	U	U	U	U
chr22	15274200	15274400	U	U	U	U
chr22	15275000	15275200	U	U	U	U
chr22	15297200	15297400	U	U	U	U
chr22	15305400	15305600	U	U	U	U
chr22	15308400	15308600	U	U	U	U
chr22	15312200	15312400	U	U	U	U
chr22	15312400	15312600	U	U	U	U
chr22	15313400	15313600	U	U	U	U
chr22	15314600	15314800	U	U	U	U
chr22	15315200	15315400	U	U	U	U
chr22	15321400	15321600	U	U	U	U
chr22	15322600	15322800	U	U	U	U
chr22	15328000	15328200	U	U	U	U
chr22	15342600	15342800	U	U	U	U
chr22	15343200	15343400	U	U	U	U
chr22	15345600	15345800	U	U	U	U
chr22	15346800	15347000	U	U	U	U
chr22	15474600	15474800	U	U	U	U
chr22	15475200	15475400	U	U	U	U
chr22	15478600	15478800	U	U	U	U
chr22	15485200	15485400	U	U	U	U
chr22	15487000	15487200	U	U	U	U
chr22	15487200	15487400	U	U	U	U
chr22	15490800	15491000	U	U	U	U
chr22	15491400	15491600	U	U	U	U
chr22	15492400	15492600	U	U	U	U
chr22	15506200	15506400	U	U	U	U
chr22	15508600	15508800	U	U	U	U
chr22	15511600	15511800	U	U	U	U
chr22	15522000	15522200	U	U	U	U
chr22	15523200	15523400	U	U	U	U
chr22	15524600	15524800	U	U	U	U
chr22	15526000	15526200	U	U	U	U
chr22	15526200	15526400	U	U	U	U
chr22	15528400	15528600	U	U	U	U
chr22	15529200	15529400	U	U	U	U
chr22	15529400	15529600	U	U	U	U
chr22	15530600	15530800	U	U	U	U
chr22	15532200	15532400	U	U	U	U
chr22	15541000	15541200	U	U	U	U
chr22	15541200	15541400	U	U	U	U
chr22	15543200	15543400	U	U	U	U
chr22	15543400	15543600	U	U	U	U
chr22	15544200	15544400	U	U	U	U
chr22	15544600	15544800	U	U	U	U
chr22	15545600	15545800	U	U	U	U
chr22	15545800	15546000	U	U	U	U
chr22	15550000	15550200	U	U	U	U
chr22	15550200	15550400	U	U	U	U
chr22	15551800	15552000	U	U	U	U
chr22	15552000	15552200	U	U	U	U
chr22	15552600	15552800	U	U	U	U
chr22	15553400	15553600	U	U	U	U
chr22	15553600	15553800	U	U	U	U
chr22	15553800	15554000	U	U	U	U
chr22	15554200	15554400	U	U	U	U
chr22	15559600	15559800	U	U	U	U
chr22	15562800	15563000	U	U	U	U
chr22	15563800	15564000	U	U	U	U
chr22	15564600	15564800	U	U	U	U
chr22	15568600	15568800	U	U	U	U
chr22	15569200	15569400	U	U	U	U
chr22	15574800	15575000	U	U	U	U
chr22	15575000	15575200	U	U	U	U
chr22	15576000	15576200	U	U	U	U
chr22	15578400	15578600	U	U	U	U
chr22	15581600	15581800	U	U	U	U
chr22	15584200	15584400	U	U	U	U
chr22	15590000	15590200	U	U	U	U
chr22	15592200	15592400	U	U	U	U
chr22	15602400	15602600	U	U	U	U
chr22	15603200	15603400	U	U	U	U
chr22	15603800	15604000	U	U	U	U
chr22	15611600	15611800	U	U	U	U
chr22	15611800	15612000	U	U	U	U
chr22	15613000	15613200	U	U	U	U
chr22	15616000	15616200	U	U	U	U
chr22	15622200	15622400	U	U	U	U
chr22	15623800	15624000	U	U	U	U
chr22	15625200	15625400	U	U	U	U
chr22	15625600	15625800	U	U	U	U
chr22	15628200	15628400	U	U	U	U
chr22	15629200	15629400	U	U	U	U
chr22	15631200	15631400	U	U	U	U
chr22	15632800	15633000	U	U	U	U
chr22	15636400	15636600	U	U	U	U
chr22	15636600	15636800	U	U	U	U
chr22	15637600	15637800	U	U	U	U
chr22	15638800	15639000	U	U	U	U
chr22	15667600	15667800	U	U	U	U
chr22	15674800	15675000	U	U	U	U
chr22	15688200	15688400	U	U	U	U
chr22	15688400	15688600	U	U	U	U
chr22	15693400	15693600	U	U	U	U
chr22	15695200	15695400	U	U	U	U
chr22	15695600	15695800	U	U	U	U
chr22	15696800	15697000	U	U	U	U
chr22	15700800	15701000	U	U	U	U
chr22	15701600	15701800	U	U	U	U
chr22	15706600	15706800	U	U	U	U
chr22	15709400	15709600	U	U	U	U
chr22	15709800	15710000	U	U	U	U
chr22	15721800	15722000	U	U	U	U
chr22	15722000	15722200	U	U	U	U
chr22	15723200	15723400	U	U	U	U
chr22	15736600	15736800	U	U	U	U
chr22	15737200	15737400	U	U	U	U
chr22	15747400	15747600	U	U	U	U
chr22	15755200	15755400	U	U	U	U
chr22	15755400	15755600	U	U	U	U
chr22	15755600	15755800	U	U	U	U
chr22	15759400	15759600	U	U	U	U
chr22	15760200	15760400	U	U	U	U
chr22	15761200	15761400	U	U	U	U
chr22	15761600	15761800	U	U	U	U
chr22	15762600	15762800	U	U	U	U
chr22	15763800	15764000	U	U	U	U
chr22	15764200	15764400	U	U	U	U
chr22	15767400	15767600	U	U	U	U
chr22	15769200	15769400	U	U	U	U
chr22	15770200	15770400	U	U	U	U
chr22	15773800	15774000	U	U	U	U
chr22	15775400	15775600	U	U	U	U
chr22	15776000	15776200	B	U	U	U
chr22	15777000	15777200	U	U	U	U
chr22	15777200	15777400	U	U	U	U
chr22	15777400	15777600	U	U	U	U
chr22	15781000	15781200	U	U	U	U
chr22	15781600	15781800	U	U	U	U
chr22	15784400	15784600	B	U	U	U
chr22	15793400	15793600	U	U	U	U
chr22	15813400	15813600	U	U	U	U
chr22	15814000	15814200	U	U	U	U
chr22	15816800	15817000	U	U	U	U
chr22	15820400	15820600	U	U	U	U
chr22	15820800	15821000	U	U	U	U
chr22	15821600	15821800	U	U	U	U
chr22	15823400	15823600	B	U	U	U
chr22	15823600	15823800	B	U	U	U
chr22	15823800	15824000	B	U	U	U
chr22	15825200	15825400	U	U	U	U
chr22	15834400	15834600	U	U	U	U
chr22	15836400	15836600	U	U	U	U
chr22	15840000	15840200	U	U	U	U
chr22	15840600	15840800	U	U	U	U
chr22	15840800	15841000	U	U	U	U
chr22	15841800	15842000	U	U	U	U
chr22	15853200	15853400	U	U	U	U
chr22	15854400	15854600	U	U	U	U
chr22	15854800	15855000	U	U	U	U
chr22	15856000	15856200	U	U	U	U
chr22	15857200	15857400	U	U	U	U
chr22	15857400	15857600	U	U	U	U
chr22	15857600	15857800	U	U	U	U
chr22	15859000	15859200	U	U	U	U
chr22	15859600	15859800	U	U	U	U
chr22	15860000	15860200	U	U	U	U
chr22	15860200	15860400	U	U	U	U
chr22	15861200	15861400	U	U	U	U
chr22	15861400	15861600	U	U	U	U
chr22	15865200	15865400	U	U	U	U
chr22	15876400	15876600	U	U	U	U
chr22	15877800	15878000	U	U	U	U
chr22	15878200	15878400	U	U	U	U
chr22	15884800	15885000	U	U	U	U
chr22	15885200	15885400	U	U	U	U
chr22	15885800	15886000	U	U	U	U
chr22	15887000	15887200	U	U	U	U
chr22	15888400	15888600	U	U	U	U
chr22	15889600	15889800	U	U	U	U
chr22	15891800	15892000	U	U	U	U
chr22	15892800	15893000	U	U	U	U
chr22	15903800	15904000	U	U	U	U
chr22	15904800	15905000	U	U	U	U
chr22	15914000	15914200	U	U	U	U
chr22	15914200	15914400	U	U	U	U
chr22	15916400	15916600	U	U	U	U
chr22	15921200	15921400	U	U	U	U
chr22	15923400	15923600	U	U	U	U
chr22	15934400	15934600	U	U	U	U
chr22	15935400	15935600	U	U	U	U
chr22	16103800	16104000	U	U	U	U
chr22	16105200	16105400	U	U	U	U
chr22	16107400	16107600	U	U	U	U
chr22	16116400	16116600	U	U	U	U
chr22	16119200	16119400	U	U	U	U
chr22	16131200	16131400	U	U	U	U
chr22	16131600	16131800	U	U	U	U
chr22	16132000	16132200	U	U	U	U
chr22	16140200	16140400	U	U	U	U
chr22	16142200	16142400	U	U	U	U
chr22	16154600	16154800	U	U	U	U
chr22	16159800	16160000	U	U	U	U
chr22	16172600	16172800	U	U	U	U
chr22	16174000	16174200	U	U	U	U
chr22	16177400	16177600	U	U	U	U
chr22	16177600	16177800	U	U	U	U
chr22	16179000	16179200	U	U	U	U
chr22	16194200	16194400	U	U	U	U
chr22	16217200	16217400	U	U	U	U
chr22	16242000	16242200	U	U	U	U
chr22	16245800	16246000	U	U	U	U
chr22	16246000	16246200	U	U	U	U
chr22	16248800	16249000	U	U	U	U
chr22	16383600	16383800	U	U	U	U
chr22	16385200	16385400	U	U	U	U
chr22	16386000	16386200	U	U	U	U
chr22	16386200	16386400	U	U	U	U
chr22	16387800	16388000	U	U	U	U
chr22	16392400	16392600	U	U	U	U
chr22	16407200	16407400	U	U	U	U
chr22	16407400	16407600	U	U	U	U
chr22	16424600	16424800	U	U	U	U
chr22	16425000	16425200	U	U	U	U
chr22	16428000	16428200	U	U	U	U
chr22	16429000	16429200	U	U	U	U
chr22	16440200	16440400	U	U	U	U
chr22	16472600	16472800	U	U	U	U
chr22	16472800	16473000	U	U	U	U
chr22	16474000	16474200	U	U	U	U
chr22	16476800	16477000	U	U	U	U
chr22	16477600	16477800	U	U	U	U
chr22	16485800	16486000	U	U	U	U
chr22	16487400	16487600	U	U	U	U
chr22	16487600	16487800	U	U	U	U
chr22	16487800	16488000	U	U	U	U
chr22	16503200	16503400	U	U	U	U
chr22	16504800	16505000	U	U	U	U
chr22	16505000	16505200	U	U	U	U
chr22	16505200	16505400	U	U	U	U
chr22	16507800	16508000	U	U	U	U
chr22	16508200	16508400	U	U	U	U
chr22	16508400	16508600	U	U	U	U
chr22	16521000	16521200	U	U	U	U
chr22	16539000	16539200	U	U	U	U
chr22	16545600	16545800	U	U	U	U
chr22	16545800	16546000	U	U	U	U
chr22	16546200	16546400	U	U	U	U
chr22	16548800	16549000	U	U	U	U
chr22	16552600	16552800	U	U	U	U
chr22	16568600	16568800	B	U	U	U
chr22	16572000	16572200	U	U	U	U
chr22	16574000	16574200	U	U	U	U
chr22	16575400	16575600	U	U	U	U
chr22	16577600	16577800	U	U	U	U
chr22	16579400	16579600	U	U	U	U
chr22	16580800	16581000	U	U	U	U
chr22	16590800	16591000	U	U	U	U
chr22	16591800	16592000	B	U	U	U
chr22	16593800	16594000	U	U	U	U
chr22	16600200	16600400	U	U	U	U
chr22	16601000	16601200	B	U	B	B
chr22	16602800	16603000	B	U	U	U
chr22	16603000	16603200	B	U	U	U
chr22	16603600	16603800	B	U	U	U
chr22	16605800	16606000	U	U	U	U
chr22	16608800	16609000	U	U	U	U
chr22	16611000	16611200	U	U	U	U
chr22	16616400	16616600	B	U	U	U
chr22	16617000	16617200	B	U	U	U
chr22	16620000	16620200	U	U	U	U
chr22	16622000	16622200	U	U	U	U
chr22	16622800	16623000	U	U	U	U
chr22	16623200	16623400	U	U	U	U
chr22	16623600	16623800	U	U	U	U
chr22	16632200	16632400	B	U	U	U
chr22	16637800	16638000	U	U	U	U
chr22	16645200	16645400	U	U	U	U
chr22	16647200	16647400	U	U	U	U
chr22	16654200	16654400	U	U	U	U
chr22	16659400	16659600	U	U	U	U
chr22	16670000	16670200	U	U	U	U
chr22	16674400	16674600	U	U	U	U
chr22	16675200	16675400	U	U	U	U
chr22	16675400	16675600	U	U	U	U
chr22	16675600	16675800	U	U	U	U
chr22	16677000	16677200	U	U	U	U
chr22	16678000	16678200	U	U	U	U
chr22	16692000	16692200	U	U	U	U
chr22	16695600	16695800	U	U	U	U
chr22	16696800	16697000	U	U	U	U
chr22	16698200	16698400	U	U	U	U
chr22	16699000	16699200	U	U	U	U
chr22	16699600	16699800	U	U	U	U
chr22	16704000	16704200	U	U	U	U
chr22	16706400	16706600	U	U	U	U
chr22	16713000	16713200	U	U	U	U
chr22	16713200	16713400	U	U	U	U
chr22	16713800	16714000	U	U	U	U
chr22	16715600	16715800	U	U	U	U
chr22	16717000	16717200	U	U	U	U
chr22	16719000	16719200	U	U	U	U
chr22	16729000	16729200	U	U	U	U
chr22	16731200	16731400	U	U	U	U
chr22	16731400	16731600	U	U	U	U
chr22	16731600	16731800	U	U	U	U
chr22	16732000	16732200	U	U	U	U
chr22	16732400	16732600	U	U	U	U
chr22	16733400	16733600	U	U	U	U
chr22	16735000	16735200	U	U	U	U
chr22	16744400	16744600	U	U	U	U
chr22	16744600	16744800	U	U	U	U
chr22	16744800	16745000	U	U	U	U
chr22	16745200	16745400	U	U	U	U
chr22	16749600	16749800	U	U	U	U
chr22	16756800	16757000	U	U	U	U
chr22	16762400	16762600	U	U	U	U
chr22	16783200	16783400	U	U	U	U
chr22	16783400	16783600	U	U	U	U
chr22	16792800	16793000	U	U	U	U
chr22	16801600	16801800	U	U	U	U
chr22	16807800	16808000	U	U	U	U
chr22	16816600	16816800	U	U	U	U
chr22	16817600	16817800	U	U	U	U
chr22	16820800	16821000	U	U	U	U
chr22	16821400	16821600	U	U	U	U
chr22	16824600	16824800	U	U	U	U
chr22	16825200	16825400	B	U	U	U
chr22	16828400	16828600	U	U	U	U
chr22	16831400	16831600	U	U	U	U
chr22	16835000	16835200	U	U	U	U
chr22	16835200	16835400	U	U	U	U
chr22	16838400	16838600	U	U	U	U
chr22	16838600	16838800	U	U	U	U
chr22	16841000	16841200	U	U	U	U
chr22	16844200	16844400	U	U	U	U
chr22	16844600	16844800	U	U	U	U
chr22	16857800	16858000	U	U	U	U
chr22	16858600	16858800	U	U	U	U
chr22	16866400	16866600	U	U	U	U
chr22	16867200	16867400	U	U	U	U
chr22	16868200	16868400	U	U	U	U
chr22	16868400	16868600	U	U	U	U
chr22	16868600	16868800	U	U	U	U
chr22	16870800	16871000	U	U	U	U
chr22	16873400	16873600	U	U	U	U
chr22	16873600	16873800	U	U	U	U
chr22	16874000	16874200	U	U	U	U
chr22	16876200	16876400	U	U	U	U
chr22	16880000	16880200	U	U	U	U
chr22	16888000	16888200	U	U	U	U
chr22	16890800	16891000	U	U	U	U
chr22	16904800	16905000	U	U	U	U
chr22	16911000	16911200	U	U	U	U
chr22	16913200	16913400	U	U	U	U
chr22	16914800	16915000	U	U	U	U
chr22	16915000	16915200	U	U	U	U
chr22	16916000	16916200	U	U	U	U
chr22	16916600	16916800	U	U	U	U
chr22	16921600	16921800	U	U	U	U
chr22	16924000	16924200	U	U	U	U
chr22	16926200	16926400	U	U	U	U
chr22	16927000	16927200	U	U	U	U
chr22	16929600	16929800	U	U	U	U
chr22	16930400	16930600	U	U	U	U
chr22	16930600	16930800	U	U	U	U
chr22	16932200	16932400	U	U	U	U
chr22	16933200	16933400	U	U	U	U
chr22	16941400	16941600	U	U	U	U
chr22	16955000	16955200	U	U	U	U
chr22	16955200	16955400	U	U	U	U
chr22	16955600	16955800	U	U	U	U
chr22	16955800	16956000	U	U	U	U
chr22	16956600	16956800	U	U	U	U
chr22	16959600	16959800	U	U	U	U
chr22	16962600	16962800	U	U	U	U
chr22	16964400	16964600	U	U	U	U
chr22	16972200	16972400	U	U	U	U
chr22	16973400	16973600	U	U	U	U
chr22	16991600	16991800	U	U	U	U
chr22	16992000	16992200	U	U	U	U
chr22	16994400	16994600	U	U	U	U
chr22	17007200	17007400	U	U	U	U
chr22	17008400	17008600	U	U	U	U
chr22	17009200	17009400	B	U	U	U
chr22	17010400	17010600	U	U	U	U
chr22	17012000	17012200	U	U	U	U
chr22	17012600	17012800	U	U	U	U
chr22	17013000	17013200	U	U	U	U
chr22	17023600	17023800	U	U	U	U
chr22	17032600	17032800	U	U	U	U
chr22	17032800	17033000	U	U	U	U
chr22	17037000	17037200	B	U	U	U
chr22	17038800	17039000	U	U	U	U
chr22	17047200	17047400	U	U	U	U
chr22	17047400	17047600	U	U	U	U
chr22	17047600	17047800	U	U	U	U
chr22	17060600	17060800	U	U	U	U
chr22	17061200	17061400	U	U	U	U
chr22	17066200	17066400	U	U	U	U
chr22	17083800	17084000	U	U	U	U
chr22	17084000	17084200	U	U	U	U
chr22	17084600	17084800	B	U	U	U
chr22	17085800	17086000	U	U	U	U
chr22	17086400	17086600	U	U	U	U
chr22	17086800	17087000	U	U	U	U
chr22	17098000	17098200	U	U	U	U
chr22	17100400	17100600	U	U	U	U
chr22	17107000	17107200	U	U	U	U
chr22	17109200	17109400	U	U	U	U
chr22	17109400	17109600	U	U	U	U
chr22	17111800	17112000	U	U	U	U
chr22	17115000	17115200	U	U	U	U
chr22	17117000	17117200	U	U	U	U
chr22	17119000	17119200	U	U	U	U
chr22	17122000	17122200	U	U	U	U
chr22	17131600	17131800	B	U	U	U
chr22	17135400	17135600	U	U	U	U
chr22	17140800	17141000	U	U	U	U
chr22	17143200	17143400	U	U	U	U
chr22	17146000	17146200	U	U	U	U
chr22	17148400	17148600	U	U	U	U
chr22	17148600	17148800	U	U	U	U
chr22	17152800	17153000	U	U	U	U
chr22	17153600	17153800	U	U	U	U
chr22	17158600	17158800	B	U	U	U
chr22	17159400	17159600	B	U	U	U
chr22	17160000	17160200	U	U	U	U
chr22	17162600	17162800	U	U	U	U
chr22	17166800	17167000	U	U	U	U
chr22	17172400	17172600	U	U	U	U
chr22	17179000	17179200	U	U	U	U
chr22	17181400	17181600	U	U	U	U
chr22	17189600	17189800	U	U	U	U
chr22	17189800	17190000	U	U	U	U
chr22	17191000	17191200	U	U	U	U
chr22	17191400	17191600	U	U	U	U
chr22	17194200	17194400	U	U	U	U
chr22	17198400	17198600	B	U	U	U
chr22	17198600	17198800	B	U	U	U
chr22	17198800	17199000	B	U	U	U
chr22	17201600	17201800	U	U	U	U
chr22	17203600	17203800	U	U	U	U
chr22	17207000	17207200	U	U	U	U
chr22	17218600	17218800	U	U	U	U
chr22	17233600	17233800	U	U	U	U
chr22	17235400	17235600	U	U	U	U
chr22	17241600	17241800	U	U	U	U
chr22	17241800	17242000	U	U	U	U
chr22	17250800	17251000	U	U	U	U
chr22	17253000	17253200	U	U	U	U
chr22	17258000	17258200	B	U	U	U
chr22	17259000	17259200	U	U	U	U
chr22	17261200	17261400	B	U	U	U
chr22	17263600	17263800	U	U	U	U
chr22	17263800	17264000	U	U	U	U
chr22	17264000	17264200	U	U	U	U
chr22	17264800	17265000	U	U	U	U
chr22	17270000	17270200	U	U	U	U
chr22	17280600	17280800	U	U	U	U
chr22	17290600	17290800	U	U	U	U
chr22	17305600	17305800	U	U	U	U
chr22	17306600	17306800	U	U	U	U
chr22	17313600	17313800	U	U	U	U
chr22	17315000	17315200	U	U	U	U
chr22	17352600	17352800	U	U	U	U
chr22	17357600	17357800	U	U	U	U
chr22	17361800	17362000	U	U	U	U
chr22	17368200	17368400	U	U	U	U
chr22	17368400	17368600	B	U	U	U
chr22	17373800	17374000	U	U	U	U
chr22	17376000	17376200	U	U	U	U
chr22	17376200	17376400	U	U	U	U
chr22	17377200	17377400	U	U	U	U
chr22	17377600	17377800	U	U	U	U
chr22	17380800	17381000	U	U	U	U
chr22	17386400	17386600	U	U	U	U
chr22	17387000	17387200	U	U	U	U
chr22	17399800	17400000	U	U	U	U
chr22	17411400	17411600	U	U	U	U
chr22	17412200	17412400	U	U	U	U
chr22	17412400	17412600	U	U	U	U
chr22	17412800	17413000	U	U	U	U
chr22	17417200	17417400	U	U	U	U
chr22	17418400	17418600	U	U	U	U
chr22	17418800	17419000	U	U	U	U
chr22	17419800	17420000	U	U	U	U
chr22	17420400	17420600	U	U	U	U
chr22	17430200	17430400	U	U	U	U
chr22	17433200	17433400	U	U	U	U
chr22	17434400	17434600	U	U	U	U
chr22	17437600	17437800	U	U	U	U
chr22	17443400	17443600	U	U	U	U
chr22	17443600	17443800	U	U	U	U
chr22	17448200	17448400	U	U	U	U
chr22	17456400	17456600	U	U	U	U
chr22	17456800	17457000	U	U	U	U
chr22	17459800	17460000	U	U	U	U
chr22	17461200	17461400	U	U	U	U
chr22	17474400	17474600	U	U	U	U
chr22	17476800	17477000	U	U	U	U
chr22	17477000	17477200	U	U	U	U
chr22	17479400	17479600	U	U	U	U
chr22	17487200	17487400	U	U	U	U
chr22	17492000	17492200	U	U	U	U
chr22	17496800	17497000	U	U	U	U
chr22	17497400	17497600	U	U	U	U
chr22	17497800	17498000	U	U	U	U
chr22	17507000	17507200	U	U	U	U
chr22	17507200	17507400	U	U	U	U
chr22	17513800	17514000	U	U	U	U
chr22	17514400	17514600	U	U	U	U
chr22	17519000	17519200	U	U	U	U
chr22	17524000	17524200	U	U	U	U
chr22	17535600	17535800	U	U	U	U
chr22	17538600	17538800	U	U	U	U
chr22	17540400	17540600	B	U	B	U
chr22	17552400	17552600	U	U	U	U
chr22	17555400	17555600	U	U	U	U
chr22	17562600	17562800	U	U	U	U
chr22	17566200	17566400	U	U	U	U
chr22	17567400	17567600	U	U	U	U
chr22	17567600	17567800	U	U	U	U
chr22	17570200	17570400	U	U	U	U
chr22	17573200	17573400	U	U	U	U
chr22	17581400	17581600	U	U	U	U
chr22	17581600	17581800	U	U	U	U
chr22	17587200	17587400	U	U	U	U
chr22	17587400	17587600	U	U	U	U
chr22	17587600	17587800	U	U	U	U
chr22	17588000	17588200	U	U	U	U
chr22	17590200	17590400	U	U	U	U
chr22	17590600	17590800	U	U	U	U
chr22	17591000	17591200	U	U	U	U
chr22	17592200	17592400	U	U	U	U
chr22	17592600	17592800	U	U	U	U
chr22	17594400	17594600	U	U	U	U
chr22	17594600	17594800	U	U	U	U
chr22	17611400	17611600	U	U	U	U
chr22	17628600	17628800	B	U	B	B
chr22	17640200	17640400	U	U	U	U
chr22	17661400	17661600	U	U	U	U
chr22	17672400	17672600	U	U	U	U
chr22	17672600	17672800	U	U	U	U
chr22	17674000	17674200	U	U	U	U
chr22	17677200	17677400	U	U	U	U
chr22	17678800	17679000	U	U	U	U
chr22	17679000	17679200	U	U	U	U
chr22	17683400	17683600	U	U	U	U
chr22	17691800	17692000	U	U	U	U
chr22	17699200	17699400	U	U	U	U
chr22	17705600	17705800	U	U	U	U
chr22	17705800	17706000	U	U	U	U
chr22	17706800	17707000	B	U	U	U
chr22	17707000	17707200	U	U	U	U
chr22	17707600	17707800	U	U	U	U
chr22	17712800	17713000	U	U	U	U
chr22	17714600	17714800	U	U	U	U
chr22	17717600	17717800	U	U	U	U
chr22	17724600	17724800	U	U	U	U
chr22	17725200	17725400	U	U	U	U
chr22	17728000	17728200	U	U	U	U
chr22	17728200	17728400	U	U	U	U
chr22	17728600	17728800	U	U	U	U
chr22	17729200	17729400	U	U	U	U
chr22	17733400	17733600	U	U	U	U
chr22	17733600	17733800	U	U	U	U
chr22	17733800	17734000	U	U	U	U
chr22	17735000	17735200	U	U	U	U
chr22	17735200	17735400	U	U	U	U
chr22	17735800	17736000	U	U	U	U
chr22	17737800	17738000	U	U	U	U
chr22	17738200	17738400	U	U	U	U
chr22	17738600	17738800	U	U	U	U
chr22	17739400	17739600	U	U	U	U
chr22	17739600	17739800	U	U	U	U
chr22	17741200	17741400	U	U	U	U
chr22	17743800	17744000	U	U	U	U
chr22	17744000	17744200	U	U	U	U
chr22	17747000	17747200	U	U	U	U
chr22	17748600	17748800	U	U	U	U
chr22	17749000	17749200	U	U	U	U
chr22	17752000	17752200	U	U	U	U
chr22	17753600	17753800	U	U	U	U
chr22	17764200	17764400	U	U	U	U
chr22	17769400	17769600	U	U	U	U
chr22	17769600	17769800	U	U	U	U
chr22	17771800	17772000	U	U	U	U
chr22	17772200	17772400	U	U	U	U
chr22	17773600	17773800	B	U	U	U
chr22	17778400	17778600	U	U	U	U
chr22	17779800	17780000	U	U	U	U
chr22	17780800	17781000	U	U	U	U
chr22	17784200	17784400	U	U	U	U
chr22	17786600	17786800	B	U	B	B
chr22	17788400	17788600	U	U	U	U
chr22	17789200	17789400	U	U	U	U
chr22	17789400	17789600	U	U	U	U
chr22	17789600	17789800	U	U	U	U
chr22	17791400	17791600	U	U	U	U
chr22	17793000	17793200	U	U	U	U
chr22	17793400	17793600	U	U	U	U
chr22	17794400	17794600	U	U	U	U
chr22	17794800	17795000	U	U	U	U
chr22	17795000	17795200	U	U	U	U
chr22	17795800	17796000	U	U	U	U
chr22	17796000	17796200	U	U	U	U
chr22	17796600	17796800	U	U	U	U
chr22	17796800	17797000	U	U	U	U
chr22	17799400	17799600	U	U	U	U
chr22	17799600	17799800	U	U	U	U
chr22	17802600	17802800	B	U	U	U
chr22	17802800	17803000	B	U	U	U
chr22	17803400	17803600	B	U	U	U
chr22	17803600	17803800	U	U	U	U
chr22	17805000	17805200	U	U	U	U
chr22	17806600	17806800	U	U	U	U
chr22	17809000	17809200	U	U	U	U
chr22	17812200	17812400	U	U	U	U
chr22	17816400	17816600	U	U	U	U
chr22	17817600	17817800	U	U	U	U
chr22	17818200	17818400	U	U	B	U
chr22	17821200	17821400	U	U	U	U
chr22	17822400	17822600	U	U	U	U
chr22	17822800	17823000	U	U	U	U
chr22	17824200	17824400	U	U	U	U
chr22	17825000	17825200	U	U	U	U
chr22	17825200	17825400	U	U	U	U
chr22	17826000	17826200	U	U	U	U
chr22	17826600	17826800	U	U	U	U
chr22	17826800	17827000	U	U	U	U
chr22	17828200	17828400	U	U	U	U
chr22	17832400	17832600	U	U	U	U
chr22	17835600	17835800	U	U	U	U
chr22	17835800	17836000	U	U	U	U
chr22	17840600	17840800	U	U	U	U
chr22	17840800	17841000	U	U	U	U
chr22	17841200	17841400	U	U	U	U
chr22	17842000	17842200	U	U	U	U
chr22	17846400	17846600	U	U	U	U
chr22	17848000	17848200	U	U	U	U
chr22	17848600	17848800	U	U	U	U
chr22	17851600	17851800	U	U	U	U
chr22	17853800	17854000	U	U	U	U
chr22	17854400	17854600	U	U	U	U
chr22	17855600	17855800	U	U	U	U
chr22	17858200	17858400	U	U	U	U
chr22	17859400	17859600	U	U	U	U
chr22	17859600	17859800	U	U	U	U
chr22	17862000	17862200	U	U	U	U
chr22	17862600	17862800	U	U	U	U
chr22	17863600	17863800	U	U	U	U
chr22	17863800	17864000	U	U	U	U
chr22	17864000	17864200	U	U	U	U
chr22	17866000	17866200	U	U	U	U
chr22	17869000	17869200	U	U	U	U
chr22	17871000	17871200	U	U	U	U
chr22	17871800	17872000	U	U	U	U
chr22	17874400	17874600	U	U	U	U
chr22	17876400	17876600	U	U	U	U
chr22	17878600	17878800	U	U	U	U
chr22	17879600	17879800	U	U	U	U
chr22	17882400	17882600	U	U	U	U
chr22	17883000	17883200	U	U	U	U
chr22	17886000	17886200	U	U	U	U
chr22	17887200	17887400	U	U	U	U
chr22	17889200	17889400	B	U	U	U
chr22	17890400	17890600	U	U	U	U
chr22	17892600	17892800	U	U	U	U
chr22	17893200	17893400	U	U	U	U
chr22	17900800	17901000	U	U	U	U
chr22	17904200	17904400	U	U	U	U
chr22	17904600	17904800	U	U	U	U
chr22	17906600	17906800	U	U	U	U
chr22	17910000	17910200	U	U	U	U
chr22	17911000	17911200	B	U	U	U
chr22	17914600	17914800	U	U	U	U
chr22	17914800	17915000	U	U	U	U
chr22	17915600	17915800	U	U	U	U
chr22	17919800	17920000	U	U	U	U
chr22	17923600	17923800	U	U	U	U
chr22	17928600	17928800	U	U	U	U
chr22	17931400	17931600	U	U	U	U
chr22	17941200	17941400	U	U	U	U
chr22	17944000	17944200	U	U	U	U
chr22	17945200	17945400	U	U	U	U
chr22	17945600	17945800	U	U	U	U
chr22	17946200	17946400	U	U	U	U
chr22	17946600	17946800	U	U	U	U
chr22	17947200	17947400	U	U	U	U
chr22	17948400	17948600	U	U	U	U
chr22	17955200	17955400	U	U	U	U
chr22	17955400	17955600	U	U	U	U
chr22	17962000	17962200	U	U	U	U
chr22	17962600	17962800	U	U	U	U
chr22	17963400	17963600	U	U	U	U
chr22	17965200	17965400	U	U	U	U
chr22	17968200	17968400	U	U	U	U
chr22	17968600	17968800	U	U	U	U
chr22	17972400	17972600	U	U	U	U
chr22	17973400	17973600	U	U	U	U
chr22	17990000	17990200	U	U	U	U
chr22	17991400	17991600	U	U	U	U
chr22	17992800	17993000	U	U	U	U
chr22	17993600	17993800	U	U	U	U
chr22	17996600	17996800	U	U	U	U
chr22	17999000	17999200	U	U	U	U
chr22	17999800	18000000	U	U	U	U
chr22	18001400	18001600	B	U	B	U
chr22	18008400	18008600	U	U	U	U
chr22	18023400	18023600	U	U	U	U
chr22	18027200	18027400	U	U	U	U
chr22	18032000	18032200	U	U	U	U
chr22	18036600	18036800	U	U	U	U
chr22	18044000	18044200	U	U	U	U
chr22	18061200	18061400	U	U	U	U
chr22	18063600	18063800	U	U	U	U
chr22	18065600	18065800	U	U	U	U
chr22	18069200	18069400	U	U	U	U
chr22	18072000	18072200	U	U	U	U
chr22	18075800	18076000	U	U	B	U
chr22	18085200	18085400	U	U	U	U
chr22	18086600	18086800	U	U	U	U
chr22	18088800	18089000	U	U	U	U
chr22	18090600	18090800	U	U	U	U
chr22	18101000	18101200	U	U	U	U
chr22	18102200	18102400	U	U	U	U
chr22	18103800	18104000	U	U	U	U
chr22	18110600	18110800	U	U	U	U
chr22	18115800	18116000	U	U	U	U
chr22	18116800	18117000	U	U	U	U
chr22	18119000	18119200	U	U	U	U
chr22	18120800	18121000	U	U	U	U
chr22	18124200	18124400	U	U	U	U
chr22	18128000	18128200	U	U	U	U
chr22	18129000	18129200	U	U	U	U
chr22	18132800	18133000	U	U	U	U
chr22	18133000	18133200	U	U	U	U
chr22	18133400	18133600	U	U	U	U
chr22	18137000	18137200	U	U	U	U
chr22	18144400	18144600	U	U	U	U
chr22	18145000	18145200	U	U	U	U
chr22	18152200	18152400	U	U	U	U
chr22	18162000	18162200	U	U	U	U
chr22	18167800	18168000	U	U	U	U
chr22	18172800	18173000	U	U	U	U
chr22	18173800	18174000	U	U	U	U
chr22	18174000	18174200	U	U	U	U
chr22	18176600	18176800	U	U	U	U
chr22	18178400	18178600	U	U	U	U
chr22	18180600	18180800	U	U	U	U
chr22	18187200	18187400	U	U	U	U
chr22	18188400	18188600	U	U	U	U
chr22	18188600	18188800	U	U	U	U
chr22	18189200	18189400	U	U	U	U
chr22	18191400	18191600	U	U	U	U
chr22	18193400	18193600	U	U	U	U
chr22	18197200	18197400	U	U	U	U
chr22	18198000	18198200	U	U	U	U
chr22	18198200	18198400	U	U	U	U
chr22	18199800	18200000	U	U	U	U
chr22	18200400	18200600	U	U	U	U
chr22	18201000	18201200	U	U	U	U
chr22	18220400	18220600	U	U	U	U
chr22	18223000	18223200	U	U	U	U
chr22	18223200	18223400	U	U	U	U
chr22	18224000	18224200	U	U	U	U
chr22	18224400	18224600	U	U	U	U
chr22	18231400	18231600	U	U	U	U
chr22	18232400	18232600	U	U	U	U
chr22	18344600	18344800	U	U	U	U
chr22	18345200	18345400	U	U	U	U
chr22	18345400	18345600	U	U	U	U
chr22	18345800	18346000	U	U	U	U
chr22	18346200	18346400	U	U	U	U
chr22	18346600	18346800	U	U	U	U
chr22	18349200	18349400	U	U	U	U
chr22	18349400	18349600	U	U	U	U
chr22	18351400	18351600	U	U	U	U
chr22	18351800	18352000	U	U	U	U
chr22	18360400	18360600	U	U	U	U
chr22	18361400	18361600	U	U	U	U
chr22	18362200	18362400	U	U	U	U
chr22	18362600	18362800	U	U	U	U
chr22	18363200	18363400	U	U	U	U
chr22	18365000	18365200	U	U	U	U
chr22	18366000	18366200	U	U	U	U
chr22	18366800	18367000	U	U	U	U
chr22	18367400	18367600	U	U	U	U
chr22	18367600	18367800	U	U	U	U
chr22	18368200	18368400	U	U	U	U
chr22	18374000	18374200	U	U	U	U
chr22	18377600	18377800	U	U	U	U
chr22	18381400	18381600	U	U	U	U
chr22	18383200	18383400	U	U	U	U
chr22	18389400	18389600	U	U	U	U
chr22	18400600	18400800	U	U	U	U
chr22	18401000	18401200	U	U	U	U
chr22	18401600	18401800	U	U	U	U
chr22	18401800	18402000	U	U	U	U
chr22	18423800	18424000	U	U	U	U
chr22	18424000	18424200	U	U	U	U
chr22	18424800	18425000	U	U	U	U
chr22	18425200	18425400	U	U	U	U
chr22	18426400	18426600	U	U	U	U
chr22	18427400	18427600	U	U	U	U
chr22	18428400	18428600	U	U	U	U
chr22	18432800	18433000	U	U	U	U
chr22	18484400	18484600	U	U	U	U
chr22	18486800	18487000	U	U	U	U
chr22	18488400	18488600	U	U	U	U
chr22	18489000	18489200	U	U	U	U
chr22	18489200	18489400	U	U	U	U
chr22	18489800	18490000	U	U	U	U
chr22	18491200	18491400	U	U	U	U
chr22	18494200	18494400	U	U	U	U
chr22	18495000	18495200	U	U	U	U
chr22	18495400	18495600	U	U	U	U
chr22	18495600	18495800	U	U	U	U
chr22	18497800	18498000	U	U	U	U
chr22	18498200	18498400	U	U	U	U
chr22	18510000	18510200	U	U	U	U
chr22	18511000	18511200	U	U	U	U
chr22	18513600	18513800	U	U	U	U
chr22	18516200	18516400	U	U	U	U
chr22	18516400	18516600	U	U	U	U
chr22	18516800	18517000	U	U	U	U
chr22	18517000	18517200	U	U	U	U
chr22	18520800	18521000	U	U	U	U
chr22	18528000	18528200	B	U	U	U
chr22	18529000	18529200	B	U	U	U
chr22	18530400	18530600	U	U	U	U
chr22	18533200	18533400	U	U	U	U
chr22	18536000	18536200	U	U	U	U
chr22	18536200	18536400	U	U	U	U
chr22	18539200	18539400	U	U	U	U
chr22	18540200	18540400	U	U	U	U
chr22	18548400	18548600	U	U	U	U
chr22	18548600	18548800	U	U	U	U
chr22	18549200	18549400	U	U	U	U
chr22	18549800	18550000	U	U	U	U
chr22	18553400	18553600	B	U	U	U
chr22	18554200	18554400	U	U	U	U
chr22	18556400	18556600	U	U	U	U
chr22	18557000	18557200	U	U	U	U
chr22	18564000	18564200	U	U	U	U
chr22	18571400	18571600	U	U	U	U
chr22	18572400	18572600	U	U	U	U
chr22	18572600	18572800	U	U	U	U
chr22	18574200	18574400	B	U	U	U
chr22	18574600	18574800	U	U	U	U
chr22	18577200	18577400	B	U	U	U
chr22	18578400	18578600	B	U	U	U
chr22	18593200	18593400	U	U	U	U
chr22	18593600	18593800	U	U	U	U
chr22	18609200	18609400	U	U	U	U
chr22	18610800	18611000	B	U	U	U
chr22	18611800	18612000	B	U	U	U
chr22	18619600	18619800	U	U	U	U
chr22	18620400	18620600	U	U	U	U
chr22	18623400	18623600	U	U	U	U
chr22	18623800	18624000	U	U	U	U
chr22	18627200	18627400	U	U	U	U
chr22	18631200	18631400	U	U	U	U
chr22	18631400	18631600	U	U	U	U
chr22	18632400	18632600	B	U	U	U
chr22	18634600	18634800	U	U	U	U
chr22	18635800	18636000	U	U	U	U
chr22	18637200	18637400	U	U	U	U
chr22	18637400	18637600	U	U	U	U
chr22	18638200	18638400	B	U	U	U
chr22	18639200	18639400	U	U	U	U
chr22	18639800	18640000	U	U	U	U
chr22	18640800	18641000	U	U	U	U
chr22	18641600	18641800	U	U	U	U
chr22	18650400	18650600	U	U	U	U
chr22	18652000	18652200	U	U	U	U
chr22	18652200	18652400	U	U	U	U
chr22	18652800	18653000	U	U	U	U
chr22	18653400	18653600	U	U	U	U
chr22	18715400	18715600	U	U	U	U
chr22	18716400	18716600	U	U	U	U
chr22	18716800	18717000	U	U	U	U
chr22	18718600	18718800	U	U	U	U
chr22	18719000	18719200	U	U	U	U
chr22	18735600	18735800	U	U	U	U
chr22	18737200	18737400	U	U	U	U
chr22	18738200	18738400	U	U	U	U
chr22	18741800	18742000	U	U	U	U
chr22	18744400	18744600	U	U	U	U
chr22	18746600	18746800	U	U	U	U
chr22	18748800	18749000	U	U	U	U
chr22	18751600	18751800	U	U	U	U
chr22	18752200	18752400	U	U	U	U
chr22	18753200	18753400	U	U	U	U
chr22	18754400	18754600	U	U	U	U
chr22	18755000	18755200	U	U	U	U
chr22	18755200	18755400	U	U	U	U
chr22	18758400	18758600	U	U	U	U
chr22	18759200	18759400	U	U	U	U
chr22	18768400	18768600	U	U	U	U
chr22	18770000	18770200	U	U	U	U
chr22	18770200	18770400	U	U	U	U
chr22	18770400	18770600	U	U	U	U
chr22	18771000	18771200	U	U	U	U
chr22	18773200	18773400	U	U	U	U
chr22	18777400	18777600	U	U	U	U
chr22	18782800	18783000	U	U	U	U
chr22	18793800	18794000	U	U	U	U
chr22	18794800	18795000	U	U	U	U
chr22	18796200	18796400	U	U	U	U
chr22	18797400	18797600	U	U	U	U
chr22	18797800	18798000	U	U	U	U
chr22	18798000	18798200	U	U	U	U
chr22	18800200	18800400	U	U	U	U
chr22	18800800	18801000	U	U	U	U
chr22	18805400	18805600	U	U	U	U
chr22	18810200	18810400	U	U	U	U
chr22	18817000	18817200	U	U	U	U
chr22	18817200	18817400	U	U	U	U
chr22	18821400	18821600	U	U	U	U
chr22	18824800	18825000	U	U	U	U
chr22	18825200	18825400	U	U	U	U
chr22	18826600	18826800	U	U	U	U
chr22	18827000	18827200	U	U	U	U
chr22	18831400	18831600	U	U	U	U
chr22	18833800	18834000	U	U	U	U
chr22	18839400	18839600	U	U	U	U
chr22	18844600	18844800	U	U	U	U
chr22	18845200	18845400	U	U	U	U
chr22	18846800	18847000	U	U	U	U
chr22	18847000	18847200	U	U	U	U
chr22	18847200	18847400	U	U	U	U
chr22	18847800	18848000	U	U	U	U
chr22	18848000	18848200	U	U	U	U
chr22	18848400	18848600	U	U	U	U
chr22	18851000	18851200	U	U	U	U
chr22	18852000	18852200	U	U	U	U
chr22	18852200	18852400	U	U	U	U
chr22	18852600	18852800	U	U	U	U
chr22	18852800	18853000	U	U	U	U
chr22	18855800	18856000	U	U	U	U
chr22	18856000	18856200	U	U	U	U
chr22	18857200	18857400	U	U	U	U
chr22	18857800	18858000	U	U	U	U
chr22	18858200	18858400	U	U	U	U
chr22	18859000	18859200	U	U	U	U
chr22	18860400	18860600	U	U	U	U
chr22	18865800	18866000	U	U	U	U
chr22	18866400	18866600	U	U	U	U
chr22	18867600	18867800	U	U	U	U
chr22	18869200	18869400	U	U	U	U
chr22	18869600	18869800	U	U	U	U
chr22	18871400	18871600	U	U	U	U
chr22	18880600	18880800	U	U	U	U
chr22	18886800	18887000	U	U	U	U
chr22	18888200	18888400	U	U	U	U
chr22	18888400	18888600	U	U	U	U
chr22	18904400	18904600	U	U	U	U
chr22	18906400	18906600	B	U	U	U
chr22	18906600	18906800	B	U	U	U
chr22	18909200	18909400	U	U	U	U
chr22	18909600	18909800	U	U	U	U
chr22	18909800	18910000	U	U	U	U
chr22	18910600	18910800	U	U	U	U
chr22	18911600	18911800	U	U	U	U
chr22	18912400	18912600	B	U	U	U
chr22	18912600	18912800	B	U	U	U
chr22	18916800	18917000	U	U	U	U
chr22	18918000	18918200	U	U	U	U
chr22	18918200	18918400	U	U	U	U
chr22	18918400	18918600	U	U	U	U
chr22	18918600	18918800	U	U	U	U
chr22	18919200	18919400	U	U	U	U
chr22	18920200	18920400	U	U	U	U
chr22	18921400	18921600	U	U	U	U
chr22	18922600	18922800	U	U	U	U
chr22	18923200	18923400	U	U	U	U
chr22	18925400	18925600	U	U	U	U
chr22	18931200	18931400	U	U	U	U
chr22	18931400	18931600	U	U	U	U
chr22	18932000	18932200	U	U	U	U
chr22	18932800	18933000	U	U	U	U
chr22	18935000	18935200	U	U	U	U
chr22	18935200	18935400	U	U	U	U
chr22	18935800	18936000	U	U	U	U
chr22	18950800	18951000	U	U	U	U
chr22	18954200	18954400	B	U	U	U
chr22	18955400	18955600	U	U	U	U
chr22	18956200	18956400	U	U	U	U
chr22	18957800	18958000	U	U	U	U
chr22	18958200	18958400	U	U	U	U
chr22	18958400	18958600	U	U	U	U
chr22	18959400	18959600	U	U	U	U
chr22	18959600	18959800	U	U	U	U
chr22	18959800	18960000	U	U	U	U
chr22	18960600	18960800	U	U	U	U
chr22	18967800	18968000	B	U	U	U
chr22	18968200	18968400	B	U	B	U
chr22	18968600	18968800	B	U	B	U
chr22	18969000	18969200	B	U	U	U
chr22	18969200	18969400	B	U	U	U
chr22	18971800	18972000	U	U	U	U
chr22	18972000	18972200	U	U	U	U
chr22	18974000	18974200	U	U	U	U
chr22	18974800	18975000	U	U	U	U
chr22	18975400	18975600	U	U	U	U
chr22	18975800	18976000	U	U	U	U
chr22	18976400	18976600	U	U	U	U
chr22	18978600	18978800	U	U	U	U
chr22	18980800	18981000	U	U	U	U
chr22	18991600	18991800	U	U	U	U
chr22	18995400	18995600	U	U	U	U
chr22	18997600	18997800	U	U	U	U
chr22	19001600	19001800	U	U	U	U
chr22	19016000	19016200	U	U	U	U
chr22	19018200	19018400	U	U	U	U
chr22	19018800	19019000	U	U	U	U
chr22	19025000	19025200	U	U	U	U
chr22	19026800	19027000	U	U	U	U
chr22	19029600	19029800	U	U	U	U
chr22	19030200	19030400	U	U	U	U
chr22	19031000	19031200	U	U	U	U
chr22	19037800	19038000	U	U	U	U
chr22	19038000	19038200	U	U	U	U
chr22	19040400	19040600	U	U	U	U
chr22	19040800	19041000	U	U	U	U
chr22	19041400	19041600	U	U	U	U
chr22	19041800	19042000	U	U	U	U
chr22	19043800	19044000	U	U	U	U
chr22	19048600	19048800	U	U	U	U
chr22	19055800	19056000	U	U	U	U
chr22	19056800	19057000	U	U	U	U
chr22	19058000	19058200	U	U	U	U
chr22	19059400	19059600	U	U	U	U
chr22	19059600	19059800	U	U	U	U
chr22	19060000	19060200	U	U	U	U
chr22	19060800	19061000	U	U	U	U
chr22	19061800	19062000	U	U	U	U
chr22	19062400	19062600	U	U	U	U
chr22	19064800	19065000	U	U	U	U
chr22	19065000	19065200	U	U	U	U
chr22	19065600	19065800	U	U	U	U
chr22	19066800	19067000	U	U	U	U
chr22	19085800	19086000	U	U	U	U
chr22	19088800	19089000	U	U	U	U
chr22	19098000	19098200	U	U	U	U
chr22	19105800	19106000	U	U	U	U
chr22	19107200	19107400	U	U	U	U
chr22	19107400	19107600	U	U	U	U
chr22	19111000	19111200	U	U	U	U
chr22	19114400	19114600	B	U	U	U
chr22	19114600	19114800	B	U	U	U
chr22	19116600	19116800	U	U	U	U
chr22	19120000	19120200	U	U	U	U
chr22	19120200	19120400	U	U	U	U
chr22	19125600	19125800	U	U	U	U
chr22	19126200	19126400	U	U	U	U
chr22	19126600	19126800	U	U	U	U
chr22	19131000	19131200	U	U	U	U
chr22	19131800	19132000	U	U	U	U
chr22	19133800	19134000	U	U	U	U
chr22	19134200	19134400	U	U	U	U
chr22	19134400	19134600	U	U	U	U
chr22	19138400	19138600	U	U	U	U
chr22	19142600	19142800	U	U	U	U
chr22	19147800	19148000	U	U	U	U
chr22	19148200	19148400	U	U	U	U
chr22	19149200	19149400	U	U	U	U
chr22	19151000	19151200	U	U	U	U
chr22	19169600	19169800	B	U	U	B
chr22	19171600	19171800	B	U	U	B
chr22	19172000	19172200	B	U	U	U
chr22	19174600	19174800	U	U	U	U
chr22	19175000	19175200	U	U	U	U
chr22	19180200	19180400	U	U	U	U
chr22	19184400	19184600	U	U	U	U
chr22	19184600	19184800	B	U	U	U
chr22	19184800	19185000	B	U	U	U
chr22	19185800	19186000	U	U	U	U
chr22	19186000	19186200	U	U	U	U
chr22	19195400	19195600	U	U	U	U
chr22	19199200	19199400	U	U	U	U
chr22	19199600	19199800	U	U	U	U
chr22	19201400	19201600	U	U	U	U
chr22	19206800	19207000	U	U	U	U
chr22	19208200	19208400	U	U	U	U
chr22	19209000	19209200	U	U	U	U
chr22	19209600	19209800	U	U	U	U
chr22	19215000	19215200	U	U	U	U
chr22	19216600	19216800	U	U	U	U
chr22	19222600	19222800	U	U	U	U
chr22	19225000	19225200	U	U	U	U
chr22	19226400	19226600	U	U	U	U
chr22	19231800	19232000	U	U	U	U
chr22	19234400	19234600	U	U	U	U
chr22	19238600	19238800	U	U	U	U
chr22	19239200	19239400	U	U	U	U
chr22	19239600	19239800	U	U	U	U
chr22	19242800	19243000	U	U	U	U
chr22	19243000	19243200	U	U	U	U
chr22	19244600	19244800	B	U	U	U
chr22	19257600	19257800	U	U	U	U
chr22	19258200	19258400	U	U	U	U
chr22	19279600	19279800	U	U	U	U
chr22	19285800	19286000	U	U	U	U
chr22	19331200	19331400	U	U	U	U
chr22	19351200	19351400	U	U	U	U
chr22	19351800	19352000	U	U	U	U
chr22	19355200	19355400	U	U	U	U
chr22	19356400	19356600	U	U	U	U
chr22	19356600	19356800	U	U	U	U
chr22	19356800	19357000	U	U	U	U
chr22	19358400	19358600	U	U	U	U
chr22	19359200	19359400	U	U	U	U
chr22	19360600	19360800	B	U	U	U
chr22	19361000	19361200	U	U	U	U
chr22	19361200	19361400	U	U	U	U
chr22	19361600	19361800	U	U	U	U
chr22	19368200	19368400	U	U	U	U
chr22	19368800	19369000	U	U	U	U
chr22	19371000	19371200	U	U	U	U
chr22	19374800	19375000	U	U	U	U
chr22	19375000	19375200	U	U	U	U
chr22	19375600	19375800	U	U	U	U
chr22	19376200	19376400	U	U	U	U
chr22	19377600	19377800	U	U	U	U
chr22	19386400	19386600	U	U	U	U
chr22	19386800	19387000	U	U	U	U
chr22	19387000	19387200	U	U	U	U
chr22	19388600	19388800	U	U	U	U
chr22	19392800	19393000	U	U	U	U
chr22	19394200	19394400	U	U	U	U
chr22	19396800	19397000	B	U	U	U
chr22	19398000	19398200	B	U	B	B
chr22	19400000	19400200	U	U	U	U
chr22	19407000	19407200	U	U	U	U
chr22	19407400	19407600	U	U	U	U
chr22	19409600	19409800	U	U	U	U
chr22	19410000	19410200	U	U	U	U
chr22	19410800	19411000	U	U	U	U
chr22	19411800	19412000	U	U	U	U
chr22	19424400	19424600	U	U	U	U
chr22	19426200	19426400	U	U	U	U
chr22	19426600	19426800	U	U	U	U
chr22	19430200	19430400	U	U	U	U
chr22	19434800	19435000	U	U	U	U
chr22	19435000	19435200	U	U	U	U
chr22	19435200	19435400	U	U	U	U
chr22	19435800	19436000	U	U	U	U
chr22	19443400	19443600	U	U	U	U
chr22	19444200	19444400	U	U	U	U
chr22	19444600	19444800	U	U	U	U
chr22	19447000	19447200	B	U	U	U
chr22	19447200	19447400	B	U	U	U
chr22	19450400	19450600	U	U	U	U
chr22	19450600	19450800	U	U	U	U
chr22	19454000	19454200	U	U	U	U
chr22	19455200	19455400	U	U	U	U
chr22	19456400	19456600	U	U	U	U
chr22	19456600	19456800	U	U	U	U
chr22	19465800	19466000	U	U	U	U
chr22	19467600	19467800	U	U	U	U
chr22	19468400	19468600	U	U	U	U
chr22	19470200	19470400	U	U	U	U
chr22	19472200	19472400	U	U	U	U
chr22	19480600	19480800	U	U	U	U
chr22	19482000	19482200	U	U	U	U
chr22	19496400	19496600	U	U	U	U
chr22	19496600	19496800	U	U	U	U
chr22	19497400	19497600	B	U	U	U
chr22	19498400	19498600	U	U	U	U
chr22	19498600	19498800	U	U	U	U
chr22	19499600	19499800	U	U	U	U
chr22	19500000	19500200	U	U	U	U
chr22	19505200	19505400	U	U	U	U
chr22	19507400	19507600	U	U	U	U
chr22	19517000	19517200	U	U	U	U
chr22	19520600	19520800	U	U	U	U
chr22	19523000	19523200	B	U	U	U
chr22	19525800	19526000	U	U	U	U
chr22	19526400	19526600	U	U	U	U
chr22	19526800	19527000	U	U	U	U
chr22	19528200	19528400	U	U	U	U
chr22	19544600	19544800	U	U	U	U
chr22	19555600	19555800	U	U	U	U
chr22	19560000	19560200	B	U	U	U
chr22	19569200	19569400	U	U	U	U
chr22	19571200	19571400	U	U	U	U
chr22	19574600	19574800	U	U	U	U
chr22	19578200	19578400	B	U	U	B
chr22	19579600	19579800	U	U	U	U
chr22	19587600	19587800	U	U	U	U
chr22	19589400	19589600	U	U	U	U
chr22	19590800	19591000	U	U	U	U
chr22	19595800	19596000	U	U	U	U
chr22	19596800	19597000	U	U	U	U
chr22	19597400	19597600	U	U	U	U
chr22	19598800	19599000	U	U	U	U
chr22	19604800	19605000	B	U	U	B
chr22	19605800	19606000	U	U	U	U
chr22	19610600	19610800	U	U	U	U
chr22	19611800	19612000	U	U	U	U
chr22	19615000	19615200	U	U	U	U
chr22	19615200	19615400	U	U	U	U
chr22	19621000	19621200	U	U	U	U
chr22	19625600	19625800	U	U	U	U
chr22	19627200	19627400	B	U	U	U
chr22	19627400	19627600	B	U	B	U
chr22	19629600	19629800	B	U	U	U
chr22	19638800	19639000	U	U	U	U
chr22	19641000	19641200	U	U	U	U
chr22	19645200	19645400	B	U	U	U
chr22	19657600	19657800	U	U	U	U
chr22	19657800	19658000	U	U	U	U
chr22	19658800	19659000	U	U	U	U
chr22	19659600	19659800	U	U	U	U
chr22	19663400	19663600	U	U	U	U
chr22	19663800	19664000	B	U	U	U
chr22	19666600	19666800	U	U	U	U
chr22	19666800	19667000	U	U	U	U
chr22	19674400	19674600	U	U	U	U
chr22	19678800	19679000	U	U	U	U
chr22	19687800	19688000	U	U	U	U
chr22	19688600	19688800	B	U	U	U
chr22	19689600	19689800	U	U	U	U
chr22	19702800	19703000	U	U	U	U
chr22	19707200	19707400	U	U	U	U
chr22	19707600	19707800	U	U	U	U
chr22	19708400	19708600	U	U	U	U
chr22	19709600	19709800	B	U	U	U
chr22	19711800	19712000	U	U	U	U
chr22	19715800	19716000	U	U	U	U
chr22	19716800	19717000	U	U	U	U
chr22	19718800	19719000	B	U	U	B
chr22	19720400	19720600	U	U	U	U
chr22	19721800	19722000	U	U	U	U
chr22	19722400	19722600	B	U	U	B
chr22	19722800	19723000	B	U	U	B
chr22	19723000	19723200	B	U	U	U
chr22	19728800	19729000	U	U	U	U
chr22	19729200	19729400	U	U	U	U
chr22	19729800	19730000	U	U	U	U
chr22	19730200	19730400	B	U	U	U
chr22	19731600	19731800	U	U	U	U
chr22	19732400	19732600	U	U	U	U
chr22	19732800	19733000	U	U	U	U
chr22	19733600	19733800	U	U	U	U
chr22	19734200	19734400	U	U	U	U
chr22	19735200	19735400	U	U	U	U
chr22	19743000	19743200	U	U	U	U
chr22	19744800	19745000	U	U	U	U
chr22	19750000	19750200	U	U	U	U
chr22	19752400	19752600	U	U	U	U
chr22	19755400	19755600	U	U	U	U
chr22	19756200	19756400	B	U	U	U
chr22	19759200	19759400	U	U	U	U
chr22	19761600	19761800	B	U	U	U
chr22	19762400	19762600	B	U	U	U
chr22	19762600	19762800	B	U	U	U
chr22	19762800	19763000	B	U	U	U
chr22	19763600	19763800	U	U	U	U
chr22	19764000	19764200	U	U	U	U
chr22	19764800	19765000	U	U	U	U
chr22	19765800	19766000	U	U	B	U
chr22	19772800	19773000	B	U	U	U
chr22	19776000	19776200	U	U	U	U
chr22	19776200	19776400	B	U	U	U
chr22	19783800	19784000	U	U	U	U
chr22	19784800	19785000	U	U	U	U
chr22	19788200	19788400	U	U	U	U
chr22	19797200	19797400	B	U	U	U
chr22	19801400	19801600	B	U	U	U
chr22	19802200	19802400	U	U	U	U
chr22	19803200	19803400	U	U	U	U
chr22	19803800	19804000	U	U	U	U
chr22	19804000	19804200	U	U	U	U
chr22	19804600	19804800	U	U	U	U
chr22	19806200	19806400	B	U	B	U
chr22	19808600	19808800	U	U	U	U
chr22	19810400	19810600	U	U	U	U
chr22	19810600	19810800	U	U	U	U
chr22	19811200	19811400	U	U	U	U
chr22	19819800	19820000	U	U	U	U
chr22	19820400	19820600	U	U	U	U
chr22	19823400	19823600	U	U	U	U
chr22	19841200	19841400	U	U	U	U
chr22	19842600	19842800	U	U	U	U
chr22	19842800	19843000	U	U	U	U
chr22	19843400	19843600	U	U	U	U
chr22	19844400	19844600	U	U	U	U
chr22	19845400	19845600	U	U	U	U
chr22	19847400	19847600	U	U	U	U
chr22	19853400	19853600	U	U	U	U
chr22	19855000	19855200	B	U	U	B
chr22	19855200	19855400	B	U	U	U
chr22	19856200	19856400	U	U	U	U
chr22	19872200	19872400	U	U	U	U
chr22	19874200	19874400	U	U	U	U
chr22	19874400	19874600	U	U	U	U
chr22	19875200	19875400	U	U	U	U
chr22	19876200	19876400	U	U	U	U
chr22	19877000	19877200	U	U	U	U
chr22	19877400	19877600	U	U	U	U
chr22	19878600	19878800	U	U	U	U
chr22	19880000	19880200	U	U	U	U
chr22	19880800	19881000	U	U	U	U
chr22	19881000	19881200	U	U	U	U
chr22	19883200	19883400	U	U	U	U
chr22	19885000	19885200	U	U	U	U
chr22	19885400	19885600	U	U	U	U
chr22	19888000	19888200	U	U	U	U
chr22	19888200	19888400	U	U	U	U
chr22	19888400	19888600	U	U	U	U
chr22	19888600	19888800	U	U	U	U
chr22	19890200	19890400	U	U	U	U
chr22	19890800	19891000	U	U	U	U
chr22	19895200	19895400	U	U	U	U
chr22	19896400	19896600	U	U	U	U
chr22	19897400	19897600	B	U	U	U
chr22	19898000	19898200	U	U	U	U
chr22	19900000	19900200	U	U	U	U
chr22	19904400	19904600	U	U	U	U
chr22	19905600	19905800	U	U	U	U
chr22	19906000	19906200	U	U	U	U
chr22	19910400	19910600	B	U	U	U
chr22	19911800	19912000	U	U	U	U
chr22	19912000	19912200	U	U	U	U
chr22	19916000	19916200	U	U	U	U
chr22	19918000	19918200	U	U	U	U
chr22	19919400	19919600	U	U	U	U
chr22	19930200	19930400	U	U	U	U
chr22	19931000	19931200	U	U	U	U
chr22	19932200	19932400	B	U	U	U
chr22	19951400	19951600	U	U	U	U
chr22	19954000	19954200	B	U	U	U
chr22	19955400	19955600	U	U	U	U
chr22	19959200	19959400	B	U	U	U
chr22	19960600	19960800	U	U	U	U
chr22	19960800	19961000	U	U	U	U
chr22	19962000	19962200	B	U	U	U
chr22	19963000	19963200	U	U	U	U
chr22	19965800	19966000	U	U	U	U
chr22	19967800	19968000	U	U	U	U
chr22	19968600	19968800	U	U	U	U
chr22	19971000	19971200	B	U	U	U
chr22	19972600	19972800	U	U	U	U
chr22	19973000	19973200	B	U	U	U
chr22	19973600	19973800	U	U	U	U
chr22	19974000	19974200	U	U	U	U
chr22	19978200	19978400	U	U	U	U
chr22	19979800	19980000	U	U	U	U
chr22	19981000	19981200	U	U	U	U
chr22	19982600	19982800	U	U	U	U
chr22	19984800	19985000	U	U	U	U
chr22	19986000	19986200	U	U	U	U
chr22	19987400	19987600	B	U	U	U
chr22	19990200	19990400	U	U	U	U
chr22	19992000	19992200	U	U	U	U
chr22	19992200	19992400	U	U	U	U
chr22	19995400	19995600	U	U	U	U
chr22	19996200	19996400	U	U	U	U
chr22	19997000	19997200	U	U	U	U
chr22	19997200	19997400	U	U	U	U
chr22	19998800	19999000	U	U	U	U
chr22	20012400	20012600	U	U	U	U
chr22	20015600	20015800	U	U	U	U
chr22	20016000	20016200	B	U	U	U
chr22	20017800	20018000	U	U	U	U
chr22	20019800	20020000	U	U	U	U
chr22	20022800	20023000	U	U	U	U
chr22	20023000	20023200	U	U	U	U
chr22	20024800	20025000	U	U	U	U
chr22	20026600	20026800	U	U	U	U
chr22	20028800	20029000	U	U	U	U
chr22	20029800	20030000	U	U	U	U
chr22	20031800	20032000	U	U	U	U
chr22	20033600	20033800	U	U	U	U
chr22	20034600	20034800	U	U	U	U
chr22	20034800	20035000	U	U	U	U
chr22	20035600	20035800	B	U	U	U
chr22	20036800	20037000	U	U	U	U
chr22	20040600	20040800	U	U	U	U
chr22	20044800	20045000	U	U	U	U
chr22	20054400	20054600	U	U	U	U
chr22	20055800	20056000	U	U	U	U
chr22	20056800	20057000	U	U	U	U
chr22	20062000	20062200	U	U	U	U
chr22	20062200	20062400	U	U	U	U
chr22	20062400	20062600	U	U	U	U
chr22	20063600	20063800	U	U	U	U
chr22	20064000	20064200	U	U	U	U
chr22	20066200	20066400	U	U	U	U
chr22	20080200	20080400	B	U	U	U
chr22	20084400	20084600	U	U	U	U
chr22	20085400	20085600	B	U	U	U
chr22	20090800	20091000	U	U	U	U
chr22	20091200	20091400	U	U	U	U
chr22	20104600	20104800	U	U	U	U
chr22	20105800	20106000	U	U	U	U
chr22	20106000	20106200	U	U	U	U
chr22	20107200	20107400	U	U	U	U
chr22	20107400	20107600	U	U	U	U
chr22	20107800	20108000	U	U	U	U
chr22	20109800	20110000	U	U	U	U
chr22	20114200	20114400	U	U	U	U
chr22	20114600	20114800	U	U	U	U
chr22	20115600	20115800	U	U	U	U
chr22	20117800	20118000	B	U	U	U
chr22	20118800	20119000	U	U	U	U
chr22	20120200	20120400	U	U	U	U
chr22	20125400	20125600	U	U	U	U
chr22	20126000	20126200	U	U	U	U
chr22	20127600	20127800	B	U	U	U
chr22	20129600	20129800	B	U	U	U
chr22	20130800	20131000	B	U	U	U
chr22	20131200	20131400	B	U	U	U
chr22	20134400	20134600	U	U	U	U
chr22	20134600	20134800	U	U	U	U
chr22	20138200	20138400	U	U	U	U
chr22	20138800	20139000	U	U	U	U
chr22	20139400	20139600	U	U	U	U
chr22	20139800	20140000	U	U	U	U
chr22	20140400	20140600	U	U	U	U
chr22	20141400	20141600	U	U	U	U
chr22	20142200	20142400	U	U	U	U
chr22	20143800	20144000	U	U	U	U
chr22	20147400	20147600	U	U	U	U
chr22	20149600	20149800	U	U	U	U
chr22	20159200	20159400	U	U	U	U
chr22	20159400	20159600	U	U	U	U
chr22	20161200	20161400	U	U	U	U
chr22	20165000	20165200	U	U	U	U
chr22	20165200	20165400	U	U	U	U
chr22	20165800	20166000	U	U	U	U
chr22	20171400	20171600	U	U	U	U
chr22	20173800	20174000	U	U	U	U
chr22	20174600	20174800	U	U	U	U
chr22	20175600	20175800	U	U	U	U
chr22	20179000	20179200	U	U	U	U
chr22	20181600	20181800	U	U	U	U
chr22	20181800	20182000	U	U	U	U
chr22	20182000	20182200	U	U	U	U
chr22	20185800	20186000	U	U	U	U
chr22	20187000	20187200	U	U	U	U
chr22	20191600	20191800	B	U	U	U
chr22	20192200	20192400	U	U	U	U
chr22	20198600	20198800	U	U	U	U
chr22	20200600	20200800	U	U	U	U
chr22	20200800	20201000	U	U	U	U
chr22	20202800	20203000	U	U	U	U
chr22	20204000	20204200	U	U	U	U
chr22	20205200	20205400	U	U	U	U
chr22	20208200	20208400	U	U	U	U
chr22	20208600	20208800	U	U	U	U
chr22	20209400	20209600	U	U	U	U
chr22	20209800	20210000	U	U	U	U
chr22	20210600	20210800	U	U	U	U
chr22	20211000	20211200	U	U	U	U
chr22	20211400	20211600	U	U	U	U
chr22	20211600	20211800	U	U	U	U
chr22	20213600	20213800	U	U	U	U
chr22	20215000	20215200	U	U	U	U
chr22	20215600	20215800	U	U	U	U
chr22	20219600	20219800	B	U	U	U
chr22	20221200	20221400	U	U	U	U
chr22	20223000	20223200	U	U	U	U
chr22	20224400	20224600	U	U	U	U
chr22	20227000	20227200	U	U	U	U
chr22	20228000	20228200	U	U	U	U
chr22	20228400	20228600	U	U	U	U
chr22	20228800	20229000	U	U	U	U
chr22	20230200	20230400	U	U	U	U
chr22	20231600	20231800	U	U	U	U
chr22	20232000	20232200	U	U	U	U
chr22	20232200	20232400	U	U	U	U
chr22	20232400	20232600	U	U	U	U
chr22	20232600	20232800	U	U	U	U
chr22	20236400	20236600	U	U	U	U
chr22	20237400	20237600	U	U	U	U
chr22	20237800	20238000	U	U	U	U
chr22	20241000	20241200	U	U	U	U
chr22	20241200	20241400	U	U	U	U
chr22	20242200	20242400	U	U	U	U
chr22	20242800	20243000	U	U	U	U
chr22	20244400	20244600	U	U	U	U
chr22	20245400	20245600	U	U	U	U
chr22	20247400	20247600	B	U	U	U
chr22	20249400	20249600	U	U	U	U
chr22	20250000	20250200	U	U	U	U
chr22	20253200	20253400	U	U	U	U
chr22	20255400	20255600	U	U	U	U
chr22	20256000	20256200	U	U	U	U
chr22	20260000	20260200	U	U	U	U
chr22	20260400	20260600	U	U	U	U
chr22	20261600	20261800	U	U	U	U
chr22	20261800	20262000	U	U	U	U
chr22	20262800	20263000	U	U	U	U
chr22	20263800	20264000	U	U	U	U
chr22	20267600	20267800	B	U	U	U
chr22	20269800	20270000	B	U	U	U
chr22	20271400	20271600	U	U	U	U
chr22	20272200	20272400	U	U	U	U
chr22	20273200	20273400	U	U	U	U
chr22	20274400	20274600	U	U	U	U
chr22	20277200	20277400	U	U	U	U
chr22	20278600	20278800	U	U	U	U
chr22	20279000	20279200	U	U	U	U
chr22	20279800	20280000	B	U	U	U
chr22	20281400	20281600	U	U	U	U
chr22	20282400	20282600	U	U	U	U
chr22	20282600	20282800	U	U	U	U
chr22	20283000	20283200	U	U	U	U
chr22	20283800	20284000	U	U	U	U
chr22	20284200	20284400	U	U	U	U
chr22	20285000	20285200	B	U	U	U
chr22	20286000	20286200	B	U	B	U
chr22	20290000	20290200	U	U	U	U
chr22	20292600	20292800	U	U	U	U
chr22	20293000	20293200	U	U	U	U
chr22	20297200	20297400	U	U	U	U
chr22	20297600	20297800	U	U	U	U
chr22	20297800	20298000	U	U	U	U
chr22	20300400	20300600	U	U	U	U
chr22	20303400	20303600	U	U	U	U
chr22	20303800	20304000	U	U	U	U
chr22	20304800	20305000	U	U	U	U
chr22	20306000	20306200	U	U	U	U
chr22	20306600	20306800	U	U	U	U
chr22	20308200	20308400	U	U	U	U
chr22	20309000	20309200	U	U	U	U
chr22	20309200	20309400	U	U	U	U
chr22	20315400	20315600	U	U	U	U
chr22	20316000	20316200	U	U	U	U
chr22	20317400	20317600	U	U	U	U
chr22	20319400	20319600	B	U	U	B
chr22	20322400	20322600	U	U	U	U
chr22	20332400	20332600	U	U	U	U
chr22	20339600	20339800	U	U	U	U
chr22	20339800	20340000	U	U	U	U
chr22	20340000	20340200	U	U	U	U
chr22	20341200	20341400	U	U	U	U
chr22	20342400	20342600	U	U	U	U
chr22	20343400	20343600	U	U	U	U
chr22	20349000	20349200	U	U	U	U
chr22	20349400	20349600	U	U	U	U
chr22	20351600	20351800	U	U	U	U
chr22	20353400	20353600	U	U	U	U
chr22	20363800	20364000	U	U	U	U
chr22	20375400	20375600	U	U	U	U
chr22	20390400	20390600	U	U	U	U
chr22	20396600	20396800	U	U	U	U
chr22	20405000	20405200	U	U	U	U
chr22	20407800	20408000	U	U	U	U
chr22	20423200	20423400	U	U	U	U
chr22	20423400	20423600	U	U	U	U
chr22	20425600	20425800	U	U	U	U
chr22	20432000	20432200	U	U	U	U
chr22	20433200	20433400	U	U	U	U
chr22	20434400	20434600	U	U	U	U
chr22	20438600	20438800	U	U	U	U
chr22	20440400	20440600	U	U	U	U
chr22	20441800	20442000	U	U	U	U
chr22	20442000	20442200	U	U	U	U
chr22	20446400	20446600	U	U	U	U
chr22	20447000	20447200	U	U	U	U
chr22	20450800	20451000	U	U	U	U
chr22	20451600	20451800	U	U	U	U
chr22	20452000	20452200	U	U	U	U
chr22	20452400	20452600	U	U	U	U
chr22	20452600	20452800	U	U	U	U
chr22	20468000	20468200	U	U	U	U
chr22	20468200	20468400	U	U	U	U
chr22	20469000	20469200	B	U	U	U
chr22	20471200	20471400	U	U	U	U
chr22	20471600	20471800	U	U	U	U
chr22	20486400	20486600	U	U	U	U
chr22	20489200	20489400	U	U	U	U
chr22	20492000	20492200	U	U	U	U
chr22	20492200	20492400	U	U	U	U
chr22	20506600	20506800	U	U	U	U
chr22	20508000	20508200	B	U	U	B
chr22	20509800	20510000	U	U	U	U
chr22	20517600	20517800	U	U	U	U
chr22	20518400	20518600	U	U	U	U
chr22	20520200	20520400	U	U	U	U
chr22	20520400	20520600	U	U	U	U
chr22	20524200	20524400	U	U	U	B
chr22	20532200	20532400	B	U	U	U
chr22	20533800	20534000	U	U	U	U
chr22	20536400	20536600	U	U	U	U
chr22	20536800	20537000	U	U	U	U
chr22	20545600	20545800	B	U	U	U
chr22	20550200	20550400	U	U	U	U
chr22	20554000	20554200	U	U	U	U
chr22	20554200	20554400	U	U	U	U
chr22	20554600	20554800	U	U	U	U
chr22	20557200	20557400	B	U	U	B
chr22	20557400	20557600	B	U	U	B
chr22	20565800	20566000	U	U	U	U
chr22	20567200	20567400	U	U	U	U
chr22	20572200	20572400	U	U	U	U
chr22	20572400	20572600	U	U	U	U
chr22	20574800	20575000	U	U	U	U
chr22	20575200	20575400	U	U	U	U
chr22	20576600	20576800	U	U	U	U
chr22	20578600	20578800	U	U	U	U
chr22	20582400	20582600	U	U	U	U
chr22	20587600	20587800	B	U	U	U
chr22	20588800	20589000	B	U	B	U
chr22	20589400	20589600	U	U	U	U
chr22	20590000	20590200	U	U	U	U
chr22	20600200	20600400	U	U	U	U
chr22	20609200	20609400	U	U	U	U
chr22	20609400	20609600	U	U	U	U
chr22	20613200	20613400	U	U	U	U
chr22	20613400	20613600	U	U	U	U
chr22	20616200	20616400	U	U	U	U
chr22	20621000	20621200	U	U	U	U
chr22	20622600	20622800	U	U	U	U
chr22	20631400	20631600	U	U	U	U
chr22	20632400	20632600	U	U	U	U
chr22	20638800	20639000	U	U	U	U
chr22	20642600	20642800	B	U	B	U
chr22	20650000	20650200	U	U	U	U
chr22	20652800	20653000	U	U	U	U
chr22	20654000	20654200	U	U	U	U
chr22	20667000	20667200	U	U	U	U
chr22	20668000	20668200	U	U	U	U
chr22	20669600	20669800	U	U	U	U
chr22	20669800	20670000	U	U	U	U
chr22	20672600	20672800	U	U	U	U
chr22	20672800	20673000	U	U	U	U
chr22	20673800	20674000	U	U	U	U
chr22	20674400	20674600	U	U	U	U
chr22	20689400	20689600	U	U	U	U
chr22	20694200	20694400	U	U	U	U
chr22	20696200	20696400	U	U	U	U
chr22	20697800	20698000	U	U	B	U
chr22	20707200	20707400	U	U	U	U
chr22	20710400	20710600	U	U	U	U
chr22	20711400	20711600	U	U	U	U
chr22	20716400	20716600	U	U	U	U
chr22	20717200	20717400	U	U	U	U
chr22	20718000	20718200	U	U	U	U
chr22	20718200	20718400	U	U	U	U
chr22	20727000	20727200	U	U	U	U
chr22	20727200	20727400	U	U	U	U
chr22	20728400	20728600	U	U	U	U
chr22	20728600	20728800	U	U	U	U
chr22	20729000	20729200	U	U	U	U
chr22	20733200	20733400	U	U	U	U
chr22	20735600	20735800	U	U	U	U
chr22	20738400	20738600	U	U	U	U
chr22	20744400	20744600	U	U	U	U
chr22	20744800	20745000	U	U	U	U
chr22	20746800	20747000	U	U	U	U
chr22	20747000	20747200	U	U	U	U
chr22	20756000	20756200	U	U	U	U
chr22	20761000	20761200	U	U	U	U
chr22	20762000	20762200	U	U	U	U
chr22	20762600	20762800	U	U	U	U
chr22	20764400	20764600	U	U	U	U
chr22	20768800	20769000	B	U	U	U
chr22	20773800	20774000	U	U	U	U
chr22	20776800	20777000	U	U	U	B
chr22	20778600	20778800	U	U	U	U
chr22	20778800	20779000	U	U	U	U
chr22	20779200	20779400	U	U	U	U
chr22	20779400	20779600	U	U	U	U
chr22	20779800	20780000	U	U	U	U
chr22	20781200	20781400	U	U	U	U
chr22	20782000	20782200	U	U	U	U
chr22	20785600	20785800	U	U	U	U
chr22	20786400	20786600	U	U	U	U
chr22	20788400	20788600	U	U	U	U
chr22	20792800	20793000	U	U	U	U
chr22	20796000	20796200	U	U	U	U
chr22	20798400	20798600	U	U	U	U
chr22	20798800	20799000	U	U	U	U
chr22	20799600	20799800	U	U	U	U
chr22	20800000	20800200	U	U	U	U
chr22	20809800	20810000	U	U	U	U
chr22	20813400	20813600	U	U	U	U
chr22	20818600	20818800	U	U	U	U
chr22	20820000	20820200	U	U	U	U
chr22	20834400	20834600	U	U	U	U
chr22	20836400	20836600	U	U	U	U
chr22	20837600	20837800	U	U	U	U
chr22	20841400	20841600	U	U	U	U
chr22	20858400	20858600	B	U	U	U
chr22	20865400	20865600	U	U	U	U
chr22	20870200	20870400	U	U	U	U
chr22	20870400	20870600	U	U	U	U
chr22	20870600	20870800	U	U	U	U
chr22	20874600	20874800	U	U	U	U
chr22	20874800	20875000	U	U	U	U
chr22	20875200	20875400	U	U	U	U
chr22	20878000	20878200	U	U	U	U
chr22	20882600	20882800	U	U	U	U
chr22	20883200	20883400	U	U	U	U
chr22	20887600	20887800	U	U	U	U
chr22	20888400	20888600	U	U	U	U
chr22	20889600	20889800	U	U	U	U
chr22	20918000	20918200	B	U	U	U
chr22	20918200	20918400	B	U	U	U
chr22	20919200	20919400	U	U	U	U
chr22	20925600	20925800	U	U	U	U
chr22	20930000	20930200	U	U	U	U
chr22	20933800	20934000	U	U	U	U
chr22	20946200	20946400	U	U	U	U
chr22	20948800	20949000	U	U	U	U
chr22	20949800	20950000	U	U	U	U
chr22	20951600	20951800	U	U	U	U
chr22	20951800	20952000	U	U	U	U
chr22	20952600	20952800	U	U	U	U
chr22	20954200	20954400	B	U	U	U
chr22	20956200	20956400	U	U	B	U
chr22	20964600	20964800	U	U	U	U
chr22	20966000	20966200	U	U	U	U
chr22	20971400	20971600	U	U	U	U
chr22	20973600	20973800	U	U	U	U
chr22	20976200	20976400	U	U	U	U
chr22	20976400	20976600	U	U	U	U
chr22	20976600	20976800	U	U	U	U
chr22	20979000	20979200	U	U	U	U
chr22	20979600	20979800	U	U	U	U
chr22	20980400	20980600	U	U	U	U
chr22	20980600	20980800	U	U	U	U
chr22	20985600	20985800	U	U	U	U
chr22	20988000	20988200	U	U	U	U
chr22	20990000	20990200	U	U	U	U
chr22	20990200	20990400	U	U	U	U
chr22	20990400	20990600	U	U	U	U
chr22	20990800	20991000	U	U	U	U
chr22	20991600	20991800	U	U	U	U
chr22	20992600	20992800	U	U	U	U
chr22	20994600	20994800	U	U	U	U
chr22	20995800	20996000	U	U	U	U
chr22	21000200	21000400	U	U	U	U
chr22	21007400	21007600	U	U	U	U
chr22	21009200	21009400	U	U	U	U
chr22	21009400	21009600	U	U	U	U
chr22	21009600	21009800	B	U	U	B
chr22	21009800	21010000	B	U	U	B
chr22	21013000	21013200	U	U	U	U
chr22	21016000	21016200	U	U	U	U
chr22	21023400	21023600	U	U	U	U
chr22	21026200	21026400	U	U	B	U
chr22	21027400	21027600	U	U	U	U
chr22	21028800	21029000	U	U	U	U
chr22	21029800	21030000	U	U	U	U
chr22	21030600	21030800	U	U	U	U
chr22	21031000	21031200	U	U	U	U
chr22	21032000	21032200	B	U	U	U
chr22	21032600	21032800	B	U	U	U
chr22	21033000	21033200	B	U	U	U
chr22	21033600	21033800	U	U	U	U
chr22	21043000	21043200	U	U	U	U
chr22	21043200	21043400	U	U	U	U
chr22	21044000	21044200	U	U	U	U
chr22	21052400	21052600	U	U	U	U
chr22	21053400	21053600	U	U	U	U
chr22	21054400	21054600	U	U	U	U
chr22	21055800	21056000	B	U	U	U
chr22	21065800	21066000	U	U	U	U
chr22	21067400	21067600	U	U	U	U
chr22	21068000	21068200	U	U	U	U
chr22	21068200	21068400	U	U	U	U
chr22	21069200	21069400	U	U	U	U
chr22	21071000	21071200	U	U	U	U
chr22	21074200	21074400	B	U	U	U
chr22	21078000	21078200	B	U	U	U
chr22	21078800	21079000	B	U	U	U
chr22	21079200	21079400	B	U	U	U
chr22	21084000	21084200	U	U	U	U
chr22	21095400	21095600	U	U	U	U
chr22	21102600	21102800	B	U	U	U
chr22	21112200	21112400	U	U	U	U
chr22	21114000	21114200	U	U	U	U
chr22	21114800	21115000	U	U	U	U
chr22	21115200	21115400	U	U	U	U
chr22	21115800	21116000	U	U	U	U
chr22	21116200	21116400	U	U	U	U
chr22	21119800	21120000	U	U	U	U
chr22	21121200	21121400	U	U	U	U
chr22	21122400	21122600	U	U	U	U
chr22	21126400	21126600	U	U	U	U
chr22	21130600	21130800	U	U	U	U
chr22	21134800	21135000	U	U	U	U
chr22	21137200	21137400	U	U	U	U
chr22	21141200	21141400	U	U	U	U
chr22	21141800	21142000	U	U	U	U
chr22	21143200	21143400	U	U	U	U
chr22	21144000	21144200	U	U	U	U
chr22	21144800	21145000	U	U	U	U
chr22	21147000	21147200	U	U	U	U
chr22	21148200	21148400	U	U	U	U
chr22	21148400	21148600	U	U	U	U
chr22	21148800	21149000	U	U	U	U
chr22	21151000	21151200	U	U	U	U
chr22	21160000	21160200	U	U	U	U
chr22	21168600	21168800	U	U	U	U
chr22	21168800	21169000	U	U	U	U
chr22	21169600	21169800	U	U	U	U
chr22	21171400	21171600	U	U	U	U
chr22	21173200	21173400	U	U	U	U
chr22	21176000	21176200	U	U	U	U
chr22	21177600	21177800	U	U	U	U
chr22	21178200	21178400	U	U	U	U
chr22	21179600	21179800	U	U	U	U
chr22	21185800	21186000	U	U	U	U
chr22	21186800	21187000	U	U	U	U
chr22	21187400	21187600	U	U	U	U
chr22	21187600	21187800	U	U	U	U
chr22	21189000	21189200	U	U	U	U
chr22	21190600	21190800	U	U	U	U
chr22	21193400	21193600	U	U	U	U
chr22	21201600	21201800	U	U	U	U
chr22	21203400	21203600	U	U	U	U
chr22	21204200	21204400	U	U	U	U
chr22	21204800	21205000	U	U	U	U
chr22	21207400	21207600	U	U	U	U
chr22	21207600	21207800	U	U	U	U
chr22	21208000	21208200	U	U	U	U
chr22	21208800	21209000	U	U	U	U
chr22	21209400	21209600	U	U	U	U
chr22	21212400	21212600	U	U	U	U
chr22	21212600	21212800	U	U	U	U
chr22	21218000	21218200	U	U	U	U
chr22	21228000	21228200	U	U	U	U
chr22	21229000	21229200	U	U	U	U
chr22	21230800	21231000	U	U	U	U
chr22	21240400	21240600	U	U	U	U
chr22	21242400	21242600	U	U	U	U
chr22	21244200	21244400	U	U	U	U
chr22	21244400	21244600	U	U	U	U
chr22	21244600	21244800	U	U	U	U
chr22	21249400	21249600	U	U	U	U
chr22	21249600	21249800	U	U	U	U
chr22	21250600	21250800	U	U	U	U
chr22	21251800	21252000	U	U	U	U
chr22	21255000	21255200	U	U	U	U
chr22	21256000	21256200	U	U	U	U
chr22	21257200	21257400	U	U	U	U
chr22	21263200	21263400	U	U	U	U
chr22	21263400	21263600	U	U	U	U
chr22	21265600	21265800	U	U	U	U
chr22	21266000	21266200	U	U	U	U
chr22	21266400	21266600	U	U	U	U
chr22	21267200	21267400	U	U	U	U
chr22	21268400	21268600	U	U	U	U
chr22	21268600	21268800	U	U	U	U
chr22	21274000	21274200	U	U	U	U
chr22	21277600	21277800	U	U	U	U
chr22	21284400	21284600	U	U	U	U
chr22	21288200	21288400	U	U	U	U
chr22	21288600	21288800	U	U	U	U
chr22	21288800	21289000	U	U	U	U
chr22	21289000	21289200	U	U	U	U
chr22	21289600	21289800	U	U	U	U
chr22	21292000	21292200	U	U	U	U
chr22	21294600	21294800	U	U	U	U
chr22	21295600	21295800	U	U	U	U
chr22	21296400	21296600	U	U	U	U
chr22	21305400	21305600	U	U	U	U
chr22	21305800	21306000	U	U	U	U
chr22	21306200	21306400	U	U	U	U
chr22	21306400	21306600	U	U	U	U
chr22	21310200	21310400	U	U	U	U
chr22	21311800	21312000	U	U	U	U
chr22	21312200	21312400	U	U	U	U
chr22	21314800	21315000	U	U	U	U
chr22	21319200	21319400	U	U	U	U
chr22	21319400	21319600	U	U	U	U
chr22	21322200	21322400	U	U	U	U
chr22	21322400	21322600	U	U	U	U
chr22	21322800	21323000	U	U	U	U
chr22	21323600	21323800	U	U	U	U
chr22	21323800	21324000	U	U	U	U
chr22	21342000	21342200	U	U	U	U
chr22	21342200	21342400	U	U	U	U
chr22	21344000	21344200	U	U	U	U
chr22	21345400	21345600	U	U	U	U
chr22	21353600	21353800	U	U	U	U
chr22	21355200	21355400	U	U	U	U
chr22	21360000	21360200	U	U	U	U
chr22	21361200	21361400	U	U	U	U
chr22	21362400	21362600	B	U	U	U
chr22	21362600	21362800	B	U	U	U
chr22	21363600	21363800	B	U	U	U
chr22	21364600	21364800	U	U	U	U
chr22	21365600	21365800	U	U	U	U
chr22	21369200	21369400	U	U	U	U
chr22	21369400	21369600	U	U	U	U
chr22	21371200	21371400	U	U	U	U
chr22	21371400	21371600	U	U	U	U
chr22	21371600	21371800	U	U	U	U
chr22	21373800	21374000	U	U	U	U
chr22	21383400	21383600	U	U	U	U
chr22	21383800	21384000	B	U	U	U
chr22	21386200	21386400	U	U	U	U
chr22	21386600	21386800	U	U	U	U
chr22	21386800	21387000	U	U	U	U
chr22	21387000	21387200	U	U	U	U
chr22	21387200	21387400	U	U	U	U
chr22	21388200	21388400	U	U	U	U
chr22	21388800	21389000	U	U	U	U
chr22	21389800	21390000	B	U	U	U
chr22	21401200	21401400	U	U	U	U
chr22	21401400	21401600	U	U	U	U
chr22	21402000	21402200	U	U	U	U
chr22	21403200	21403400	B	U	U	U
chr22	21405200	21405400	U	U	U	U
chr22	21416800	21417000	B	U	U	U
chr22	21417400	21417600	B	U	U	U
chr22	21420800	21421000	U	U	U	U
chr22	21421000	21421200	U	U	U	U
chr22	21421400	21421600	U	U	U	U
chr22	21423200	21423400	U	U	U	U
chr22	21424000	21424200	B	U	U	U
chr22	21429200	21429400	U	U	U	U
chr22	21429800	21430000	U	U	U	U
chr22	21430000	21430200	U	U	U	U
chr22	21435000	21435200	B	U	U	U
chr22	21437600	21437800	B	U	U	U
chr22	21437800	21438000	B	U	U	U
chr22	21438000	21438200	B	U	U	U
chr22	21438400	21438600	B	U	U	U
chr22	21438800	21439000	U	U	U	U
chr22	21439000	21439200	U	U	U	U
chr22	21440000	21440200	U	U	U	U
chr22	21441400	21441600	U	U	U	U
chr22	21442400	21442600	U	U	U	U
chr22	21443200	21443400	U	U	U	U
chr22	21445800	21446000	U	U	U	U
chr22	21448800	21449000	U	U	U	U
chr22	21451800	21452000	U	U	U	U
chr22	21455400	21455600	U	U	U	U
chr22	21455600	21455800	U	U	U	U
chr22	21455800	21456000	U	U	U	U
chr22	21468200	21468400	B	U	U	U
chr22	21472800	21473000	U	U	U	U
chr22	21473000	21473200	U	U	U	U
chr22	21473600	21473800	U	U	U	U
chr22	21474400	21474600	U	U	U	U
chr22	21474600	21474800	U	U	U	U
chr22	21474800	21475000	U	U	U	U
chr22	21476200	21476400	U	U	U	U
chr22	21478600	21478800	U	U	U	U
chr22	21482600	21482800	U	U	U	U
chr22	21483400	21483600	U	U	U	U
chr22	21487000	21487200	U	U	U	U
chr22	21487800	21488000	U	U	U	U
chr22	21489400	21489600	U	U	U	U
chr22	21492400	21492600	U	U	U	U
chr22	21493400	21493600	U	U	U	U
chr22	21494200	21494400	U	U	U	U
chr22	21494400	21494600	U	U	U	U
chr22	21495800	21496000	U	U	U	U
chr22	21496200	21496400	U	U	U	U
chr22	21498600	21498800	B	U	U	U
chr22	21510600	21510800	B	U	U	U
chr22	21510800	21511000	B	U	U	U
chr22	21511600	21511800	B	U	U	U
chr22	21511800	21512000	B	U	U	U
chr22	21513000	21513200	U	U	U	U
chr22	21515600	21515800	U	U	U	U
chr22	21532200	21532400	U	U	U	U
chr22	21532800	21533000	U	U	U	U
chr22	21533000	21533200	U	U	U	U
chr22	21534400	21534600	B	U	U	U
chr22	21543200	21543400	U	U	U	U
chr22	21544800	21545000	B	U	U	U
chr22	21547400	21547600	U	U	U	U
chr22	21548600	21548800	U	U	U	U
chr22	21549600	21549800	B	U	U	U
chr22	21551600	21551800	U	U	U	U
chr22	21560000	21560200	B	U	U	U
chr22	21570600	21570800	U	U	U	U
chr22	21580000	21580200	B	U	U	U
chr22	21583200	21583400	B	U	U	U
chr22	21587600	21587800	B	U	U	U
chr22	21591800	21592000	U	U	U	U
chr22	21593400	21593600	U	U	U	U
chr22	21595600	21595800	U	U	U	U
chr22	21599200	21599400	U	U	U	U
chr22	21599800	21600000	U	U	U	U
chr22	21611600	21611800	U	U	U	U
chr22	21623200	21623400	U	U	U	U
chr22	21624800	21625000	U	U	U	U
chr22	21625000	21625200	U	U	U	U
chr22	21626800	21627000	U	U	U	B
chr22	21629000	21629200	B	U	U	U
chr22	21633000	21633200	U	U	U	U
chr22	21634200	21634400	U	U	U	U
chr22	21634800	21635000	U	U	U	U
chr22	21635200	21635400	U	U	U	U
chr22	21635400	21635600	U	U	U	U
chr22	21635600	21635800	U	U	U	U
chr22	21635800	21636000	U	U	U	U
chr22	21653400	21653600	U	U	U	U
chr22	21653600	21653800	U	U	U	U
chr22	21654200	21654400	U	U	U	U
chr22	21657200	21657400	B	U	U	U
chr22	21661200	21661400	U	U	U	U
chr22	21674000	21674200	B	U	U	U
chr22	21674800	21675000	U	U	U	U
chr22	21681800	21682000	U	U	U	U
chr22	21682600	21682800	U	U	U	U
chr22	21688400	21688600	U	U	U	U
chr22	21688800	21689000	U	U	U	U
chr22	21689000	21689200	U	U	U	U
chr22	21690400	21690600	U	U	U	U
chr22	21693600	21693800	U	U	U	U
chr22	21693800	21694000	U	U	U	U
chr22	21695000	21695200	U	U	U	U
chr22	21696600	21696800	U	U	U	U
chr22	21696800	21697000	U	U	U	U
chr22	21700000	21700200	U	U	U	U
chr22	21710400	21710600	U	U	U	U
chr22	21714400	21714600	U	U	U	U
chr22	21719400	21719600	U	U	U	U
chr22	21726200	21726400	B	U	U	U
chr22	21727800	21728000	U	U	U	U
chr22	21732200	21732400	U	U	U	U
chr22	21755800	21756000	B	U	U	U
chr22	21756000	21756200	B	U	U	U
chr22	21757000	21757200	U	U	U	U
chr22	21757200	21757400	U	U	U	U
chr22	21757400	21757600	U	U	U	U
chr22	21758200	21758400	U	U	U	U
chr22	21759200	21759400	U	U	U	U
chr22	21762400	21762600	U	U	U	U
chr22	21764200	21764400	U	U	U	U
chr22	21769000	21769200	U	U	U	U
chr22	21771800	21772000	U	U	U	U
chr22	21772200	21772400	U	U	U	U
chr22	21773600	21773800	U	U	U	U
chr22	21774000	21774200	U	U	U	U
chr22	21786200	21786400	U	U	U	U
chr22	21788600	21788800	U	U	U	U
chr22	21796800	21797000	U	U	U	U
chr22	21797400	21797600	U	U	U	U
chr22	21798000	21798200	U	U	U	U
chr22	21800000	21800200	U	U	U	U
chr22	21800400	21800600	U	U	U	U
chr22	21800600	21800800	U	U	U	U
chr22	21801800	21802000	U	U	U	U
chr22	21807800	21808000	U	U	U	U
chr22	21809400	21809600	U	U	U	U
chr22	21817000	21817200	B	U	U	U
chr22	21818600	21818800	B	U	U	U
chr22	21819200	21819400	B	U	U	U
chr22	21819400	21819600	B	U	U	U
chr22	21821200	21821400	U	U	U	U
chr22	21827400	21827600	U	U	U	U
chr22	21828400	21828600	U	U	U	U
chr22	21833000	21833200	U	U	U	U
chr22	21837200	21837400	B	U	U	U
chr22	21846400	21846600	U	U	U	U
chr22	21860600	21860800	U	U	U	U
chr22	21861800	21862000	B	U	U	U
chr22	21864600	21864800	U	U	U	U
chr22	21867200	21867400	B	U	U	U
chr22	21868800	21869000	U	U	U	U
chr22	21916400	21916600	B	U	U	U
chr22	21916600	21916800	B	U	U	U
chr22	21920000	21920200	B	U	U	U
chr22	21921800	21922000	U	U	U	U
chr22	21924000	21924200	U	U	U	U
chr22	21927400	21927600	B	U	U	U
chr22	21928200	21928400	B	U	U	U
chr22	21929000	21929200	U	U	U	U
chr22	21929200	21929400	U	U	U	U
chr22	21929800	21930000	U	U	U	U
chr22	21930600	21930800	U	U	U	U
chr22	21942800	21943000	U	U	U	U
chr22	21943800	21944000	U	U	U	U
chr22	21948600	21948800	U	U	U	U
chr22	21948800	21949000	U	U	U	U
chr22	21952600	21952800	B	U	U	B
chr22	21955400	21955600	U	U	U	U
chr22	21956400	21956600	U	U	U	U
chr22	21957800	21958000	U	U	U	U
chr22	21958400	21958600	U	U	U	U
chr22	21958600	21958800	U	U	U	U
chr22	21959200	21959400	B	U	U	U
chr22	21960800	21961000	B	U	U	U
chr22	21962000	21962200	B	U	U	U
chr22	21962600	21962800	U	U	U	U
chr22	21964400	21964600	U	U	U	U
chr22	21964600	21964800	U	U	U	U
chr22	21966600	21966800	U	U	U	U
chr22	21970600	21970800	U	U	U	U
chr22	21988200	21988400	U	U	U	B
chr22	21988600	21988800	U	U	U	U
chr22	21991200	21991400	U	U	U	U
chr22	21994200	21994400	U	U	U	U
chr22	21994600	21994800	U	U	U	U
chr22	21994800	21995000	U	U	U	U
chr22	21995400	21995600	U	U	U	U
chr22	22022800	22023000	B	U	U	U
chr22	22025200	22025400	U	U	U	U
chr22	22025600	22025800	B	U	U	U
chr22	22026000	22026200	B	U	U	U
chr22	22029800	22030000	U	U	U	U
chr22	22031400	22031600	B	U	U	U
chr22	22034000	22034200	U	U	U	U
chr22	22034200	22034400	U	U	U	U
chr22	22036200	22036400	U	U	U	U
chr22	22036600	22036800	U	U	U	U
chr22	22037200	22037400	U	U	U	U
chr22	22038600	22038800	U	U	U	U
chr22	22038800	22039000	U	U	U	U
chr22	22039000	22039200	U	U	U	U
chr22	22040200	22040400	U	U	U	U
chr22	22042200	22042400	U	U	U	U
chr22	22043000	22043200	B	U	U	U
chr22	22044800	22045000	U	U	U	U
chr22	22046000	22046200	U	U	U	U
chr22	22047200	22047400	U	U	U	U
chr22	22060800	22061000	B	U	U	B
chr22	22067000	22067200	U	U	U	U
chr22	22067200	22067400	U	U	U	U
chr22	22067400	22067600	U	U	U	U
chr22	22068800	22069000	U	U	U	U
chr22	22070000	22070200	B	U	U	U
chr22	22070200	22070400	B	U	U	U
chr22	22070800	22071000	B	U	U	U
chr22	22073000	22073200	U	U	U	U
chr22	22074200	22074400	U	U	U	U
chr22	22080000	22080200	U	U	U	U
chr22	22080200	22080400	U	U	U	U
chr22	22081800	22082000	U	U	U	U
chr22	22086200	22086400	B	U	U	U
chr22	22086400	22086600	B	U	U	U
chr22	22086800	22087000	B	U	U	U
chr22	22087200	22087400	B	U	U	U
chr22	22098200	22098400	U	U	U	U
chr22	22098400	22098600	U	U	U	U
chr22	22098600	22098800	U	U	U	U
chr22	22099200	22099400	U	U	U	U
chr22	22100200	22100400	B	U	U	U
chr22	22100800	22101000	U	U	U	U
chr22	22101000	22101200	U	U	U	U
chr22	22102200	22102400	U	U	U	U
chr22	22103000	22103200	B	U	U	U
chr22	22103600	22103800	U	U	U	U
chr22	22111000	22111200	B	U	U	U
chr22	22115000	22115200	U	U	U	U
chr22	22117200	22117400	U	U	U	U
chr22	22118400	22118600	U	U	U	U
chr22	22120400	22120600	U	U	U	U
chr22	22121200	22121400	U	U	U	U
chr22	22121400	22121600	U	U	U	U
chr22	22127200	22127400	U	U	U	U
chr22	22129800	22130000	U	U	U	U
chr22	22130200	22130400	U	U	U	U
chr22	22132200	22132400	U	U	U	U
chr22	22141000	22141200	B	U	U	U
chr22	22143200	22143400	U	U	U	U
chr22	22143400	22143600	U	U	U	U
chr22	22149400	22149600	U	U	U	U
chr22	22154000	22154200	U	U	U	U
chr22	22154800	22155000	U	U	U	U
chr22	22155600	22155800	U	U	U	U
chr22	22156200	22156400	U	U	U	U
chr22	22157200	22157400	B	U	U	B
chr22	22157800	22158000	U	U	U	U
chr22	22158800	22159000	U	U	U	U
chr22	22159600	22159800	U	U	U	U
chr22	22161800	22162000	B	U	U	U
chr22	22162000	22162200	B	U	U	U
chr22	22162600	22162800	B	U	U	U
chr22	22162800	22163000	U	U	U	U
chr22	22163000	22163200	U	U	U	U
chr22	22163200	22163400	U	U	U	U
chr22	22166000	22166200	U	U	U	U
chr22	22166400	22166600	U	U	U	U
chr22	22167600	22167800	U	U	U	U
chr22	22168400	22168600	B	U	B	U
chr22	22169600	22169800	U	U	B	U
chr22	22177200	22177400	U	U	U	U
chr22	22178600	22178800	U	U	U	U
chr22	22179200	22179400	U	U	U	U
chr22	22181600	22181800	B	U	U	U
chr22	22182800	22183000	U	U	U	U
chr22	22183400	22183600	U	U	U	U
chr22	22186000	22186200	B	U	U	U
chr22	22199000	22199200	U	U	U	U
chr22	22199800	22200000	U	U	U	U
chr22	22202000	22202200	B	U	U	U
chr22	22203400	22203600	U	U	U	U
chr22	22203600	22203800	U	U	U	U
chr22	22204600	22204800	U	U	U	U
chr22	22205600	22205800	U	U	U	U
chr22	22205800	22206000	U	U	U	U
chr22	22207400	22207600	U	U	U	U
chr22	22212600	22212800	U	U	U	U
chr22	22214400	22214600	B	U	U	U
chr22	22215800	22216000	U	U	U	U
chr22	22216000	22216200	U	U	U	U
chr22	22220200	22220400	U	U	U	U
chr22	22221000	22221200	U	U	U	U
chr22	22221400	22221600	U	U	U	U
chr22	22222000	22222200	U	U	U	U
chr22	22228800	22229000	U	U	U	U
chr22	22229200	22229400	U	U	U	U
chr22	22230000	22230200	U	U	U	U
chr22	22230200	22230400	U	U	U	U
chr22	22230400	22230600	U	U	U	U
chr22	22234200	22234400	U	U	U	U
chr22	22246800	22247000	U	U	U	U
chr22	22253000	22253200	U	U	U	U
chr22	22254000	22254200	U	U	U	U
chr22	22254600	22254800	U	U	U	U
chr22	22255000	22255200	U	U	U	U
chr22	22257200	22257400	U	U	U	U
chr22	22265800	22266000	U	U	U	U
chr22	22273800	22274000	U	U	U	U
chr22	22274600	22274800	U	U	U	U
chr22	22303400	22303600	U	U	U	U
chr22	22306800	22307000	U	U	U	U
chr22	22307000	22307200	U	U	U	U
chr22	22307400	22307600	U	U	U	U
chr22	22308800	22309000	U	U	U	U
chr22	22310000	22310200	U	U	U	U
chr22	22321400	22321600	U	U	U	U
chr22	22323400	22323600	U	U	U	U
chr22	22323600	22323800	U	U	U	U
chr22	22323800	22324000	U	U	U	U
chr22	22327600	22327800	U	U	U	U
chr22	22328800	22329000	U	U	U	U
chr22	22330200	22330400	U	U	U	U
chr22	22330600	22330800	U	U	U	U
chr22	22330800	22331000	U	U	U	U
chr22	22340600	22340800	U	U	U	U
chr22	22341000	22341200	U	U	U	U
chr22	22343400	22343600	B	U	U	U
chr22	22344200	22344400	U	U	U	U
chr22	22344800	22345000	U	U	U	U
chr22	22345000	22345200	U	U	U	U
chr22	22352200	22352400	U	U	U	U
chr22	22354000	22354200	U	U	U	U
chr22	22354400	22354600	U	U	U	U
chr22	22358000	22358200	U	U	U	U
chr22	22358200	22358400	U	U	U	U
chr22	22363400	22363600	U	U	U	U
chr22	22364200	22364400	U	U	U	U
chr22	22364400	22364600	U	U	U	U
chr22	22374400	22374600	U	U	U	U
chr22	22376200	22376400	U	U	U	U
chr22	22376400	22376600	U	U	U	U
chr22	22376800	22377000	U	U	U	U
chr22	22379000	22379200	U	U	U	U
chr22	22379800	22380000	U	U	U	U
chr22	22381000	22381200	B	U	U	U
chr22	22391000	22391200	U	U	U	U
chr22	22392200	22392400	U	U	U	U
chr22	22395800	22396000	U	U	U	U
chr22	22396200	22396400	U	U	U	U
chr22	22396400	22396600	U	U	U	U
chr22	22397000	22397200	B	U	U	U
chr22	22397600	22397800	B	U	B	U
chr22	22399800	22400000	U	U	U	U
chr22	22400400	22400600	U	U	U	U
chr22	22406200	22406400	U	U	U	U
chr22	22407000	22407200	U	U	U	U
chr22	22410200	22410400	B	U	U	U
chr22	22410400	22410600	B	U	U	U
chr22	22420800	22421000	U	U	U	U
chr22	22425400	22425600	U	U	U	U
chr22	22428000	22428200	U	U	U	U
chr22	22428600	22428800	U	U	U	U
chr22	22430600	22430800	U	U	U	U
chr22	22431000	22431200	U	U	U	U
chr22	22431200	22431400	B	U	U	U
chr22	22432600	22432800	U	U	U	U
chr22	22440600	22440800	U	U	U	U
chr22	22447400	22447600	U	U	U	U
chr22	22448600	22448800	U	U	U	U
chr22	22450000	22450200	B	U	U	U
chr22	22450400	22450600	B	U	U	U
chr22	22451200	22451400	U	U	U	U
chr22	22470000	22470200	U	U	U	U
chr22	22486800	22487000	U	U	U	U
chr22	22491800	22492000	U	U	U	U
chr22	22492000	22492200	U	U	U	U
chr22	22493600	22493800	U	U	U	U
chr22	22504600	22504800	U	U	U	U
chr22	22508200	22508400	B	U	U	U
chr22	22514200	22514400	U	U	U	U
chr22	22514800	22515000	U	U	U	U
chr22	22515000	22515200	U	U	U	U
chr22	22534400	22534600	U	U	U	U
chr22	22536600	22536800	U	U	U	U
chr22	22546800	22547000	B	U	U	U
chr22	22547400	22547600	B	U	U	U
chr22	22547600	22547800	B	U	U	U
chr22	22547800	22548000	B	U	U	U
chr22	22549200	22549400	U	U	U	U
chr22	22549800	22550000	U	U	U	U
chr22	22550600	22550800	U	U	U	U
chr22	22553200	22553400	U	U	U	U
chr22	22553600	22553800	U	U	U	U
chr22	22554600	22554800	U	U	U	U
chr22	22559400	22559600	B	U	U	U
chr22	22560200	22560400	U	U	U	U
chr22	22564600	22564800	U	U	U	U
chr22	22566600	22566800	U	U	U	U
chr22	22579200	22579400	B	U	U	B
chr22	22580000	22580200	U	U	U	U
chr22	22582200	22582400	U	U	U	U
chr22	22587800	22588000	U	U	U	U
chr22	22590800	22591000	U	U	U	U
chr22	22591000	22591200	U	U	U	U
chr22	22591400	22591600	B	U	U	U
chr22	22591600	22591800	B	U	U	U
chr22	22594600	22594800	B	U	U	U
chr22	22598800	22599000	U	U	U	U
chr22	22604200	22604400	B	U	U	U
chr22	22604400	22604600	B	U	U	U
chr22	22604800	22605000	B	U	U	U
chr22	22605200	22605400	B	U	U	U
chr22	22614200	22614400	U	U	U	U
chr22	22617000	22617200	B	U	U	U
chr22	22618000	22618200	U	U	U	U
chr22	22618800	22619000	U	U	U	U
chr22	22619000	22619200	U	U	U	U
chr22	22620400	22620600	U	U	U	U
chr22	22628400	22628600	B	U	U	U
chr22	22631400	22631600	B	U	B	U
chr22	22633800	22634000	U	U	U	U
chr22	22636200	22636400	U	U	U	U
chr22	22639800	22640000	U	U	U	U
chr22	22642400	22642600	U	U	U	U
chr22	22643400	22643600	U	U	U	U
chr22	22644400	22644600	U	U	U	U
chr22	22646400	22646600	U	U	U	U
chr22	22647200	22647400	U	U	U	U
chr22	22648600	22648800	U	U	U	U
chr22	22653000	22653200	U	U	U	U
chr22	22656600	22656800	U	U	U	U
chr22	22660200	22660400	B	U	U	U
chr22	22664400	22664600	U	U	U	U
chr22	22664600	22664800	U	U	U	U
chr22	22666000	22666200	U	U	U	U
chr22	22667600	22667800	U	U	U	U
chr22	22668400	22668600	U	U	U	U
chr22	22669400	22669600	U	U	U	U
chr22	22670800	22671000	U	U	U	U
chr22	22671200	22671400	U	U	U	U
chr22	22673200	22673400	U	U	U	U
chr22	22679400	22679600	U	U	U	U
chr22	22680200	22680400	U	U	U	U
chr22	22681800	22682000	U	U	U	U
chr22	22684800	22685000	U	U	U	U
chr22	22687000	22687200	B	U	U	U
chr22	22690000	22690200	U	U	U	U
chr22	22690200	22690400	U	U	U	U
chr22	22692400	22692600	B	U	U	U
chr22	22692800	22693000	B	U	U	U
chr22	22693600	22693800	U	U	U	U
chr22	22702400	22702600	B	U	U	U
chr22	22702800	22703000	B	U	U	U
chr22	22703400	22703600	B	U	U	U
chr22	22703800	22704000	U	U	U	U
chr22	22709400	22709600	U	U	U	U
chr22	22709800	22710000	B	U	U	U
chr22	22711000	22711200	B	U	U	U
chr22	22713000	22713200	U	U	U	U
chr22	22713200	22713400	U	U	U	U
chr22	22724800	22725000	U	U	U	U
chr22	22730800	22731000	U	U	U	U
chr22	22732000	22732200	U	U	U	U
chr22	22733800	22734000	U	U	U	U
chr22	22734000	22734200	U	U	U	U
chr22	22734600	22734800	B	U	U	U
chr22	22736600	22736800	U	U	U	U
chr22	22739800	22740000	U	U	U	U
chr22	22742800	22743000	U	U	U	U
chr22	22744400	22744600	U	U	U	U
chr22	22744600	22744800	U	U	U	U
chr22	22746000	22746200	B	U	U	U
chr22	22747200	22747400	U	U	U	U
chr22	22748000	22748200	B	U	U	U
chr22	22753400	22753600	B	U	U	B
chr22	22755400	22755600	U	U	U	U
chr22	22758000	22758200	U	U	U	U
chr22	22758400	22758600	U	U	U	U
chr22	22759000	22759200	U	U	U	U
chr22	22760400	22760600	U	U	U	U
chr22	22769200	22769400	U	U	U	U
chr22	22771200	22771400	U	U	U	U
chr22	22774800	22775000	U	U	U	U
chr22	22778800	22779000	U	U	U	U
chr22	22779000	22779200	U	U	U	U
chr22	22784000	22784200	U	U	U	U
chr22	22788000	22788200	B	U	U	U
chr22	22788600	22788800	B	U	U	U
chr22	22789600	22789800	U	U	U	U
chr22	22792200	22792400	U	U	U	U
chr22	22796400	22796600	U	U	U	U
chr22	22802000	22802200	U	U	U	U
chr22	22806400	22806600	U	U	U	U
chr22	22811600	22811800	B	U	U	U
chr22	22814600	22814800	U	U	U	U
chr22	22817000	22817200	U	U	U	U
chr22	22817400	22817600	B	U	U	U
chr22	22819000	22819200	U	U	U	U
chr22	22819200	22819400	U	U	U	U
chr22	22821000	22821200	U	U	U	U
chr22	22823200	22823400	U	U	U	U
chr22	22823400	22823600	U	U	U	U
chr22	22823600	22823800	U	U	U	U
chr22	22825600	22825800	U	U	U	U
chr22	22834400	22834600	B	U	U	U
chr22	22835200	22835400	B	U	U	U
chr22	22848400	22848600	B	U	U	U
chr22	22848800	22849000	B	U	U	U
chr22	22849800	22850000	U	U	U	U
chr22	22850000	22850200	U	U	U	U
chr22	22851000	22851200	U	U	U	U
chr22	22854800	22855000	U	U	U	U
chr22	22855600	22855800	B	U	U	U
chr22	22858000	22858200	U	U	U	U
chr22	22866800	22867000	U	U	U	U
chr22	22868200	22868400	U	U	U	U
chr22	22868600	22868800	U	U	U	U
chr22	22870000	22870200	U	U	U	U
chr22	22870600	22870800	U	U	U	U
chr22	22871600	22871800	U	U	U	U
chr22	22872000	22872200	U	U	U	U
chr22	22872600	22872800	U	U	U	U
chr22	22873400	22873600	U	U	U	U
chr22	22880800	22881000	U	U	U	U
chr22	22881000	22881200	U	U	U	U
chr22	22888000	22888200	U	U	U	U
chr22	22893800	22894000	B	U	U	U
chr22	22900000	22900200	U	U	U	U
chr22	22900800	22901000	B	U	U	U
chr22	22901000	22901200	B	U	U	U
chr22	22901800	22902000	U	U	U	U
chr22	22902200	22902400	U	U	U	U
chr22	22902600	22902800	U	U	U	U
chr22	22904400	22904600	U	U	U	U
chr22	22904600	22904800	U	U	U	U
chr22	22905400	22905600	U	U	U	U
chr22	22905800	22906000	U	U	U	U
chr22	22906000	22906200	U	U	U	U
chr22	22906200	22906400	U	U	U	U
chr22	22906800	22907000	U	U	U	U
chr22	22907800	22908000	U	U	U	U
chr22	22910400	22910600	U	U	U	U
chr22	22912000	22912200	U	U	U	U
chr22	22912600	22912800	U	U	U	U
chr22	22915600	22915800	U	U	U	U
chr22	22917600	22917800	U	U	U	U
chr22	22917800	22918000	U	U	U	U
chr22	22918400	22918600	U	U	U	U
chr22	22918600	22918800	U	U	U	U
chr22	22919200	22919400	U	U	U	U
chr22	22919400	22919600	U	U	U	U
chr22	22919800	22920000	U	U	U	U
chr22	22921200	22921400	U	U	U	U
chr22	22922000	22922200	U	U	U	U
chr22	22922200	22922400	U	U	U	U
chr22	22922400	22922600	U	U	U	U
chr22	22922600	22922800	U	U	U	U
chr22	22923200	22923400	U	U	U	U
chr22	22926200	22926400	U	U	U	U
chr22	22927000	22927200	U	U	U	U
chr22	22930800	22931000	U	U	U	U
chr22	22932800	22933000	U	U	U	U
chr22	22941400	22941600	U	U	U	U
chr22	22944200	22944400	U	U	U	U
chr22	22944400	22944600	U	U	U	U
chr22	22949800	22950000	U	U	U	U
chr22	22956200	22956400	B	U	U	U
chr22	22956400	22956600	B	U	U	U
chr22	22958600	22958800	U	U	U	U
chr22	22959600	22959800	B	U	U	U
chr22	22984200	22984400	U	U	U	U
chr22	22984400	22984600	U	U	U	U
chr22	22985800	22986000	U	U	U	U
chr22	22988400	22988600	U	U	U	U
chr22	22989400	22989600	U	U	U	U
chr22	22993600	22993800	U	U	U	U
chr22	23010800	23011000	U	U	U	U
chr22	23023200	23023400	U	U	U	U
chr22	23032600	23032800	U	U	U	U
chr22	23033400	23033600	U	U	U	U
chr22	23037800	23038000	U	U	U	U
chr22	23053200	23053400	B	U	U	U
chr22	23054800	23055000	U	U	U	U
chr22	23055000	23055200	U	U	U	U
chr22	23059200	23059400	U	U	U	U
chr22	23062800	23063000	U	U	U	U
chr22	23064400	23064600	U	U	U	U
chr22	23072400	23072600	U	U	U	U
chr22	23075200	23075400	U	U	U	U
chr22	23082600	23082800	U	U	U	U
chr22	23083600	23083800	U	U	U	U
chr22	23089600	23089800	B	U	U	U
chr22	23094200	23094400	B	U	U	U
chr22	23096000	23096200	U	U	U	U
chr22	23096600	23096800	U	U	U	U
chr22	23097000	23097200	U	U	U	U
chr22	23097600	23097800	U	U	U	U
chr22	23099200	23099400	U	U	U	U
chr22	23100000	23100200	U	U	U	U
chr22	23101800	23102000	U	U	U	U
chr22	23103600	23103800	B	U	U	U
chr22	23104200	23104400	B	U	U	U
chr22	23107000	23107200	U	U	U	U
chr22	23108200	23108400	U	U	U	U
chr22	23109600	23109800	U	U	U	U
chr22	23111000	23111200	U	U	U	U
chr22	23113200	23113400	U	U	U	U
chr22	23113400	23113600	U	U	U	U
chr22	23113800	23114000	U	U	U	U
chr22	23114000	23114200	U	U	U	U
chr22	23114600	23114800	U	U	U	U
chr22	23115600	23115800	U	U	U	U
chr22	23116000	23116200	U	U	U	U
chr22	23118000	23118200	U	U	U	U
chr22	23118400	23118600	U	U	U	U
chr22	23120400	23120600	B	U	U	U
chr22	23122600	23122800	U	U	U	U
chr22	23123400	23123600	U	U	U	U
chr22	23126200	23126400	U	U	U	U
chr22	23126400	23126600	U	U	U	U
chr22	23128000	23128200	U	U	U	U
chr22	23128200	23128400	B	U	U	U
chr22	23136800	23137000	U	U	U	U
chr22	23141600	23141800	B	U	U	U
chr22	23145000	23145200	B	U	U	U
chr22	23145400	23145600	B	U	U	U
chr22	23145600	23145800	B	U	U	U
chr22	23149800	23150000	U	U	U	U
chr22	23151200	23151400	U	U	U	U
chr22	23152600	23152800	U	U	U	U
chr22	23156000	23156200	U	U	U	U
chr22	23158800	23159000	U	U	U	U
chr22	23161000	23161200	B	U	U	U
chr22	23175800	23176000	U	U	U	U
chr22	23179200	23179400	B	U	U	U
chr22	23179600	23179800	B	U	U	U
chr22	23182000	23182200	U	U	U	U
chr22	23182400	23182600	B	U	U	U
chr22	23182600	23182800	B	U	U	U
chr22	23183000	23183200	U	U	U	U
chr22	23183400	23183600	B	U	U	U
chr22	23183600	23183800	B	U	U	U
chr22	23184800	23185000	U	U	U	U
chr22	23188000	23188200	U	U	U	U
chr22	23192400	23192600	B	U	U	U
chr22	23207800	23208000	B	U	U	U
chr22	23212600	23212800	B	U	U	U
chr22	23212800	23213000	B	U	U	U
chr22	23213200	23213400	U	U	U	U
chr22	23215400	23215600	U	U	U	U
chr22	23215600	23215800	U	U	U	U
chr22	23217800	23218000	U	U	U	U
chr22	23218000	23218200	U	U	U	U
chr22	23219200	23219400	B	U	U	U
chr22	23223400	23223600	B	U	U	U
chr22	23224000	23224200	B	U	U	U
chr22	23226800	23227000	U	U	U	U
chr22	23231600	23231800	U	U	U	U
chr22	23232000	23232200	U	U	U	U
chr22	23232600	23232800	U	U	U	U
chr22	23234000	23234200	U	U	U	U
chr22	23234200	23234400	B	U	U	U
chr22	23234600	23234800	B	U	U	U
chr22	23234800	23235000	B	U	U	U
chr22	23239200	23239400	U	U	U	U
chr22	23246800	23247000	U	U	U	U
chr22	23247000	23247200	U	U	U	U
chr22	23247200	23247400	U	U	U	U
chr22	23250000	23250200	B	U	U	U
chr22	23251600	23251800	B	U	U	U
chr22	23252000	23252200	B	U	U	U
chr22	23253600	23253800	U	U	U	U
chr22	23256600	23256800	U	U	U	U
chr22	23257000	23257200	U	U	U	U
chr22	23260800	23261000	U	U	U	U
chr22	23264400	23264600	U	U	U	U
chr22	23265400	23265600	U	U	U	U
chr22	23268400	23268600	U	U	U	U
chr22	23269200	23269400	U	U	U	U
chr22	23273600	23273800	U	U	U	U
chr22	23275000	23275200	U	U	U	U
chr22	23280800	23281000	B	U	U	U
chr22	23282400	23282600	U	U	U	U
chr22	23282600	23282800	U	U	U	U
chr22	23286200	23286400	U	U	U	U
chr22	23287800	23288000	U	U	U	U
chr22	23292000	23292200	U	U	U	U
chr22	23299800	23300000	U	U	U	U
chr22	23302200	23302400	U	U	U	U
chr22	23306200	23306400	U	U	U	U
chr22	23306400	23306600	U	U	U	U
chr22	23306600	23306800	U	U	U	U
chr22	23311000	23311200	U	U	U	U
chr22	23312000	23312200	U	U	U	U
chr22	23312800	23313000	U	U	U	U
chr22	23313000	23313200	U	U	U	U
chr22	23313400	23313600	U	U	U	U
chr22	23317200	23317400	U	U	U	U
chr22	23317800	23318000	U	U	U	U
chr22	23318400	23318600	U	U	U	U
chr22	23319000	23319200	U	U	U	U
chr22	23324800	23325000	U	U	U	U
chr22	23328600	23328800	U	U	U	U
chr22	23341400	23341600	U	U	U	U
chr22	23342200	23342400	U	U	U	U
chr22	23354000	23354200	U	U	U	U
chr22	23361000	23361200	U	U	U	U
chr22	23379600	23379800	U	U	U	U
chr22	23381600	23381800	U	U	U	U
chr22	23382400	23382600	U	U	U	U
chr22	23383800	23384000	U	U	U	U
chr22	23386800	23387000	U	U	U	U
chr22	23389400	23389600	U	U	U	U
chr22	23393200	23393400	U	U	U	U
chr22	23394400	23394600	U	U	U	U
chr22	23397800	23398000	U	U	U	U
chr22	23399400	23399600	U	U	U	U
chr22	23400400	23400600	U	U	U	U
chr22	23401000	23401200	U	U	U	U
chr22	23402400	23402600	B	U	U	U
chr22	23403000	23403200	B	U	U	U
chr22	23403400	23403600	U	U	U	U
chr22	23404000	23404200	U	U	U	U
chr22	23414600	23414800	U	U	U	U
chr22	23417400	23417600	U	U	U	U
chr22	23418800	23419000	U	U	U	U
chr22	23420200	23420400	U	U	U	U
chr22	23421200	23421400	U	U	U	U
chr22	23432000	23432200	U	U	U	U
chr22	23432600	23432800	U	U	U	U
chr22	23435000	23435200	U	U	U	U
chr22	23436400	23436600	U	U	U	U
chr22	23450200	23450400	U	U	U	U
chr22	23451000	23451200	U	U	U	U
chr22	23456800	23457000	U	U	U	U
chr22	23458800	23459000	U	U	U	U
chr22	23460200	23460400	B	U	U	U
chr22	23461000	23461200	B	U	U	U
chr22	23461600	23461800	U	U	U	U
chr22	23461800	23462000	U	U	U	U
chr22	23464800	23465000	U	U	U	U
chr22	23468200	23468400	U	U	U	U
chr22	23468600	23468800	U	U	U	U
chr22	23469600	23469800	U	U	U	U
chr22	23471200	23471400	U	U	U	U
chr22	23473600	23473800	U	U	U	U
chr22	23474400	23474600	U	U	U	U
chr22	23474600	23474800	U	U	U	U
chr22	23476000	23476200	U	U	U	U
chr22	23480200	23480400	U	U	U	U
chr22	23480800	23481000	U	U	U	U
chr22	23481400	23481600	U	U	U	U
chr22	23482400	23482600	U	U	U	U
chr22	23484600	23484800	U	U	U	U
chr22	23486400	23486600	U	U	U	U
chr22	23500000	23500200	U	U	U	U
chr22	23503400	23503600	U	U	U	U
chr22	23504400	23504600	U	U	U	U
chr22	23519200	23519400	U	U	U	U
chr22	23529600	23529800	U	U	U	U
chr22	23535800	23536000	U	U	U	U
chr22	23549000	23549200	U	U	U	U
chr22	23553000	23553200	U	U	U	U
chr22	23553800	23554000	U	U	U	U
chr22	23556800	23557000	U	U	U	U
chr22	23566600	23566800	U	U	U	U
chr22	23567400	23567600	U	U	U	U
chr22	23569800	23570000	U	U	U	U
chr22	23574400	23574600	U	U	U	U
chr22	23574800	23575000	U	U	U	U
chr22	23579200	23579400	U	U	U	U
chr22	23580600	23580800	U	U	U	U
chr22	23583000	23583200	U	U	U	U
chr22	23583200	23583400	U	U	U	U
chr22	23583800	23584000	U	U	U	U
chr22	23584000	23584200	U	U	U	U
chr22	23587400	23587600	U	U	U	U
chr22	23599400	23599600	U	U	U	U
chr22	23600200	23600400	U	U	U	U
chr22	23607000	23607200	U	U	U	U
chr22	23610600	23610800	U	U	U	U
chr22	23611000	23611200	U	U	U	U
chr22	23612800	23613000	U	U	U	U
chr22	23613600	23613800	U	U	U	U
chr22	23619800	23620000	U	U	U	U
chr22	23620000	23620200	U	U	U	U
chr22	23624400	23624600	U	U	U	U
chr22	23626000	23626200	U	U	U	U
chr22	23626600	23626800	U	U	U	U
chr22	23628000	23628200	B	U	U	U
chr22	23631800	23632000	U	U	U	U
chr22	23633000	23633200	U	U	U	U
chr22	23638000	23638200	U	U	U	U
chr22	23638600	23638800	U	U	U	U
chr22	23639200	23639400	U	U	U	U
chr22	23639600	23639800	U	U	U	U
chr22	23640200	23640400	U	U	U	U
chr22	23640600	23640800	U	U	U	U
chr22	23649400	23649600	U	U	U	U
chr22	23660000	23660200	U	U	U	U
chr22	23671000	23671200	U	U	U	U
chr22	23671200	23671400	U	U	U	U
chr22	23671600	23671800	U	U	U	U
chr22	23672600	23672800	U	U	U	U
chr22	23674800	23675000	U	U	U	U
chr22	23675800	23676000	U	U	U	U
chr22	23677400	23677600	U	U	U	U
chr22	23678200	23678400	U	U	U	U
chr22	23684800	23685000	B	U	B	U
chr22	23686200	23686400	U	U	U	U
chr22	23686400	23686600	U	U	U	U
chr22	23686600	23686800	U	U	U	U
chr22	23690200	23690400	U	U	U	U
chr22	23691200	23691400	U	U	U	U
chr22	23692400	23692600	U	U	B	U
chr22	23694600	23694800	U	U	U	U
chr22	23697000	23697200	U	U	U	U
chr22	23714000	23714200	U	U	U	U
chr22	23714600	23714800	U	U	U	U
chr22	23741200	23741400	U	U	U	U
chr22	23743600	23743800	U	U	U	U
chr22	23750000	23750200	U	U	U	U
chr22	23753200	23753400	U	U	U	U
chr22	23754200	23754400	U	U	U	U
chr22	23760400	23760600	U	U	U	U
chr22	23763000	23763200	U	U	U	U
chr22	23764200	23764400	U	U	U	U
chr22	23766000	23766200	U	U	U	U
chr22	23767400	23767600	B	U	U	U
chr22	23775600	23775800	U	U	U	U
chr22	23776200	23776400	U	U	U	U
chr22	23778800	23779000	U	U	U	U
chr22	23779000	23779200	U	U	U	U
chr22	23779400	23779600	U	U	U	U
chr22	23781200	23781400	U	U	U	U
chr22	23783000	23783200	U	U	U	U
chr22	23783200	23783400	U	U	U	U
chr22	23783400	23783600	U	U	U	U
chr22	23783800	23784000	U	U	U	U
chr22	23784000	23784200	U	U	U	U
chr22	23791800	23792000	U	U	U	U
chr22	23792000	23792200	U	U	U	U
chr22	23796600	23796800	U	U	U	U
chr22	23821000	23821200	U	U	U	U
chr22	23823400	23823600	U	U	U	U
chr22	23824200	23824400	U	U	U	U
chr22	23825400	23825600	U	U	U	U
chr22	23825600	23825800	U	U	U	U
chr22	23826800	23827000	U	U	U	U
chr22	23828800	23829000	U	U	U	U
chr22	23829400	23829600	U	U	U	U
chr22	23831400	23831600	U	U	U	U
chr22	23834600	23834800	U	U	U	U
chr22	23835400	23835600	U	U	U	U
chr22	23836200	23836400	U	U	U	U
chr22	23836800	23837000	U	U	U	U
chr22	23837600	23837800	U	U	U	U
chr22	23838000	23838200	U	U	U	U
chr22	23838200	23838400	U	U	U	U
chr22	23842400	23842600	U	U	U	U
chr22	23845000	23845200	U	U	U	U
chr22	23848400	23848600	U	U	U	U
chr22	23857000	23857200	U	U	U	U
chr22	23857200	23857400	B	U	U	U
chr22	23859200	23859400	U	U	U	U
chr22	23868400	23868600	U	U	U	U
chr22	23870400	23870600	U	U	U	U
chr22	23876600	23876800	U	U	U	U
chr22	23877000	23877200	U	U	U	U
chr22	23882600	23882800	U	U	U	U
chr22	23883600	23883800	U	U	U	U
chr22	23884400	23884600	U	U	U	U
chr22	23889800	23890000	U	U	U	U
chr22	23894200	23894400	B	U	B	B
chr22	23898000	23898200	U	U	U	U
chr22	23903400	23903600	U	U	U	U
chr22	23904200	23904400	U	U	U	U
chr22	23905000	23905200	U	U	U	U
chr22	23906600	23906800	U	U	U	U
chr22	23917800	23918000	U	U	U	U
chr22	23927000	23927200	U	U	U	U
chr22	23928000	23928200	U	U	U	U
chr22	23942000	23942200	U	U	U	U
chr22	23947400	23947600	U	U	U	U
chr22	23955200	23955400	U	U	U	U
chr22	23958400	23958600	U	U	U	U
chr22	23959200	23959400	U	U	U	U
chr22	23961400	23961600	U	U	U	U
chr22	23967000	23967200	B	U	U	U
chr22	23969800	23970000	U	U	U	U
chr22	23971600	23971800	U	U	U	U
chr22	23976600	23976800	U	U	U	U
chr22	23979800	23980000	U	U	U	U
chr22	23982800	23983000	U	U	U	U
chr22	23983200	23983400	U	U	U	U
chr22	23985800	23986000	U	U	U	U
chr22	23989000	23989200	U	U	U	U
chr22	23989800	23990000	U	U	U	U
chr22	23993600	23993800	B	U	U	U
chr22	23993800	23994000	B	U	U	U
chr22	23998800	23999000	U	U	U	U
chr22	23999000	23999200	U	U	U	U
chr22	24000000	24000200	U	U	U	U
chr22	24004200	24004400	U	U	U	U
chr22	24004600	24004800	U	U	U	U
chr22	24005400	24005600	U	U	U	U
chr22	24006200	24006400	U	U	U	U
chr22	24006400	24006600	U	U	U	U
chr22	24007200	24007400	U	U	U	U
chr22	24007800	24008000	U	U	U	U
chr22	24010400	24010600	U	U	U	U
chr22	24011200	24011400	B	U	B	U
chr22	24030000	24030200	U	U	U	U
chr22	24035600	24035800	U	U	U	U
chr22	24040800	24041000	U	U	U	U
chr22	24050400	24050600	U	U	U	U
chr22	24050600	24050800	U	U	U	U
chr22	24052000	24052200	U	U	U	U
chr22	24056600	24056800	U	U	U	U
chr22	24060000	24060200	U	U	U	U
chr22	24063400	24063600	U	U	U	U
chr22	24066800	24067000	U	U	U	U
chr22	24067400	24067600	U	U	U	U
chr22	24069200	24069400	U	U	U	U
chr22	24069400	24069600	U	U	U	U
chr22	24070600	24070800	U	U	U	U
chr22	24084600	24084800	U	U	U	U
chr22	24086000	24086200	U	U	U	U
chr22	24089200	24089400	U	U	U	U
chr22	24090000	24090200	U	U	U	U
chr22	24095800	24096000	U	U	U	U
chr22	24096600	24096800	U	U	U	U
chr22	24096800	24097000	U	U	U	U
chr22	24098000	24098200	U	U	U	U
chr22	24100400	24100600	U	U	U	U
chr22	24103000	24103200	U	U	U	U
chr22	24106400	24106600	U	U	U	U
chr22	24107400	24107600	U	U	U	U
chr22	24107800	24108000	U	U	U	U
chr22	24116200	24116400	U	U	U	U
chr22	24118600	24118800	U	U	U	U
chr22	24119800	24120000	U	U	U	U
chr22	24120000	24120200	U	U	U	U
chr22	24121600	24121800	U	U	U	U
chr22	24123600	24123800	U	U	U	U
chr22	24124400	24124600	U	U	U	U
chr22	24124600	24124800	U	U	U	U
chr22	24125600	24125800	U	U	U	U
chr22	24128600	24128800	U	U	U	U
chr22	24131200	24131400	U	U	U	U
chr22	24135800	24136000	U	U	U	U
chr22	24137600	24137800	U	U	U	U
chr22	24137800	24138000	U	U	U	U
chr22	24140600	24140800	U	U	U	U
chr22	24142400	24142600	U	U	U	U
chr22	24147800	24148000	U	U	U	U
chr22	24149000	24149200	U	U	U	U
chr22	24150800	24151000	U	U	U	U
chr22	24152000	24152200	U	U	U	U
chr22	24153200	24153400	U	U	U	U
chr22	24155200	24155400	U	U	U	U
chr22	24155400	24155600	U	U	U	U
chr22	24158000	24158200	U	U	U	U
chr22	24158600	24158800	U	U	U	U
chr22	24162000	24162200	U	U	U	U
chr22	24163800	24164000	U	U	U	U
chr22	24165600	24165800	U	U	U	U
chr22	24166400	24166600	U	U	U	U
chr22	24168000	24168200	U	U	U	U
chr22	24170800	24171000	U	U	U	U
chr22	24171200	24171400	U	U	U	U
chr22	24172400	24172600	U	U	U	U
chr22	24175400	24175600	B	U	U	U
chr22	24176600	24176800	U	U	U	U
chr22	24177600	24177800	U	U	U	U
chr22	24179800	24180000	U	U	U	U
chr22	24180400	24180600	U	U	U	U
chr22	24181800	24182000	U	U	U	U
chr22	24182600	24182800	U	U	U	U
chr22	24184000	24184200	U	U	U	U
chr22	24184200	24184400	U	U	U	U
chr22	24185400	24185600	U	U	U	U
chr22	24185600	24185800	U	U	U	U
chr22	24185800	24186000	U	U	U	U
chr22	24186000	24186200	U	U	U	U
chr22	24186200	24186400	U	U	U	U
chr22	24186400	24186600	U	U	U	U
chr22	24187400	24187600	U	U	U	U
chr22	24197800	24198000	U	U	U	U
chr22	24214400	24214600	U	U	U	U
chr22	24215000	24215200	U	U	U	U
chr22	24215200	24215400	U	U	U	U
chr22	24215400	24215600	U	U	U	U
chr22	24220200	24220400	U	U	U	U
chr22	24225600	24225800	U	U	U	U
chr22	24226200	24226400	U	U	U	U
chr22	24232800	24233000	U	U	U	U
chr22	24233400	24233600	U	U	U	U
chr22	24243200	24243400	U	U	U	U
chr22	24244600	24244800	U	U	U	U
chr22	24248000	24248200	B	U	U	U
chr22	24248200	24248400	U	U	U	U
chr22	24249400	24249600	U	U	U	U
chr22	24251400	24251600	U	U	U	U
chr22	24251600	24251800	U	U	U	U
chr22	24251800	24252000	U	U	U	U
chr22	24252800	24253000	U	U	U	U
chr22	24253000	24253200	U	U	U	U
chr22	24253400	24253600	U	U	U	U
chr22	24257600	24257800	U	U	U	U
chr22	24259000	24259200	U	U	U	U
chr22	24261800	24262000	U	U	U	U
chr22	24262000	24262200	U	U	U	U
chr22	24262200	24262400	U	U	U	U
chr22	24263000	24263200	U	U	U	U
chr22	24263400	24263600	U	U	U	U
chr22	24264200	24264400	U	U	U	U
chr22	24264800	24265000	U	U	U	U
chr22	24265600	24265800	U	U	U	U
chr22	24274600	24274800	U	U	U	U
chr22	24275400	24275600	U	U	U	U
chr22	24276800	24277000	U	U	U	U
chr22	24286400	24286600	U	U	U	U
chr22	24289400	24289600	U	U	U	U
chr22	24294000	24294200	U	U	U	U
chr22	24302200	24302400	U	U	U	U
chr22	24303600	24303800	U	U	U	U
chr22	24321200	24321400	U	U	U	U
chr22	24322000	24322200	U	U	U	U
chr22	24327600	24327800	U	U	U	U
chr22	24327800	24328000	U	U	U	U
chr22	24328600	24328800	U	U	U	U
chr22	24328800	24329000	U	U	U	U
chr22	24330400	24330600	U	U	U	U
chr22	24331000	24331200	U	U	U	U
chr22	24333400	24333600	U	U	U	U
chr22	24335600	24335800	U	U	U	U
chr22	24347000	24347200	U	U	U	U
chr22	24347200	24347400	U	U	U	U
chr22	24348200	24348400	U	U	U	U
chr22	24350800	24351000	U	U	U	U
chr22	24351400	24351600	U	U	U	U
chr22	24360200	24360400	U	U	U	U
chr22	24367600	24367800	U	U	U	U
chr22	24370000	24370200	U	U	U	U
chr22	24380200	24380400	U	U	U	U
chr22	24380400	24380600	U	U	U	U
chr22	24389800	24390000	U	U	U	U
chr22	24391600	24391800	U	U	U	U
chr22	24395400	24395600	U	U	U	U
chr22	24396800	24397000	U	U	U	U
chr22	24403400	24403600	U	U	U	U
chr22	24403600	24403800	U	U	U	U
chr22	24406000	24406200	U	U	U	U
chr22	24407400	24407600	B	U	U	U
chr22	24411600	24411800	U	U	U	U
chr22	24412600	24412800	U	U	U	U
chr22	24413200	24413400	U	U	U	U
chr22	24413600	24413800	U	U	U	U
chr22	24414400	24414600	U	U	U	U
chr22	24414600	24414800	U	U	U	U
chr22	24415200	24415400	U	U	U	U
chr22	24415400	24415600	U	U	U	U
chr22	24415600	24415800	U	U	U	U
chr22	24416200	24416400	U	U	U	U
chr22	24416800	24417000	U	U	U	U
chr22	24418600	24418800	U	U	U	U
chr22	24421000	24421200	U	U	U	U
chr22	24424600	24424800	U	U	U	U
chr22	24425200	24425400	U	U	U	U
chr22	24426200	24426400	U	U	U	U
chr22	24427600	24427800	U	U	U	U
chr22	24429000	24429200	U	U	U	U
chr22	24430400	24430600	U	U	U	U
chr22	24431400	24431600	U	U	U	U
chr22	24432800	24433000	U	U	U	U
chr22	24433400	24433600	U	U	U	U
chr22	24434000	24434200	U	U	U	U
chr22	24435800	24436000	U	U	U	U
chr22	24437800	24438000	U	U	U	U
chr22	24442400	24442600	U	U	U	U
chr22	24444200	24444400	U	U	U	U
chr22	24444800	24445000	U	U	U	U
chr22	24447400	24447600	U	U	U	U
chr22	24449400	24449600	U	U	U	U
chr22	24455200	24455400	U	U	U	U
chr22	24456200	24456400	U	U	U	U
chr22	24460800	24461000	U	U	U	U
chr22	24466800	24467000	U	U	U	U
chr22	24471800	24472000	U	U	U	U
chr22	24473200	24473400	U	U	U	U
chr22	24484000	24484200	U	U	U	U
chr22	24485000	24485200	U	U	U	U
chr22	24495200	24495400	U	U	U	U
chr22	24495800	24496000	U	U	U	U
chr22	24498400	24498600	U	U	U	U
chr22	24500200	24500400	U	U	U	U
chr22	24507200	24507400	U	U	U	U
chr22	24510600	24510800	U	U	U	U
chr22	24514400	24514600	U	U	U	U
chr22	24515200	24515400	U	U	U	U
chr22	24519000	24519200	U	U	U	U
chr22	24522200	24522400	B	U	U	U
chr22	24523000	24523200	U	U	U	U
chr22	24523200	24523400	U	U	U	U
chr22	24523400	24523600	U	U	U	U
chr22	24540200	24540400	U	U	U	U
chr22	24543400	24543600	U	U	U	U
chr22	24543800	24544000	U	U	U	U
chr22	24544200	24544400	U	U	U	U
chr22	24547600	24547800	U	U	U	U
chr22	24548600	24548800	U	U	U	U
chr22	24553400	24553600	U	U	U	U
chr22	24553600	24553800	U	U	U	U
chr22	24555600	24555800	B	U	U	U
chr22	24555800	24556000	B	U	U	U
chr22	24557400	24557600	U	U	U	U
chr22	24564600	24564800	U	U	U	U
chr22	24568000	24568200	U	U	U	U
chr22	24583600	24583800	U	U	U	U
chr22	24586000	24586200	U	U	U	U
chr22	24589800	24590000	U	U	U	U
chr22	24590800	24591000	U	U	U	U
chr22	24599400	24599600	U	U	U	U
chr22	24600000	24600200	U	U	U	U
chr22	24601200	24601400	U	U	U	U
chr22	24603000	24603200	B	U	U	U
chr22	24603600	24603800	B	U	U	U
chr22	24604600	24604800	U	U	U	U
chr22	24607200	24607400	B	U	B	U
chr22	24607600	24607800	B	U	B	U
chr22	24607800	24608000	B	U	U	U
chr22	24609800	24610000	U	U	U	U
chr22	24610200	24610400	U	U	U	U
chr22	24620400	24620600	U	U	U	U
chr22	24620800	24621000	U	U	U	U
chr22	24623000	24623200	U	U	U	U
chr22	24623800	24624000	U	U	U	U
chr22	24629000	24629200	U	U	U	U
chr22	24631800	24632000	U	U	U	U
chr22	24632000	24632200	U	U	U	U
chr22	24632800	24633000	U	U	U	U
chr22	24644200	24644400	U	U	U	U
chr22	24647600	24647800	U	U	U	U
chr22	24648000	24648200	U	U	U	U
chr22	24650000	24650200	U	U	U	U
chr22	24651600	24651800	U	U	U	U
chr22	24652000	24652200	U	U	U	U
chr22	24652600	24652800	U	U	U	U
chr22	24652800	24653000	U	U	U	U
chr22	24657400	24657600	U	U	U	U
chr22	24657800	24658000	U	U	U	U
chr22	24658600	24658800	U	U	U	U
chr22	24667800	24668000	U	U	U	U
chr22	24668000	24668200	U	U	U	U
chr22	24672400	24672600	U	U	U	U
chr22	24686000	24686200	U	U	U	U
chr22	24687200	24687400	U	U	U	U
chr22	24687800	24688000	U	U	U	U
chr22	24688800	24689000	U	U	U	U
chr22	24689800	24690000	U	U	U	U
chr22	24690400	24690600	U	U	U	U
chr22	24690800	24691000	U	U	U	U
chr22	24693400	24693600	U	U	U	U
chr22	24694000	24694200	U	U	U	U
chr22	24694800	24695000	U	U	U	U
chr22	24695200	24695400	U	U	U	U
chr22	24696400	24696600	U	U	U	U
chr22	24699800	24700000	U	U	U	U
chr22	24700200	24700400	U	U	U	U
chr22	24701400	24701600	U	U	U	U
chr22	24703200	24703400	U	U	U	U
chr22	24705200	24705400	U	U	U	U
chr22	24705800	24706000	U	U	U	U
chr22	24706800	24707000	U	U	U	U
chr22	24707000	24707200	B	U	U	U
chr22	24712400	24712600	U	U	U	U
chr22	24724000	24724200	U	U	U	U
chr22	24735600	24735800	U	U	U	U
chr22	24749600	24749800	U	U	U	U
chr22	24754000	24754200	U	U	U	U
chr22	24758600	24758800	U	U	U	U
chr22	24762200	24762400	U	U	U	U
chr22	24765200	24765400	U	U	U	U
chr22	24773000	24773200	U	U	U	U
chr22	24798600	24798800	U	U	U	U
chr22	24820000	24820200	U	U	U	U
chr22	24830000	24830200	U	U	U	U
chr22	24847600	24847800	U	U	U	U
chr22	24848400	24848600	U	U	U	U
chr22	24855400	24855600	U	U	U	U
chr22	24860000	24860200	U	U	U	U
chr22	24868200	24868400	U	U	U	U
chr22	24878400	24878600	U	U	U	U
chr22	24878600	24878800	U	U	U	U
chr22	24884000	24884200	U	U	U	U
chr22	24901800	24902000	U	U	U	U
chr22	24925600	24925800	U	U	U	U
chr22	24926000	24926200	U	U	U	U
chr22	24928000	24928200	U	U	U	U
chr22	24935600	24935800	U	U	U	U
chr22	24950200	24950400	U	U	U	U
chr22	24950600	24950800	U	U	U	U
chr22	24951200	24951400	U	U	U	U
chr22	24954400	24954600	U	U	U	U
chr22	24966400	24966600	U	U	U	U
chr22	24968400	24968600	U	U	U	U
chr22	24972000	24972200	U	U	U	U
chr22	24977200	24977400	U	U	U	U
chr22	24977600	24977800	U	U	U	U
chr22	24982600	24982800	U	U	U	U
chr22	24986000	24986200	U	U	U	U
chr22	24990800	24991000	U	U	U	U
chr22	24992200	24992400	U	U	U	U
chr22	25025600	25025800	U	U	U	U
chr22	25025800	25026000	U	U	U	U
chr22	25026200	25026400	U	U	U	U
chr22	25029400	25029600	U	U	U	U
chr22	25039200	25039400	U	U	U	U
chr22	25040200	25040400	U	U	U	U
chr22	25040600	25040800	U	U	U	U
chr22	25053400	25053600	U	U	U	U
chr22	25061000	25061200	U	U	U	U
chr22	25070200	25070400	U	U	U	U
chr22	25072400	25072600	U	U	U	U
chr22	25084000	25084200	U	U	U	U
chr22	25090200	25090400	U	U	U	U
chr22	25096000	25096200	U	U	U	U
chr22	25096200	25096400	U	U	U	U
chr22	25098600	25098800	U	U	U	U
chr22	25101200	25101400	B	U	U	U
chr22	25104400	25104600	U	U	U	U
chr22	25113400	25113600	U	U	U	U
chr22	25113600	25113800	U	U	U	U
chr22	25120400	25120600	U	U	U	U
chr22	25126200	25126400	U	U	U	U
chr22	25128400	25128600	U	U	U	U
chr22	25128600	25128800	U	U	U	U
chr22	25129000	25129200	U	U	U	U
chr22	25131200	25131400	U	U	U	U
chr22	25136600	25136800	U	U	U	U
chr22	25144800	25145000	U	U	U	U
chr22	25145200	25145400	U	U	U	U
chr22	25146000	25146200	U	U	U	U
chr22	25146800	25147000	U	U	U	U
chr22	25149400	25149600	U	U	U	U
chr22	25174200	25174400	U	U	U	U
chr22	25174400	25174600	U	U	U	U
chr22	25190800	25191000	U	U	U	U
chr22	25192200	25192400	U	U	U	U
chr22	25193000	25193200	U	U	U	U
chr22	25193200	25193400	U	U	U	U
chr22	25193400	25193600	U	U	B	U
chr22	25193800	25194000	U	U	B	U
chr22	25199800	25200000	U	U	U	U
chr22	25201600	25201800	U	U	U	U
chr22	25202600	25202800	B	U	B	U
chr22	25207200	25207400	U	U	U	U
chr22	25221400	25221600	U	U	U	U
chr22	25229400	25229600	U	U	U	U
chr22	25241600	25241800	U	U	U	U
chr22	25245400	25245600	U	U	U	U
chr22	25273600	25273800	U	U	U	U
chr22	25279000	25279200	U	U	U	U
chr22	25282000	25282200	U	U	U	U
chr22	25282600	25282800	U	U	U	U
chr22	25283000	25283200	U	U	U	U
chr22	25283600	25283800	U	U	U	U
chr22	25287200	25287400	U	U	U	U
chr22	25289400	25289600	U	U	U	U
chr22	25292000	25292200	U	U	U	U
chr22	25311200	25311400	U	U	U	U
chr22	25317400	25317600	U	U	U	U
chr22	25319800	25320000	U	U	U	U
chr22	25320000	25320200	U	U	U	U
chr22	25335400	25335600	U	U	U	U
chr22	25336000	25336200	U	U	U	U
chr22	25350200	25350400	U	U	U	U
chr22	25350600	25350800	U	U	U	U
chr22	25354600	25354800	U	U	U	U
chr22	25356000	25356200	U	U	U	U
chr22	25356600	25356800	U	U	U	U
chr22	25360000	25360200	U	U	U	U
chr22	25361200	25361400	U	U	U	U
chr22	25361400	25361600	U	U	U	U
chr22	25362000	25362200	B	U	U	U
chr22	25364400	25364600	U	U	U	U
chr22	25366200	25366400	U	U	U	U
chr22	25368800	25369000	U	U	U	U
chr22	25369000	25369200	U	U	U	U
chr22	25372600	25372800	U	U	U	U
chr22	25373200	25373400	U	U	U	U
chr22	25374400	25374600	U	U	U	U
chr22	25374600	25374800	U	U	U	U
chr22	25376600	25376800	U	U	U	U
chr22	25385400	25385600	U	U	U	U
chr22	25387000	25387200	U	U	U	U
chr22	25387800	25388000	U	U	U	U
chr22	25389000	25389200	U	U	U	U
chr22	25389400	25389600	U	U	U	U
chr22	25391800	25392000	U	U	U	U
chr22	25393200	25393400	U	U	U	U
chr22	25393600	25393800	U	U	U	U
chr22	25394600	25394800	U	U	U	U
chr22	25395000	25395200	U	U	U	U
chr22	25395600	25395800	U	U	U	U
chr22	25396000	25396200	U	U	U	U
chr22	25402200	25402400	U	U	U	U
chr22	25403400	25403600	U	U	U	U
chr22	25403800	25404000	B	U	U	U
chr22	25404600	25404800	B	U	U	U
chr22	25404800	25405000	B	U	B	U
chr22	25405000	25405200	B	U	B	U
chr22	25405400	25405600	B	U	U	U
chr22	25409400	25409600	U	U	U	U
chr22	25415600	25415800	U	U	U	U
chr22	25417000	25417200	U	U	U	U
chr22	25417200	25417400	U	U	U	U
chr22	25419600	25419800	U	U	U	U
chr22	25421400	25421600	U	U	U	U
chr22	25422200	25422400	U	U	U	U
chr22	25430400	25430600	U	U	U	U
chr22	25432000	25432200	U	U	U	U
chr22	25434600	25434800	U	U	U	U
chr22	25435600	25435800	U	U	U	U
chr22	25437600	25437800	U	U	U	U
chr22	25437800	25438000	U	U	U	U
chr22	25438200	25438400	U	U	U	U
chr22	25443600	25443800	U	U	U	U
chr22	25455600	25455800	U	U	U	U
chr22	25457200	25457400	U	U	U	U
chr22	25466600	25466800	U	U	U	U
chr22	25475600	25475800	U	U	U	U
chr22	25475800	25476000	U	U	U	U
chr22	25484200	25484400	U	U	U	U
chr22	25490800	25491000	U	U	U	U
chr22	25491000	25491200	U	U	U	U
chr22	25493600	25493800	U	U	U	U
chr22	25509400	25509600	U	U	U	U
chr22	25509800	25510000	U	U	U	U
chr22	25515200	25515400	U	U	U	U
chr22	25524200	25524400	U	U	U	U
chr22	25530000	25530200	U	U	U	U
chr22	25554400	25554600	U	U	U	U
chr22	25557200	25557400	U	U	U	U
chr22	25560800	25561000	U	U	U	U
chr22	25563000	25563200	U	U	U	U
chr22	25574000	25574200	U	U	U	U
chr22	25575000	25575200	U	U	U	U
chr22	25581600	25581800	U	U	U	U
chr22	25582800	25583000	U	U	U	U
chr22	25583800	25584000	U	U	U	U
chr22	25596200	25596400	U	U	U	U
chr22	25604600	25604800	U	U	U	U
chr22	25606600	25606800	U	U	U	U
chr22	25613000	25613200	U	U	U	U
chr22	25614800	25615000	U	U	U	U
chr22	25627000	25627200	U	U	U	U
chr22	25628600	25628800	U	U	U	U
chr22	25629400	25629600	U	U	U	U
chr22	25633800	25634000	U	U	U	U
chr22	25634600	25634800	U	U	U	U
chr22	25643600	25643800	U	U	U	U
chr22	25644400	25644600	U	U	U	U
chr22	25647200	25647400	U	U	U	U
chr22	25648200	25648400	U	U	U	U
chr22	25648400	25648600	U	U	U	U
chr22	25649000	25649200	U	U	U	U
chr22	25649600	25649800	U	U	U	U
chr22	25650600	25650800	U	U	U	U
chr22	25651400	25651600	U	U	U	U
chr22	25659800	25660000	U	U	U	U
chr22	25660000	25660200	U	U	U	U
chr22	25661000	25661200	U	U	U	U
chr22	25666600	25666800	U	U	U	U
chr22	25669000	25669200	U	U	U	U
chr22	25669200	25669400	U	U	U	U
chr22	25669600	25669800	U	U	U	U
chr22	25669800	25670000	U	U	U	U
chr22	25675000	25675200	U	U	U	U
chr22	25675200	25675400	U	U	U	U
chr22	25677600	25677800	U	U	U	U
chr22	25679600	25679800	U	U	U	U
chr22	25681000	25681200	U	U	U	U
chr22	25681800	25682000	U	U	U	U
chr22	25685600	25685800	U	U	U	U
chr22	25689400	25689600	U	U	U	U
chr22	25693000	25693200	U	U	U	U
chr22	25696400	25696600	U	U	U	U
chr22	25697000	25697200	U	U	U	U
chr22	25698600	25698800	U	U	U	U
chr22	25698800	25699000	U	U	U	U
chr22	25700200	25700400	U	U	U	U
chr22	25703000	25703200	U	U	U	U
chr22	25703400	25703600	U	U	U	U
chr22	25703800	25704000	U	U	U	U
chr22	25704200	25704400	U	U	U	U
chr22	25710600	25710800	U	U	U	U
chr22	25711000	25711200	U	U	U	U
chr22	25711600	25711800	U	U	U	U
chr22	25712200	25712400	U	U	U	U
chr22	25717600	25717800	U	U	U	U
chr22	25717800	25718000	U	U	U	U
chr22	25719400	25719600	U	U	U	U
chr22	25722000	25722200	U	U	U	U
chr22	25722200	25722400	U	U	U	U
chr22	25723200	25723400	U	U	U	U
chr22	25726000	25726200	B	U	U	U
chr22	25727200	25727400	U	U	U	U
chr22	25727600	25727800	U	U	U	U
chr22	25728200	25728400	U	U	U	U
chr22	25741800	25742000	B	U	B	B
chr22	25742600	25742800	B	U	U	U
chr22	25742800	25743000	B	U	U	U
chr22	25743200	25743400	B	U	U	U
chr22	25754400	25754600	U	U	U	U
chr22	25755000	25755200	U	U	U	U
chr22	25760800	25761000	U	U	U	U
chr22	25762200	25762400	B	U	U	B
chr22	25766800	25767000	U	U	U	U
chr22	25768800	25769000	U	U	U	U
chr22	25769400	25769600	U	U	U	U
chr22	25772400	25772600	U	U	U	U
chr22	25774200	25774400	U	U	U	U
chr22	25783400	25783600	U	U	U	U
chr22	25785200	25785400	U	U	U	U
chr22	25785400	25785600	U	U	U	U
chr22	25787600	25787800	U	U	U	U
chr22	25787800	25788000	U	U	U	U
chr22	25788000	25788200	U	U	U	U
chr22	25804600	25804800	U	U	U	U
chr22	25806400	25806600	U	U	U	U
chr22	25809400	25809600	U	U	U	U
chr22	25819200	25819400	U	U	U	U
chr22	25823800	25824000	U	U	U	U
chr22	25827400	25827600	U	U	U	U
chr22	25832800	25833000	U	U	U	U
chr22	25835800	25836000	U	U	U	U
chr22	25836000	25836200	U	U	U	U
chr22	25841200	25841400	U	U	U	U
chr22	25844200	25844400	U	U	U	U
chr22	25851800	25852000	U	U	U	U
chr22	25856800	25857000	U	U	U	U
chr22	25857000	25857200	U	U	U	U
chr22	25866000	25866200	U	U	U	U
chr22	25873200	25873400	U	U	U	U
chr22	25874200	25874400	U	U	U	U
chr22	25874400	25874600	U	U	U	U
chr22	25881000	25881200	U	U	U	U
chr22	25886200	25886400	U	U	U	U
chr22	25891000	25891200	U	U	U	U
chr22	25891200	25891400	U	U	U	U
chr22	25897600	25897800	U	U	U	U
chr22	25898200	25898400	U	U	U	U
chr22	25899000	25899200	U	U	U	U
chr22	25900400	25900600	U	U	U	U
chr22	25902800	25903000	U	U	U	U
chr22	25903800	25904000	U	U	U	U
chr22	25908200	25908400	U	U	U	U
chr22	25910800	25911000	U	U	U	U
chr22	25912200	25912400	U	U	U	U
chr22	25922400	25922600	U	U	U	U
chr22	25923800	25924000	U	U	U	U
chr22	25929400	25929600	U	U	U	U
chr22	25930200	25930400	U	U	U	U
chr22	25931400	25931600	U	U	U	U
chr22	25935800	25936000	U	U	U	U
chr22	25940800	25941000	U	U	U	U
chr22	25941200	25941400	U	U	U	U
chr22	25943000	25943200	U	U	U	U
chr22	25944200	25944400	U	U	U	U
chr22	25947600	25947800	U	U	U	U
chr22	25957000	25957200	U	U	U	U
chr22	25959800	25960000	U	U	U	U
chr22	25966400	25966600	U	U	U	U
chr22	25976600	25976800	U	U	U	U
chr22	25979400	25979600	U	U	U	U
chr22	25980200	25980400	U	U	U	U
chr22	25987800	25988000	U	U	U	U
chr22	25993000	25993200	U	U	U	U
chr22	25993200	25993400	U	U	U	U
chr22	25995800	25996000	U	U	U	U
chr22	26010200	26010400	U	U	U	U
chr22	26012600	26012800	U	U	U	U
chr22	26016000	26016200	U	U	U	U
chr22	26017400	26017600	U	U	U	U
chr22	26020200	26020400	U	U	U	U
chr22	26022000	26022200	U	U	U	U
chr22	26022600	26022800	U	U	U	U
chr22	26025400	26025600	U	U	U	U
chr22	26026200	26026400	U	U	U	U
chr22	26027600	26027800	U	U	U	U
chr22	26029200	26029400	U	U	U	U
chr22	26050000	26050200	U	U	U	U
chr22	26050400	26050600	U	U	U	U
chr22	26053800	26054000	U	U	U	U
chr22	26055200	26055400	U	U	U	U
chr22	26055400	26055600	U	U	U	U
chr22	26055800	26056000	U	U	U	U
chr22	26063600	26063800	U	U	U	U
chr22	26066800	26067000	U	U	U	U
chr22	26070600	26070800	U	U	U	U
chr22	26070800	26071000	U	U	U	U
chr22	26075200	26075400	U	U	U	U
chr22	26076600	26076800	U	U	U	U
chr22	26082600	26082800	U	U	U	U
chr22	26086000	26086200	U	U	U	U
chr22	26092400	26092600	U	U	U	U
chr22	26092600	26092800	U	U	U	U
chr22	26098200	26098400	U	U	U	U
chr22	26098400	26098600	U	U	U	U
chr22	26110200	26110400	U	U	U	U
chr22	26125600	26125800	U	U	U	U
chr22	26127000	26127200	U	U	U	U
chr22	26127200	26127400	U	U	U	U
chr22	26128800	26129000	U	U	U	U
chr22	26133800	26134000	U	U	U	U
chr22	26139600	26139800	U	U	U	U
chr22	26152200	26152400	U	U	U	U
chr22	26158600	26158800	U	U	U	U
chr22	26164000	26164200	U	U	U	U
chr22	26167800	26168000	U	U	U	U
chr22	26168000	26168200	U	U	U	U
chr22	26168200	26168400	U	U	U	U
chr22	26170000	26170200	U	U	U	U
chr22	26171800	26172000	U	U	U	U
chr22	26172200	26172400	U	U	U	U
chr22	26182800	26183000	U	U	U	U
chr22	26183600	26183800	U	U	U	U
chr22	26192800	26193000	U	U	U	U
chr22	26197800	26198000	U	U	U	U
chr22	26199200	26199400	U	U	U	U
chr22	26199600	26199800	U	U	U	U
chr22	26205800	26206000	U	U	U	U
chr22	26212800	26213000	U	U	U	U
chr22	26213000	26213200	U	U	U	U
chr22	26215400	26215600	U	U	U	U
chr22	26216000	26216200	U	U	U	U
chr22	26225600	26225800	U	U	U	U
chr22	26231600	26231800	U	U	U	U
chr22	26234000	26234200	U	U	U	U
chr22	26237800	26238000	U	U	U	U
chr22	26239400	26239600	U	U	U	U
chr22	26241400	26241600	U	U	B	U
chr22	26241600	26241800	U	U	U	U
chr22	26244200	26244400	U	U	U	U
chr22	26247000	26247200	U	U	U	U
chr22	26248800	26249000	U	U	U	U
chr22	26257800	26258000	U	U	U	U
chr22	26261800	26262000	U	U	U	U
chr22	26264800	26265000	U	U	U	U
chr22	26269400	26269600	U	U	U	U
chr22	26269600	26269800	U	U	U	U
chr22	26273200	26273400	U	U	U	U
chr22	26275800	26276000	U	U	U	U
chr22	26279400	26279600	U	U	U	U
chr22	26287400	26287600	U	U	U	U
chr22	26287600	26287800	U	U	U	U
chr22	26294400	26294600	U	U	U	U
chr22	26296000	26296200	U	U	U	U
chr22	26298000	26298200	U	U	U	U
chr22	26298800	26299000	U	U	U	U
chr22	26302600	26302800	U	U	U	U
chr22	26307800	26308000	U	U	U	U
chr22	26317200	26317400	U	U	U	U
chr22	26318400	26318600	U	U	U	U
chr22	26320000	26320200	U	U	U	U
chr22	26320200	26320400	U	U	U	U
chr22	26321400	26321600	B	U	U	U
chr22	26327800	26328000	U	U	U	U
chr22	26333000	26333200	U	U	U	U
chr22	26334600	26334800	U	U	U	U
chr22	26334800	26335000	U	U	U	U
chr22	26335600	26335800	U	U	U	U
chr22	26342000	26342200	U	U	U	U
chr22	26342200	26342400	U	U	U	U
chr22	26347800	26348000	U	U	U	U
chr22	26362200	26362400	U	U	U	U
chr22	26372400	26372600	U	U	U	U
chr22	26375000	26375200	U	U	U	U
chr22	26380400	26380600	U	U	U	U
chr22	26380800	26381000	U	U	U	U
chr22	26382200	26382400	U	U	U	U
chr22	26382600	26382800	U	U	U	U
chr22	26382800	26383000	U	U	U	U
chr22	26389400	26389600	U	U	U	U
chr22	26396600	26396800	U	U	U	U
chr22	26401000	26401200	U	U	U	U
chr22	26401400	26401600	U	U	U	U
chr22	26404600	26404800	B	U	U	U
chr22	26404800	26405000	B	U	U	B
chr22	26410200	26410400	U	U	U	U
chr22	26416800	26417000	U	U	B	U
chr22	26419800	26420000	U	U	U	U
chr22	26428800	26429000	B	U	U	U
chr22	26430000	26430200	U	U	U	U
chr22	26434400	26434600	U	U	U	U
chr22	26444400	26444600	U	U	U	U
chr22	26444600	26444800	U	U	U	U
chr22	26451000	26451200	U	U	U	U
chr22	26452200	26452400	U	U	U	U
chr22	26457800	26458000	U	U	U	U
chr22	26461600	26461800	B	U	U	U
chr22	26463000	26463200	U	U	U	U
chr22	26464000	26464200	U	U	U	U
chr22	26465400	26465600	U	U	U	U
chr22	26470800	26471000	U	U	U	U
chr22	26471800	26472000	U	U	U	U
chr22	26472400	26472600	U	U	U	U
chr22	26472800	26473000	U	U	U	U
chr22	26476800	26477000	U	U	U	U
chr22	26482000	26482200	U	U	U	U
chr22	26485000	26485200	U	U	U	U
chr22	26488600	26488800	U	U	U	U
chr22	26488800	26489000	U	U	U	U
chr22	26490200	26490400	U	U	U	U
chr22	26494000	26494200	B	U	U	U
chr22	26494800	26495000	U	U	U	U
chr22	26495800	26496000	U	U	U	U
chr22	26506600	26506800	U	U	U	U
chr22	26507000	26507200	U	U	U	U
chr22	26512200	26512400	B	U	U	U
chr22	26516000	26516200	U	U	U	U
chr22	26519600	26519800	U	U	U	U
chr22	26531200	26531400	U	U	U	U
chr22	26534200	26534400	U	U	U	U
chr22	26550600	26550800	U	U	U	U
chr22	26561400	26561600	U	U	U	U
chr22	26564400	26564600	U	U	U	U
chr22	26596800	26597000	U	U	U	U
chr22	26599400	26599600	U	U	U	U
chr22	26610400	26610600	U	U	B	U
chr22	26619600	26619800	U	U	U	U
chr22	26621800	26622000	U	U	U	U
chr22	26628200	26628400	U	U	U	U
chr22	26657000	26657200	U	U	U	U
chr22	26657600	26657800	U	U	U	U
chr22	26668000	26668200	U	U	U	U
chr22	26672000	26672200	U	U	U	U
chr22	26674000	26674200	U	U	U	U
chr22	26674200	26674400	U	U	U	U
chr22	26676400	26676600	U	U	U	U
chr22	26678000	26678200	U	U	U	U
chr22	26688600	26688800	B	U	U	U
chr22	26697200	26697400	U	U	U	U
chr22	26708600	26708800	U	U	U	U
chr22	26708800	26709000	U	U	U	U
chr22	26709000	26709200	U	U	U	U
chr22	26717200	26717400	U	U	U	U
chr22	26721200	26721400	U	U	U	U
chr22	26722400	26722600	U	U	U	U
chr22	26723200	26723400	U	U	U	U
chr22	26740800	26741000	U	U	U	U
chr22	26748000	26748200	U	U	U	U
chr22	26768600	26768800	U	U	U	U
chr22	26769000	26769200	U	U	U	U
chr22	26769200	26769400	U	U	U	U
chr22	26784600	26784800	U	U	U	U
chr22	26789600	26789800	U	U	U	U
chr22	26793200	26793400	U	U	U	U
chr22	26797400	26797600	U	U	U	U
chr22	26799800	26800000	U	U	U	U
chr22	26802000	26802200	U	U	U	U
chr22	26804000	26804200	U	U	U	U
chr22	26805000	26805200	U	U	U	U
chr22	26806800	26807000	U	U	U	U
chr22	26807000	26807200	U	U	U	U
chr22	26809400	26809600	U	U	U	U
chr22	26812200	26812400	U	U	U	U
chr22	26814200	26814400	U	U	U	U
chr22	26822600	26822800	U	U	U	U
chr22	26831000	26831200	U	U	U	U
chr22	26834800	26835000	U	U	U	U
chr22	26835600	26835800	U	U	U	U
chr22	26838200	26838400	U	U	U	U
chr22	26845600	26845800	U	U	U	U
chr22	26851800	26852000	U	U	U	U
chr22	26854400	26854600	U	U	U	U
chr22	26855200	26855400	U	U	U	U
chr22	26856200	26856400	U	U	U	U
chr22	26857400	26857600	U	U	U	U
chr22	26858800	26859000	U	U	U	U
chr22	26862400	26862600	U	U	U	U
chr22	26862600	26862800	U	U	U	U
chr22	26886800	26887000	U	U	U	U
chr22	26889600	26889800	U	U	U	U
chr22	26893200	26893400	U	U	U	U
chr22	26895000	26895200	U	U	U	U
chr22	26906400	26906600	U	U	U	U
chr22	26915000	26915200	U	U	U	U
chr22	26921600	26921800	U	U	U	U
chr22	26927200	26927400	U	U	U	U
chr22	26941000	26941200	U	U	U	U
chr22	26941200	26941400	U	U	U	U
chr22	26949200	26949400	U	U	B	U
chr22	26969400	26969600	U	U	U	U
chr22	26986400	26986600	U	U	U	U
chr22	26989800	26990000	U	U	U	U
chr22	26998400	26998600	U	U	U	U
chr22	27010000	27010200	U	U	U	U
chr22	27022000	27022200	U	U	U	U
chr22	27023200	27023400	U	U	U	U
chr22	27024200	27024400	U	U	U	U
chr22	27030600	27030800	U	U	U	U
chr22	27036800	27037000	U	U	U	U
chr22	27039400	27039600	U	U	U	U
chr22	27044200	27044400	U	U	U	U
chr22	27045200	27045400	U	U	U	U
chr22	27045800	27046000	U	U	U	U
chr22	27046200	27046400	U	U	U	U
chr22	27056600	27056800	U	U	U	U
chr22	27059800	27060000	U	U	U	U
chr22	27067000	27067200	U	U	U	U
chr22	27067800	27068000	U	U	U	U
chr22	27068000	27068200	U	U	U	U
chr22	27070400	27070600	U	U	U	U
chr22	27074800	27075000	U	U	U	U
chr22	27076000	27076200	U	U	U	U
chr22	27088800	27089000	U	U	U	U
chr22	27089200	27089400	U	U	U	U
chr22	27092200	27092400	U	U	U	U
chr22	27094000	27094200	U	U	U	U
chr22	27097400	27097600	U	U	U	U
chr22	27100600	27100800	U	U	U	U
chr22	27100800	27101000	U	U	U	U
chr22	27105600	27105800	U	U	U	U
chr22	27110600	27110800	U	U	U	U
chr22	27122800	27123000	U	U	U	U
chr22	27127800	27128000	U	U	U	U
chr22	27128200	27128400	U	U	U	U
chr22	27131200	27131400	U	U	U	U
chr22	27132000	27132200	U	U	U	U
chr22	27136000	27136200	U	U	U	U
chr22	27139200	27139400	U	U	U	U
chr22	27142200	27142400	U	U	U	U
chr22	27146400	27146600	U	U	U	U
chr22	27146600	27146800	U	U	U	U
chr22	27150800	27151000	U	U	U	U
chr22	27155000	27155200	B	U	U	U
chr22	27156400	27156600	U	U	U	U
chr22	27157200	27157400	U	U	U	U
chr22	27159000	27159200	U	U	U	U
chr22	27159800	27160000	U	U	U	U
chr22	27160000	27160200	U	U	U	U
chr22	27160200	27160400	U	U	U	U
chr22	27182200	27182400	U	U	U	U
chr22	27185800	27186000	U	U	U	U
chr22	27186000	27186200	U	U	U	U
chr22	27187000	27187200	U	U	U	U
chr22	27188800	27189000	U	U	U	U
chr22	27190200	27190400	U	U	U	U
chr22	27192200	27192400	U	U	U	U
chr22	27195200	27195400	U	U	U	U
chr22	27196800	27197000	U	U	U	U
chr22	27204200	27204400	U	U	U	U
chr22	27206000	27206200	U	U	U	U
chr22	27214000	27214200	U	U	U	U
chr22	27214200	27214400	U	U	U	U
chr22	27214400	27214600	U	U	U	U
chr22	27220200	27220400	U	U	U	U
chr22	27220800	27221000	U	U	U	U
chr22	27231800	27232000	U	U	U	U
chr22	27232000	27232200	U	U	U	U
chr22	27249000	27249200	U	U	U	U
chr22	27253600	27253800	U	U	U	U
chr22	27253800	27254000	U	U	U	U
chr22	27257200	27257400	U	U	U	U
chr22	27257400	27257600	U	U	U	U
chr22	27258600	27258800	U	U	U	U
chr22	27259600	27259800	U	U	U	U
chr22	27260600	27260800	U	U	U	U
chr22	27267200	27267400	U	U	U	U
chr22	27268600	27268800	U	U	U	U
chr22	27271000	27271200	U	U	U	U
chr22	27274400	27274600	U	U	U	U
chr22	27274600	27274800	U	U	U	U
chr22	27282400	27282600	U	U	U	U
chr22	27289600	27289800	U	U	U	U
chr22	27289800	27290000	U	U	U	U
chr22	27295000	27295200	U	U	U	U
chr22	27296200	27296400	U	U	U	U
chr22	27296600	27296800	U	U	U	U
chr22	27298000	27298200	U	U	U	U
chr22	27300800	27301000	U	U	U	U
chr22	27305400	27305600	U	U	U	U
chr22	27311600	27311800	U	U	U	U
chr22	27312200	27312400	U	U	U	U
chr22	27317800	27318000	U	U	U	U
chr22	27318000	27318200	U	U	U	U
chr22	27326600	27326800	U	U	U	U
chr22	27332200	27332400	U	U	U	U
chr22	27336600	27336800	U	U	U	U
chr22	27339400	27339600	U	U	U	U
chr22	27350400	27350600	U	U	U	U
chr22	27352200	27352400	U	U	U	U
chr22	27352600	27352800	U	U	U	U
chr22	27358400	27358600	U	U	U	U
chr22	27358600	27358800	U	U	U	U
chr22	27371400	27371600	U	U	U	U
chr22	27372200	27372400	U	U	U	U
chr22	27378600	27378800	U	U	U	U
chr22	27386800	27387000	U	U	U	U
chr22	27397200	27397400	U	U	U	U
chr22	27399400	27399600	U	U	U	U
chr22	27402200	27402400	U	U	U	U
chr22	27406800	27407000	U	U	U	U
chr22	27407600	27407800	U	U	U	U
chr22	27407800	27408000	U	U	U	U
chr22	27410800	27411000	U	U	U	U
chr22	27412600	27412800	U	U	U	U
chr22	27416800	27417000	U	U	U	U
chr22	27417800	27418000	U	U	U	U
chr22	27420400	27420600	U	U	U	U
chr22	27420600	27420800	U	U	U	U
chr22	27423000	27423200	U	U	U	U
chr22	27433200	27433400	U	U	U	U
chr22	27435000	27435200	U	U	U	U
chr22	27435800	27436000	U	U	U	U
chr22	27438400	27438600	U	U	U	U
chr22	27439800	27440000	U	U	U	U
chr22	27442000	27442200	U	U	U	U
chr22	27444000	27444200	U	U	U	U
chr22	27454000	27454200	U	U	U	U
chr22	27458600	27458800	U	U	U	U
chr22	27462400	27462600	U	U	U	U
chr22	27462800	27463000	U	U	U	U
chr22	27472800	27473000	U	U	U	U
chr22	27473000	27473200	U	U	U	U
chr22	27477000	27477200	U	U	U	U
chr22	27477200	27477400	U	U	U	U
chr22	27480800	27481000	U	U	U	U
chr22	27488400	27488600	U	U	U	U
chr22	27490000	27490200	U	U	U	U
chr22	27494400	27494600	U	U	U	U
chr22	27494600	27494800	U	U	U	U
chr22	27494800	27495000	U	U	U	U
chr22	27496000	27496200	U	U	U	U
chr22	27504400	27504600	U	U	U	U
chr22	27505800	27506000	U	U	U	U
chr22	27507000	27507200	U	U	U	U
chr22	27510200	27510400	U	U	U	U
chr22	27512400	27512600	U	U	U	U
chr22	27514000	27514200	U	U	U	U
chr22	27518600	27518800	U	U	U	U
chr22	27524200	27524400	U	U	U	U
chr22	27524400	27524600	U	U	U	U
chr22	27528200	27528400	U	U	U	U
chr22	27533400	27533600	U	U	U	U
chr22	27536800	27537000	U	U	U	U
chr22	27537400	27537600	U	U	U	U
chr22	27537800	27538000	U	U	U	U
chr22	27538400	27538600	U	U	U	U
chr22	27540200	27540400	U	U	U	U
chr22	27540800	27541000	U	U	U	U
chr22	27543000	27543200	U	U	U	U
chr22	27544200	27544400	U	U	U	U
chr22	27545600	27545800	U	U	U	U
chr22	27563600	27563800	U	U	U	U
chr22	27566600	27566800	U	U	U	U
chr22	27571800	27572000	U	U	U	U
chr22	27573200	27573400	U	U	U	U
chr22	27586000	27586200	U	U	U	U
chr22	27593200	27593400	U	U	U	U
chr22	27594400	27594600	B	U	U	U
chr22	27595400	27595600	U	U	U	U
chr22	27602000	27602200	U	U	U	U
chr22	27604000	27604200	U	U	U	U
chr22	27614000	27614200	U	U	U	U
chr22	27615200	27615400	U	U	U	U
chr22	27630400	27630600	U	U	U	U
chr22	27631000	27631200	U	U	U	U
chr22	27639600	27639800	U	U	U	U
chr22	27642400	27642600	U	U	U	U
chr22	27645000	27645200	U	U	U	U
chr22	27652600	27652800	U	U	U	U
chr22	27660000	27660200	U	U	U	U
chr22	27663800	27664000	U	U	U	U
chr22	27665400	27665600	U	U	U	U
chr22	27670800	27671000	B	U	B	U
chr22	27679000	27679200	U	U	U	U
chr22	27684800	27685000	U	U	U	U
chr22	27696000	27696200	U	U	U	U
chr22	27699600	27699800	U	U	U	U
chr22	27700800	27701000	U	U	U	U
chr22	27706800	27707000	U	U	U	U
chr22	27707000	27707200	U	U	U	U
chr22	27707600	27707800	U	U	U	U
chr22	27709600	27709800	U	U	U	U
chr22	27710400	27710600	U	U	U	U
chr22	27715400	27715600	U	U	U	U
chr22	27726600	27726800	B	U	U	B
chr22	27728800	27729000	U	U	U	U
chr22	27739200	27739400	U	U	U	U
chr22	27745400	27745600	U	U	U	U
chr22	27748800	27749000	U	U	U	U
chr22	27750400	27750600	U	U	U	U
chr22	27754600	27754800	U	U	U	U
chr22	27757400	27757600	U	U	U	U
chr22	27761600	27761800	U	U	U	U
chr22	27764200	27764400	U	U	U	U
chr22	27766400	27766600	U	U	U	U
chr22	27766600	27766800	U	U	U	U
chr22	27767400	27767600	U	U	U	U
chr22	27774000	27774200	U	U	U	U
chr22	27778200	27778400	U	U	U	U
chr22	27780000	27780200	U	U	U	U
chr22	27783800	27784000	U	U	U	U
chr22	27784200	27784400	U	U	U	U
chr22	27786000	27786200	U	U	U	U
chr22	27787800	27788000	U	U	U	U
chr22	27790200	27790400	U	U	U	U
chr22	27790600	27790800	U	U	U	U
chr22	27790800	27791000	U	U	U	U
chr22	27791000	27791200	U	U	U	U
chr22	27792800	27793000	U	U	U	U
chr22	27795800	27796000	U	U	U	U
chr22	27796200	27796400	U	U	U	U
chr22	27796400	27796600	U	U	U	U
chr22	27797400	27797600	U	U	U	U
chr22	27798600	27798800	U	U	U	U
chr22	27801600	27801800	U	U	U	U
chr22	27803000	27803200	U	U	U	U
chr22	27809000	27809200	U	U	U	U
chr22	27810800	27811000	U	U	U	U
chr22	27811800	27812000	U	U	U	U
chr22	27818800	27819000	U	U	U	U
chr22	27821200	27821400	U	U	U	U
chr22	27828000	27828200	U	U	U	U
chr22	27831400	27831600	U	U	U	U
chr22	27832600	27832800	U	U	U	U
chr22	27841400	27841600	U	U	U	U
chr22	27843000	27843200	U	U	U	U
chr22	27843600	27843800	U	U	U	U
chr22	27844800	27845000	U	U	U	U
chr22	27845000	27845200	U	U	U	U
chr22	27845200	27845400	U	U	U	U
chr22	27845600	27845800	U	U	U	U
chr22	27848400	27848600	U	U	U	U
chr22	27849600	27849800	U	U	U	U
chr22	27849800	27850000	U	U	U	U
chr22	27850600	27850800	U	U	U	U
chr22	27851200	27851400	U	U	U	U
chr22	27851400	27851600	U	U	U	U
chr22	27852200	27852400	U	U	U	U
chr22	27854400	27854600	U	U	U	U
chr22	27854800	27855000	U	U	U	U
chr22	27855000	27855200	U	U	U	U
chr22	27856400	27856600	U	U	U	U
chr22	27857400	27857600	U	U	U	U
chr22	27857600	27857800	U	U	U	U
chr22	27858000	27858200	U	U	U	U
chr22	27859000	27859200	U	U	U	U
chr22	27859200	27859400	U	U	U	U
chr22	27863400	27863600	U	U	U	U
chr22	27866000	27866200	U	U	U	U
chr22	27867200	27867400	U	U	U	U
chr22	27867600	27867800	U	U	U	U
chr22	27867800	27868000	U	U	U	U
chr22	27871000	27871200	U	U	U	U
chr22	27873400	27873600	U	U	U	U
chr22	27875400	27875600	U	U	U	U
chr22	27876200	27876400	U	U	U	U
chr22	27877800	27878000	U	U	U	U
chr22	27879000	27879200	U	U	U	U
chr22	27882400	27882600	U	U	U	U
chr22	27882800	27883000	U	U	U	U
chr22	27884600	27884800	U	U	U	U
chr22	27887400	27887600	U	U	U	U
chr22	27890200	27890400	U	U	U	U
chr22	27892200	27892400	U	U	U	U
chr22	27892400	27892600	U	U	U	U
chr22	27894000	27894200	U	U	U	U
chr22	27894600	27894800	U	U	U	U
chr22	27896400	27896600	U	U	U	U
chr22	27908400	27908600	U	U	U	U
chr22	27911000	27911200	U	U	U	U
chr22	27911600	27911800	U	U	U	U
chr22	27914400	27914600	U	U	U	U
chr22	27915800	27916000	U	U	U	U
chr22	27918600	27918800	B	U	U	U
chr22	27921000	27921200	U	U	U	U
chr22	27922200	27922400	U	U	U	U
chr22	27949200	27949400	U	U	U	U
chr22	27950200	27950400	U	U	U	U
chr22	27961800	27962000	U	U	U	U
chr22	27962200	27962400	U	U	U	U
chr22	27962400	27962600	U	U	U	U
chr22	27972400	27972600	U	U	U	U
chr22	27974000	27974200	U	U	U	U
chr22	27978400	27978600	U	U	U	U
chr22	27979800	27980000	U	U	U	U
chr22	27980400	27980600	U	U	U	U
chr22	27980600	27980800	U	U	U	U
chr22	27981600	27981800	U	U	U	U
chr22	27982400	27982600	U	U	U	U
chr22	27985200	27985400	U	U	U	U
chr22	27991600	27991800	U	U	U	U
chr22	27991800	27992000	U	U	U	U
chr22	27992800	27993000	U	U	U	U
chr22	27993000	27993200	U	U	U	U
chr22	27993600	27993800	U	U	U	U
chr22	27995000	27995200	U	U	U	U
chr22	27996600	27996800	U	U	U	U
chr22	28000400	28000600	U	U	U	U
chr22	28001200	28001400	U	U	U	U
chr22	28003800	28004000	U	U	U	U
chr22	28004000	28004200	U	U	U	U
chr22	28004600	28004800	U	U	U	U
chr22	28004800	28005000	U	U	U	U
chr22	28006400	28006600	U	U	U	U
chr22	28006800	28007000	U	U	U	U
chr22	28009200	28009400	B	U	B	U
chr22	28014200	28014400	U	U	U	U
chr22	28016400	28016600	U	U	U	U
chr22	28017800	28018000	U	U	U	U
chr22	28019600	28019800	U	U	U	U
chr22	28020400	28020600	B	U	U	U
chr22	28023200	28023400	U	U	U	U
chr22	28023400	28023600	U	U	U	U
chr22	28027400	28027600	U	U	U	U
chr22	28029600	28029800	U	U	U	U
chr22	28033800	28034000	U	U	U	U
chr22	28035600	28035800	B	U	U	U
chr22	28049600	28049800	U	U	U	U
chr22	28051400	28051600	U	U	U	U
chr22	28053400	28053600	U	U	U	U
chr22	28054400	28054600	U	U	U	U
chr22	28054800	28055000	U	U	U	U
chr22	28063800	28064000	U	U	U	U
chr22	28064200	28064400	U	U	U	U
chr22	28065600	28065800	U	U	U	U
chr22	28066600	28066800	U	U	U	U
chr22	28067800	28068000	U	U	U	U
chr22	28068000	28068200	U	U	U	U
chr22	28069000	28069200	U	U	U	U
chr22	28069600	28069800	U	U	U	U
chr22	28072800	28073000	U	U	U	U
chr22	28074200	28074400	U	U	U	U
chr22	28074600	28074800	U	U	U	U
chr22	28093200	28093400	U	U	U	U
chr22	28093400	28093600	U	U	U	U
chr22	28093800	28094000	U	U	U	U
chr22	28095600	28095800	U	U	U	U
chr22	28097600	28097800	U	U	U	U
chr22	28098000	28098200	U	U	U	U
chr22	28103600	28103800	U	U	U	U
chr22	28104600	28104800	U	U	U	U
chr22	28104800	28105000	U	U	U	U
chr22	28105000	28105200	U	U	U	U
chr22	28105800	28106000	U	U	U	U
chr22	28106000	28106200	U	U	U	U
chr22	28107000	28107200	U	U	U	U
chr22	28114000	28114200	U	U	U	U
chr22	28116200	28116400	U	U	U	U
chr22	28116800	28117000	U	U	U	U
chr22	28121200	28121400	U	U	U	U
chr22	28122200	28122400	U	U	U	U
chr22	28126000	28126200	U	U	U	U
chr22	28131000	28131200	U	U	U	U
chr22	28136800	28137000	U	U	U	U
chr22	28139400	28139600	U	U	U	U
chr22	28139800	28140000	U	U	U	U
chr22	28140200	28140400	U	U	U	U
chr22	28141800	28142000	U	U	U	U
chr22	28143200	28143400	U	U	U	U
chr22	28147000	28147200	U	U	U	U
chr22	28150400	28150600	U	U	U	U
chr22	28151000	28151200	U	U	U	U
chr22	28155200	28155400	U	U	U	U
chr22	28155400	28155600	U	U	U	U
chr22	28155600	28155800	U	U	U	U
chr22	28173200	28173400	U	U	U	U
chr22	28181000	28181200	U	U	U	U
chr22	28182000	28182200	U	U	U	U
chr22	28182600	28182800	U	U	U	U
chr22	28183600	28183800	U	U	U	U
chr22	28200600	28200800	U	U	U	U
chr22	28204200	28204400	U	U	U	U
chr22	28205800	28206000	U	U	U	U
chr22	28206000	28206200	U	U	U	U
chr22	28208600	28208800	U	U	U	U
chr22	28216200	28216400	U	U	U	U
chr22	28222000	28222200	U	U	U	U
chr22	28222200	28222400	U	U	U	U
chr22	28223400	28223600	U	U	U	U
chr22	28224400	28224600	U	U	U	U
chr22	28229400	28229600	U	U	U	U
chr22	28230800	28231000	U	U	U	U
chr22	28231800	28232000	U	U	U	U
chr22	28241800	28242000	B	U	U	U
chr22	28246800	28247000	U	U	U	U
chr22	28252600	28252800	U	U	U	U
chr22	28259600	28259800	U	U	U	U
chr22	28262400	28262600	U	U	U	U
chr22	28262800	28263000	U	U	U	U
chr22	28263400	28263600	U	U	U	U
chr22	28267600	28267800	U	U	U	U
chr22	28268400	28268600	U	U	U	U
chr22	28268600	28268800	U	U	U	U
chr22	28275800	28276000	U	U	U	U
chr22	28283000	28283200	U	U	U	U
chr22	28289200	28289400	U	U	U	U
chr22	28292600	28292800	U	U	U	U
chr22	28299400	28299600	U	U	U	U
chr22	28300800	28301000	U	U	U	U
chr22	28303400	28303600	U	U	U	U
chr22	28305600	28305800	U	U	U	U
chr22	28306400	28306600	U	U	U	U
chr22	28306800	28307000	U	U	U	U
chr22	28308000	28308200	U	U	U	U
chr22	28309400	28309600	U	U	U	U
chr22	28310400	28310600	U	U	U	U
chr22	28319800	28320000	U	U	U	U
chr22	28320200	28320400	U	U	U	U
chr22	28329800	28330000	U	U	U	U
chr22	28333200	28333400	U	U	U	U
chr22	28333400	28333600	U	U	U	U
chr22	28340800	28341000	U	U	U	U
chr22	28343800	28344000	U	U	U	U
chr22	28348200	28348400	U	U	U	U
chr22	28351600	28351800	U	U	U	U
chr22	28351800	28352000	U	U	U	U
chr22	28355600	28355800	U	U	U	U
chr22	28358200	28358400	U	U	U	U
chr22	28369400	28369600	U	U	U	U
chr22	28370600	28370800	U	U	U	U
chr22	28372600	28372800	U	U	U	U
chr22	28374000	28374200	U	U	U	U
chr22	28394400	28394600	U	U	U	U
chr22	28396600	28396800	U	U	U	U
chr22	28397600	28397800	U	U	U	U
chr22	28406200	28406400	U	U	U	U
chr22	28407200	28407400	U	U	U	U
chr22	28408000	28408200	U	U	U	U
chr22	28410600	28410800	U	U	U	U
chr22	28412200	28412400	U	U	U	U
chr22	28417600	28417800	U	U	U	U
chr22	28418000	28418200	U	U	U	U
chr22	28423800	28424000	U	U	U	U
chr22	28425000	28425200	U	U	U	U
chr22	28432600	28432800	U	U	U	U
chr22	28433000	28433200	U	U	U	U
chr22	28435000	28435200	U	U	U	U
chr22	28438400	28438600	U	U	U	U
chr22	28438800	28439000	U	U	U	U
chr22	28440400	28440600	U	U	U	U
chr22	28441600	28441800	U	U	U	U
chr22	28443800	28444000	B	U	U	U
chr22	28445200	28445400	U	U	U	U
chr22	28454400	28454600	U	U	U	U
chr22	28457400	28457600	U	U	U	U
chr22	28470600	28470800	U	U	U	U
chr22	28471200	28471400	U	U	U	U
chr22	28472200	28472400	U	U	U	U
chr22	28479200	28479400	U	U	U	U
chr22	28479600	28479800	U	U	U	U
chr22	28481400	28481600	U	U	U	U
chr22	28481800	28482000	U	U	U	U
chr22	28485200	28485400	U	U	U	U
chr22	28485800	28486000	U	U	U	U
chr22	28486200	28486400	U	U	U	U
chr22	28491000	28491200	U	U	U	U
chr22	28498000	28498200	U	U	U	U
chr22	28498400	28498600	U	U	U	U
chr22	28502000	28502200	U	U	U	U
chr22	28502800	28503000	U	U	U	U
chr22	28540400	28540600	U	U	U	U
chr22	28548200	28548400	U	U	U	U
chr22	28550000	28550200	U	U	U	U
chr22	28550400	28550600	U	U	U	U
chr22	28550600	28550800	U	U	U	U
chr22	28558000	28558200	U	U	U	U
chr22	28559200	28559400	U	U	U	U
chr22	28562400	28562600	U	U	U	U
chr22	28586400	28586600	U	U	U	U
chr22	28589000	28589200	U	U	U	U
chr22	28592000	28592200	U	U	U	U
chr22	28598600	28598800	U	U	U	U
chr22	28599200	28599400	U	U	U	U
chr22	28626200	28626400	U	U	U	U
chr22	28629600	28629800	U	U	U	U
chr22	28633800	28634000	U	U	U	U
chr22	28693200	28693400	U	U	U	U
chr22	28694200	28694400	U	U	U	U
chr22	28694400	28694600	U	U	U	U
chr22	28709000	28709200	U	U	U	U
chr22	28710800	28711000	U	U	U	U
chr22	28712200	28712400	U	U	U	U
chr22	28725200	28725400	U	U	U	U
chr22	28732600	28732800	U	U	U	U
chr22	28734600	28734800	U	U	U	U
chr22	28736400	28736600	U	U	U	U
chr22	28756800	28757000	U	U	U	U
chr22	28757000	28757200	U	U	U	U
chr22	28760200	28760400	U	U	U	U
chr22	28773600	28773800	B	U	U	U
chr22	28779600	28779800	B	U	U	U
chr22	28781000	28781200	U	U	U	U
chr22	28784400	28784600	U	U	U	U
chr22	28788600	28788800	U	U	U	U
chr22	28789000	28789200	U	U	U	U
chr22	28792200	28792400	B	U	U	U
chr22	28795400	28795600	U	U	U	U
chr22	28796200	28796400	U	U	U	U
chr22	28796600	28796800	U	U	U	U
chr22	28797200	28797400	U	U	U	U
chr22	28798000	28798200	U	U	U	U
chr22	28800800	28801000	B	U	U	B
chr22	28802400	28802600	B	U	U	U
chr22	28810800	28811000	U	U	U	U
chr22	28818600	28818800	U	U	U	U
chr22	28823000	28823200	U	U	B	U
chr22	28836000	28836200	U	U	U	U
chr22	28873200	28873400	U	U	U	U
chr22	28874200	28874400	U	U	U	U
chr22	28875400	28875600	U	U	U	U
chr22	28883400	28883600	B	U	U	U
chr22	28884600	28884800	U	U	U	U
chr22	28885800	28886000	U	U	U	U
chr22	28886200	28886400	U	U	U	U
chr22	28889400	28889600	U	U	U	U
chr22	28893200	28893400	U	U	U	U
chr22	28898400	28898600	U	U	U	U
chr22	28899400	28899600	U	U	U	U
chr22	28907600	28907800	U	U	U	U
chr22	28907800	28908000	U	U	U	U
chr22	28908600	28908800	U	U	U	U
chr22	28909400	28909600	U	U	U	U
chr22	28912400	28912600	U	U	U	U
chr22	28913600	28913800	U	U	U	U
chr22	28916400	28916600	U	U	U	U
chr22	28918200	28918400	B	U	U	U
chr22	28920600	28920800	U	U	U	U
chr22	28924200	28924400	U	U	U	U
chr22	28933400	28933600	U	U	U	U
chr22	28934200	28934400	U	U	U	U
chr22	28935400	28935600	U	U	U	U
chr22	28942800	28943000	U	U	U	U
chr22	28950400	28950600	U	U	U	U
chr22	28950600	28950800	U	U	U	U
chr22	28951800	28952000	U	U	U	U
chr22	28952400	28952600	U	U	U	U
chr22	28952800	28953000	U	U	U	U
chr22	28953200	28953400	U	U	U	U
chr22	28956000	28956200	U	U	U	U
chr22	28962600	28962800	U	U	U	U
chr22	28962800	28963000	U	U	U	U
chr22	28977200	28977400	U	U	U	U
chr22	28979400	28979600	U	U	U	U
chr22	28980400	28980600	U	U	U	U
chr22	28985200	28985400	U	U	U	U
chr22	28988000	28988200	U	U	U	U
chr22	28989400	28989600	U	U	U	U
chr22	28993200	28993400	U	U	U	U
chr22	28994800	28995000	U	U	U	U
chr22	28999800	29000000	U	U	U	U
chr22	29004200	29004400	U	U	U	U
chr22	29005400	29005600	U	U	U	U
chr22	29006600	29006800	U	U	U	U
chr22	29008200	29008400	U	U	U	U
chr22	29008400	29008600	U	U	U	U
chr22	29009400	29009600	U	U	U	U
chr22	29011600	29011800	U	U	U	U
chr22	29011800	29012000	U	U	U	U
chr22	29012400	29012600	U	U	U	U
chr22	29016600	29016800	U	U	U	U
chr22	29022200	29022400	U	U	U	U
chr22	29022600	29022800	U	U	U	U
chr22	29026200	29026400	U	U	U	U
chr22	29026400	29026600	U	U	U	U
chr22	29028000	29028200	U	U	U	U
chr22	29028800	29029000	U	U	U	U
chr22	29031200	29031400	B	U	U	U
chr22	29031400	29031600	B	U	U	B
chr22	29034200	29034400	U	U	U	U
chr22	29037800	29038000	U	U	U	U
chr22	29043400	29043600	U	U	U	U
chr22	29043600	29043800	U	U	U	U
chr22	29043800	29044000	U	U	U	U
chr22	29044400	29044600	U	U	U	U
chr22	29044600	29044800	U	U	U	U
chr22	29046400	29046600	U	U	U	U
chr22	29048200	29048400	U	U	U	U
chr22	29053400	29053600	U	U	U	U
chr22	29053600	29053800	U	U	U	U
chr22	29054600	29054800	U	U	U	U
chr22	29057200	29057400	U	U	U	U
chr22	29058600	29058800	U	U	U	U
chr22	29061000	29061200	U	U	U	U
chr22	29065800	29066000	U	U	U	U
chr22	29074200	29074400	U	U	U	U
chr22	29074400	29074600	U	U	U	U
chr22	29075400	29075600	U	U	U	U
chr22	29078600	29078800	B	U	U	U
chr22	29080400	29080600	U	U	U	U
chr22	29087200	29087400	U	U	U	U
chr22	29096200	29096400	U	U	U	U
chr22	29096600	29096800	B	U	U	U
chr22	29096800	29097000	B	U	U	B
chr22	29098600	29098800	U	U	U	U
chr22	29102200	29102400	U	U	U	U
chr22	29110800	29111000	U	U	U	U
chr22	29112600	29112800	U	U	U	U
chr22	29116600	29116800	U	U	U	U
chr22	29121200	29121400	U	U	U	U
chr22	29125200	29125400	U	U	U	U
chr22	29129000	29129200	U	U	U	U
chr22	29137000	29137200	U	U	U	U
chr22	29137600	29137800	U	U	U	U
chr22	29138600	29138800	U	U	U	U
chr22	29140400	29140600	U	U	U	U
chr22	29142400	29142600	U	U	U	U
chr22	29144800	29145000	U	U	U	U
chr22	29150000	29150200	U	U	U	U
chr22	29158200	29158400	U	U	U	U
chr22	29169600	29169800	U	U	U	U
chr22	29192600	29192800	U	U	U	B
chr22	29202400	29202600	B	U	U	U
chr22	29204200	29204400	U	U	U	U
chr22	29216400	29216600	U	U	U	U
chr22	29226200	29226400	U	U	U	U
chr22	29245400	29245600	B	U	B	U
chr22	29252200	29252400	U	U	U	U
chr22	29258000	29258200	U	U	U	U
chr22	29259200	29259400	U	U	U	U
chr22	29268600	29268800	B	U	U	U
chr22	29269200	29269400	U	U	U	U
chr22	29270400	29270600	U	U	U	U
chr22	29274000	29274200	U	U	U	U
chr22	29274200	29274400	U	U	U	U
chr22	29274800	29275000	U	U	U	U
chr22	29277400	29277600	U	U	U	U
chr22	29277800	29278000	U	U	U	U
chr22	29279600	29279800	U	U	U	U
chr22	29280400	29280600	U	U	U	U
chr22	29282000	29282200	U	U	U	U
chr22	29284400	29284600	U	U	U	U
chr22	29289200	29289400	U	U	U	U
chr22	29289600	29289800	U	U	U	U
chr22	29290000	29290200	U	U	U	U
chr22	29291800	29292000	U	U	U	U
chr22	29296200	29296400	U	U	U	U
chr22	29298600	29298800	U	U	U	U
chr22	29307200	29307400	B	U	U	U
chr22	29309600	29309800	U	U	U	U
chr22	29310800	29311000	B	U	U	U
chr22	29313000	29313200	U	U	U	U
chr22	29313800	29314000	U	U	U	U
chr22	29314000	29314200	U	U	U	U
chr22	29314600	29314800	U	U	U	U
chr22	29327400	29327600	U	U	U	U
chr22	29328800	29329000	U	U	U	U
chr22	29330000	29330200	U	U	U	U
chr22	29330800	29331000	U	U	U	U
chr22	29337400	29337600	U	U	U	U
chr22	29339200	29339400	U	U	U	U
chr22	29339600	29339800	U	U	U	U
chr22	29342000	29342200	U	U	U	U
chr22	29342400	29342600	U	U	U	U
chr22	29349000	29349200	U	U	U	U
chr22	29349200	29349400	U	U	U	U
chr22	29351800	29352000	U	U	U	U
chr22	29353400	29353600	U	U	U	U
chr22	29358200	29358400	U	U	U	U
chr22	29360800	29361000	U	U	U	U
chr22	29367000	29367200	U	U	U	U
chr22	29367200	29367400	U	U	U	U
chr22	29371200	29371400	U	U	U	U
chr22	29372600	29372800	U	U	U	U
chr22	29376000	29376200	U	U	U	U
chr22	29379600	29379800	U	U	U	U
chr22	29381600	29381800	U	U	U	U
chr22	29383800	29384000	U	U	U	U
chr22	29385600	29385800	U	U	U	U
chr22	29388600	29388800	B	U	U	B
chr22	29395400	29395600	B	U	U	U
chr22	29397800	29398000	U	U	U	U
chr22	29399400	29399600	U	U	U	U
chr22	29401000	29401200	U	U	U	U
chr22	29401200	29401400	U	U	U	U
chr22	29406600	29406800	U	U	U	U
chr22	29406800	29407000	U	U	U	U
chr22	29417000	29417200	U	U	U	U
chr22	29422000	29422200	U	U	U	U
chr22	29435400	29435600	U	U	U	U
chr22	29438800	29439000	U	U	U	U
chr22	29441400	29441600	U	U	U	U
chr22	29442000	29442200	U	U	U	U
chr22	29444200	29444400	U	U	U	U
chr22	29454000	29454200	U	U	U	U
chr22	29454400	29454600	U	U	U	U
chr22	29454600	29454800	U	U	U	U
chr22	29456200	29456400	U	U	U	U
chr22	29473000	29473200	U	U	U	U
chr22	29475800	29476000	U	U	U	U
chr22	29479200	29479400	U	U	U	U
chr22	29479600	29479800	U	U	U	U
chr22	29480000	29480200	U	U	U	U
chr22	29481400	29481600	B	U	B	U
chr22	29482200	29482400	U	U	U	U
chr22	29490600	29490800	U	U	U	U
chr22	29508200	29508400	U	U	U	U
chr22	29509400	29509600	U	U	U	U
chr22	29510000	29510200	U	U	U	U
chr22	29511200	29511400	U	U	U	U
chr22	29512200	29512400	U	U	U	U
chr22	29512400	29512600	U	U	U	U
chr22	29516400	29516600	U	U	U	U
chr22	29517600	29517800	U	U	U	U
chr22	29519400	29519600	U	U	U	U
chr22	29520000	29520200	U	U	U	U
chr22	29520200	29520400	U	U	U	U
chr22	29522400	29522600	U	U	U	U
chr22	29531400	29531600	U	U	U	U
chr22	29531600	29531800	U	U	U	U
chr22	29536200	29536400	U	U	U	U
chr22	29554000	29554200	B	U	U	U
chr22	29555800	29556000	U	U	U	U
chr22	29561400	29561600	U	U	U	U
chr22	29561600	29561800	U	U	U	U
chr22	29567200	29567400	U	U	U	U
chr22	29603000	29603200	B	U	U	U
chr22	29609000	29609200	U	U	U	U
chr22	29618600	29618800	U	U	U	U
chr22	29623400	29623600	U	U	U	U
chr22	29625400	29625600	U	U	U	U
chr22	29626800	29627000	U	U	U	U
chr22	29628200	29628400	U	U	U	U
chr22	29628400	29628600	U	U	U	U
chr22	29630200	29630400	U	U	U	U
chr22	29630600	29630800	U	U	U	U
chr22	29633400	29633600	U	U	U	U
chr22	29636200	29636400	U	U	U	U
chr22	29636400	29636600	U	U	U	U
chr22	29637800	29638000	U	U	U	U
chr22	29639000	29639200	U	U	U	U
chr22	29641400	29641600	U	U	U	U
chr22	29645400	29645600	U	U	U	U
chr22	29657800	29658000	U	U	U	U
chr22	29661400	29661600	U	U	U	U
chr22	29665000	29665200	U	U	U	U
chr22	29669000	29669200	U	U	U	U
chr22	29677200	29677400	U	U	U	U
chr22	29678400	29678600	U	U	U	U
chr22	29683200	29683400	U	U	U	U
chr22	29683800	29684000	U	U	U	U
chr22	29687000	29687200	U	U	U	U
chr22	29688200	29688400	U	U	U	U
chr22	29688600	29688800	U	U	U	U
chr22	29690600	29690800	U	U	U	U
chr22	29694000	29694200	U	U	U	U
chr22	29694400	29694600	U	U	U	U
chr22	29698000	29698200	U	U	U	U
chr22	29699200	29699400	U	U	U	U
chr22	29705000	29705200	U	U	U	U
chr22	29705200	29705400	U	U	U	U
chr22	29710000	29710200	U	U	U	U
chr22	29711000	29711200	U	U	U	U
chr22	29711600	29711800	U	U	U	U
chr22	29717200	29717400	B	U	B	U
chr22	29718000	29718200	U	U	U	U
chr22	29719200	29719400	U	U	U	U
chr22	29725200	29725400	U	U	U	U
chr22	29726400	29726600	B	U	U	U
chr22	29726600	29726800	B	U	U	U
chr22	29726800	29727000	U	U	U	U
chr22	29727000	29727200	B	U	U	U
chr22	29729000	29729200	U	U	U	U
chr22	29731200	29731400	U	U	U	U
chr22	29736000	29736200	U	U	U	U
chr22	29742000	29742200	U	U	U	U
chr22	29742200	29742400	U	U	U	U
chr22	29750400	29750600	U	U	U	U
chr22	29767600	29767800	B	U	U	U
chr22	29769000	29769200	U	U	U	U
chr22	29779000	29779200	U	U	U	U
chr22	29782600	29782800	U	U	U	U
chr22	29785000	29785200	U	U	U	U
chr22	29803600	29803800	U	U	U	U
chr22	29805000	29805200	U	U	U	U
chr22	29809800	29810000	U	U	U	U
chr22	29812600	29812800	U	U	U	U
chr22	29814400	29814600	U	U	U	U
chr22	29815800	29816000	U	U	U	U
chr22	29816200	29816400	U	U	U	U
chr22	29817400	29817600	U	U	U	U
chr22	29822400	29822600	U	U	U	U
chr22	29824800	29825000	U	U	U	U
chr22	29827200	29827400	U	U	U	U
chr22	29872600	29872800	U	U	U	U
chr22	29878000	29878200	U	U	U	U
chr22	29883800	29884000	B	U	U	U
chr22	29885600	29885800	U	U	U	U
chr22	29887600	29887800	U	U	U	U
chr22	29887800	29888000	U	U	U	U
chr22	29888400	29888600	U	U	U	U
chr22	29902200	29902400	U	U	U	U
chr22	29905400	29905600	U	U	U	U
chr22	29909200	29909400	U	U	U	U
chr22	29910400	29910600	U	U	U	U
chr22	29911000	29911200	U	U	U	U
chr22	29912600	29912800	U	U	U	U
chr22	29916200	29916400	U	U	U	U
chr22	29917600	29917800	U	U	U	U
chr22	29919200	29919400	U	U	U	U
chr22	29934400	29934600	U	U	U	U
chr22	29939400	29939600	U	U	U	U
chr22	29940600	29940800	U	U	U	U
chr22	29944800	29945000	U	U	U	U
chr22	29951600	29951800	U	U	U	U
chr22	29952800	29953000	B	U	U	U
chr22	29953000	29953200	U	U	U	U
chr22	29956600	29956800	U	U	U	U
chr22	29958200	29958400	U	U	U	U
chr22	29959000	29959200	U	U	U	U
chr22	29965800	29966000	U	U	U	U
chr22	29970000	29970200	U	U	U	U
chr22	29978800	29979000	U	U	U	U
chr22	29984600	29984800	U	U	U	U
chr22	29985600	29985800	U	U	U	U
chr22	29988200	29988400	U	U	U	U
chr22	29988400	29988600	U	U	U	U
chr22	29991000	29991200	U	U	U	U
chr22	29995600	29995800	U	U	U	U
chr22	29999000	29999200	U	U	U	U
chr22	30003800	30004000	U	U	U	U
chr22	30004600	30004800	U	U	U	U
chr22	30005000	30005200	U	U	U	U
chr22	30007800	30008000	U	U	U	U
chr22	30009600	30009800	U	U	U	U
chr22	30012000	30012200	U	U	U	U
chr22	30012200	30012400	U	U	U	U
chr22	30012600	30012800	U	U	U	U
chr22	30013000	30013200	U	U	U	U
chr22	30013600	30013800	U	U	U	U
chr22	30016600	30016800	U	U	U	U
chr22	30016800	30017000	U	U	U	U
chr22	30020600	30020800	U	U	U	U
chr22	30022400	30022600	U	U	U	U
chr22	30023200	30023400	U	U	U	U
chr22	30026600	30026800	U	U	U	U
chr22	30034000	30034200	U	U	U	U
chr22	30040200	30040400	U	U	U	U
chr22	30040600	30040800	U	U	U	U
chr22	30044800	30045000	U	U	U	U
chr22	30045600	30045800	U	U	U	U
chr22	30046200	30046400	U	U	U	U
chr22	30074600	30074800	U	U	U	U
chr22	30075600	30075800	U	U	U	U
chr22	30075800	30076000	U	U	U	U
chr22	30080800	30081000	U	U	U	U
chr22	30082200	30082400	U	U	U	U
chr22	30093600	30093800	U	U	U	U
chr22	30094000	30094200	U	U	U	U
chr22	30094400	30094600	U	U	U	U
chr22	30098800	30099000	U	U	U	U
chr22	30099200	30099400	U	U	U	U
chr22	30099400	30099600	U	U	U	U
chr22	30103000	30103200	U	U	U	U
chr22	30103400	30103600	U	U	U	U
chr22	30104000	30104200	U	U	U	U
chr22	30104600	30104800	U	U	U	U
chr22	30104800	30105000	U	U	U	U
chr22	30112200	30112400	U	U	U	U
chr22	30114600	30114800	U	U	U	U
chr22	30120200	30120400	U	U	U	U
chr22	30121600	30121800	U	U	U	U
chr22	30130200	30130400	U	U	U	U
chr22	30131000	30131200	U	U	U	U
chr22	30132600	30132800	U	U	U	U
chr22	30137200	30137400	U	U	U	U
chr22	30151600	30151800	U	U	U	U
chr22	30159800	30160000	U	U	U	U
chr22	30170000	30170200	U	U	U	U
chr22	30174000	30174200	U	U	U	U
chr22	30174600	30174800	U	U	U	U
chr22	30175000	30175200	U	U	U	U
chr22	30175600	30175800	U	U	U	U
chr22	30176400	30176600	U	U	U	U
chr22	30178600	30178800	U	U	U	U
chr22	30179400	30179600	U	U	U	U
chr22	30180200	30180400	U	U	U	U
chr22	30185400	30185600	U	U	U	U
chr22	30186400	30186600	U	U	U	U
chr22	30186800	30187000	U	U	U	U
chr22	30187600	30187800	U	U	U	U
chr22	30187800	30188000	U	U	U	U
chr22	30188200	30188400	U	U	U	U
chr22	30189400	30189600	U	U	U	U
chr22	30192000	30192200	U	U	U	U
chr22	30197200	30197400	B	U	U	U
chr22	30207000	30207200	U	U	U	U
chr22	30208200	30208400	U	U	U	U
chr22	30210400	30210600	U	U	U	U
chr22	30211400	30211600	U	U	U	U
chr22	30215000	30215200	U	U	U	U
chr22	30218000	30218200	U	U	U	U
chr22	30218200	30218400	U	U	U	U
chr22	30223600	30223800	U	U	U	U
chr22	30224200	30224400	U	U	U	U
chr22	30233200	30233400	U	U	U	U
chr22	30237400	30237600	U	U	U	U
chr22	30239200	30239400	U	U	U	U
chr22	30240400	30240600	U	U	U	U
chr22	30240800	30241000	U	U	U	U
chr22	30241600	30241800	U	U	U	U
chr22	30242000	30242200	U	U	U	U
chr22	30242400	30242600	U	U	U	U
chr22	30245000	30245200	U	U	U	U
chr22	30245800	30246000	U	U	U	U
chr22	30246800	30247000	U	U	U	U
chr22	30247000	30247200	U	U	U	U
chr22	30247400	30247600	U	U	U	U
chr22	30253200	30253400	U	U	U	U
chr22	30253400	30253600	U	U	U	U
chr22	30254400	30254600	U	U	U	U
chr22	30257400	30257600	U	U	U	U
chr22	30258800	30259000	U	U	U	U
chr22	30263400	30263600	B	U	U	U
chr22	30264800	30265000	U	U	U	U
chr22	30265200	30265400	U	U	U	U
chr22	30265400	30265600	U	U	U	U
chr22	30266600	30266800	U	U	U	U
chr22	30266800	30267000	U	U	U	U
chr22	30267200	30267400	U	U	U	U
chr22	30274200	30274400	U	U	U	U
chr22	30275000	30275200	U	U	U	U
chr22	30276200	30276400	U	U	U	U
chr22	30278400	30278600	U	U	U	U
chr22	30283200	30283400	U	U	U	U
chr22	30285600	30285800	U	U	U	U
chr22	30288800	30289000	U	U	U	U
chr22	30289000	30289200	B	U	U	U
chr22	30290400	30290600	U	U	U	U
chr22	30292000	30292200	U	U	U	U
chr22	30295200	30295400	U	U	U	U
chr22	30295400	30295600	U	U	U	U
chr22	30295600	30295800	U	U	U	U
chr22	30295800	30296000	U	U	U	U
chr22	30297400	30297600	U	U	U	U
chr22	30297800	30298000	U	U	U	U
chr22	30298000	30298200	U	U	U	U
chr22	30300800	30301000	U	U	U	U
chr22	30301600	30301800	U	U	U	U
chr22	30302400	30302600	U	U	U	U
chr22	30304400	30304600	U	U	U	U
chr22	30304600	30304800	U	U	U	U
chr22	30304800	30305000	U	U	U	U
chr22	30319600	30319800	U	U	U	U
chr22	30320200	30320400	U	U	U	U
chr22	30321600	30321800	U	U	U	U
chr22	30324200	30324400	U	U	U	U
chr22	30324400	30324600	U	U	U	U
chr22	30325400	30325600	U	U	U	U
chr22	30332800	30333000	U	U	U	U
chr22	30334200	30334400	U	U	U	U
chr22	30340200	30340400	U	U	U	U
chr22	30341200	30341400	U	U	U	U
chr22	30346400	30346600	U	U	U	U
chr22	30347400	30347600	U	U	U	U
chr22	30348800	30349000	U	U	U	U
chr22	30352800	30353000	U	U	U	U
chr22	30354200	30354400	U	U	U	U
chr22	30361800	30362000	U	U	U	U
chr22	30366400	30366600	U	U	U	U
chr22	30370600	30370800	U	U	U	U
chr22	30373400	30373600	U	U	U	U
chr22	30377400	30377600	U	U	U	U
chr22	30377600	30377800	U	U	U	U
chr22	30379000	30379200	U	U	U	U
chr22	30381800	30382000	U	U	U	U
chr22	30386000	30386200	U	U	U	U
chr22	30390000	30390200	U	U	U	U
chr22	30393800	30394000	U	U	U	U
chr22	30395800	30396000	U	U	U	U
chr22	30400200	30400400	U	U	U	U
chr22	30400400	30400600	U	U	U	U
chr22	30405400	30405600	U	U	U	U
chr22	30406000	30406200	U	U	U	U
chr22	30407400	30407600	U	U	U	U
chr22	30409400	30409600	U	U	U	U
chr22	30414600	30414800	U	U	U	U
chr22	30415600	30415800	U	U	U	U
chr22	30417800	30418000	U	U	U	U
chr22	30420400	30420600	U	U	U	U
chr22	30420800	30421000	U	U	U	U
chr22	30422400	30422600	U	U	U	U
chr22	30427000	30427200	U	U	U	U
chr22	30428600	30428800	U	U	U	U
chr22	30432200	30432400	U	U	U	U
chr22	30432600	30432800	U	U	U	U
chr22	30445000	30445200	B	U	U	U
chr22	30447800	30448000	U	U	U	U
chr22	30448200	30448400	U	U	U	U
chr22	30450000	30450200	U	U	U	U
chr22	30453800	30454000	U	U	U	U
chr22	30460000	30460200	U	U	U	U
chr22	30463600	30463800	U	U	U	U
chr22	30467000	30467200	U	U	U	U
chr22	30470400	30470600	U	U	U	U
chr22	30471800	30472000	U	U	U	U
chr22	30475800	30476000	U	U	U	U
chr22	30480200	30480400	U	U	U	U
chr22	30481600	30481800	U	U	U	U
chr22	30483200	30483400	U	U	U	U
chr22	30488400	30488600	U	U	U	U
chr22	30490200	30490400	U	U	U	U
chr22	30494800	30495000	U	U	U	U
chr22	30495800	30496000	U	U	U	U
chr22	30501200	30501400	U	U	U	U
chr22	30514400	30514600	U	U	U	U
chr22	30524800	30525000	U	U	U	U
chr22	30525800	30526000	U	U	U	U
chr22	30529000	30529200	U	U	U	U
chr22	30531800	30532000	U	U	U	U
chr22	30532600	30532800	U	U	U	U
chr22	30539800	30540000	U	U	U	U
chr22	30542400	30542600	B	U	B	U
chr22	30543400	30543600	U	U	U	U
chr22	30543800	30544000	U	U	U	U
chr22	30546800	30547000	U	U	U	U
chr22	30554600	30554800	U	U	U	U
chr22	30557400	30557600	U	U	U	U
chr22	30562600	30562800	U	U	U	U
chr22	30564600	30564800	U	U	U	U
chr22	30564800	30565000	U	U	U	U
chr22	30566400	30566600	U	U	U	U
chr22	30569200	30569400	U	U	U	U
chr22	30572000	30572200	U	U	U	U
chr22	30574200	30574400	U	U	U	U
chr22	30575400	30575600	U	U	U	U
chr22	30575600	30575800	U	U	U	U
chr22	30576800	30577000	U	U	U	U
chr22	30579600	30579800	U	U	U	U
chr22	30580400	30580600	U	U	U	U
chr22	30581600	30581800	U	U	U	U
chr22	30582600	30582800	U	U	U	U
chr22	30583800	30584000	U	U	U	U
chr22	30587600	30587800	U	U	U	U
chr22	30589200	30589400	U	U	U	U
chr22	30607000	30607200	B	U	B	U
chr22	30610600	30610800	U	U	U	U
chr22	30617200	30617400	U	U	U	U
chr22	30635400	30635600	B	U	U	U
chr22	30636400	30636600	U	U	U	U
chr22	30636600	30636800	U	U	U	U
chr22	30636800	30637000	U	U	U	U
chr22	30643800	30644000	U	U	U	U
chr22	30656400	30656600	U	U	U	U
chr22	30656600	30656800	U	U	U	U
chr22	30670400	30670600	U	U	U	U
chr22	30681000	30681200	U	U	U	U
chr22	30681200	30681400	U	U	U	U
chr22	30694400	30694600	U	U	U	U
chr22	30694600	30694800	B	U	U	U
chr22	30695600	30695800	U	U	U	U
chr22	30701800	30702000	U	U	U	U
chr22	30702000	30702200	U	U	U	U
chr22	30712200	30712400	U	U	U	U
chr22	30722000	30722200	U	U	U	U
chr22	30739200	30739400	U	U	U	U
chr22	30743400	30743600	U	U	U	U
chr22	30743800	30744000	U	U	U	U
chr22	30751800	30752000	U	U	U	U
chr22	30754000	30754200	U	U	U	U
chr22	30757200	30757400	U	U	U	U
chr22	30765600	30765800	U	U	U	U
chr22	30768800	30769000	U	U	U	U
chr22	30770600	30770800	U	U	U	U
chr22	30772200	30772400	U	U	U	U
chr22	30774600	30774800	U	U	U	U
chr22	30780000	30780200	U	U	U	U
chr22	30788200	30788400	U	U	U	U
chr22	30788400	30788600	U	U	U	U
chr22	30789800	30790000	U	U	U	U
chr22	30790000	30790200	U	U	U	U
chr22	30790400	30790600	U	U	U	U
chr22	30792400	30792600	U	U	U	U
chr22	30801000	30801200	U	U	U	U
chr22	30801400	30801600	U	U	U	U
chr22	30803600	30803800	U	U	U	U
chr22	30805800	30806000	U	U	U	U
chr22	30809800	30810000	U	U	U	U
chr22	30818200	30818400	U	U	U	U
chr22	30818400	30818600	U	U	U	U
chr22	30823400	30823600	U	U	U	U
chr22	30828200	30828400	U	U	U	U
chr22	30828400	30828600	U	U	U	U
chr22	30829000	30829200	U	U	U	U
chr22	30830400	30830600	U	U	U	U
chr22	30830600	30830800	U	U	U	U
chr22	30832600	30832800	U	U	U	U
chr22	30836600	30836800	U	U	U	U
chr22	30855800	30856000	U	U	U	U
chr22	30857000	30857200	U	U	U	U
chr22	30859400	30859600	U	U	U	U
chr22	30859800	30860000	U	U	U	U
chr22	30861800	30862000	U	U	U	U
chr22	30862000	30862200	U	U	U	U
chr22	30870400	30870600	U	U	U	U
chr22	30870600	30870800	U	U	U	U
chr22	30878800	30879000	U	U	U	U
chr22	30880800	30881000	U	U	U	U
chr22	30881400	30881600	B	U	U	B
chr22	30881800	30882000	B	U	U	B
chr22	30882200	30882400	B	U	U	U
chr22	30883200	30883400	U	U	U	U
chr22	30883400	30883600	U	U	U	U
chr22	30885000	30885200	U	U	U	U
chr22	30885200	30885400	U	U	U	U
chr22	30885400	30885600	U	U	U	U
chr22	30887400	30887600	U	U	U	U
chr22	30892200	30892400	U	U	U	U
chr22	30893400	30893600	U	U	U	U
chr22	30893800	30894000	U	U	U	U
chr22	30894000	30894200	U	U	U	U
chr22	30907000	30907200	U	U	U	U
chr22	30907600	30907800	U	U	U	U
chr22	30908200	30908400	U	U	U	U
chr22	30921600	30921800	U	U	U	U
chr22	30922200	30922400	U	U	U	U
chr22	30922400	30922600	U	U	U	U
chr22	30932800	30933000	U	U	U	U
chr22	30933600	30933800	U	U	B	U
chr22	30935600	30935800	U	U	U	U
chr22	30936200	30936400	U	U	U	U
chr22	30938200	30938400	U	U	U	U
chr22	30940000	30940200	U	U	U	U
chr22	30940600	30940800	U	U	U	U
chr22	30941600	30941800	U	U	U	U
chr22	30943400	30943600	U	U	U	U
chr22	30945000	30945200	U	U	U	U
chr22	30945400	30945600	U	U	U	U
chr22	30946400	30946600	U	U	U	U
chr22	30947000	30947200	U	U	U	U
chr22	30950800	30951000	U	U	U	U
chr22	30953800	30954000	U	U	U	U
chr22	30954600	30954800	U	U	U	U
chr22	30957600	30957800	U	U	U	U
chr22	30957800	30958000	U	U	U	U
chr22	30958400	30958600	U	U	U	U
chr22	30961200	30961400	U	U	U	U
chr22	30963800	30964000	U	U	U	U
chr22	30967600	30967800	U	U	U	U
chr22	30970600	30970800	U	U	U	U
chr22	30972800	30973000	U	U	U	U
chr22	30973000	30973200	U	U	U	U
chr22	30974400	30974600	U	U	U	U
chr22	30974600	30974800	U	U	U	U
chr22	30975000	30975200	U	U	U	U
chr22	30975600	30975800	U	U	U	U
chr22	30976200	30976400	U	U	U	U
chr22	30977200	30977400	U	U	U	U
chr22	30977400	30977600	U	U	U	U
chr22	30977600	30977800	U	U	U	U
chr22	30978000	30978200	U	U	U	U
chr22	30989000	30989200	U	U	U	U
chr22	30999800	31000000	U	U	U	U
chr22	31033000	31033200	U	U	U	U
chr22	31039400	31039600	U	U	U	U
chr22	31040600	31040800	U	U	U	U
chr22	31046800	31047000	B	U	U	U
chr22	31047400	31047600	U	U	U	U
chr22	31057000	31057200	U	U	U	U
chr22	31059600	31059800	B	U	U	U
chr22	31076000	31076200	U	U	U	U
chr22	31079400	31079600	U	U	U	U
chr22	31083400	31083600	U	U	U	U
chr22	31085400	31085600	B	U	B	U
chr22	31088400	31088600	U	U	U	U
chr22	31094200	31094400	U	U	U	U
chr22	31096000	31096200	U	U	U	U
chr22	31104400	31104600	U	U	U	U
chr22	31105200	31105400	U	U	U	U
chr22	31106200	31106400	U	U	U	U
chr22	31106400	31106600	U	U	U	U
chr22	31108000	31108200	B	U	U	U
chr22	31122400	31122600	U	U	U	U
chr22	31125200	31125400	U	U	U	U
chr22	31126000	31126200	U	U	U	U
chr22	31126600	31126800	U	U	U	U
chr22	31127800	31128000	B	U	U	U
chr22	31133200	31133400	U	U	U	U
chr22	31133400	31133600	U	U	U	U
chr22	31133600	31133800	U	U	U	U
chr22	31134000	31134200	U	U	U	U
chr22	31135200	31135400	U	U	U	U
chr22	31135800	31136000	U	U	U	U
chr22	31136600	31136800	U	U	U	U
chr22	31140000	31140200	B	U	U	U
chr22	31141000	31141200	U	U	U	U
chr22	31143000	31143200	U	U	U	U
chr22	31153400	31153600	U	U	U	U
chr22	31155800	31156000	U	U	U	U
chr22	31160400	31160600	B	U	U	U
chr22	31173800	31174000	U	U	U	U
chr22	31178000	31178200	U	U	U	U
chr22	31179600	31179800	U	U	U	U
chr22	31191200	31191400	U	U	U	U
chr22	31196800	31197000	U	U	U	U
chr22	31203000	31203200	U	U	U	U
chr22	31205000	31205200	U	U	U	U
chr22	31205400	31205600	U	U	U	U
chr22	31210200	31210400	U	U	U	U
chr22	31217600	31217800	U	U	U	U
chr22	31217800	31218000	U	U	U	U
chr22	31220400	31220600	U	U	U	U
chr22	31229200	31229400	U	U	U	U
chr22	31229400	31229600	B	U	U	U
chr22	31230400	31230600	U	U	U	U
chr22	31235400	31235600	U	U	U	U
chr22	31249000	31249200	U	U	U	U
chr22	31250400	31250600	U	U	U	U
chr22	31253000	31253200	U	U	U	U
chr22	31253200	31253400	U	U	U	U
chr22	31256800	31257000	U	U	U	U
chr22	31258000	31258200	U	U	U	U
chr22	31270200	31270400	U	U	U	U
chr22	31272400	31272600	B	U	U	U
chr22	31275400	31275600	U	U	U	U
chr22	31279000	31279200	U	U	U	U
chr22	31279600	31279800	U	U	U	U
chr22	31280000	31280200	U	U	U	U
chr22	31280600	31280800	U	U	U	U
chr22	31282800	31283000	U	U	U	U
chr22	31289400	31289600	U	U	U	U
chr22	31289800	31290000	U	U	U	U
chr22	31290600	31290800	B	U	U	U
chr22	31296400	31296600	U	U	U	U
chr22	31296800	31297000	U	U	U	U
chr22	31300800	31301000	U	U	U	U
chr22	31311400	31311600	U	U	U	U
chr22	31322600	31322800	U	U	U	U
chr22	31327200	31327400	U	U	U	U
chr22	31328600	31328800	U	U	U	U
chr22	31329200	31329400	U	U	U	U
chr22	31332800	31333000	U	U	U	U
chr22	31339400	31339600	U	U	U	U
chr22	31341000	31341200	U	U	U	U
chr22	31342600	31342800	U	U	U	U
chr22	31342800	31343000	U	U	U	U
chr22	31343400	31343600	U	U	U	U
chr22	31345000	31345200	U	U	U	U
chr22	31346800	31347000	B	U	U	U
chr22	31347200	31347400	U	U	U	U
chr22	31347400	31347600	U	U	U	U
chr22	31360200	31360400	U	U	U	U
chr22	31399400	31399600	B	U	U	B
chr22	31399600	31399800	B	U	U	B
chr22	31400000	31400200	B	U	U	U
chr22	31420200	31420400	U	U	U	U
chr22	31426800	31427000	U	U	U	U
chr22	31427200	31427400	U	U	U	U
chr22	31433000	31433200	U	U	U	U
chr22	31436000	31436200	U	U	U	U
chr22	31436600	31436800	U	U	U	U
chr22	31438000	31438200	U	U	U	U
chr22	31439600	31439800	U	U	U	U
chr22	31440200	31440400	U	U	U	U
chr22	31440600	31440800	U	U	U	U
chr22	31443400	31443600	U	U	U	U
chr22	31447000	31447200	U	U	U	U
chr22	31450400	31450600	U	U	U	U
chr22	31452200	31452400	U	U	U	U
chr22	31452400	31452600	U	U	U	U
chr22	31452800	31453000	U	U	U	U
chr22	31457600	31457800	U	U	U	U
chr22	31461000	31461200	U	U	U	U
chr22	31464000	31464200	U	U	U	U
chr22	31476200	31476400	U	U	U	U
chr22	31477600	31477800	U	U	U	U
chr22	31485200	31485400	U	U	U	U
chr22	31488200	31488400	U	U	U	U
chr22	31488800	31489000	U	U	U	U
chr22	31497000	31497200	B	U	U	U
chr22	31511200	31511400	U	U	U	U
chr22	31521200	31521400	U	U	U	U
chr22	31528800	31529000	U	U	U	U
chr22	31550800	31551000	U	U	U	U
chr22	31555400	31555600	U	U	U	U
chr22	31572800	31573000	U	U	U	U
chr22	31574200	31574400	U	U	U	U
chr22	31584000	31584200	U	U	U	U
chr22	31586600	31586800	B	U	U	U
chr22	31586800	31587000	B	U	U	U
chr22	31602400	31602600	U	U	U	U
chr22	31606000	31606200	U	U	U	U
chr22	31606400	31606600	U	U	U	U
chr22	31610000	31610200	U	U	U	U
chr22	31610600	31610800	U	U	U	U
chr22	31611600	31611800	U	U	U	U
chr22	31613400	31613600	U	U	U	U
chr22	31614200	31614400	U	U	U	U
chr22	31616600	31616800	U	U	U	U
chr22	31617200	31617400	U	U	U	U
chr22	31618000	31618200	U	U	U	U
chr22	31618800	31619000	U	U	B	U
chr22	31619200	31619400	U	U	U	U
chr22	31621600	31621800	U	U	U	U
chr22	31621800	31622000	U	U	U	U
chr22	31622000	31622200	U	U	U	U
chr22	31624800	31625000	U	U	U	U
chr22	31626200	31626400	U	U	U	U
chr22	31627800	31628000	U	U	U	U
chr22	31628200	31628400	U	U	U	U
chr22	31629000	31629200	U	U	U	U
chr22	31631400	31631600	U	U	U	U
chr22	31632200	31632400	U	U	U	U
chr22	31635600	31635800	U	U	U	U
chr22	31638200	31638400	U	U	U	U
chr22	31638400	31638600	U	U	U	U
chr22	31646400	31646600	U	U	U	U
chr22	31646600	31646800	U	U	U	U
chr22	31647400	31647600	U	U	U	U
chr22	31662000	31662200	B	U	U	U
chr22	31662200	31662400	B	U	U	U
chr22	31681400	31681600	U	U	U	U
chr22	31682600	31682800	U	U	U	U
chr22	31685600	31685800	U	U	U	U
chr22	31713200	31713400	U	U	U	U
chr22	31715600	31715800	U	U	U	U
chr22	31716600	31716800	U	U	U	U
chr22	31720200	31720400	U	U	U	U
chr22	31723000	31723200	U	U	U	U
chr22	31738800	31739000	U	U	U	U
chr22	31744600	31744800	U	U	U	U
chr22	31744800	31745000	U	U	U	U
chr22	31748000	31748200	U	U	U	U
chr22	31748400	31748600	U	U	U	U
chr22	31764200	31764400	U	U	U	U
chr22	31766200	31766400	U	U	U	U
chr22	31766400	31766600	U	U	U	U
chr22	31782600	31782800	U	U	U	U
chr22	31790000	31790200	U	U	U	U
chr22	31792000	31792200	U	U	U	U
chr22	31794200	31794400	U	U	U	U
chr22	31794400	31794600	U	U	U	U
chr22	31804000	31804200	U	U	U	U
chr22	31805200	31805400	U	U	U	U
chr22	31810400	31810600	U	U	U	U
chr22	31813200	31813400	U	U	U	U
chr22	31816800	31817000	U	U	U	U
chr22	31820600	31820800	U	U	U	U
chr22	31820800	31821000	U	U	U	U
chr22	31821200	31821400	U	U	U	U
chr22	31821600	31821800	U	U	U	U
chr22	31829600	31829800	U	U	U	U
chr22	31838800	31839000	U	U	U	U
chr22	31842800	31843000	U	U	U	U
chr22	31843400	31843600	U	U	U	U
chr22	31858200	31858400	U	U	U	U
chr22	31860600	31860800	U	U	U	U
chr22	31871400	31871600	U	U	U	U
chr22	31881400	31881600	B	U	U	U
chr22	31882000	31882200	U	U	U	U
chr22	31887800	31888000	U	U	U	U
chr22	31896600	31896800	B	U	U	B
chr22	31899000	31899200	U	U	U	U
chr22	31902000	31902200	B	U	U	B
chr22	31902800	31903000	U	U	U	U
chr22	31904800	31905000	U	U	U	U
chr22	31906200	31906400	U	U	U	U
chr22	31926200	31926400	U	U	U	U
chr22	31927200	31927400	B	U	U	U
chr22	31938200	31938400	U	U	U	U
chr22	31943400	31943600	U	U	U	U
chr22	31945200	31945400	B	U	U	U
chr22	31950200	31950400	U	U	U	U
chr22	31952200	31952400	U	U	U	U
chr22	31953600	31953800	U	U	U	U
chr22	31955200	31955400	U	U	U	U
chr22	31956600	31956800	U	U	U	U
chr22	31957200	31957400	U	U	U	U
chr22	31957600	31957800	U	U	U	U
chr22	31961000	31961200	U	U	U	U
chr22	31968200	31968400	U	U	U	U
chr22	31973600	31973800	U	U	U	U
chr22	31990200	31990400	U	U	U	U
chr22	32010600	32010800	U	U	U	U
chr22	32020200	32020400	U	U	U	U
chr22	32025000	32025200	U	U	U	U
chr22	32034400	32034600	U	U	U	U
chr22	32039400	32039600	U	U	U	U
chr22	32040600	32040800	U	U	U	U
chr22	32042400	32042600	U	U	U	U
chr22	32043000	32043200	U	U	U	U
chr22	32043400	32043600	U	U	U	U
chr22	32043600	32043800	U	U	U	U
chr22	32044400	32044600	U	U	U	U
chr22	32045400	32045600	U	U	U	U
chr22	32047000	32047200	U	U	U	U
chr22	32047400	32047600	U	U	U	U
chr22	32050000	32050200	U	U	U	U
chr22	32052200	32052400	U	U	U	U
chr22	32052400	32052600	U	U	U	U
chr22	32052600	32052800	U	U	U	U
chr22	32058800	32059000	U	U	U	U
chr22	32062600	32062800	U	U	U	U
chr22	32063400	32063600	U	U	U	U
chr22	32065800	32066000	U	U	U	U
chr22	32067000	32067200	U	U	U	U
chr22	32076200	32076400	U	U	U	U
chr22	32079200	32079400	U	U	U	U
chr22	32082200	32082400	U	U	U	U
chr22	32082600	32082800	U	U	U	U
chr22	32083000	32083200	U	U	U	U
chr22	32087400	32087600	U	U	U	U
chr22	32097400	32097600	U	U	U	U
chr22	32100800	32101000	U	U	U	U
chr22	32110200	32110400	U	U	U	U
chr22	32110600	32110800	U	U	U	U
chr22	32111600	32111800	U	U	U	U
chr22	32111800	32112000	U	U	U	U
chr22	32123400	32123600	U	U	U	U
chr22	32123600	32123800	U	U	U	U
chr22	32129000	32129200	U	U	U	U
chr22	32130400	32130600	U	U	U	U
chr22	32132200	32132400	U	U	U	U
chr22	32135800	32136000	U	U	U	U
chr22	32141000	32141200	B	U	U	U
chr22	32141600	32141800	U	U	U	U
chr22	32141800	32142000	U	U	U	U
chr22	32150000	32150200	U	U	U	U
chr22	32155200	32155400	U	U	U	U
chr22	32155400	32155600	U	U	U	U
chr22	32158200	32158400	U	U	U	U
chr22	32161000	32161200	U	U	U	U
chr22	32162200	32162400	U	U	U	U
chr22	32162600	32162800	U	U	U	U
chr22	32164000	32164200	U	U	U	U
chr22	32173200	32173400	U	U	U	U
chr22	32173400	32173600	U	U	U	U
chr22	32177400	32177600	U	U	B	U
chr22	32179400	32179600	U	U	U	U
chr22	32184200	32184400	U	U	U	U
chr22	32187200	32187400	U	U	U	U
chr22	32188200	32188400	U	U	U	U
chr22	32188400	32188600	U	U	U	U
chr22	32190800	32191000	U	U	U	U
chr22	32198600	32198800	U	U	U	U
chr22	32199000	32199200	U	U	U	U
chr22	32199800	32200000	U	U	U	U
chr22	32200000	32200200	U	U	U	U
chr22	32209000	32209200	U	U	U	U
chr22	32209200	32209400	U	U	U	U
chr22	32209800	32210000	U	U	U	U
chr22	32222400	32222600	U	U	U	U
chr22	32229000	32229200	U	U	U	U
chr22	32230000	32230200	U	U	U	U
chr22	32232200	32232400	U	U	U	U
chr22	32235800	32236000	U	U	U	U
chr22	32236400	32236600	U	U	U	U
chr22	32237200	32237400	U	U	U	U
chr22	32239000	32239200	U	U	U	U
chr22	32240200	32240400	U	U	U	U
chr22	32248800	32249000	U	U	U	U
chr22	32253000	32253200	U	U	U	U
chr22	32253200	32253400	U	U	U	U
chr22	32253400	32253600	U	U	U	U
chr22	32255000	32255200	U	U	U	U
chr22	32261200	32261400	U	U	U	U
chr22	32261400	32261600	U	U	U	U
chr22	32267000	32267200	U	U	U	U
chr22	32268200	32268400	U	U	U	U
chr22	32271200	32271400	U	U	U	U
chr22	32271400	32271600	U	U	U	U
chr22	32272200	32272400	U	U	U	U
chr22	32275000	32275200	U	U	U	U
chr22	32277000	32277200	U	U	U	U
chr22	32280400	32280600	U	U	U	U
chr22	32305600	32305800	U	U	U	U
chr22	32313800	32314000	U	U	U	U
chr22	32325000	32325200	U	U	U	U
chr22	32325400	32325600	U	U	U	U
chr22	32331600	32331800	U	U	U	U
chr22	32334400	32334600	U	U	U	U
chr22	32334600	32334800	U	U	U	U
chr22	32336600	32336800	U	U	U	U
chr22	32342200	32342400	U	U	U	U
chr22	32346000	32346200	U	U	U	U
chr22	32350400	32350600	U	U	U	U
chr22	32350600	32350800	U	U	U	U
chr22	32351200	32351400	U	U	U	U
chr22	32356400	32356600	U	U	U	U
chr22	32357000	32357200	U	U	U	U
chr22	32358800	32359000	U	U	U	U
chr22	32359800	32360000	U	U	U	U
chr22	32360600	32360800	U	U	U	U
chr22	32361000	32361200	U	U	U	U
chr22	32362800	32363000	U	U	U	U
chr22	32365600	32365800	U	U	U	U
chr22	32373000	32373200	U	U	U	U
chr22	32376200	32376400	U	U	U	U
chr22	32377600	32377800	U	U	U	U
chr22	32377800	32378000	U	U	U	U
chr22	32378200	32378400	U	U	U	U
chr22	32379200	32379400	B	U	U	U
chr22	32391800	32392000	U	U	U	U
chr22	32393400	32393600	U	U	U	U
chr22	32393600	32393800	U	U	U	U
chr22	32393800	32394000	U	U	U	U
chr22	32394800	32395000	U	U	U	U
chr22	32399600	32399800	U	U	U	U
chr22	32401600	32401800	U	U	U	U
chr22	32409000	32409200	U	U	U	U
chr22	32410200	32410400	U	U	U	U
chr22	32412000	32412200	B	U	U	U
chr22	32412200	32412400	B	U	U	U
chr22	32413200	32413400	U	U	U	U
chr22	32416600	32416800	U	U	U	U
chr22	32419000	32419200	U	U	U	U
chr22	32423000	32423200	U	U	U	U
chr22	32423800	32424000	U	U	U	U
chr22	32426200	32426400	U	U	U	U
chr22	32427000	32427200	U	U	U	U
chr22	32432400	32432600	U	U	U	U
chr22	32433600	32433800	U	U	U	U
chr22	32435600	32435800	U	U	U	U
chr22	32437800	32438000	U	U	U	U
chr22	32442600	32442800	U	U	U	U
chr22	32445800	32446000	U	U	U	U
chr22	32447200	32447400	U	U	U	U
chr22	32453400	32453600	U	U	U	U
chr22	32457200	32457400	U	U	U	U
chr22	32463400	32463600	U	U	U	U
chr22	32469800	32470000	B	U	U	U
chr22	32470000	32470200	B	U	U	U
chr22	32470200	32470400	U	U	U	U
chr22	32475000	32475200	B	U	U	U
chr22	32476800	32477000	U	U	U	U
chr22	32481200	32481400	U	U	U	U
chr22	32483800	32484000	U	U	U	U
chr22	32485000	32485200	U	U	U	U
chr22	32489800	32490000	U	U	U	U
chr22	32490800	32491000	U	U	U	U
chr22	32498600	32498800	U	U	U	U
chr22	32499200	32499400	U	U	U	U
chr22	32500000	32500200	U	U	U	U
chr22	32502400	32502600	U	U	U	U
chr22	32509000	32509200	U	U	U	U
chr22	32510000	32510200	U	U	U	U
chr22	32510400	32510600	U	U	U	U
chr22	32521000	32521200	U	U	U	U
chr22	32528600	32528800	U	U	U	U
chr22	32531400	32531600	U	U	U	U
chr22	32531600	32531800	U	U	U	U
chr22	32539000	32539200	U	U	U	U
chr22	32539600	32539800	B	U	U	U
chr22	32541200	32541400	U	U	U	U
chr22	32543400	32543600	U	U	U	U
chr22	32546400	32546600	U	U	U	U
chr22	32546600	32546800	U	U	U	U
chr22	32562400	32562600	U	U	U	U
chr22	32570200	32570400	U	U	U	U
chr22	32571400	32571600	U	U	U	U
chr22	32573200	32573400	U	U	U	U
chr22	32576000	32576200	U	U	U	U
chr22	32596600	32596800	U	U	U	U
chr22	32602000	32602200	U	U	U	U
chr22	32602200	32602400	U	U	U	U
chr22	32608400	32608600	U	U	U	U
chr22	32614800	32615000	U	U	U	U
chr22	32615800	32616000	U	U	U	U
chr22	32624600	32624800	U	U	U	U
chr22	32626400	32626600	U	U	U	U
chr22	32628800	32629000	U	U	U	U
chr22	32629000	32629200	U	U	U	U
chr22	32629600	32629800	B	U	U	U
chr22	32643400	32643600	U	U	U	U
chr22	32644400	32644600	U	U	U	U
chr22	32648800	32649000	U	U	U	U
chr22	32653000	32653200	U	U	U	U
chr22	32654400	32654600	U	U	U	U
chr22	32669200	32669400	U	U	U	U
chr22	32673000	32673200	U	U	U	U
chr22	32675200	32675400	U	U	U	U
chr22	32677000	32677200	U	U	U	U
chr22	32683000	32683200	U	U	U	U
chr22	32687800	32688000	U	U	U	U
chr22	32690600	32690800	U	U	U	U
chr22	32695400	32695600	U	U	U	U
chr22	32698200	32698400	U	U	U	U
chr22	32700200	32700400	U	U	U	U
chr22	32707000	32707200	U	U	U	U
chr22	32708600	32708800	U	U	U	U
chr22	32716000	32716200	U	U	U	U
chr22	32717600	32717800	U	U	U	U
chr22	32721200	32721400	U	U	U	U
chr22	32723600	32723800	U	U	U	U
chr22	32723800	32724000	U	U	U	U
chr22	32726600	32726800	U	U	U	U
chr22	32730000	32730200	U	U	U	U
chr22	32731600	32731800	U	U	U	U
chr22	32735600	32735800	U	U	U	U
chr22	32744000	32744200	U	U	U	U
chr22	32749800	32750000	U	U	U	U
chr22	32752600	32752800	U	U	U	U
chr22	32753000	32753200	U	U	U	U
chr22	32753200	32753400	U	U	U	U
chr22	32765600	32765800	U	U	U	U
chr22	32775400	32775600	U	U	U	U
chr22	32778000	32778200	U	U	U	U
chr22	32780200	32780400	U	U	U	U
chr22	32784800	32785000	U	U	U	U
chr22	32789200	32789400	U	U	U	U
chr22	32799400	32799600	U	U	U	U
chr22	32801200	32801400	U	U	U	U
chr22	32802000	32802200	U	U	U	U
chr22	32802200	32802400	U	U	U	U
chr22	32803800	32804000	U	U	U	U
chr22	32804800	32805000	U	U	U	U
chr22	32805400	32805600	U	U	U	U
chr22	32805800	32806000	U	U	U	U
chr22	32808400	32808600	U	U	U	U
chr22	32812200	32812400	U	U	U	U
chr22	32816600	32816800	U	U	U	U
chr22	32817800	32818000	U	U	U	U
chr22	32820000	32820200	U	U	U	U
chr22	32823400	32823600	B	U	B	U
chr22	32828800	32829000	U	U	U	U
chr22	32829200	32829400	U	U	U	U
chr22	32834600	32834800	U	U	U	U
chr22	32839200	32839400	U	U	U	U
chr22	32840000	32840200	U	U	U	U
chr22	32840200	32840400	U	U	U	U
chr22	32843600	32843800	U	U	U	U
chr22	32845600	32845800	U	U	U	U
chr22	32846200	32846400	U	U	U	U
chr22	32847000	32847200	U	U	U	U
chr22	32851800	32852000	U	U	U	U
chr22	32854600	32854800	U	U	U	U
chr22	32860600	32860800	U	U	U	U
chr22	32861200	32861400	U	U	U	U
chr22	32861400	32861600	U	U	U	U
chr22	32862600	32862800	U	U	U	U
chr22	32862800	32863000	U	U	U	U
chr22	32863000	32863200	U	U	U	U
chr22	32864400	32864600	U	U	U	U
chr22	32864800	32865000	U	U	U	U
chr22	32865600	32865800	U	U	U	U
chr22	32866000	32866200	U	U	U	U
chr22	32866200	32866400	U	U	U	U
chr22	32868800	32869000	U	U	U	U
chr22	32872600	32872800	U	U	U	U
chr22	32873600	32873800	B	U	U	B
chr22	32874200	32874400	U	U	U	U
chr22	32889800	32890000	U	U	U	U
chr22	32894000	32894200	U	U	U	U
chr22	32897000	32897200	U	U	U	U
chr22	32909600	32909800	U	U	U	U
chr22	32917400	32917600	U	U	U	U
chr22	32941000	32941200	U	U	U	U
chr22	32949600	32949800	U	U	U	U
chr22	32949800	32950000	U	U	U	U
chr22	32950800	32951000	U	U	U	U
chr22	32952000	32952200	U	U	U	U
chr22	32954200	32954400	U	U	U	U
chr22	32967800	32968000	U	U	U	U
chr22	32968600	32968800	U	U	U	U
chr22	32969400	32969600	U	U	U	U
chr22	32969800	32970000	U	U	U	U
chr22	32976000	32976200	U	U	U	U
chr22	32979400	32979600	U	U	U	U
chr22	32981800	32982000	U	U	U	U
chr22	32992000	32992200	U	U	U	U
chr22	32994200	32994400	U	U	U	U
chr22	33001200	33001400	U	U	U	U
chr22	33020200	33020400	U	U	U	U
chr22	33026200	33026400	U	U	U	U
chr22	33047400	33047600	U	U	U	U
chr22	33051200	33051400	U	U	U	U
chr22	33052600	33052800	U	U	U	U
chr22	33056800	33057000	U	U	U	U
chr22	33057800	33058000	B	U	U	U
chr22	33061200	33061400	U	U	U	U
chr22	33061800	33062000	U	U	U	U
chr22	33063800	33064000	U	U	U	U
chr22	33068800	33069000	U	U	U	U
chr22	33072800	33073000	U	U	U	U
chr22	33074000	33074200	U	U	U	U
chr22	33075800	33076000	U	U	U	U
chr22	33079600	33079800	U	U	U	U
chr22	33097400	33097600	U	U	U	U
chr22	33101600	33101800	U	U	U	U
chr22	33104400	33104600	U	U	U	U
chr22	33108400	33108600	U	U	U	U
chr22	33110800	33111000	U	U	U	U
chr22	33112600	33112800	U	U	U	U
chr22	33126800	33127000	U	U	U	U
chr22	33134800	33135000	U	U	U	U
chr22	33135000	33135200	U	U	U	U
chr22	33135200	33135400	U	U	U	U
chr22	33143800	33144000	U	U	U	U
chr22	33144600	33144800	U	U	U	U
chr22	33145400	33145600	U	U	U	U
chr22	33163800	33164000	U	U	U	U
chr22	33165200	33165400	U	U	U	U
chr22	33204200	33204400	U	U	U	U
chr22	33209200	33209400	U	U	U	U
chr22	33209400	33209600	U	U	U	U
chr22	33220200	33220400	U	U	U	U
chr22	33220400	33220600	U	U	U	U
chr22	33220800	33221000	U	U	U	U
chr22	33221800	33222000	U	U	U	U
chr22	33222000	33222200	U	U	U	U
chr22	33225000	33225200	U	U	U	U
chr22	33226200	33226400	U	U	U	U
chr22	33227600	33227800	U	U	U	U
chr22	33231000	33231200	U	U	U	U
chr22	33242200	33242400	U	U	U	U
chr22	33259400	33259600	U	U	U	U
chr22	33266000	33266200	U	U	U	U
chr22	33268800	33269000	U	U	U	U
chr22	33270800	33271000	U	U	U	U
chr22	33271000	33271200	U	U	U	U
chr22	33271600	33271800	U	U	U	U
chr22	33282400	33282600	U	U	U	U
chr22	33283000	33283200	U	U	U	U
chr22	33284000	33284200	U	U	U	U
chr22	33292400	33292600	U	U	U	U
chr22	33294200	33294400	U	U	U	U
chr22	33310600	33310800	U	U	U	U
chr22	33317400	33317600	U	U	U	U
chr22	33320600	33320800	U	U	U	U
chr22	33325600	33325800	U	U	U	U
chr22	33326800	33327000	U	U	U	U
chr22	33327200	33327400	U	U	U	U
chr22	33334800	33335000	U	U	U	U
chr22	33337400	33337600	U	U	U	U
chr22	33342000	33342200	U	U	U	U
chr22	33349600	33349800	U	U	U	U
chr22	33350000	33350200	U	U	U	U
chr22	33358000	33358200	U	U	U	U
chr22	33382200	33382400	U	U	U	U
chr22	33385800	33386000	U	U	U	U
chr22	33395600	33395800	U	U	U	U
chr22	33400000	33400200	U	U	U	U
chr22	33404600	33404800	U	U	U	U
chr22	33406000	33406200	U	U	U	U
chr22	33406200	33406400	U	U	U	U
chr22	33409000	33409200	U	U	U	U
chr22	33411200	33411400	U	U	U	U
chr22	33426200	33426400	U	U	U	U
chr22	33429600	33429800	U	U	U	U
chr22	33431800	33432000	U	U	U	U
chr22	33437800	33438000	U	U	U	U
chr22	33438000	33438200	U	U	U	U
chr22	33443400	33443600	U	U	U	U
chr22	33449600	33449800	U	U	U	U
chr22	33452400	33452600	U	U	U	U
chr22	33456000	33456200	U	U	U	U
chr22	33460600	33460800	U	U	U	U
chr22	33465800	33466000	U	U	U	U
chr22	33467400	33467600	U	U	U	U
chr22	33473800	33474000	U	U	U	U
chr22	33474800	33475000	U	U	U	U
chr22	33478000	33478200	U	U	U	U
chr22	33480800	33481000	U	U	U	U
chr22	33483800	33484000	U	U	U	U
chr22	33484400	33484600	U	U	U	U
chr22	33486600	33486800	U	U	U	U
chr22	33490000	33490200	U	U	U	U
chr22	33490800	33491000	U	U	U	U
chr22	33491000	33491200	U	U	U	U
chr22	33491600	33491800	U	U	U	U
chr22	33493800	33494000	U	U	U	U
chr22	33498200	33498400	U	U	U	U
chr22	33511600	33511800	U	U	U	U
chr22	33513400	33513600	U	U	U	U
chr22	33519800	33520000	U	U	U	U
chr22	33526600	33526800	U	U	U	U
chr22	33527600	33527800	U	U	U	U
chr22	33530800	33531000	U	U	U	U
chr22	33552200	33552400	U	U	U	U
chr22	33553000	33553200	U	U	U	U
chr22	33553800	33554000	U	U	U	U
chr22	33554000	33554200	U	U	U	U
chr22	33554200	33554400	U	U	U	U
chr22	33558200	33558400	U	U	U	U
chr22	33559800	33560000	U	U	U	U
chr22	33561600	33561800	U	U	U	U
chr22	33562400	33562600	U	U	U	U
chr22	33563800	33564000	U	U	U	U
chr22	33564400	33564600	U	U	U	U
chr22	33565200	33565400	U	U	U	U
chr22	33565400	33565600	U	U	U	U
chr22	33565800	33566000	U	U	U	U
chr22	33571000	33571200	U	U	U	U
chr22	33579800	33580000	U	U	U	U
chr22	33583400	33583600	U	U	U	U
chr22	33583600	33583800	U	U	U	U
chr22	33590000	33590200	U	U	U	U
chr22	33596200	33596400	U	U	U	U
chr22	33597000	33597200	U	U	U	U
chr22	33599600	33599800	U	U	U	U
chr22	33607600	33607800	U	U	U	U
chr22	33612600	33612800	U	U	U	U
chr22	33620200	33620400	U	U	U	U
chr22	33621000	33621200	U	U	U	U
chr22	33621600	33621800	U	U	U	U
chr22	33623200	33623400	U	U	U	U
chr22	33626200	33626400	U	U	U	U
chr22	33626800	33627000	U	U	U	U
chr22	33632800	33633000	U	U	U	U
chr22	33633600	33633800	U	U	U	U
chr22	33635800	33636000	U	U	U	U
chr22	33640000	33640200	U	U	U	U
chr22	33640200	33640400	U	U	U	U
chr22	33649200	33649400	U	U	U	U
chr22	33649800	33650000	U	U	U	U
chr22	33650400	33650600	U	U	U	U
chr22	33651600	33651800	U	U	U	U
chr22	33652800	33653000	U	U	U	U
chr22	33653200	33653400	U	U	U	U
chr22	33654200	33654400	U	U	U	U
chr22	33654400	33654600	U	U	U	U
chr22	33656800	33657000	U	U	U	U
chr22	33659000	33659200	U	U	U	U
chr22	33660800	33661000	U	U	U	U
chr22	33662400	33662600	U	U	U	U
chr22	33663600	33663800	U	U	U	U
chr22	33666800	33667000	U	U	U	U
chr22	33669800	33670000	U	U	U	U
chr22	33677600	33677800	U	U	U	U
chr22	33677800	33678000	U	U	U	U
chr22	33682400	33682600	U	U	U	U
chr22	33684200	33684400	U	U	U	U
chr22	33690000	33690200	U	U	U	U
chr22	33694800	33695000	U	U	U	U
chr22	33704000	33704200	U	U	U	U
chr22	33706600	33706800	U	U	U	U
chr22	33712200	33712400	U	U	U	U
chr22	33712400	33712600	U	U	U	U
chr22	33712800	33713000	U	U	U	U
chr22	33713200	33713400	U	U	U	U
chr22	33718200	33718400	U	U	U	U
chr22	33721600	33721800	U	U	U	U
chr22	33722400	33722600	U	U	U	U
chr22	33724200	33724400	U	U	U	U
chr22	33724400	33724600	U	U	U	U
chr22	33725600	33725800	U	U	U	U
chr22	33733400	33733600	U	U	U	U
chr22	33741000	33741200	U	U	U	U
chr22	33745600	33745800	U	U	U	U
chr22	33746600	33746800	U	U	U	U
chr22	33760000	33760200	U	U	U	U
chr22	33762800	33763000	U	U	U	U
chr22	33773200	33773400	U	U	U	U
chr22	33784600	33784800	U	U	U	U
chr22	33786000	33786200	U	U	U	U
chr22	33797400	33797600	U	U	U	U
chr22	33798400	33798600	U	U	U	U
chr22	33804400	33804600	U	U	U	U
chr22	33815800	33816000	U	U	U	U
chr22	33816800	33817000	U	U	U	U
chr22	33817600	33817800	U	U	U	U
chr22	33818800	33819000	U	U	U	U
chr22	33819600	33819800	U	U	U	U
chr22	33831400	33831600	U	U	U	U
chr22	33832600	33832800	U	U	U	U
chr22	33836400	33836600	U	U	U	U
chr22	33837600	33837800	U	U	U	U
chr22	33840200	33840400	U	U	U	U
chr22	33840400	33840600	U	U	U	U
chr22	33842000	33842200	U	U	U	U
chr22	33844200	33844400	U	U	U	U
chr22	33848200	33848400	U	U	U	U
chr22	33854000	33854200	U	U	U	U
chr22	33854400	33854600	U	U	U	U
chr22	33857400	33857600	U	U	U	U
chr22	33860800	33861000	U	U	U	U
chr22	33861000	33861200	U	U	U	U
chr22	33863800	33864000	U	U	U	U
chr22	33864000	33864200	U	U	U	U
chr22	33865400	33865600	U	U	U	U
chr22	33867200	33867400	U	U	U	U
chr22	33868400	33868600	U	U	U	U
chr22	33871600	33871800	U	U	U	U
chr22	33875600	33875800	U	U	U	U
chr22	33881200	33881400	U	U	U	U
chr22	33884200	33884400	U	U	U	U
chr22	33889400	33889600	U	U	U	U
chr22	33893800	33894000	U	U	U	U
chr22	33896600	33896800	U	U	U	U
chr22	33897000	33897200	U	U	U	U
chr22	33912600	33912800	U	U	U	U
chr22	33916600	33916800	U	U	U	U
chr22	33919600	33919800	U	U	U	U
chr22	33919800	33920000	U	U	U	U
chr22	33922200	33922400	U	U	U	U
chr22	33922400	33922600	U	U	U	U
chr22	33922800	33923000	U	U	U	U
chr22	33925600	33925800	U	U	U	U
chr22	33930200	33930400	U	U	U	U
chr22	33931200	33931400	U	U	U	U
chr22	33941800	33942000	U	U	U	U
chr22	33952400	33952600	U	U	U	U
chr22	33966600	33966800	U	U	U	U
chr22	33969400	33969600	U	U	U	U
chr22	33975800	33976000	U	U	U	U
chr22	33986400	33986600	U	U	U	U
chr22	33991400	33991600	U	U	U	U
chr22	33992000	33992200	U	U	U	U
chr22	34009200	34009400	U	U	U	U
chr22	34009400	34009600	U	U	U	U
chr22	34017200	34017400	U	U	U	U
chr22	34020000	34020200	U	U	U	U
chr22	34021200	34021400	U	U	U	U
chr22	34025400	34025600	U	U	U	U
chr22	34037000	34037200	U	U	B	U
chr22	34043600	34043800	U	U	U	U
chr22	34050000	34050200	U	U	U	U
chr22	34053400	34053600	U	U	U	U
chr22	34056400	34056600	U	U	U	U
chr22	34059400	34059600	U	U	U	U
chr22	34064400	34064600	U	U	U	U
chr22	34064600	34064800	U	U	U	U
chr22	34072600	34072800	U	U	U	U
chr22	34077400	34077600	U	U	U	U
chr22	34084600	34084800	U	U	U	U
chr22	34097600	34097800	U	U	U	U
chr22	34098000	34098200	U	U	U	U
chr22	34102600	34102800	U	U	B	U
chr22	34104200	34104400	U	U	U	U
chr22	34104400	34104600	U	U	U	U
chr22	34107800	34108000	U	U	U	U
chr22	34111000	34111200	U	U	U	U
chr22	34128200	34128400	U	U	U	U
chr22	34128800	34129000	U	U	U	U
chr22	34133600	34133800	U	U	U	U
chr22	34139000	34139200	U	U	U	U
chr22	34139200	34139400	U	U	U	U
chr22	34139400	34139600	U	U	U	U
chr22	34149800	34150000	U	U	U	U
chr22	34157000	34157200	U	U	U	U
chr22	34164800	34165000	U	U	U	U
chr22	34165800	34166000	U	U	U	U
chr22	34170200	34170400	U	U	U	U
chr22	34171800	34172000	U	U	U	U
chr22	34173000	34173200	U	U	U	U
chr22	34174400	34174600	U	U	U	U
chr22	34180000	34180200	U	U	U	U
chr22	34190000	34190200	U	U	U	U
chr22	34210200	34210400	U	U	U	U
chr22	34219000	34219200	U	U	U	U
chr22	34221400	34221600	U	U	U	U
chr22	34230800	34231000	U	U	U	U
chr22	34240000	34240200	U	U	U	U
chr22	34240400	34240600	U	U	U	U
chr22	34261000	34261200	U	U	U	U
chr22	34261600	34261800	U	U	U	U
chr22	34261800	34262000	U	U	U	U
chr22	34277400	34277600	U	U	U	U
chr22	34297600	34297800	U	U	U	U
chr22	34302600	34302800	U	U	U	U
chr22	34308400	34308600	U	U	U	U
chr22	34319400	34319600	U	U	U	U
chr22	34320200	34320400	U	U	U	U
chr22	34326200	34326400	U	U	U	U
chr22	34336600	34336800	U	U	U	U
chr22	34343200	34343400	U	U	U	U
chr22	34353000	34353200	U	U	U	U
chr22	34354600	34354800	U	U	U	U
chr22	34355800	34356000	U	U	U	U
chr22	34362200	34362400	U	U	U	U
chr22	34371000	34371200	U	U	U	U
chr22	34379400	34379600	U	U	U	U
chr22	34379600	34379800	U	U	U	U
chr22	34379800	34380000	U	U	U	U
chr22	34383200	34383400	U	U	U	U
chr22	34407600	34407800	U	U	U	U
chr22	34410600	34410800	U	U	U	U
chr22	34427800	34428000	U	U	U	U
chr22	34431400	34431600	U	U	U	U
chr22	34432600	34432800	U	U	U	U
chr22	34433400	34433600	U	U	U	U
chr22	34444800	34445000	U	U	U	U
chr22	34445400	34445600	U	U	U	U
chr22	34447400	34447600	U	U	U	U
chr22	34472000	34472200	U	U	U	U
chr22	34475000	34475200	U	U	U	U
chr22	34477200	34477400	U	U	U	U
chr22	34477800	34478000	U	U	U	U
chr22	34482400	34482600	U	U	U	U
chr22	34487200	34487400	U	U	U	U
chr22	34495400	34495600	U	U	U	U
chr22	34503400	34503600	U	U	U	U
chr22	34512800	34513000	U	U	U	U
chr22	34517000	34517200	U	U	U	U
chr22	34524800	34525000	U	U	U	U
chr22	34525000	34525200	U	U	U	U
chr22	34530800	34531000	U	U	U	U
chr22	34590000	34590200	U	U	U	U
chr22	34590200	34590400	U	U	U	U
chr22	34596400	34596600	U	U	U	U
chr22	34599800	34600000	U	U	U	U
chr22	34604600	34604800	U	U	U	U
chr22	34614600	34614800	U	U	U	U
chr22	34619000	34619200	U	U	U	U
chr22	34636000	34636200	U	U	U	U
chr22	34637800	34638000	U	U	U	U
chr22	34638000	34638200	U	U	U	U
chr22	34642200	34642400	U	U	U	U
chr22	34643200	34643400	U	U	U	U
chr22	34644000	34644200	U	U	U	U
chr22	34645400	34645600	U	U	U	U
chr22	34646600	34646800	U	U	U	U
chr22	34649000	34649200	U	U	U	U
chr22	34649600	34649800	U	U	U	U
chr22	34651600	34651800	U	U	U	U
chr22	34653800	34654000	U	U	U	U
chr22	34656400	34656600	U	U	U	U
chr22	34676000	34676200	U	U	U	U
chr22	34677000	34677200	U	U	U	U
chr22	34688400	34688600	U	U	U	U
chr22	34696800	34697000	U	U	B	U
chr22	34702200	34702400	U	U	U	U
chr22	34702800	34703000	U	U	U	U
chr22	34704800	34705000	U	U	U	U
chr22	34709400	34709600	U	U	U	U
chr22	34713600	34713800	U	U	U	U
chr22	34719000	34719200	U	U	U	U
chr22	34731200	34731400	U	U	U	U
chr22	34731400	34731600	U	U	U	U
chr22	34743400	34743600	U	U	U	U
chr22	34756000	34756200	U	U	U	U
chr22	34756200	34756400	U	U	U	U
chr22	34760800	34761000	U	U	U	U
chr22	34765600	34765800	U	U	U	U
chr22	34767000	34767200	U	U	U	U
chr22	34769600	34769800	U	U	U	U
chr22	34771600	34771800	U	U	U	U
chr22	34781600	34781800	U	U	U	U
chr22	34781800	34782000	U	U	U	U
chr22	34783600	34783800	U	U	U	U
chr22	34784000	34784200	U	U	U	U
chr22	34800600	34800800	U	U	U	U
chr22	34807800	34808000	U	U	U	U
chr22	34810200	34810400	U	U	U	U
chr22	34814200	34814400	U	U	U	U
chr22	34823000	34823200	U	U	U	U
chr22	34823400	34823600	U	U	U	U
chr22	34825400	34825600	U	U	U	U
chr22	34833200	34833400	U	U	U	U
chr22	34841600	34841800	U	U	U	U
chr22	34842000	34842200	U	U	U	U
chr22	34846600	34846800	U	U	U	U
chr22	34851800	34852000	U	U	B	U
chr22	34855400	34855600	U	U	U	U
chr22	34863600	34863800	U	U	U	U
chr22	34864400	34864600	U	U	U	U
chr22	34864800	34865000	U	U	U	U
chr22	34871800	34872000	U	U	U	U
chr22	34875800	34876000	U	U	U	U
chr22	34878400	34878600	U	U	U	U
chr22	34880000	34880200	U	U	U	U
chr22	34880600	34880800	U	U	U	U
chr22	34881400	34881600	U	U	U	U
chr22	34892400	34892600	U	U	U	U
chr22	34892600	34892800	U	U	U	U
chr22	34895600	34895800	U	U	U	U
chr22	34895800	34896000	U	U	U	U
chr22	34902600	34902800	U	U	U	U
chr22	34912000	34912200	U	U	U	U
chr22	34913400	34913600	U	U	U	U
chr22	34915000	34915200	U	U	U	U
chr22	34931400	34931600	U	U	U	U
chr22	34931600	34931800	U	U	U	U
chr22	34941800	34942000	U	U	U	U
chr22	34979800	34980000	U	U	U	U
chr22	34981600	34981800	U	U	U	U
chr22	34983800	34984000	U	U	U	U
chr22	34989200	34989400	U	U	U	U
chr22	34992200	34992400	U	U	U	U
chr22	34993000	34993200	U	U	U	U
chr22	34994400	34994600	U	U	U	U
chr22	34996600	34996800	U	U	U	U
chr22	35000400	35000600	U	U	U	U
chr22	35003000	35003200	U	U	U	U
chr22	35009000	35009200	U	U	U	U
chr22	35021400	35021600	U	U	U	U
chr22	35035400	35035600	U	U	U	U
chr22	35039800	35040000	U	U	U	U
chr22	35043800	35044000	B	U	U	U
chr22	35044000	35044200	B	U	U	U
chr22	35045400	35045600	U	U	U	U
chr22	35055400	35055600	U	U	U	U
chr22	35066000	35066200	U	U	U	U
chr22	35068800	35069000	U	U	U	U
chr22	35079600	35079800	U	U	U	U
chr22	35081000	35081200	U	U	U	U
chr22	35094000	35094200	U	U	U	U
chr22	35120400	35120600	U	U	U	U
chr22	35123800	35124000	U	U	U	U
chr22	35142600	35142800	U	U	U	U
chr22	35144200	35144400	U	U	U	U
chr22	35147000	35147200	U	U	U	U
chr22	35159400	35159600	U	U	U	U
chr22	35161600	35161800	U	U	U	U
chr22	35162000	35162200	U	U	U	U
chr22	35162600	35162800	U	U	U	U
chr22	35165200	35165400	U	U	U	U
chr22	35181200	35181400	U	U	U	U
chr22	35198000	35198200	U	U	U	U
chr22	35198600	35198800	U	U	U	U
chr22	35210600	35210800	U	U	U	U
chr22	35212600	35212800	B	U	U	U
chr22	35225200	35225400	U	U	U	U
chr22	35233600	35233800	U	U	U	U
chr22	35250800	35251000	U	U	U	U
chr22	35253400	35253600	U	U	U	U
chr22	35254000	35254200	U	U	U	U
chr22	35254200	35254400	U	U	U	U
chr22	35257600	35257800	B	U	B	U
chr22	35258200	35258400	B	U	U	U
chr22	35258600	35258800	B	U	U	U
chr22	35259400	35259600	U	U	U	U
chr22	35260600	35260800	U	U	U	U
chr22	35262000	35262200	U	U	U	U
chr22	35262200	35262400	U	U	U	U
chr22	35262400	35262600	U	U	U	U
chr22	35265000	35265200	U	U	U	U
chr22	35267200	35267400	U	U	U	U
chr22	35268800	35269000	U	U	U	U
chr22	35269400	35269600	U	U	U	U
chr22	35272000	35272200	U	U	U	U
chr22	35281400	35281600	U	U	U	U
chr22	35285800	35286000	U	U	U	U
chr22	35287200	35287400	U	U	U	U
chr22	35288200	35288400	U	U	U	U
chr22	35292800	35293000	U	U	U	U
chr22	35293000	35293200	U	U	U	U
chr22	35307600	35307800	U	U	U	U
chr22	35313800	35314000	U	U	U	U
chr22	35315600	35315800	U	U	U	U
chr22	35316200	35316400	U	U	U	U
chr22	35316400	35316600	U	U	U	U
chr22	35317600	35317800	U	U	U	U
chr22	35320200	35320400	U	U	U	U
chr22	35322200	35322400	U	U	U	U
chr22	35322400	35322600	U	U	U	U
chr22	35322600	35322800	U	U	U	U
chr22	35322800	35323000	U	U	U	U
chr22	35328200	35328400	U	U	U	U
chr22	35330400	35330600	U	U	U	U
chr22	35333000	35333200	U	U	U	U
chr22	35333200	35333400	U	U	U	U
chr22	35335000	35335200	U	U	U	U
chr22	35338400	35338600	U	U	U	U
chr22	35340000	35340200	U	U	U	U
chr22	35345200	35345400	U	U	U	U
chr22	35345800	35346000	U	U	U	U
chr22	35347000	35347200	U	U	U	U
chr22	35347200	35347400	U	U	U	U
chr22	35348600	35348800	U	U	U	U
chr22	35349800	35350000	U	U	U	U
chr22	35355000	35355200	U	U	U	U
chr22	35368400	35368600	U	U	U	U
chr22	35386600	35386800	U	U	U	U
chr22	35386800	35387000	U	U	U	U
chr22	35393400	35393600	U	U	U	U
chr22	35400400	35400600	B	U	U	U
chr22	35408400	35408600	U	U	U	U
chr22	35411400	35411600	U	U	U	U
chr22	35416600	35416800	U	U	U	U
chr22	35419800	35420000	U	U	U	U
chr22	35422600	35422800	U	U	U	U
chr22	35423400	35423600	U	U	U	U
chr22	35424200	35424400	U	U	U	U
chr22	35425600	35425800	U	U	U	U
chr22	35426000	35426200	U	U	U	U
chr22	35426200	35426400	U	U	U	U
chr22	35431600	35431800	U	U	U	U
chr22	35436600	35436800	U	U	U	U
chr22	35436800	35437000	B	U	U	U
chr22	35451800	35452000	U	U	U	U
chr22	35452600	35452800	U	U	U	U
chr22	35454200	35454400	U	U	U	U
chr22	35474200	35474400	U	U	U	U
chr22	35476400	35476600	U	U	U	U
chr22	35478600	35478800	U	U	U	U
chr22	35480400	35480600	U	U	U	U
chr22	35480600	35480800	U	U	U	U
chr22	35490200	35490400	U	U	U	U
chr22	35503000	35503200	U	U	U	U
chr22	35509800	35510000	U	U	U	U
chr22	35518400	35518600	U	U	U	U
chr22	35523400	35523600	U	U	U	U
chr22	35523600	35523800	U	U	U	U
chr22	35525400	35525600	U	U	U	U
chr22	35526600	35526800	U	U	U	U
chr22	35531600	35531800	U	U	U	U
chr22	35541800	35542000	U	U	U	U
chr22	35544400	35544600	U	U	U	U
chr22	35552600	35552800	B	U	U	U
chr22	35553800	35554000	U	U	U	U
chr22	35554000	35554200	U	U	U	U
chr22	35554600	35554800	U	U	U	U
chr22	35572600	35572800	U	U	U	U
chr22	35580400	35580600	U	U	U	U
chr22	35594800	35595000	U	U	U	U
chr22	35597800	35598000	U	U	U	U
chr22	35598200	35598400	U	U	U	U
chr22	35602600	35602800	U	U	U	U
chr22	35615800	35616000	B	U	U	U
chr22	35616000	35616200	U	U	U	U
chr22	35616200	35616400	U	U	U	U
chr22	35617000	35617200	U	U	U	U
chr22	35622000	35622200	U	U	U	U
chr22	35622600	35622800	U	U	U	U
chr22	35627800	35628000	U	U	U	U
chr22	35634200	35634400	U	U	U	U
chr22	35646800	35647000	U	U	U	U
chr22	35656200	35656400	U	U	U	B
chr22	35656400	35656600	U	U	U	B
chr22	35657000	35657200	U	U	U	U
chr22	35658400	35658600	B	U	U	U
chr22	35659000	35659200	U	U	U	U
chr22	35674400	35674600	U	U	U	U
chr22	35674600	35674800	U	U	U	U
chr22	35678200	35678400	U	U	U	U
chr22	35687600	35687800	U	U	U	U
chr22	35692200	35692400	U	U	U	U
chr22	35703600	35703800	U	U	U	U
chr22	35704000	35704200	U	U	U	U
chr22	35708600	35708800	U	U	U	U
chr22	35713400	35713600	U	U	U	U
chr22	35714400	35714600	U	U	U	U
chr22	35715800	35716000	U	U	U	U
chr22	35726200	35726400	U	U	U	U
chr22	35726600	35726800	U	U	U	U
chr22	35729600	35729800	U	U	U	U
chr22	35738600	35738800	U	U	U	U
chr22	35738800	35739000	U	U	U	U
chr22	35740000	35740200	U	U	U	U
chr22	35740200	35740400	U	U	U	U
chr22	35740800	35741000	U	U	U	U
chr22	35742200	35742400	B	U	U	B
chr22	35743400	35743600	U	U	U	U
chr22	35743600	35743800	U	U	U	U
chr22	35745200	35745400	U	U	U	U
chr22	35745400	35745600	U	U	U	U
chr22	35745600	35745800	U	U	U	U
chr22	35750400	35750600	U	U	U	U
chr22	35750800	35751000	U	U	U	U
chr22	35756800	35757000	U	U	U	U
chr22	35759200	35759400	U	U	U	U
chr22	35760800	35761000	U	U	U	U
chr22	35766200	35766400	U	U	U	U
chr22	35767000	35767200	U	U	U	U
chr22	35770800	35771000	U	U	U	U
chr22	35772600	35772800	U	U	U	U
chr22	35781400	35781600	U	U	U	U
chr22	35783400	35783600	U	U	U	U
chr22	35783800	35784000	U	U	U	U
chr22	35785400	35785600	U	U	U	U
chr22	35786000	35786200	U	U	U	U
chr22	35787600	35787800	U	U	U	U
chr22	35793600	35793800	U	U	U	U
chr22	35793800	35794000	U	U	U	U
chr22	35795000	35795200	U	U	U	U
chr22	35797000	35797200	U	U	U	U
chr22	35799000	35799200	U	U	U	U
chr22	35800200	35800400	U	U	U	U
chr22	35812800	35813000	U	U	U	U
chr22	35813000	35813200	U	U	U	U
chr22	35815800	35816000	U	U	U	U
chr22	35818000	35818200	U	U	U	U
chr22	35826400	35826600	U	U	U	U
chr22	35827000	35827200	U	U	U	U
chr22	35827600	35827800	U	U	U	U
chr22	35829800	35830000	U	U	U	U
chr22	35831800	35832000	U	U	U	U
chr22	35836400	35836600	U	U	U	U
chr22	35838400	35838600	U	U	U	U
chr22	35840200	35840400	B	U	U	U
chr22	35840800	35841000	U	U	U	U
chr22	35847200	35847400	U	U	U	U
chr22	35847400	35847600	U	U	U	U
chr22	35849800	35850000	U	U	U	U
chr22	35852800	35853000	U	U	U	U
chr22	35855000	35855200	U	U	U	U
chr22	35857600	35857800	U	U	U	U
chr22	35859400	35859600	U	U	U	U
chr22	35866000	35866200	U	U	U	U
chr22	35867400	35867600	U	U	U	U
chr22	35869800	35870000	U	U	U	U
chr22	35871400	35871600	U	U	U	U
chr22	35871600	35871800	U	U	U	U
chr22	35875400	35875600	U	U	U	U
chr22	35885200	35885400	U	U	U	U
chr22	35889400	35889600	U	U	U	U
chr22	35893400	35893600	U	U	U	U
chr22	35894400	35894600	U	U	U	U
chr22	35894600	35894800	U	U	U	U
chr22	35896000	35896200	U	U	U	U
chr22	35897000	35897200	U	U	U	U
chr22	35898200	35898400	U	U	U	U
chr22	35904400	35904600	U	U	U	U
chr22	35905400	35905600	U	U	U	U
chr22	35910800	35911000	U	U	U	U
chr22	35911600	35911800	U	U	U	U
chr22	35911800	35912000	U	U	U	U
chr22	35913800	35914000	U	U	U	U
chr22	35915200	35915400	B	U	U	U
chr22	35917400	35917600	U	U	U	U
chr22	35921600	35921800	B	U	B	U
chr22	35924200	35924400	U	U	U	U
chr22	35925800	35926000	U	U	U	U
chr22	35926000	35926200	U	U	U	U
chr22	35938000	35938200	U	U	U	U
chr22	35944000	35944200	U	U	U	U
chr22	35946600	35946800	U	U	U	U
chr22	35961000	35961200	U	U	U	U
chr22	35961800	35962000	U	U	U	U
chr22	35962400	35962600	U	U	U	U
chr22	35964200	35964400	U	U	U	U
chr22	35967800	35968000	U	U	U	U
chr22	35968400	35968600	U	U	U	U
chr22	35970800	35971000	U	U	U	U
chr22	35971000	35971200	U	U	U	U
chr22	35971200	35971400	U	U	U	U
chr22	35972200	35972400	U	U	U	U
chr22	35972600	35972800	U	U	U	U
chr22	35974000	35974200	U	U	U	U
chr22	35974200	35974400	U	U	U	U
chr22	35982000	35982200	U	U	U	U
chr22	35983000	35983200	U	U	U	U
chr22	35984400	35984600	U	U	U	U
chr22	35986600	35986800	U	U	U	U
chr22	35986800	35987000	U	U	U	U
chr22	35987000	35987200	U	U	U	U
chr22	35987600	35987800	U	U	U	U
chr22	35991600	35991800	U	U	U	U
chr22	35992400	35992600	U	U	U	U
chr22	35992600	35992800	U	U	U	U
chr22	35993000	35993200	U	U	U	U
chr22	35996800	35997000	U	U	U	U
chr22	35998800	35999000	U	U	U	U
chr22	36011400	36011600	U	U	U	U
chr22	36011800	36012000	U	U	U	U
chr22	36016200	36016400	U	U	U	U
chr22	36016600	36016800	U	U	U	U
chr22	36017000	36017200	U	U	U	U
chr22	36021800	36022000	U	U	U	U
chr22	36027600	36027800	U	U	U	U
chr22	36027800	36028000	U	U	U	U
chr22	36047400	36047600	U	U	U	U
chr22	36065400	36065600	B	U	U	U
chr22	36086800	36087000	U	U	U	U
chr22	36095200	36095400	U	U	U	U
chr22	36107600	36107800	U	U	U	U
chr22	36110600	36110800	U	U	U	U
chr22	36111800	36112000	U	U	U	U
chr22	36114400	36114600	U	U	U	U
chr22	36130800	36131000	U	U	U	U
chr22	36131200	36131400	U	U	U	U
chr22	36132000	36132200	U	U	U	U
chr22	36132600	36132800	U	U	U	U
chr22	36133000	36133200	U	U	U	U
chr22	36138000	36138200	U	U	U	U
chr22	36141200	36141400	U	U	U	U
chr22	36149000	36149200	U	U	U	U
chr22	36157200	36157400	B	U	U	U
chr22	36163400	36163600	U	U	U	U
chr22	36163800	36164000	U	U	U	U
chr22	36175600	36175800	U	U	U	U
chr22	36176800	36177000	U	U	U	U
chr22	36177400	36177600	U	U	U	U
chr22	36183200	36183400	U	U	U	U
chr22	36191200	36191400	U	U	U	U
chr22	36204200	36204400	U	U	U	U
chr22	36204600	36204800	U	U	U	U
chr22	36204800	36205000	U	U	U	U
chr22	36214200	36214400	U	U	U	U
chr22	36226800	36227000	U	U	U	U
chr22	36227800	36228000	U	U	U	U
chr22	36228000	36228200	U	U	U	U
chr22	36230600	36230800	U	U	U	U
chr22	36233000	36233200	U	U	U	U
chr22	36236600	36236800	U	U	U	U
chr22	36236800	36237000	U	U	U	U
chr22	36257400	36257600	U	U	U	U
chr22	36281400	36281600	U	U	U	U
chr22	36282400	36282600	U	U	U	U
chr22	36282600	36282800	U	U	U	U
chr22	36283000	36283200	U	U	U	U
chr22	36285800	36286000	U	U	U	U
chr22	36287800	36288000	U	U	U	U
chr22	36288000	36288200	U	U	U	U
chr22	36289000	36289200	U	U	U	U
chr22	36289400	36289600	U	U	U	U
chr22	36289600	36289800	U	U	U	U
chr22	36299400	36299600	U	U	U	U
chr22	36300400	36300600	U	U	U	U
chr22	36303200	36303400	U	U	U	U
chr22	36304600	36304800	U	U	U	U
chr22	36305600	36305800	U	U	U	U
chr22	36306600	36306800	U	U	U	U
chr22	36308000	36308200	U	U	U	U
chr22	36308600	36308800	U	U	U	U
chr22	36312200	36312400	U	U	U	U
chr22	36312600	36312800	U	U	U	U
chr22	36316400	36316600	U	U	U	U
chr22	36319200	36319400	U	U	U	U
chr22	36319400	36319600	U	U	U	U
chr22	36321600	36321800	U	U	U	U
chr22	36321800	36322000	U	U	U	U
chr22	36322000	36322200	U	U	U	U
chr22	36323400	36323600	U	U	U	U
chr22	36324000	36324200	U	U	U	U
chr22	36326200	36326400	U	U	U	U
chr22	36330200	36330400	U	U	U	U
chr22	36331000	36331200	U	U	U	U
chr22	36331200	36331400	U	U	U	U
chr22	36332200	36332400	U	U	U	U
chr22	36332800	36333000	U	U	U	U
chr22	36341200	36341400	U	U	U	U
chr22	36344800	36345000	U	U	U	U
chr22	36351600	36351800	U	U	U	U
chr22	36352200	36352400	U	U	U	U
chr22	36352400	36352600	U	U	U	U
chr22	36361000	36361200	U	U	U	U
chr22	36364400	36364600	U	U	U	U
chr22	36367600	36367800	U	U	U	U
chr22	36379800	36380000	U	U	U	U
chr22	36380800	36381000	U	U	U	U
chr22	36385800	36386000	U	U	U	U
chr22	36386800	36387000	B	U	U	U
chr22	36387800	36388000	B	U	U	U
chr22	36388400	36388600	B	U	U	U
chr22	36410000	36410200	B	U	U	U
chr22	36410400	36410600	U	U	U	U
chr22	36413200	36413400	U	U	U	U
chr22	36423400	36423600	B	U	U	B
chr22	36432400	36432600	U	U	U	U
chr22	36433400	36433600	U	U	U	U
chr22	36447800	36448000	U	U	U	U
chr22	36455400	36455600	B	U	U	U
chr22	36462400	36462600	U	U	U	U
chr22	36462600	36462800	U	U	U	U
chr22	36464000	36464200	U	U	U	U
chr22	36467000	36467200	U	U	U	U
chr22	36467600	36467800	U	U	U	U
chr22	36490000	36490200	U	U	U	U
chr22	36490400	36490600	U	U	U	U
chr22	36493600	36493800	U	U	U	U
chr22	36496000	36496200	U	U	U	U
chr22	36496200	36496400	U	U	U	U
chr22	36497400	36497600	U	U	U	U
chr22	36503800	36504000	U	U	U	U
chr22	36516200	36516400	U	U	U	U
chr22	36528400	36528600	U	U	U	U
chr22	36528600	36528800	B	U	U	U
chr22	36536800	36537000	U	U	U	U
chr22	36537400	36537600	U	U	U	U
chr22	36542000	36542200	U	U	U	B
chr22	36545000	36545200	U	U	U	U
chr22	36550800	36551000	U	U	U	U
chr22	36551000	36551200	U	U	U	U
chr22	36555600	36555800	U	U	U	U
chr22	36556800	36557000	U	U	U	U
chr22	36557200	36557400	U	U	U	U
chr22	36560000	36560200	U	U	U	U
chr22	36561400	36561600	U	U	U	U
chr22	36561600	36561800	U	U	U	U
chr22	36565800	36566000	U	U	U	U
chr22	36567600	36567800	U	U	U	U
chr22	36584800	36585000	U	U	U	U
chr22	36586400	36586600	U	U	U	U
chr22	36592600	36592800	U	U	U	U
chr22	36611200	36611400	U	U	U	U
chr22	36621000	36621200	U	U	U	U
chr22	36626600	36626800	U	U	U	U
chr22	36628400	36628600	U	U	U	U
chr22	36633400	36633600	U	U	U	U
chr22	36637000	36637200	U	U	U	U
chr22	36639400	36639600	U	U	U	U
chr22	36641600	36641800	U	U	U	U
chr22	36644400	36644600	U	U	B	U
chr22	36652400	36652600	U	U	U	U
chr22	36652800	36653000	U	U	U	U
chr22	36657400	36657600	U	U	U	U
chr22	36659200	36659400	U	U	U	U
chr22	36678200	36678400	U	U	U	U
chr22	36678400	36678600	U	U	U	U
chr22	36678600	36678800	U	U	U	U
chr22	36678800	36679000	U	U	U	U
chr22	36683600	36683800	U	U	U	U
chr22	36685600	36685800	U	U	U	U
chr22	36692000	36692200	U	U	U	U
chr22	36694400	36694600	U	U	U	U
chr22	36694600	36694800	U	U	U	U
chr22	36699600	36699800	U	U	U	U
chr22	36699800	36700000	U	U	U	U
chr22	36700200	36700400	U	U	U	U
chr22	36706600	36706800	U	U	U	U
chr22	36710000	36710200	U	U	U	U
chr22	36713600	36713800	U	U	U	U
chr22	36718800	36719000	U	U	U	U
chr22	36719200	36719400	U	U	U	U
chr22	36719600	36719800	U	U	U	U
chr22	36744200	36744400	U	U	U	U
chr22	36744400	36744600	U	U	U	U
chr22	36745600	36745800	U	U	U	U
chr22	36746600	36746800	U	U	U	U
chr22	36748400	36748600	U	U	U	U
chr22	36756400	36756600	U	U	U	U
chr22	36764000	36764200	U	U	U	U
chr22	36764800	36765000	U	U	U	U
chr22	36766000	36766200	U	U	U	U
chr22	36767200	36767400	U	U	U	U
chr22	36768000	36768200	U	U	U	U
chr22	36768400	36768600	U	U	U	U
chr22	36770600	36770800	U	U	U	U
chr22	36772800	36773000	U	U	U	U
chr22	36776600	36776800	B	U	U	U
chr22	36777400	36777600	U	U	U	U
chr22	36782400	36782600	B	U	U	U
chr22	36785000	36785200	U	U	U	U
chr22	36787800	36788000	U	U	U	U
chr22	36790800	36791000	U	U	U	U
chr22	36795200	36795400	U	U	U	U
chr22	36796600	36796800	U	U	U	U
chr22	36799000	36799200	U	U	U	U
chr22	36804000	36804200	U	U	U	U
chr22	36804400	36804600	U	U	U	U
chr22	36815800	36816000	U	U	U	U
chr22	36817800	36818000	U	U	U	U
chr22	36818200	36818400	U	U	U	U
chr22	36819400	36819600	U	U	U	U
chr22	36832200	36832400	U	U	U	U
chr22	36840000	36840200	U	U	U	U
chr22	36845000	36845200	U	U	U	U
chr22	36850200	36850400	U	U	U	U
chr22	36857400	36857600	U	U	U	U
chr22	36866000	36866200	U	U	U	U
chr22	36866200	36866400	U	U	U	U
chr22	36866600	36866800	U	U	U	U
chr22	36870800	36871000	U	U	U	U
chr22	36877600	36877800	U	U	U	U
chr22	36900800	36901000	U	U	U	U
chr22	36904600	36904800	U	U	U	U
chr22	36905200	36905400	U	U	U	U
chr22	36922400	36922600	U	U	U	U
chr22	36923200	36923400	U	U	U	U
chr22	36926000	36926200	U	U	U	U
chr22	36929000	36929200	U	U	U	U
chr22	36929800	36930000	U	U	U	U
chr22	36930400	36930600	U	U	U	U
chr22	36931200	36931400	U	U	U	U
chr22	36934000	36934200	U	U	U	U
chr22	36935200	36935400	U	U	U	U
chr22	36938000	36938200	U	U	U	U
chr22	36953000	36953200	U	U	U	U
chr22	36953400	36953600	U	U	U	U
chr22	36954200	36954400	U	U	U	U
chr22	36958800	36959000	U	U	U	U
chr22	36960000	36960200	U	U	U	U
chr22	36962200	36962400	U	U	U	U
chr22	36962400	36962600	U	U	U	U
chr22	36970600	36970800	U	U	U	U
chr22	36985200	36985400	U	U	U	U
chr22	37001800	37002000	U	U	U	U
chr22	37004200	37004400	U	U	U	U
chr22	37004400	37004600	U	U	U	U
chr22	37008200	37008400	U	U	U	U
chr22	37010600	37010800	U	U	U	U
chr22	37010800	37011000	U	U	U	U
chr22	37011000	37011200	U	U	U	U
chr22	37013800	37014000	U	U	U	U
chr22	37015600	37015800	B	U	U	U
chr22	37018600	37018800	B	U	U	U
chr22	37024200	37024400	U	U	U	U
chr22	37025400	37025600	U	U	U	U
chr22	37026600	37026800	U	U	U	U
chr22	37037600	37037800	U	U	U	U
chr22	37045000	37045200	U	U	U	U
chr22	37046400	37046600	U	U	U	U
chr22	37048200	37048400	U	U	U	U
chr22	37050600	37050800	U	U	U	U
chr22	37053400	37053600	U	U	U	U
chr22	37056200	37056400	U	U	U	U
chr22	37058800	37059000	U	U	U	U
chr22	37060400	37060600	U	U	U	U
chr22	37060600	37060800	U	U	U	U
chr22	37061600	37061800	U	U	U	U
chr22	37063800	37064000	U	U	U	U
chr22	37066200	37066400	U	U	U	U
chr22	37066800	37067000	U	U	U	U
chr22	37069800	37070000	U	U	U	U
chr22	37070800	37071000	U	U	U	U
chr22	37071200	37071400	U	U	U	U
chr22	37076600	37076800	U	U	U	U
chr22	37079200	37079400	U	U	U	U
chr22	37079800	37080000	U	U	U	U
chr22	37082600	37082800	U	U	U	U
chr22	37084600	37084800	U	U	U	U
chr22	37087600	37087800	U	U	U	U
chr22	37089800	37090000	U	U	U	U
chr22	37096600	37096800	U	U	U	U
chr22	37098400	37098600	U	U	U	U
chr22	37102800	37103000	U	U	U	U
chr22	37103200	37103400	U	U	U	U
chr22	37106600	37106800	U	U	U	U
chr22	37106800	37107000	U	U	U	U
chr22	37107000	37107200	U	U	U	U
chr22	37108400	37108600	U	U	U	U
chr22	37109800	37110000	U	U	U	U
chr22	37112400	37112600	U	U	U	U
chr22	37116200	37116400	U	U	U	U
chr22	37122000	37122200	U	U	U	U
chr22	37126600	37126800	B	U	U	U
chr22	37128600	37128800	U	U	U	U
chr22	37129800	37130000	U	U	U	U
chr22	37131200	37131400	U	U	U	U
chr22	37135800	37136000	U	U	U	U
chr22	37142200	37142400	B	U	U	U
chr22	37143400	37143600	U	U	U	U
chr22	37145200	37145400	U	U	U	U
chr22	37149000	37149200	U	U	U	U
chr22	37157000	37157200	U	U	U	U
chr22	37159800	37160000	U	U	U	U
chr22	37162600	37162800	U	U	U	U
chr22	37164000	37164200	U	U	U	U
chr22	37174000	37174200	U	U	U	U
chr22	37176800	37177000	U	U	U	U
chr22	37178400	37178600	U	U	U	U
chr22	37179000	37179200	U	U	U	U
chr22	37180200	37180400	U	U	U	U
chr22	37180400	37180600	U	U	U	U
chr22	37180600	37180800	U	U	U	U
chr22	37180800	37181000	U	U	U	U
chr22	37182600	37182800	U	U	U	U
chr22	37188400	37188600	U	U	U	U
chr22	37196200	37196400	U	U	U	U
chr22	37199000	37199200	B	U	U	U
chr22	37204400	37204600	U	U	U	U
chr22	37206800	37207000	U	U	U	U
chr22	37208200	37208400	U	U	U	U
chr22	37211800	37212000	U	U	U	U
chr22	37224000	37224200	U	U	U	U
chr22	37228200	37228400	U	U	U	U
chr22	37243800	37244000	B	U	U	U
chr22	37274600	37274800	U	U	U	U
chr22	37275400	37275600	U	U	U	U
chr22	37277600	37277800	U	U	U	U
chr22	37277800	37278000	U	U	U	U
chr22	37283600	37283800	U	U	U	U
chr22	37287000	37287200	U	U	U	U
chr22	37294600	37294800	U	U	U	U
chr22	37299200	37299400	U	U	U	U
chr22	37310800	37311000	U	U	U	U
chr22	37311800	37312000	U	U	U	U
chr22	37318400	37318600	U	U	U	U
chr22	37319200	37319400	U	U	U	U
chr22	37319600	37319800	U	U	U	U
chr22	37330000	37330200	U	U	U	U
chr22	37337000	37337200	B	U	U	U
chr22	37339200	37339400	U	U	U	U
chr22	37344400	37344600	U	U	U	U
chr22	37348400	37348600	U	U	U	U
chr22	37348600	37348800	U	U	U	U
chr22	37349600	37349800	U	U	U	U
chr22	37360400	37360600	U	U	U	U
chr22	37362800	37363000	U	U	U	U
chr22	37364000	37364200	U	U	U	U
chr22	37366800	37367000	U	U	U	U
chr22	37367400	37367600	U	U	U	U
chr22	37367600	37367800	U	U	U	U
chr22	37368400	37368600	U	U	U	U
chr22	37370800	37371000	U	U	U	U
chr22	37371600	37371800	U	U	U	U
chr22	37373000	37373200	U	U	U	U
chr22	37373200	37373400	U	U	U	U
chr22	37373800	37374000	U	U	U	U
chr22	37374000	37374200	U	U	U	U
chr22	37374600	37374800	U	U	U	U
chr22	37378000	37378200	U	U	U	U
chr22	37378200	37378400	U	U	U	U
chr22	37378600	37378800	U	U	U	U
chr22	37385600	37385800	U	U	U	U
chr22	37393200	37393400	U	U	U	U
chr22	37393800	37394000	U	U	U	U
chr22	37396000	37396200	U	U	U	U
chr22	37398800	37399000	U	U	U	U
chr22	37401400	37401600	U	U	U	U
chr22	37404000	37404200	U	U	U	U
chr22	37404200	37404400	U	U	U	U
chr22	37406800	37407000	U	U	U	U
chr22	37409400	37409600	U	U	U	U
chr22	37415400	37415600	U	U	U	U
chr22	37416400	37416600	U	U	U	U
chr22	37420400	37420600	U	U	U	U
chr22	37424000	37424200	U	U	U	U
chr22	37425600	37425800	U	U	U	U
chr22	37430000	37430200	U	U	U	U
chr22	37433000	37433200	U	U	U	U
chr22	37433800	37434000	U	U	U	U
chr22	37448400	37448600	U	U	U	U
chr22	37448800	37449000	U	U	U	U
chr22	37454000	37454200	U	U	U	U
chr22	37457000	37457200	B	U	U	U
chr22	37467200	37467400	U	U	U	U
chr22	37468000	37468200	U	U	U	U
chr22	37469600	37469800	U	U	U	U
chr22	37474000	37474200	U	U	U	U
chr22	37486200	37486400	B	U	U	U
chr22	37489000	37489200	U	U	U	U
chr22	37490400	37490600	U	U	U	U
chr22	37490600	37490800	U	U	U	U
chr22	37491000	37491200	U	U	U	U
chr22	37491200	37491400	U	U	U	U
chr22	37493800	37494000	U	U	U	U
chr22	37501800	37502000	U	U	U	U
chr22	37503200	37503400	U	U	U	U
chr22	37503800	37504000	U	U	U	U
chr22	37505200	37505400	U	U	U	U
chr22	37507400	37507600	U	U	U	U
chr22	37507800	37508000	U	U	U	U
chr22	37538400	37538600	U	U	U	U
chr22	37546000	37546200	B	U	U	U
chr22	37546200	37546400	B	U	U	U
chr22	37549600	37549800	U	U	U	U
chr22	37552200	37552400	B	U	U	U
chr22	37552800	37553000	B	U	U	B
chr22	37553800	37554000	U	U	U	U
chr22	37557000	37557200	U	U	U	U
chr22	37560600	37560800	B	U	B	U
chr22	37568800	37569000	B	U	U	U
chr22	37589000	37589200	U	U	U	U
chr22	37607400	37607600	U	U	U	U
chr22	37617000	37617200	U	U	U	U
chr22	37618800	37619000	U	U	U	U
chr22	37619800	37620000	U	U	U	U
chr22	37621000	37621200	U	U	U	U
chr22	37625800	37626000	U	U	U	U
chr22	37627400	37627600	U	U	U	U
chr22	37629600	37629800	U	U	U	U
chr22	37638000	37638200	U	U	U	U
chr22	37641200	37641400	U	U	U	U
chr22	37642800	37643000	U	U	U	U
chr22	37666000	37666200	U	U	U	U
chr22	37666800	37667000	U	U	U	U
chr22	37671000	37671200	U	U	U	U
chr22	37672400	37672600	U	U	U	U
chr22	37673200	37673400	U	U	U	U
chr22	37676800	37677000	B	U	U	U
chr22	37677200	37677400	B	U	U	B
chr22	37680800	37681000	U	U	U	U
chr22	37681200	37681400	U	U	U	U
chr22	37688800	37689000	U	U	U	U
chr22	37690800	37691000	U	U	U	U
chr22	37691000	37691200	U	U	U	U
chr22	37725800	37726000	U	U	U	U
chr22	37733200	37733400	U	U	U	U
chr22	37734600	37734800	U	U	U	U
chr22	37735000	37735200	B	U	B	U
chr22	37736200	37736400	U	U	U	U
chr22	37741200	37741400	U	U	U	U
chr22	37741400	37741600	U	U	U	U
chr22	37746800	37747000	B	U	U	U
chr22	37750800	37751000	U	U	U	U
chr22	37751200	37751400	U	U	U	U
chr22	37752000	37752200	U	U	U	U
chr22	37752600	37752800	U	U	U	U
chr22	37755000	37755200	U	U	U	U
chr22	37755200	37755400	U	U	U	U
chr22	37759000	37759200	U	U	U	U
chr22	37761600	37761800	U	U	U	U
chr22	37765400	37765600	U	U	U	U
chr22	37766000	37766200	U	U	U	U
chr22	37772200	37772400	U	U	U	U
chr22	37783800	37784000	U	U	U	U
chr22	37802000	37802200	B	U	U	U
chr22	37803800	37804000	B	U	U	U
chr22	37804200	37804400	U	U	U	U
chr22	37804400	37804600	U	U	U	U
chr22	37804600	37804800	U	U	U	U
chr22	37805400	37805600	U	U	U	U
chr22	37806600	37806800	U	U	U	U
chr22	37807600	37807800	B	U	B	U
chr22	37810000	37810200	U	U	U	U
chr22	37812400	37812600	U	U	U	U
chr22	37812600	37812800	U	U	U	U
chr22	37813200	37813400	U	U	U	U
chr22	37815000	37815200	U	U	U	U
chr22	37817400	37817600	B	U	U	U
chr22	37823200	37823400	U	U	U	U
chr22	37825600	37825800	U	U	U	U
chr22	37827200	37827400	U	U	U	U
chr22	37827400	37827600	U	U	U	U
chr22	37838200	37838400	U	U	U	U
chr22	37838600	37838800	U	U	U	U
chr22	37849400	37849600	B	U	U	U
chr22	37866000	37866200	U	U	U	U
chr22	37870400	37870600	U	U	U	U
chr22	37874400	37874600	U	U	U	U
chr22	37877400	37877600	U	U	U	U
chr22	37877600	37877800	U	U	U	U
chr22	37877800	37878000	U	U	U	U
chr22	37888400	37888600	U	U	U	U
chr22	37905600	37905800	B	U	U	U
chr22	37906800	37907000	U	U	U	U
chr22	37907200	37907400	U	U	U	U
chr22	37912400	37912600	U	U	U	U
chr22	37916600	37916800	U	U	U	U
chr22	37917200	37917400	U	U	U	U
chr22	37919000	37919200	U	U	U	U
chr22	37921800	37922000	U	U	U	U
chr22	37927000	37927200	U	U	U	U
chr22	37927400	37927600	U	U	U	U
chr22	37929400	37929600	U	U	U	U
chr22	37929600	37929800	U	U	U	U
chr22	37930200	37930400	U	U	U	U
chr22	37932600	37932800	U	U	U	U
chr22	37937000	37937200	U	U	U	U
chr22	37940800	37941000	U	U	U	U
chr22	37947200	37947400	U	U	U	U
chr22	37953400	37953600	B	U	U	U
chr22	37956800	37957000	U	U	U	U
chr22	37967400	37967600	U	U	U	U
chr22	37967600	37967800	U	U	U	U
chr22	37972400	37972600	U	U	U	U
chr22	37972800	37973000	U	U	U	U
chr22	37981400	37981600	U	U	U	U
chr22	37984200	37984400	U	U	U	U
chr22	37986600	37986800	U	U	U	U
chr22	37986800	37987000	U	U	U	U
chr22	37987000	37987200	U	U	U	U
chr22	37987400	37987600	U	U	U	U
chr22	37999400	37999600	U	U	U	U
chr22	38000000	38000200	U	U	U	U
chr22	38016400	38016600	U	U	U	U
chr22	38017000	38017200	U	U	U	U
chr22	38018800	38019000	U	U	U	U
chr22	38027400	38027600	U	U	U	U
chr22	38033800	38034000	B	U	U	U
chr22	38038000	38038200	U	U	U	U
chr22	38038200	38038400	U	U	U	U
chr22	38042200	38042400	U	U	U	U
chr22	38043400	38043600	U	U	U	U
chr22	38050800	38051000	U	U	U	U
chr22	38057000	38057200	B	U	U	U
chr22	38068400	38068600	U	U	U	U
chr22	38069600	38069800	B	U	B	U
chr22	38070600	38070800	U	U	U	U
chr22	38070800	38071000	U	U	U	U
chr22	38073600	38073800	U	U	U	U
chr22	38076000	38076200	U	U	U	U
chr22	38080200	38080400	U	U	U	U
chr22	38080600	38080800	U	U	U	U
chr22	38080800	38081000	U	U	U	U
chr22	38082000	38082200	U	U	U	U
chr22	38082200	38082400	U	U	U	U
chr22	38082400	38082600	U	U	U	U
chr22	38083000	38083200	U	U	U	U
chr22	38085000	38085200	U	U	U	U
chr22	38098200	38098400	B	U	U	U
chr22	38106800	38107000	U	U	U	U
chr22	38108200	38108400	U	U	U	U
chr22	38108600	38108800	U	U	U	U
chr22	38110600	38110800	U	U	U	U
chr22	38112000	38112200	U	U	U	U
chr22	38112400	38112600	U	U	U	U
chr22	38113600	38113800	U	U	U	U
chr22	38114800	38115000	B	U	U	U
chr22	38115000	38115200	B	U	U	U
chr22	38122200	38122400	U	U	U	U
chr22	38122800	38123000	U	U	U	U
chr22	38123400	38123600	U	U	U	U
chr22	38125800	38126000	U	U	U	U
chr22	38128800	38129000	U	U	U	U
chr22	38129000	38129200	U	U	U	U
chr22	38129800	38130000	U	U	U	U
chr22	38140000	38140200	U	U	U	U
chr22	38163000	38163200	B	U	U	U
chr22	38173000	38173200	U	U	U	U
chr22	38194800	38195000	U	U	U	U
chr22	38199200	38199400	U	U	U	U
chr22	38203400	38203600	U	U	U	U
chr22	38213800	38214000	B	U	U	U
chr22	38215800	38216000	U	U	U	U
chr22	38220600	38220800	U	U	U	U
chr22	38221000	38221200	U	U	U	U
chr22	38222600	38222800	U	U	U	U
chr22	38222800	38223000	U	U	U	U
chr22	38223000	38223200	U	U	U	U
chr22	38224600	38224800	U	U	U	U
chr22	38229000	38229200	U	U	U	U
chr22	38246400	38246600	U	U	U	U
chr22	38251600	38251800	U	U	U	U
chr22	38272600	38272800	B	U	U	U
chr22	38273200	38273400	B	U	U	U
chr22	38289800	38290000	U	U	U	U
chr22	38290000	38290200	U	U	U	U
chr22	38291000	38291200	U	U	U	U
chr22	38292800	38293000	U	U	U	U
chr22	38293000	38293200	U	U	U	U
chr22	38293400	38293600	U	U	U	U
chr22	38294400	38294600	U	U	U	U
chr22	38296400	38296600	U	U	U	U
chr22	38299000	38299200	U	U	U	U
chr22	38303400	38303600	U	U	U	U
chr22	38308200	38308400	U	U	U	U
chr22	38314000	38314200	U	U	U	U
chr22	38314800	38315000	U	U	U	U
chr22	38315400	38315600	U	U	U	U
chr22	38315600	38315800	U	U	U	U
chr22	38316800	38317000	B	U	U	U
chr22	38317800	38318000	B	U	U	U
chr22	38319800	38320000	U	U	U	U
chr22	38326000	38326200	U	U	U	U
chr22	38328800	38329000	U	U	U	U
chr22	38346200	38346400	U	U	U	U
chr22	38348600	38348800	U	U	U	U
chr22	38351200	38351400	U	U	U	U
chr22	38351600	38351800	U	U	U	U
chr22	38356800	38357000	U	U	U	U
chr22	38363400	38363600	U	U	U	U
chr22	38368600	38368800	U	U	U	U
chr22	38379400	38379600	U	U	U	U
chr22	38380400	38380600	U	U	U	U
chr22	38381000	38381200	U	U	U	U
chr22	38381600	38381800	U	U	U	U
chr22	38382400	38382600	U	U	U	U
chr22	38382600	38382800	U	U	U	U
chr22	38383000	38383200	U	U	U	U
chr22	38383600	38383800	U	U	U	U
chr22	38387600	38387800	U	U	U	U
chr22	38388000	38388200	U	U	U	U
chr22	38388400	38388600	B	U	U	U
chr22	38391200	38391400	U	U	U	U
chr22	38392600	38392800	U	U	U	U
chr22	38392800	38393000	U	U	U	U
chr22	38393400	38393600	U	U	U	U
chr22	38393600	38393800	U	U	U	U
chr22	38394400	38394600	U	U	U	U
chr22	38394800	38395000	B	U	U	U
chr22	38396000	38396200	B	U	U	U
chr22	38396200	38396400	B	U	U	U
chr22	38399400	38399600	U	U	U	U
chr22	38400200	38400400	U	U	U	U
chr22	38400400	38400600	U	U	U	U
chr22	38403800	38404000	U	U	U	U
chr22	38419400	38419600	U	U	U	U
chr22	38419600	38419800	U	U	U	U
chr22	38423600	38423800	U	U	U	U
chr22	38427000	38427200	U	U	U	U
chr22	38428000	38428200	U	U	U	U
chr22	38429800	38430000	U	U	U	U
chr22	38434400	38434600	U	U	U	U
chr22	38437400	38437600	U	U	U	U
chr22	38441600	38441800	U	U	U	U
chr22	38446200	38446400	U	U	U	U
chr22	38450000	38450200	U	U	U	U
chr22	38460000	38460200	U	U	U	U
chr22	38471200	38471400	U	U	U	U
chr22	38474400	38474600	U	U	U	U
chr22	38479400	38479600	U	U	U	U
chr22	38479800	38480000	U	U	U	U
chr22	38481200	38481400	U	U	U	U
chr22	38482800	38483000	U	U	U	U
chr22	38484400	38484600	U	U	U	U
chr22	38486200	38486400	U	U	U	U
chr22	38487800	38488000	U	U	U	U
chr22	38489400	38489600	U	U	U	U
chr22	38489800	38490000	U	U	U	U
chr22	38490800	38491000	U	U	U	U
chr22	38491000	38491200	U	U	U	U
chr22	38494000	38494200	U	U	U	U
chr22	38495600	38495800	U	U	U	U
chr22	38496800	38497000	U	U	U	U
chr22	38498200	38498400	U	U	U	U
chr22	38498400	38498600	U	U	U	U
chr22	38522600	38522800	U	U	U	U
chr22	38526000	38526200	U	U	U	U
chr22	38532000	38532200	U	U	U	U
chr22	38539800	38540000	U	U	U	U
chr22	38549000	38549200	U	U	U	U
chr22	38549800	38550000	U	U	U	U
chr22	38550000	38550200	U	U	U	U
chr22	38564800	38565000	U	U	U	U
chr22	38566800	38567000	U	U	U	U
chr22	38567600	38567800	U	U	U	U
chr22	38571000	38571200	B	U	U	U
chr22	38573200	38573400	U	U	U	U
chr22	38594000	38594200	U	U	U	U
chr22	38602600	38602800	U	U	U	U
chr22	38607200	38607400	U	U	U	U
chr22	38620200	38620400	U	U	U	U
chr22	38632600	38632800	U	U	U	U
chr22	38638800	38639000	B	U	B	U
chr22	38639600	38639800	U	U	U	U
chr22	38681600	38681800	B	U	B	U
chr22	38686400	38686600	U	U	U	U
chr22	38686800	38687000	U	U	U	U
chr22	38688600	38688800	U	U	U	U
chr22	38689400	38689600	U	U	U	U
chr22	38700200	38700400	U	U	U	U
chr22	38700800	38701000	B	U	U	U
chr22	38701000	38701200	B	U	U	U
chr22	38705000	38705200	U	U	U	U
chr22	38705400	38705600	B	U	U	B
chr22	38706200	38706400	B	U	U	U
chr22	38706400	38706600	U	U	U	U
chr22	38706600	38706800	U	U	U	U
chr22	38708600	38708800	U	U	U	U
chr22	38710000	38710200	U	U	U	U
chr22	38710200	38710400	U	U	U	U
chr22	38712600	38712800	U	U	U	U
chr22	38713000	38713200	U	U	U	U
chr22	38716200	38716400	U	U	U	U
chr22	38717200	38717400	U	U	U	U
chr22	38722400	38722600	U	U	U	U
chr22	38722800	38723000	U	U	U	U
chr22	38723400	38723600	U	U	U	U
chr22	38725800	38726000	U	U	U	U
chr22	38727800	38728000	U	U	U	U
chr22	38728400	38728600	U	U	U	U
chr22	38728600	38728800	U	U	U	U
chr22	38728800	38729000	U	U	U	U
chr22	38729400	38729600	U	U	U	U
chr22	38729800	38730000	U	U	U	U
chr22	38730600	38730800	U	U	U	U
chr22	38735000	38735200	U	U	U	U
chr22	38738800	38739000	U	U	U	U
chr22	38739400	38739600	U	U	U	U
chr22	38740400	38740600	U	U	U	U
chr22	38740600	38740800	U	U	U	U
chr22	38741200	38741400	U	U	U	U
chr22	38742800	38743000	U	U	U	U
chr22	38748600	38748800	U	U	U	U
chr22	38749600	38749800	U	U	U	U
chr22	38751400	38751600	U	U	U	U
chr22	38755000	38755200	U	U	U	U
chr22	38756200	38756400	B	U	U	U
chr22	38757200	38757400	U	U	U	U
chr22	38757400	38757600	U	U	U	U
chr22	38758400	38758600	U	U	U	U
chr22	38758600	38758800	U	U	U	U
chr22	38762400	38762600	U	U	U	U
chr22	38766400	38766600	B	U	U	U
chr22	38767600	38767800	U	U	U	U
chr22	38770400	38770600	U	U	U	U
chr22	38775600	38775800	U	U	U	U
chr22	38778400	38778600	U	U	U	U
chr22	38779800	38780000	U	U	U	U
chr22	38782600	38782800	B	U	U	U
chr22	38784000	38784200	U	U	U	U
chr22	38785400	38785600	B	U	U	U
chr22	38788000	38788200	U	U	U	U
chr22	38800400	38800600	U	U	U	U
chr22	38819800	38820000	U	U	U	U
chr22	38820200	38820400	U	U	U	U
chr22	38827000	38827200	U	U	U	U
chr22	38828200	38828400	U	U	U	U
chr22	38828800	38829000	U	U	U	U
chr22	38829400	38829600	U	U	U	U
chr22	38840000	38840200	U	U	U	U
chr22	38840200	38840400	U	U	U	U
chr22	38841200	38841400	U	U	U	U
chr22	38859400	38859600	U	U	U	U
chr22	38861000	38861200	U	U	U	U
chr22	38861200	38861400	U	U	U	U
chr22	38863200	38863400	U	U	U	U
chr22	38863400	38863600	U	U	U	U
chr22	38864400	38864600	U	U	U	U
chr22	38865200	38865400	U	U	U	U
chr22	38866200	38866400	U	U	U	U
chr22	38866400	38866600	U	U	U	U
chr22	38870800	38871000	U	U	U	U
chr22	38872600	38872800	B	U	U	U
chr22	38878600	38878800	U	U	U	U
chr22	38882800	38883000	U	U	U	U
chr22	38883200	38883400	U	U	U	U
chr22	38891200	38891400	U	U	U	U
chr22	38891400	38891600	U	U	U	U
chr22	38916200	38916400	U	U	U	U
chr22	38916400	38916600	U	U	U	U
chr22	38921200	38921400	U	U	U	U
chr22	38925600	38925800	U	U	U	U
chr22	38934200	38934400	U	U	U	U
chr22	38936200	38936400	U	U	U	U
chr22	38950200	38950400	U	U	U	U
chr22	38953000	38953200	U	U	U	U
chr22	38955600	38955800	U	U	U	U
chr22	38957000	38957200	U	U	U	U
chr22	38957400	38957600	U	U	U	U
chr22	38968200	38968400	U	U	U	U
chr22	38969000	38969200	U	U	U	U
chr22	38970800	38971000	U	U	U	U
chr22	38974400	38974600	U	U	U	U
chr22	38982200	38982400	B	U	U	B
chr22	38985400	38985600	U	U	U	U
chr22	38989200	38989400	U	U	U	U
chr22	38989400	38989600	U	U	U	U
chr22	38989600	38989800	U	U	U	U
chr22	38990400	38990600	U	U	U	U
chr22	38992000	38992200	U	U	U	U
chr22	38993000	38993200	B	U	U	U
chr22	38995800	38996000	U	U	U	U
chr22	38999600	38999800	U	U	U	U
chr22	38999800	39000000	U	U	U	U
chr22	39018000	39018200	U	U	U	U
chr22	39018200	39018400	U	U	U	U
chr22	39020800	39021000	B	U	U	U
chr22	39022400	39022600	U	U	U	U
chr22	39022800	39023000	U	U	U	U
chr22	39027000	39027200	U	U	U	U
chr22	39028000	39028200	U	U	U	U
chr22	39030000	39030200	U	U	U	U
chr22	39030200	39030400	U	U	U	U
chr22	39036200	39036400	U	U	U	U
chr22	39040600	39040800	B	U	U	U
chr22	39042800	39043000	U	U	U	U
chr22	39047400	39047600	U	U	U	U
chr22	39049400	39049600	U	U	U	U
chr22	39050000	39050200	U	U	U	U
chr22	39083800	39084000	U	U	U	U
chr22	39086400	39086600	U	U	U	U
chr22	39086800	39087000	U	U	U	U
chr22	39090600	39090800	U	U	U	U
chr22	39091800	39092000	U	U	U	U
chr22	39092200	39092400	U	U	U	U
chr22	39097000	39097200	U	U	U	U
chr22	39099600	39099800	U	U	U	U
chr22	39123000	39123200	U	U	U	U
chr22	39130800	39131000	U	U	U	U
chr22	39131800	39132000	U	U	U	U
chr22	39133000	39133200	U	U	U	U
chr22	39134000	39134200	U	U	U	U
chr22	39141200	39141400	U	U	U	U
chr22	39146800	39147000	U	U	U	U
chr22	39147400	39147600	U	U	U	U
chr22	39151600	39151800	U	U	U	U
chr22	39156000	39156200	U	U	U	U
chr22	39169800	39170000	U	U	U	U
chr22	39172000	39172200	U	U	U	U
chr22	39173600	39173800	U	U	U	U
chr22	39174400	39174600	U	U	U	U
chr22	39174800	39175000	U	U	U	U
chr22	39175600	39175800	U	U	U	U
chr22	39176400	39176600	U	U	U	U
chr22	39177600	39177800	U	U	U	U
chr22	39181400	39181600	U	U	U	U
chr22	39184200	39184400	B	U	U	U
chr22	39185400	39185600	U	U	U	U
chr22	39208000	39208200	U	U	U	U
chr22	39208200	39208400	U	U	U	U
chr22	39210000	39210200	U	U	U	U
chr22	39220000	39220200	U	U	U	U
chr22	39230800	39231000	U	U	U	U
chr22	39234400	39234600	U	U	U	U
chr22	39234800	39235000	U	U	U	U
chr22	39235200	39235400	U	U	U	U
chr22	39236400	39236600	U	U	U	U
chr22	39236600	39236800	U	U	U	U
chr22	39240000	39240200	U	U	U	U
chr22	39241800	39242000	U	U	U	U
chr22	39242400	39242600	U	U	U	U
chr22	39243600	39243800	U	U	U	U
chr22	39252400	39252600	U	U	U	U
chr22	39253600	39253800	B	U	U	U
chr22	39255000	39255200	U	U	U	U
chr22	39257800	39258000	U	U	U	U
chr22	39274200	39274400	U	U	U	U
chr22	39278000	39278200	U	U	U	U
chr22	39280600	39280800	U	U	U	U
chr22	39286400	39286600	U	U	U	U
chr22	39290400	39290600	U	U	U	U
chr22	39294600	39294800	U	U	U	U
chr22	39297000	39297200	U	U	U	U
chr22	39307000	39307200	B	U	B	U
chr22	39312200	39312400	B	U	U	U
chr22	39312400	39312600	B	U	U	U
chr22	39312600	39312800	B	U	U	U
chr22	39313000	39313200	U	U	U	U
chr22	39313400	39313600	U	U	U	U
chr22	39314400	39314600	U	U	U	U
chr22	39314600	39314800	U	U	U	U
chr22	39315000	39315200	U	U	U	U
chr22	39315200	39315400	U	U	U	U
chr22	39315400	39315600	U	U	U	U
chr22	39317600	39317800	U	U	U	U
chr22	39328000	39328200	U	U	U	U
chr22	39349800	39350000	B	U	U	U
chr22	39350000	39350200	B	U	U	U
chr22	39350400	39350600	B	U	U	U
chr22	39351000	39351200	U	U	U	U
chr22	39355400	39355600	U	U	U	U
chr22	39358800	39359000	U	U	U	U
chr22	39362400	39362600	U	U	U	U
chr22	39364600	39364800	U	U	U	U
chr22	39369200	39369400	U	U	U	U
chr22	39375400	39375600	U	U	U	U
chr22	39376200	39376400	U	U	U	U
chr22	39381400	39381600	U	U	U	U
chr22	39384600	39384800	U	U	U	U
chr22	39385400	39385600	U	U	U	U
chr22	39387400	39387600	U	U	U	U
chr22	39388400	39388600	B	U	U	U
chr22	39401600	39401800	U	U	U	U
chr22	39405000	39405200	U	U	U	U
chr22	39405400	39405600	U	U	U	U
chr22	39405600	39405800	U	U	U	U
chr22	39408000	39408200	U	U	U	U
chr22	39409000	39409200	U	U	U	U
chr22	39415600	39415800	U	U	U	U
chr22	39416000	39416200	U	U	U	U
chr22	39419200	39419400	U	U	U	U
chr22	39419800	39420000	U	U	U	U
chr22	39420400	39420600	U	U	U	U
chr22	39421200	39421400	U	U	U	U
chr22	39421600	39421800	U	U	U	U
chr22	39421800	39422000	U	U	U	U
chr22	39422000	39422200	U	U	U	U
chr22	39422200	39422400	U	U	U	U
chr22	39426800	39427000	U	U	U	U
chr22	39427600	39427800	U	U	U	U
chr22	39428200	39428400	U	U	U	U
chr22	39430400	39430600	U	U	U	U
chr22	39430800	39431000	U	U	U	U
chr22	39431200	39431400	U	U	U	U
chr22	39432600	39432800	U	U	U	U
chr22	39435200	39435400	U	U	U	U
chr22	39448600	39448800	U	U	U	U
chr22	39448800	39449000	U	U	U	U
chr22	39453200	39453400	U	U	U	U
chr22	39468000	39468200	U	U	U	U
chr22	39468200	39468400	U	U	U	U
chr22	39469800	39470000	U	U	U	U
chr22	39471800	39472000	U	U	U	U
chr22	39474800	39475000	U	U	U	U
chr22	39480200	39480400	U	U	U	U
chr22	39483800	39484000	U	U	U	U
chr22	39488400	39488600	U	U	U	U
chr22	39488600	39488800	B	U	U	U
chr22	39492200	39492400	U	U	U	U
chr22	39502600	39502800	B	U	U	U
chr22	39504200	39504400	U	U	U	U
chr22	39508400	39508600	U	U	U	U
chr22	39509400	39509600	U	U	U	U
chr22	39511000	39511200	U	U	U	U
chr22	39513800	39514000	U	U	U	U
chr22	39515400	39515600	U	U	U	U
chr22	39531400	39531600	U	U	U	U
chr22	39532400	39532600	B	U	U	U
chr22	39532800	39533000	B	U	U	U
chr22	39535400	39535600	U	U	U	U
chr22	39538600	39538800	U	U	U	U
chr22	39539800	39540000	U	U	U	U
chr22	39540400	39540600	U	U	U	U
chr22	39547600	39547800	U	U	U	U
chr22	39548200	39548400	U	U	U	U
chr22	39550000	39550200	U	U	U	U
chr22	39554200	39554400	U	U	U	U
chr22	39556000	39556200	U	U	U	U
chr22	39559400	39559600	B	U	U	U
chr22	39560200	39560400	U	U	U	U
chr22	39561200	39561400	U	U	U	U
chr22	39561400	39561600	U	U	U	U
chr22	39568800	39569000	U	U	U	U
chr22	39571000	39571200	U	U	U	U
chr22	39571200	39571400	U	U	U	U
chr22	39574800	39575000	B	U	U	U
chr22	39581600	39581800	U	U	U	U
chr22	39590000	39590200	U	U	U	U
chr22	39597800	39598000	B	U	U	U
chr22	39598000	39598200	B	U	U	U
chr22	39604200	39604400	U	U	U	U
chr22	39609800	39610000	U	U	U	U
chr22	39618600	39618800	U	U	U	U
chr22	39619600	39619800	U	U	U	U
chr22	39627400	39627600	U	U	U	U
chr22	39631400	39631600	U	U	U	U
chr22	39631800	39632000	U	U	U	U
chr22	39632000	39632200	U	U	U	U
chr22	39634800	39635000	B	U	U	U
chr22	39635400	39635600	B	U	U	U
chr22	39641000	39641200	U	U	U	U
chr22	39641600	39641800	U	U	U	U
chr22	39642200	39642400	U	U	U	U
chr22	39643200	39643400	U	U	U	U
chr22	39645800	39646000	U	U	U	U
chr22	39646400	39646600	U	U	U	U
chr22	39648000	39648200	U	U	U	U
chr22	39648600	39648800	U	U	U	U
chr22	39649800	39650000	U	U	U	U
chr22	39650800	39651000	U	U	U	U
chr22	39664400	39664600	B	U	U	U
chr22	39666800	39667000	U	U	U	U
chr22	39670400	39670600	U	U	U	U
chr22	39676400	39676600	U	U	U	U
chr22	39677200	39677400	U	U	U	U
chr22	39677800	39678000	U	U	U	U
chr22	39678800	39679000	U	U	U	U
chr22	39680600	39680800	U	U	U	U
chr22	39682400	39682600	U	U	U	U
chr22	39685000	39685200	U	U	U	U
chr22	39688600	39688800	U	U	U	U
chr22	39689600	39689800	U	U	U	U
chr22	39689800	39690000	U	U	U	U
chr22	39690800	39691000	U	U	U	U
chr22	39694000	39694200	U	U	U	U
chr22	39713600	39713800	U	U	U	U
chr22	39713800	39714000	U	U	U	U
chr22	39716600	39716800	U	U	U	U
chr22	39719400	39719600	U	U	U	U
chr22	39721200	39721400	U	U	U	U
chr22	39728400	39728600	U	U	U	U
chr22	39728600	39728800	U	U	U	U
chr22	39732400	39732600	B	U	U	U
chr22	39744000	39744200	U	U	U	U
chr22	39744400	39744600	U	U	U	U
chr22	39745400	39745600	U	U	U	U
chr22	39749800	39750000	U	U	U	U
chr22	39750400	39750600	U	U	U	U
chr22	39751000	39751200	U	U	U	U
chr22	39751400	39751600	U	U	U	U
chr22	39752600	39752800	U	U	U	U
chr22	39764800	39765000	U	U	U	U
chr22	39768000	39768200	U	U	U	U
chr22	39768600	39768800	U	U	U	U
chr22	39778200	39778400	U	U	U	U
chr22	39801200	39801400	U	U	U	B
chr22	39801600	39801800	U	U	U	U
chr22	39809000	39809200	U	U	U	U
chr22	39829200	39829400	U	U	U	U
chr22	39844600	39844800	U	U	U	U
chr22	39856400	39856600	B	U	U	U
chr22	39867400	39867600	U	U	U	U
chr22	39871600	39871800	U	U	U	U
chr22	39872200	39872400	U	U	U	U
chr22	39875600	39875800	U	U	U	U
chr22	39888000	39888200	U	U	U	U
chr22	39889200	39889400	U	U	U	U
chr22	39890800	39891000	U	U	U	U
chr22	39893400	39893600	U	U	U	U
chr22	39893600	39893800	U	U	U	U
chr22	39895200	39895400	U	U	U	U
chr22	39899000	39899200	U	U	U	U
chr22	39899400	39899600	U	U	U	U
chr22	39900400	39900600	U	U	U	U
chr22	39902200	39902400	U	U	U	U
chr22	39903000	39903200	U	U	U	U
chr22	39906200	39906400	U	U	U	U
chr22	39908200	39908400	U	U	U	U
chr22	39909000	39909200	U	U	B	U
chr22	39909200	39909400	U	U	U	U
chr22	39910800	39911000	U	U	U	U
chr22	39911000	39911200	U	U	U	U
chr22	39911400	39911600	U	U	U	U
chr22	39917800	39918000	U	U	U	U
chr22	39922400	39922600	U	U	U	U
chr22	39923800	39924000	U	U	U	U
chr22	39925400	39925600	U	U	U	U
chr22	39926200	39926400	U	U	U	U
chr22	39928000	39928200	B	U	U	U
chr22	39928400	39928600	U	U	U	U
chr22	39928600	39928800	U	U	U	U
chr22	39935400	39935600	U	U	U	U
chr22	39937200	39937400	U	U	U	U
chr22	39942000	39942200	U	U	U	U
chr22	39947400	39947600	B	U	U	U
chr22	39950000	39950200	B	U	U	U
chr22	39951400	39951600	U	U	U	U
chr22	39952600	39952800	U	U	U	U
chr22	39955600	39955800	U	U	U	U
chr22	39957000	39957200	U	U	U	U
chr22	39970400	39970600	U	U	U	U
chr22	39972000	39972200	U	U	U	U
chr22	39972800	39973000	U	U	U	U
chr22	39973200	39973400	U	U	U	U
chr22	39973600	39973800	U	U	U	U
chr22	39973800	39974000	U	U	U	U
chr22	39983600	39983800	U	U	U	U
chr22	39999000	39999200	B	U	U	U
chr22	40002000	40002200	U	U	U	U
chr22	40003200	40003400	U	U	U	U
chr22	40003600	40003800	U	U	U	U
chr22	40007800	40008000	U	U	U	U
chr22	40008800	40009000	B	U	U	U
chr22	40009200	40009400	B	U	U	U
chr22	40015600	40015800	U	U	U	U
chr22	40019400	40019600	U	U	U	U
chr22	40021400	40021600	U	U	U	U
chr22	40022600	40022800	U	U	U	U
chr22	40026600	40026800	U	U	U	U
chr22	40027400	40027600	U	U	U	U
chr22	40027600	40027800	U	U	U	U
chr22	40028800	40029000	B	U	U	U
chr22	40030000	40030200	U	U	U	U
chr22	40031200	40031400	U	U	U	U
chr22	40034000	40034200	U	U	U	U
chr22	40034200	40034400	U	U	U	U
chr22	40040000	40040200	U	U	U	U
chr22	40040800	40041000	U	U	U	B
chr22	40041200	40041400	U	U	U	B
chr22	40043600	40043800	U	U	U	U
chr22	40045800	40046000	U	U	U	U
chr22	40046200	40046400	U	U	U	U
chr22	40046400	40046600	U	U	U	U
chr22	40048000	40048200	U	U	U	U
chr22	40049400	40049600	U	U	U	U
chr22	40071200	40071400	U	U	U	U
chr22	40101800	40102000	U	U	U	U
chr22	40107800	40108000	U	U	U	U
chr22	40109800	40110000	U	U	U	U
chr22	40110400	40110600	U	U	U	U
chr22	40117200	40117400	U	U	U	U
chr22	40121600	40121800	U	U	U	U
chr22	40126000	40126200	U	U	U	U
chr22	40130200	40130400	U	U	U	U
chr22	40157400	40157600	U	U	U	U
chr22	40161600	40161800	U	U	U	U
chr22	40166000	40166200	U	U	U	U
chr22	40168000	40168200	U	U	U	U
chr22	40179800	40180000	U	U	U	U
chr22	40180200	40180400	U	U	U	U
chr22	40180600	40180800	U	U	U	U
chr22	40182400	40182600	U	U	U	U
chr22	40187200	40187400	U	U	U	U
chr22	40189200	40189400	U	U	U	U
chr22	40195200	40195400	U	U	U	U
chr22	40202400	40202600	B	U	U	U
chr22	40203600	40203800	U	U	U	U
chr22	40204000	40204200	U	U	U	U
chr22	40205800	40206000	U	U	U	U
chr22	40210600	40210800	U	U	U	U
chr22	40221800	40222000	U	U	U	U
chr22	40226000	40226200	U	U	U	U
chr22	40227800	40228000	U	U	U	U
chr22	40238200	40238400	U	U	U	U
chr22	40240600	40240800	U	U	U	U
chr22	40247400	40247600	U	U	U	U
chr22	40248400	40248600	U	U	U	U
chr22	40248600	40248800	U	U	U	U
chr22	40253400	40253600	U	U	U	U
chr22	40254000	40254200	U	U	U	U
chr22	40255600	40255800	U	U	U	U
chr22	40258200	40258400	U	U	U	U
chr22	40258600	40258800	U	U	U	U
chr22	40261800	40262000	U	U	U	U
chr22	40262200	40262400	U	U	U	U
chr22	40265000	40265200	U	U	U	U
chr22	40266400	40266600	U	U	U	U
chr22	40271000	40271200	U	U	U	U
chr22	40271600	40271800	U	U	U	U
chr22	40272400	40272600	U	U	U	U
chr22	40275000	40275200	U	U	U	U
chr22	40276400	40276600	U	U	U	U
chr22	40279600	40279800	U	U	U	U
chr22	40280400	40280600	U	U	U	U
chr22	40282000	40282200	U	U	U	U
chr22	40288200	40288400	U	U	U	U
chr22	40306400	40306600	U	U	U	U
chr22	40307200	40307400	U	U	U	U
chr22	40307400	40307600	U	U	U	U
chr22	40308000	40308200	U	U	U	U
chr22	40308400	40308600	U	U	U	U
chr22	40309000	40309200	U	U	U	U
chr22	40310200	40310400	U	U	U	U
chr22	40314200	40314400	U	U	U	U
chr22	40314400	40314600	U	U	U	U
chr22	40315200	40315400	U	U	U	U
chr22	40316800	40317000	U	U	U	U
chr22	40317600	40317800	U	U	U	U
chr22	40324600	40324800	U	U	U	U
chr22	40325400	40325600	U	U	U	U
chr22	40328000	40328200	U	U	U	U
chr22	40328400	40328600	U	U	U	U
chr22	40329600	40329800	B	U	U	U
chr22	40329800	40330000	B	U	U	U
chr22	40346800	40347000	B	U	U	U
chr22	40347400	40347600	U	U	U	U
chr22	40352800	40353000	U	U	U	U
chr22	40360000	40360200	U	U	U	U
chr22	40362000	40362200	U	U	U	U
chr22	40363200	40363400	U	U	U	U
chr22	40365000	40365200	U	U	U	U
chr22	40370600	40370800	B	U	U	U
chr22	40375000	40375200	U	U	U	U
chr22	40387400	40387600	U	U	U	U
chr22	40391800	40392000	U	U	U	U
chr22	40399600	40399800	U	U	B	U
chr22	40401600	40401800	U	U	U	U
chr22	40402200	40402400	U	U	U	U
chr22	40405800	40406000	U	U	U	U
chr22	40409200	40409400	U	U	U	U
chr22	40409800	40410000	U	U	U	U
chr22	40410200	40410400	U	U	U	U
chr22	40420400	40420600	U	U	U	U
chr22	40421800	40422000	U	U	U	U
chr22	40422200	40422400	U	U	U	U
chr22	40423400	40423600	U	U	U	U
chr22	40423600	40423800	U	U	U	U
chr22	40434800	40435000	U	U	U	U
chr22	40435000	40435200	U	U	U	U
chr22	40436600	40436800	B	U	U	U
chr22	40453800	40454000	U	U	U	U
chr22	40456800	40457000	U	U	U	U
chr22	40457800	40458000	U	U	U	U
chr22	40458000	40458200	U	U	U	U
chr22	40462600	40462800	B	U	U	U
chr22	40463400	40463600	B	U	U	U
chr22	40465000	40465200	U	U	U	U
chr22	40467200	40467400	U	U	U	U
chr22	40467400	40467600	U	U	U	U
chr22	40472600	40472800	U	U	U	U
chr22	40473800	40474000	U	U	U	U
chr22	40478000	40478200	U	U	U	U
chr22	40488000	40488200	U	U	B	U
chr22	40509200	40509400	U	U	U	U
chr22	40509800	40510000	U	U	U	U
chr22	40512800	40513000	U	U	U	U
chr22	40519200	40519400	U	U	U	U
chr22	40519400	40519600	U	U	U	U
chr22	40522200	40522400	U	U	U	U
chr22	40523800	40524000	U	U	U	U
chr22	40527800	40528000	U	U	U	U
chr22	40528200	40528400	U	U	U	U
chr22	40529000	40529200	U	U	U	U
chr22	40529600	40529800	U	U	U	U
chr22	40530000	40530200	U	U	U	U
chr22	40530600	40530800	U	U	U	U
chr22	40532400	40532600	U	U	U	U
chr22	40533400	40533600	U	U	U	U
chr22	40538600	40538800	U	U	U	U
chr22	40541200	40541400	U	U	U	U
chr22	40556800	40557000	U	U	U	U
chr22	40563800	40564000	U	U	U	U
chr22	40569800	40570000	U	U	U	U
chr22	40577400	40577600	U	U	U	U
chr22	40581600	40581800	U	U	U	U
chr22	40583200	40583400	U	U	U	U
chr22	40598200	40598400	U	U	U	U
chr22	40600000	40600200	U	U	U	U
chr22	40603000	40603200	U	U	U	U
chr22	40603200	40603400	U	U	U	U
chr22	40633000	40633200	U	U	U	U
chr22	40633400	40633600	U	U	U	U
chr22	40636000	40636200	B	U	U	U
chr22	40649800	40650000	U	U	U	U
chr22	40652000	40652200	B	U	U	U
chr22	40674000	40674200	U	U	U	U
chr22	40679200	40679400	U	U	U	U
chr22	40679400	40679600	U	U	U	U
chr22	40681400	40681600	U	U	U	U
chr22	40682000	40682200	U	U	U	U
chr22	40690200	40690400	U	U	U	U
chr22	40694400	40694600	U	U	U	U
chr22	40703600	40703800	U	U	U	U
chr22	40714400	40714600	U	U	U	U
chr22	40721000	40721200	U	U	U	U
chr22	40730600	40730800	U	U	U	U
chr22	40734000	40734200	U	U	U	U
chr22	40736200	40736400	U	U	U	U
chr22	40770400	40770600	U	U	U	U
chr22	40770600	40770800	U	U	U	U
chr22	40773800	40774000	U	U	U	U
chr22	40774000	40774200	U	U	U	U
chr22	40774600	40774800	U	U	U	U
chr22	40779600	40779800	U	U	U	U
chr22	40780400	40780600	U	U	U	U
chr22	40782400	40782600	U	U	U	U
chr22	40790800	40791000	U	U	U	U
chr22	40792400	40792600	U	U	U	U
chr22	40792600	40792800	U	U	U	U
chr22	40822800	40823000	U	U	U	U
chr22	40823000	40823200	U	U	U	U
chr22	40824600	40824800	U	U	U	U
chr22	40831000	40831200	U	U	U	U
chr22	40831400	40831600	U	U	U	U
chr22	40835800	40836000	U	U	U	U
chr22	40836600	40836800	U	U	U	U
chr22	40840400	40840600	U	U	U	U
chr22	40840800	40841000	U	U	U	U
chr22	40850400	40850600	U	U	U	U
chr22	40851000	40851200	U	U	U	U
chr22	40852600	40852800	U	U	U	U
chr22	40853400	40853600	U	U	U	U
chr22	40853600	40853800	U	U	U	U
chr22	40855800	40856000	B	U	U	U
chr22	40856200	40856400	B	U	U	U
chr22	40861000	40861200	U	U	U	U
chr22	40861800	40862000	U	U	U	U
chr22	40869400	40869600	U	U	U	U
chr22	40869600	40869800	U	U	U	U
chr22	40872800	40873000	U	U	U	U
chr22	40875400	40875600	U	U	U	U
chr22	40877400	40877600	U	U	U	U
chr22	40890000	40890200	U	U	U	U
chr22	40892600	40892800	U	U	U	U
chr22	40904000	40904200	U	U	U	U
chr22	40913600	40913800	U	U	U	U
chr22	40922400	40922600	U	U	U	U
chr22	40926400	40926600	U	U	U	U
chr22	40932600	40932800	U	U	U	U
chr22	40952000	40952200	B	U	U	U
chr22	40952400	40952600	U	U	U	U
chr22	40953400	40953600	U	U	U	U
chr22	40953600	40953800	U	U	U	U
chr22	40966800	40967000	B	U	U	U
chr22	40967200	40967400	B	U	U	U
chr22	40985600	40985800	U	U	U	U
chr22	40992200	40992400	U	U	U	U
chr22	41010800	41011000	U	U	U	U
chr22	41021200	41021400	B	U	U	U
chr22	41039000	41039200	U	U	U	U
chr22	41040600	41040800	U	U	U	U
chr22	41048800	41049000	B	U	U	U
chr22	41073600	41073800	U	U	U	U
chr22	41074600	41074800	U	U	U	U
chr22	41093600	41093800	U	U	U	U
chr22	41094000	41094200	B	U	U	U
chr22	41094200	41094400	B	U	U	U
chr22	41095800	41096000	U	U	U	U
chr22	41096000	41096200	U	U	U	U
chr22	41096200	41096400	U	U	U	U
chr22	41097200	41097400	U	U	U	U
chr22	41117200	41117400	U	U	U	U
chr22	41117800	41118000	U	U	U	U
chr22	41123400	41123600	U	U	U	U
chr22	41126400	41126600	U	U	U	U
chr22	41131600	41131800	U	U	U	U
chr22	41132800	41133000	U	U	U	U
chr22	41139600	41139800	U	U	U	U
chr22	41140000	41140200	U	U	U	U
chr22	41142200	41142400	U	U	U	U
chr22	41142400	41142600	U	U	U	U
chr22	41144000	41144200	U	U	U	U
chr22	41145200	41145400	U	U	U	U
chr22	41146800	41147000	U	U	U	U
chr22	41147800	41148000	U	U	B	U
chr22	41150000	41150200	U	U	U	U
chr22	41151600	41151800	U	U	U	U
chr22	41157000	41157200	U	U	U	U
chr22	41157200	41157400	U	U	U	U
chr22	41162600	41162800	U	U	U	U
chr22	41165200	41165400	U	U	U	U
chr22	41168400	41168600	U	U	U	U
chr22	41168600	41168800	U	U	U	U
chr22	41170200	41170400	U	U	U	U
chr22	41172200	41172400	U	U	U	U
chr22	41172600	41172800	U	U	U	U
chr22	41173200	41173400	U	U	U	U
chr22	41175000	41175200	U	U	U	U
chr22	41176600	41176800	U	U	U	U
chr22	41180800	41181000	U	U	U	U
chr22	41195600	41195800	U	U	U	U
chr22	41205400	41205600	B	U	U	U
chr22	41210800	41211000	U	U	U	U
chr22	41217800	41218000	B	U	U	U
chr22	41218000	41218200	B	U	U	U
chr22	41223200	41223400	U	U	U	U
chr22	41225000	41225200	U	U	U	U
chr22	41225200	41225400	U	U	U	U
chr22	41226800	41227000	U	U	U	U
chr22	41227400	41227600	U	U	U	U
chr22	41227800	41228000	U	U	U	U
chr22	41230400	41230600	U	U	U	U
chr22	41230800	41231000	U	U	U	U
chr22	41231000	41231200	U	U	U	U
chr22	41233800	41234000	U	U	U	U
chr22	41235000	41235200	U	U	U	U
chr22	41235200	41235400	U	U	U	U
chr22	41238600	41238800	U	U	U	U
chr22	41241000	41241200	U	U	U	U
chr22	41250400	41250600	U	U	U	U
chr22	41253600	41253800	U	U	U	U
chr22	41255200	41255400	U	U	U	U
chr22	41255400	41255600	U	U	U	U
chr22	41261600	41261800	U	U	U	U
chr22	41263000	41263200	U	U	U	U
chr22	41264600	41264800	U	U	U	U
chr22	41265400	41265600	U	U	U	U
chr22	41267400	41267600	U	U	U	U
chr22	41272000	41272200	U	U	U	U
chr22	41280200	41280400	U	U	U	U
chr22	41281600	41281800	U	U	U	U
chr22	41288600	41288800	U	U	U	U
chr22	41320400	41320600	U	U	U	U
chr22	41325800	41326000	U	U	U	U
chr22	41330200	41330400	U	U	U	U
chr22	41332200	41332400	U	U	U	U
chr22	41332600	41332800	U	U	U	U
chr22	41334600	41334800	U	U	U	U
chr22	41336000	41336200	U	U	U	U
chr22	41338200	41338400	U	U	U	U
chr22	41338400	41338600	U	U	U	U
chr22	41342200	41342400	U	U	U	U
chr22	41343800	41344000	U	U	U	U
chr22	41346000	41346200	U	U	U	U
chr22	41347200	41347400	U	U	U	U
chr22	41351000	41351200	U	U	U	U
chr22	41359000	41359200	B	U	U	U
chr22	41359400	41359600	B	U	U	U
chr22	41360200	41360400	U	U	U	U
chr22	41365800	41366000	U	U	U	U
chr22	41368400	41368600	U	U	U	U
chr22	41370800	41371000	U	U	U	U
chr22	41375200	41375400	U	U	U	U
chr22	41378800	41379000	U	U	U	U
chr22	41382800	41383000	U	U	U	U
chr22	41387600	41387800	U	U	U	U
chr22	41393800	41394000	U	U	U	U
chr22	41394600	41394800	U	U	U	U
chr22	41396200	41396400	U	U	U	U
chr22	41396400	41396600	U	U	U	U
chr22	41398000	41398200	U	U	U	U
chr22	41399000	41399200	U	U	U	U
chr22	41413800	41414000	B	U	B	U
chr22	41434400	41434600	U	U	U	U
chr22	41437000	41437200	U	U	U	U
chr22	41437200	41437400	U	U	U	U
chr22	41443000	41443200	U	U	U	U
chr22	41444600	41444800	B	U	U	U
chr22	41444800	41445000	U	U	U	U
chr22	41445000	41445200	U	U	U	U
chr22	41464600	41464800	U	U	U	U
chr22	41467200	41467400	U	U	U	U
chr22	41467400	41467600	U	U	U	U
chr22	41468200	41468400	B	U	U	U
chr22	41469000	41469200	B	U	U	U
chr22	41469200	41469400	B	U	U	U
chr22	41479600	41479800	U	U	U	U
chr22	41507200	41507400	U	U	U	U
chr22	41507800	41508000	U	U	U	U
chr22	41508800	41509000	U	U	U	U
chr22	41509000	41509200	U	U	U	U
chr22	41512000	41512200	U	U	U	U
chr22	41512600	41512800	B	U	U	U
chr22	41512800	41513000	B	U	B	B
chr22	41513000	41513200	B	U	B	B
chr22	41514800	41515000	U	U	U	U
chr22	41517200	41517400	U	U	U	U
chr22	41519000	41519200	U	U	U	U
chr22	41520000	41520200	U	U	U	U
chr22	41523400	41523600	B	U	U	U
chr22	41523800	41524000	B	U	U	B
chr22	41525200	41525400	U	U	U	U
chr22	41526200	41526400	U	U	U	U
chr22	41527200	41527400	U	U	U	U
chr22	41527600	41527800	U	U	U	U
chr22	41530800	41531000	U	U	U	U
chr22	41531000	41531200	U	U	U	U
chr22	41531800	41532000	U	U	U	U
chr22	41541400	41541600	U	U	U	U
chr22	41557400	41557600	U	U	U	U
chr22	41561600	41561800	U	U	U	U
chr22	41562000	41562200	U	U	U	U
chr22	41574000	41574200	U	U	U	U
chr22	41575000	41575200	U	U	U	U
chr22	41576000	41576200	U	U	U	U
chr22	41583600	41583800	U	U	U	U
chr22	41584400	41584600	U	U	U	U
chr22	41589400	41589600	B	U	U	U
chr22	41590000	41590200	B	U	U	U
chr22	41596800	41597000	B	U	U	U
chr22	41598600	41598800	U	U	U	U
chr22	41599000	41599200	U	U	U	U
chr22	41601000	41601200	U	U	U	U
chr22	41602800	41603000	U	U	U	U
chr22	41603600	41603800	U	U	U	U
chr22	41607800	41608000	U	U	U	U
chr22	41620000	41620200	B	U	U	U
chr22	41620400	41620600	B	U	U	U
chr22	41620800	41621000	B	U	U	U
chr22	41636200	41636400	U	U	U	U
chr22	41636600	41636800	U	U	U	U
chr22	41646800	41647000	U	U	U	U
chr22	41648400	41648600	U	U	U	U
chr22	41658400	41658600	U	U	U	U
chr22	41660000	41660200	U	U	U	U
chr22	41660400	41660600	U	U	U	U
chr22	41660600	41660800	U	U	U	U
chr22	41663400	41663600	U	U	U	U
chr22	41663600	41663800	U	U	U	U
chr22	41674400	41674600	U	U	U	U
chr22	41680400	41680600	U	U	U	U
chr22	41682400	41682600	B	U	U	B
chr22	41688800	41689000	B	U	U	U
chr22	41690200	41690400	U	U	U	U
chr22	41690400	41690600	U	U	U	U
chr22	41694200	41694400	U	U	U	U
chr22	41695600	41695800	U	U	U	U
chr22	41696000	41696200	U	U	U	U
chr22	41696400	41696600	B	U	U	U
chr22	41697600	41697800	B	U	U	U
chr22	41699400	41699600	U	U	U	U
chr22	41716000	41716200	U	U	U	U
chr22	41729800	41730000	U	U	U	U
chr22	41744800	41745000	U	U	U	U
chr22	41746000	41746200	U	U	U	U
chr22	41758200	41758400	B	U	U	U
chr22	41771200	41771400	U	U	U	U
chr22	41775200	41775400	U	U	U	U
chr22	41776000	41776200	U	U	U	U
chr22	41778600	41778800	U	U	U	U
chr22	41778800	41779000	U	U	U	U
chr22	41781000	41781200	B	U	U	U
chr22	41794400	41794600	U	U	U	U
chr22	41800400	41800600	B	U	U	U
chr22	41800800	41801000	B	U	U	U
chr22	41801200	41801400	B	U	U	U
chr22	41808800	41809000	B	U	U	U
chr22	41809800	41810000	U	U	U	U
chr22	41825800	41826000	U	U	U	U
chr22	41826200	41826400	U	U	U	U
chr22	41827800	41828000	U	U	U	U
chr22	41833600	41833800	B	U	U	U
chr22	41834600	41834800	U	U	U	U
chr22	41843200	41843400	U	U	U	U
chr22	41844400	41844600	U	U	U	U
chr22	41857400	41857600	B	U	B	U
chr22	41863400	41863600	U	U	U	U
chr22	41873800	41874000	U	U	U	U
chr22	41876000	41876200	U	U	U	U
chr22	41877000	41877200	U	U	U	U
chr22	41878400	41878600	U	U	U	U
chr22	41879600	41879800	U	U	U	U
chr22	41883800	41884000	U	U	U	U
chr22	41885200	41885400	U	U	U	U
chr22	41892000	41892200	U	U	U	U
chr22	41893000	41893200	U	U	U	U
chr22	41897600	41897800	U	U	U	U
chr22	41899000	41899200	U	U	U	U
chr22	41900200	41900400	B	U	U	U
chr22	41901000	41901200	U	U	U	U
chr22	41902000	41902200	U	U	U	U
chr22	41907400	41907600	B	U	U	U
chr22	41908000	41908200	B	U	U	U
chr22	41909400	41909600	U	U	U	U
chr22	41910400	41910600	U	U	U	U
chr22	41912400	41912600	U	U	U	U
chr22	41913000	41913200	U	U	U	U
chr22	41913800	41914000	U	U	U	U
chr22	41915200	41915400	B	U	U	U
chr22	41917200	41917400	U	U	U	U
chr22	41919600	41919800	B	U	U	U
chr22	41922000	41922200	U	U	U	U
chr22	41926400	41926600	B	U	U	U
chr22	41926600	41926800	B	U	U	U
chr22	41928200	41928400	U	U	U	U
chr22	41933400	41933600	U	U	U	U
chr22	41933800	41934000	U	U	U	U
chr22	41935000	41935200	U	U	U	U
chr22	41935200	41935400	U	U	U	U
chr22	41945200	41945400	U	U	U	U
chr22	41946800	41947000	B	U	B	U
chr22	41952200	41952400	U	U	U	U
chr22	41958600	41958800	U	U	U	U
chr22	41960800	41961000	B	U	U	U
chr22	41969000	41969200	U	U	U	U
chr22	41969200	41969400	U	U	U	U
chr22	41970000	41970200	U	U	U	U
chr22	41970600	41970800	U	U	U	U
chr22	41970800	41971000	U	U	U	U
chr22	41971000	41971200	U	U	U	U
chr22	41971200	41971400	U	U	U	U
chr22	41972200	41972400	U	U	U	U
chr22	41973000	41973200	U	U	U	U
chr22	41977400	41977600	U	U	U	U
chr22	41988200	41988400	U	U	U	U
chr22	41989400	41989600	U	U	U	U
chr22	41989600	41989800	U	U	U	U
chr22	41991400	41991600	U	U	U	U
chr22	41994600	41994800	U	U	U	U
chr22	41995000	41995200	U	U	U	U
chr22	41996600	41996800	U	U	U	U
chr22	42019400	42019600	U	U	U	U
chr22	42030400	42030600	U	U	U	U
chr22	42032600	42032800	U	U	U	U
chr22	42058600	42058800	U	U	U	U
chr22	42059000	42059200	U	U	U	U
chr22	42060200	42060400	U	U	U	U
chr22	42060600	42060800	U	U	U	U
chr22	42062600	42062800	U	U	U	U
chr22	42071000	42071200	B	U	U	U
chr22	42078000	42078200	U	U	U	U
chr22	42079400	42079600	B	U	U	U
chr22	42108400	42108600	U	U	U	U
chr22	42124400	42124600	U	U	U	U
chr22	42126400	42126600	U	U	U	U
chr22	42128000	42128200	U	U	U	U
chr22	42130400	42130600	U	U	U	U
chr22	42137200	42137400	U	U	U	U
chr22	42141400	42141600	U	U	U	U
chr22	42143200	42143400	U	U	U	U
chr22	42144200	42144400	U	U	U	U
chr22	42150800	42151000	U	U	U	U
chr22	42151400	42151600	U	U	U	U
chr22	42152600	42152800	B	U	U	U
chr22	42153000	42153200	U	U	U	U
chr22	42156200	42156400	U	U	U	U
chr22	42159200	42159400	U	U	U	U
chr22	42162800	42163000	U	U	U	U
chr22	42165000	42165200	U	U	U	U
chr22	42168800	42169000	B	U	B	U
chr22	42171000	42171200	U	U	U	U
chr22	42172200	42172400	U	U	U	U
chr22	42172400	42172600	U	U	U	U
chr22	42172800	42173000	U	U	U	U
chr22	42173000	42173200	U	U	U	U
chr22	42173800	42174000	U	U	U	U
chr22	42176400	42176600	U	U	U	U
chr22	42179600	42179800	U	U	U	U
chr22	42180600	42180800	B	U	U	B
chr22	42184600	42184800	U	U	U	U
chr22	42185800	42186000	U	U	U	U
chr22	42186000	42186200	U	U	U	U
chr22	42189200	42189400	U	U	U	U
chr22	42191800	42192000	U	U	U	U
chr22	42192800	42193000	U	U	U	U
chr22	42196600	42196800	U	U	U	U
chr22	42204000	42204200	U	U	U	U
chr22	42206400	42206600	U	U	U	U
chr22	42210200	42210400	U	U	U	U
chr22	42211000	42211200	U	U	U	U
chr22	42211800	42212000	U	U	U	U
chr22	42213200	42213400	U	U	U	U
chr22	42215200	42215400	U	U	U	U
chr22	42216600	42216800	U	U	U	U
chr22	42218400	42218600	U	U	U	U
chr22	42222200	42222400	U	U	U	U
chr22	42223600	42223800	U	U	U	U
chr22	42226000	42226200	U	U	U	U
chr22	42229600	42229800	U	U	U	U
chr22	42233600	42233800	U	U	U	U
chr22	42233800	42234000	U	U	U	U
chr22	42234200	42234400	U	U	U	U
chr22	42234400	42234600	U	U	U	U
chr22	42235400	42235600	U	U	U	U
chr22	42242400	42242600	U	U	U	U
chr22	42257400	42257600	U	U	U	U
chr22	42259200	42259400	U	U	U	U
chr22	42264600	42264800	U	U	U	U
chr22	42268200	42268400	U	U	U	U
chr22	42269200	42269400	B	U	U	U
chr22	42269800	42270000	B	U	U	U
chr22	42270200	42270400	B	U	U	U
chr22	42274200	42274400	U	U	U	U
chr22	42276000	42276200	U	U	U	U
chr22	42279800	42280000	U	U	U	U
chr22	42281200	42281400	U	U	U	U
chr22	42283600	42283800	U	U	U	U
chr22	42291600	42291800	U	U	U	U
chr22	42292000	42292200	U	U	U	U
chr22	42294200	42294400	U	U	B	U
chr22	42298200	42298400	U	U	U	U
chr22	42298600	42298800	U	U	U	U
chr22	42298800	42299000	U	U	U	U
chr22	42299600	42299800	U	U	U	U
chr22	42305400	42305600	U	U	U	U
chr22	42306400	42306600	U	U	U	U
chr22	42310800	42311000	U	U	U	U
chr22	42311800	42312000	U	U	U	U
chr22	42318200	42318400	U	U	U	U
chr22	42321200	42321400	U	U	U	U
chr22	42325000	42325200	U	U	U	U
chr22	42328200	42328400	U	U	U	U
chr22	42340000	42340200	U	U	U	U
chr22	42341200	42341400	U	U	U	U
chr22	42345600	42345800	U	U	U	U
chr22	42355200	42355400	U	U	U	U
chr22	42365200	42365400	U	U	U	U
chr22	42368600	42368800	U	U	U	U
chr22	42370800	42371000	U	U	U	U
chr22	42373000	42373200	U	U	U	U
chr22	42381400	42381600	U	U	U	U
chr22	42381600	42381800	U	U	U	U
chr22	42387200	42387400	U	U	U	U
chr22	42397800	42398000	U	U	U	U
chr22	42401200	42401400	U	U	U	U
chr22	42401400	42401600	U	U	U	U
chr22	42405400	42405600	U	U	U	U
chr22	42405600	42405800	U	U	U	U
chr22	42406000	42406200	U	U	U	U
chr22	42411400	42411600	U	U	U	U
chr22	42411600	42411800	U	U	U	U
chr22	42415000	42415200	U	U	U	U
chr22	42416800	42417000	U	U	U	U
chr22	42417400	42417600	U	U	U	U
chr22	42426400	42426600	U	U	U	U
chr22	42428200	42428400	U	U	U	U
chr22	42431600	42431800	U	U	U	U
chr22	42432800	42433000	U	U	U	U
chr22	42437800	42438000	B	U	B	U
chr22	42440800	42441000	U	U	U	U
chr22	42441400	42441600	U	U	U	U
chr22	42441600	42441800	U	U	U	U
chr22	42445000	42445200	B	U	U	U
chr22	42459600	42459800	U	U	U	U
chr22	42461600	42461800	U	U	U	U
chr22	42492200	42492400	U	U	U	U
chr22	42502200	42502400	B	U	U	U
chr22	42502400	42502600	B	U	U	U
chr22	42503000	42503200	U	U	U	U
chr22	42503400	42503600	U	U	U	U
chr22	42512400	42512600	B	U	U	U
chr22	42513400	42513600	U	U	U	U
chr22	42514400	42514600	U	U	U	U
chr22	42515000	42515200	U	U	U	U
chr22	42515600	42515800	U	U	U	U
chr22	42519600	42519800	B	U	U	U
chr22	42522200	42522400	U	U	U	U
chr22	42550200	42550400	U	U	U	U
chr22	42553600	42553800	B	U	U	U
chr22	42556600	42556800	U	U	U	U
chr22	42561800	42562000	U	U	U	U
chr22	42573800	42574000	U	U	U	U
chr22	42574200	42574400	U	U	U	U
chr22	42574400	42574600	U	U	U	U
chr22	42575200	42575400	U	U	U	U
chr22	42577400	42577600	U	U	U	U
chr22	42584000	42584200	U	U	U	U
chr22	42585800	42586000	U	U	U	U
chr22	42587400	42587600	U	U	U	U
chr22	42592000	42592200	U	U	U	U
chr22	42595600	42595800	U	U	U	U
chr22	42597200	42597400	U	U	U	U
chr22	42604600	42604800	U	U	U	U
chr22	42614600	42614800	B	U	U	U
chr22	42615400	42615600	B	U	U	B
chr22	42622400	42622600	U	U	U	U
chr22	42628000	42628200	U	U	U	U
chr22	42628800	42629000	U	U	U	U
chr22	42639800	42640000	U	U	U	U
chr22	42646600	42646800	B	U	U	U
chr22	42646800	42647000	B	U	U	B
chr22	42651000	42651200	U	U	U	U
chr22	42676200	42676400	U	U	U	U
chr22	42686400	42686600	U	U	U	U
chr22	42686800	42687000	U	U	U	U
chr22	42692200	42692400	U	U	U	U
chr22	42693400	42693600	U	U	U	U
chr22	42693600	42693800	U	U	U	U
chr22	42698400	42698600	U	U	U	U
chr22	42700200	42700400	U	U	U	U
chr22	42701000	42701200	U	U	U	U
chr22	42704600	42704800	U	U	U	U
chr22	42712200	42712400	U	U	U	U
chr22	42712400	42712600	U	U	U	U
chr22	42718000	42718200	U	U	U	U
chr22	42720600	42720800	U	U	U	U
chr22	42724200	42724400	U	U	U	U
chr22	42725400	42725600	U	U	U	U
chr22	42743400	42743600	U	U	U	U
chr22	42749200	42749400	U	U	U	U
chr22	42752000	42752200	U	U	U	U
chr22	42759000	42759200	U	U	U	U
chr22	42760800	42761000	U	U	U	U
chr22	42764600	42764800	U	U	U	U
chr22	42769000	42769200	U	U	U	U
chr22	42771400	42771600	U	U	U	U
chr22	42772800	42773000	U	U	U	U
chr22	42784400	42784600	U	U	U	U
chr22	42784800	42785000	U	U	U	U
chr22	42785800	42786000	U	U	U	U
chr22	42786200	42786400	U	U	U	U
chr22	42787600	42787800	U	U	U	U
chr22	42788600	42788800	U	U	U	U
chr22	42796800	42797000	U	U	U	U
chr22	42797000	42797200	U	U	U	U
chr22	42798800	42799000	U	U	U	U
chr22	42803400	42803600	U	U	U	U
chr22	42803600	42803800	U	U	U	U
chr22	42806800	42807000	U	U	U	U
chr22	42810800	42811000	U	U	U	U
chr22	42821000	42821200	U	U	U	U
chr22	42822200	42822400	U	U	U	U
chr22	42834200	42834400	U	U	U	U
chr22	42841200	42841400	U	U	U	U
chr22	42843200	42843400	U	U	U	U
chr22	42844000	42844200	U	U	U	U
chr22	42853200	42853400	U	U	U	U
chr22	42858000	42858200	U	U	U	U
chr22	42870600	42870800	U	U	U	U
chr22	42871400	42871600	U	U	U	U
chr22	42871600	42871800	U	U	U	U
chr22	42872800	42873000	U	U	U	U
chr22	42873000	42873200	U	U	U	U
chr22	42877600	42877800	U	U	U	U
chr22	42880600	42880800	U	U	U	U
chr22	42881000	42881200	U	U	U	U
chr22	42882400	42882600	U	U	U	U
chr22	42884200	42884400	U	U	U	U
chr22	42885200	42885400	U	U	U	U
chr22	42888400	42888600	U	U	U	U
chr22	42889400	42889600	U	U	U	U
chr22	42891000	42891200	U	U	U	U
chr22	42893000	42893200	U	U	U	U
chr22	42895600	42895800	U	U	U	U
chr22	42898600	42898800	U	U	U	U
chr22	42904800	42905000	U	U	U	U
chr22	42905600	42905800	U	U	U	U
chr22	42911800	42912000	U	U	U	U
chr22	42912400	42912600	U	U	U	U
chr22	42918800	42919000	U	U	U	U
chr22	42924200	42924400	U	U	U	U
chr22	42925800	42926000	U	U	U	U
chr22	42926000	42926200	U	U	U	U
chr22	42931400	42931600	U	U	U	U
chr22	42932600	42932800	U	U	U	U
chr22	42933600	42933800	B	U	U	U
chr22	42933800	42934000	U	U	U	U
chr22	42935400	42935600	U	U	U	U
chr22	42938000	42938200	U	U	U	U
chr22	42939200	42939400	U	U	U	U
chr22	42940000	42940200	B	U	U	U
chr22	42945400	42945600	B	U	U	U
chr22	42955600	42955800	U	U	U	U
chr22	42956000	42956200	U	U	U	U
chr22	42959000	42959200	B	U	U	U
chr22	42970000	42970200	U	U	U	U
chr22	42973000	42973200	U	U	U	U
chr22	42973200	42973400	U	U	U	U
chr22	42976400	42976600	U	U	U	U
chr22	42978200	42978400	U	U	U	U
chr22	42978800	42979000	U	U	U	U
chr22	42986000	42986200	U	U	U	U
chr22	42994000	42994200	U	U	U	U
chr22	42994200	42994400	U	U	U	U
chr22	42998000	42998200	U	U	U	U
chr22	43001800	43002000	U	U	U	U
chr22	43003800	43004000	U	U	U	U
chr22	43005000	43005200	U	U	U	U
chr22	43005400	43005600	U	U	U	U
chr22	43005600	43005800	U	U	U	U
chr22	43007000	43007200	B	U	U	U
chr22	43008000	43008200	B	U	U	U
chr22	43009000	43009200	U	U	U	U
chr22	43011400	43011600	U	U	U	U
chr22	43024400	43024600	U	U	U	U
chr22	43029200	43029400	U	U	U	U
chr22	43035000	43035200	U	U	U	U
chr22	43035200	43035400	U	U	U	U
chr22	43035400	43035600	U	U	U	U
chr22	43039400	43039600	U	U	U	U
chr22	43044400	43044600	U	U	U	U
chr22	43051400	43051600	U	U	U	U
chr22	43052000	43052200	U	U	U	U
chr22	43075400	43075600	U	U	U	U
chr22	43086000	43086200	U	U	U	U
chr22	43086200	43086400	U	U	U	U
chr22	43086400	43086600	U	U	U	U
chr22	43089200	43089400	B	U	U	U
chr22	43089400	43089600	B	U	U	U
chr22	43095200	43095400	U	U	U	U
chr22	43096800	43097000	U	U	U	U
chr22	43097200	43097400	U	U	U	U
chr22	43099000	43099200	U	U	U	U
chr22	43099200	43099400	U	U	U	U
chr22	43109800	43110000	U	U	U	U
chr22	43114000	43114200	U	U	U	U
chr22	43117000	43117200	U	U	U	U
chr22	43118200	43118400	U	U	U	U
chr22	43118600	43118800	U	U	U	U
chr22	43121600	43121800	U	U	U	U
chr22	43123200	43123400	U	U	U	U
chr22	43124000	43124200	U	U	U	U
chr22	43124200	43124400	U	U	U	U
chr22	43125800	43126000	U	U	U	U
chr22	43127200	43127400	U	U	U	U
chr22	43128200	43128400	U	U	U	U
chr22	43132200	43132400	U	U	U	U
chr22	43133400	43133600	U	U	U	U
chr22	43134800	43135000	U	U	U	U
chr22	43137000	43137200	U	U	U	U
chr22	43137200	43137400	U	U	U	U
chr22	43148800	43149000	U	U	U	U
chr22	43151600	43151800	B	U	U	U
chr22	43154000	43154200	U	U	U	U
chr22	43158000	43158200	U	U	U	U
chr22	43162800	43163000	U	U	U	U
chr22	43165600	43165800	B	U	U	U
chr22	43167200	43167400	B	U	U	U
chr22	43167600	43167800	B	U	U	U
chr22	43168800	43169000	U	U	U	U
chr22	43170400	43170600	U	U	U	U
chr22	43174200	43174400	U	U	U	U
chr22	43179600	43179800	U	U	U	U
chr22	43197400	43197600	U	U	U	U
chr22	43198400	43198600	U	U	U	U
chr22	43202400	43202600	U	U	U	U
chr22	43204000	43204200	U	U	U	U
chr22	43206800	43207000	U	U	U	U
chr22	43209800	43210000	U	U	U	U
chr22	43210000	43210200	U	U	U	U
chr22	43214000	43214200	U	U	U	U
chr22	43219800	43220000	U	U	U	U
chr22	43222800	43223000	U	U	U	U
chr22	43223200	43223400	U	U	U	U
chr22	43223400	43223600	U	U	U	U
chr22	43223800	43224000	U	U	U	U
chr22	43224200	43224400	U	U	U	U
chr22	43231800	43232000	U	U	U	U
chr22	43235200	43235400	U	U	U	U
chr22	43235600	43235800	U	U	U	U
chr22	43235800	43236000	U	U	U	U
chr22	43236400	43236600	U	U	U	U
chr22	43237400	43237600	U	U	U	U
chr22	43237800	43238000	U	U	U	U
chr22	43238800	43239000	U	U	U	U
chr22	43239400	43239600	U	U	U	U
chr22	43246800	43247000	U	U	U	U
chr22	43248000	43248200	U	U	U	U
chr22	43249400	43249600	U	U	U	U
chr22	43256600	43256800	U	U	U	U
chr22	43256800	43257000	U	U	U	U
chr22	43257200	43257400	U	U	U	U
chr22	43259600	43259800	U	U	U	U
chr22	43260200	43260400	U	U	U	U
chr22	43261200	43261400	U	U	U	U
chr22	43262400	43262600	U	U	U	U
chr22	43262800	43263000	U	U	U	U
chr22	43264600	43264800	U	U	U	U
chr22	43265400	43265600	U	U	U	U
chr22	43267400	43267600	U	U	U	U
chr22	43268000	43268200	U	U	U	U
chr22	43269200	43269400	U	U	U	U
chr22	43274800	43275000	U	U	U	U
chr22	43276400	43276600	U	U	U	U
chr22	43280000	43280200	U	U	U	U
chr22	43285000	43285200	U	U	U	U
chr22	43285600	43285800	U	U	U	U
chr22	43287800	43288000	U	U	U	U
chr22	43289200	43289400	U	U	U	U
chr22	43290800	43291000	U	U	U	U
chr22	43292800	43293000	U	U	U	U
chr22	43294200	43294400	U	U	U	U
chr22	43296400	43296600	U	U	U	U
chr22	43302200	43302400	U	U	U	U
chr22	43302800	43303000	U	U	U	U
chr22	43303200	43303400	U	U	U	U
chr22	43305200	43305400	U	U	U	U
chr22	43305600	43305800	U	U	U	U
chr22	43305800	43306000	U	U	U	U
chr22	43313400	43313600	U	U	U	U
chr22	43315800	43316000	U	U	U	U
chr22	43320200	43320400	U	U	U	U
chr22	43326200	43326400	U	U	U	U
chr22	43326400	43326600	U	U	U	U
chr22	43328200	43328400	U	U	U	U
chr22	43337400	43337600	U	U	U	U
chr22	43338200	43338400	U	U	U	U
chr22	43345200	43345400	U	U	U	U
chr22	43357000	43357200	U	U	U	U
chr22	43363400	43363600	U	U	U	U
chr22	43365000	43365200	U	U	U	U
chr22	43367800	43368000	U	U	U	U
chr22	43377800	43378000	U	U	U	U
chr22	43395600	43395800	U	U	U	U
chr22	43395800	43396000	U	U	U	U
chr22	43397400	43397600	U	U	U	U
chr22	43399600	43399800	B	U	B	U
chr22	43405600	43405800	U	U	U	U
chr22	43406000	43406200	U	U	U	U
chr22	43406400	43406600	U	U	U	U
chr22	43410200	43410400	U	U	U	U
chr22	43411200	43411400	U	U	U	U
chr22	43412800	43413000	U	U	U	U
chr22	43413000	43413200	U	U	U	U
chr22	43413600	43413800	U	U	U	U
chr22	43415400	43415600	U	U	U	U
chr22	43416400	43416600	U	U	U	U
chr22	43416800	43417000	U	U	U	U
chr22	43418400	43418600	U	U	U	U
chr22	43419600	43419800	U	U	U	U
chr22	43423600	43423800	U	U	U	U
chr22	43428600	43428800	U	U	U	U
chr22	43440200	43440400	U	U	U	U
chr22	43440400	43440600	U	U	U	U
chr22	43442600	43442800	U	U	U	U
chr22	43446400	43446600	U	U	U	U
chr22	43447000	43447200	U	U	U	U
chr22	43451600	43451800	U	U	U	U
chr22	43453400	43453600	U	U	U	U
chr22	43462000	43462200	U	U	U	U
chr22	43471000	43471200	U	U	U	U
chr22	43474200	43474400	U	U	U	U
chr22	43479600	43479800	U	U	U	U
chr22	43482000	43482200	U	U	U	U
chr22	43484000	43484200	U	U	U	U
chr22	43485800	43486000	U	U	U	U
chr22	43488200	43488400	U	U	U	U
chr22	43489000	43489200	U	U	U	U
chr22	43498000	43498200	U	U	U	U
chr22	43505400	43505600	U	U	U	U
chr22	43505800	43506000	U	U	U	U
chr22	43510000	43510200	U	U	U	U
chr22	43510800	43511000	U	U	U	U
chr22	43511000	43511200	U	U	U	U
chr22	43514600	43514800	U	U	U	U
chr22	43516400	43516600	U	U	U	U
chr22	43516600	43516800	U	U	U	U
chr22	43526400	43526600	U	U	U	U
chr22	43529200	43529400	U	U	U	U
chr22	43530800	43531000	U	U	U	U
chr22	43531800	43532000	U	U	U	U
chr22	43532200	43532400	U	U	U	U
chr22	43535800	43536000	U	U	U	U
chr22	43536000	43536200	U	U	U	U
chr22	43542600	43542800	U	U	U	U
chr22	43553200	43553400	U	U	U	U
chr22	43555600	43555800	U	U	U	U
chr22	43556400	43556600	U	U	U	U
chr22	43560800	43561000	U	U	U	U
chr22	43565400	43565600	U	U	U	U
chr22	43565600	43565800	U	U	U	U
chr22	43569400	43569600	U	U	U	U
chr22	43570400	43570600	U	U	U	U
chr22	43577000	43577200	U	U	U	U
chr22	43580200	43580400	U	U	U	U
chr22	43580800	43581000	U	U	U	U
chr22	43581600	43581800	U	U	U	U
chr22	43591800	43592000	U	U	U	U
chr22	43592200	43592400	U	U	U	U
chr22	43593000	43593200	U	U	U	U
chr22	43593600	43593800	U	U	U	U
chr22	43601600	43601800	U	U	U	U
chr22	43602200	43602400	U	U	U	U
chr22	43603600	43603800	U	U	U	U
chr22	43604400	43604600	U	U	U	U
chr22	43607400	43607600	U	U	U	U
chr22	43608600	43608800	U	U	U	U
chr22	43617400	43617600	U	U	U	U
chr22	43625200	43625400	U	U	U	U
chr22	43630600	43630800	U	U	U	U
chr22	43630800	43631000	U	U	U	U
chr22	43633000	43633200	U	U	U	U
chr22	43633600	43633800	U	U	U	U
chr22	43634400	43634600	U	U	U	U
chr22	43636200	43636400	U	U	U	U
chr22	43637600	43637800	U	U	U	U
chr22	43638200	43638400	U	U	U	U
chr22	43642400	43642600	U	U	U	U
chr22	43659800	43660000	U	U	U	U
chr22	43661600	43661800	U	U	U	U
chr22	43668000	43668200	U	U	U	U
chr22	43678400	43678600	U	U	U	U
chr22	43678800	43679000	U	U	U	U
chr22	43683800	43684000	U	U	U	U
chr22	43684000	43684200	U	U	U	U
chr22	43684200	43684400	U	U	U	U
chr22	43684600	43684800	U	U	U	U
chr22	43686600	43686800	U	U	U	U
chr22	43687200	43687400	U	U	U	U
chr22	43691200	43691400	U	U	U	U
chr22	43697600	43697800	U	U	U	U
chr22	43700200	43700400	U	U	U	U
chr22	43701200	43701400	U	U	U	U
chr22	43725800	43726000	U	U	U	U
chr22	43733400	43733600	U	U	U	U
chr22	43734400	43734600	U	U	U	U
chr22	43735800	43736000	U	U	U	U
chr22	43741000	43741200	U	U	U	U
chr22	43742800	43743000	U	U	U	U
chr22	43747600	43747800	U	U	U	U
chr22	43753200	43753400	U	U	U	U
chr22	43753600	43753800	U	U	U	U
chr22	43754400	43754600	U	U	U	U
chr22	43759400	43759600	U	U	U	U
chr22	43762600	43762800	U	U	U	U
chr22	43762800	43763000	U	U	U	U
chr22	43765400	43765600	U	U	U	U
chr22	43773200	43773400	U	U	U	U
chr22	43774200	43774400	U	U	U	U
chr22	43774800	43775000	U	U	U	U
chr22	43777600	43777800	U	U	U	U
chr22	43778200	43778400	U	U	U	U
chr22	43782200	43782400	U	U	U	U
chr22	43789400	43789600	U	U	U	U
chr22	43789600	43789800	U	U	U	U
chr22	43793200	43793400	U	U	U	U
chr22	43793400	43793600	U	U	U	U
chr22	43794800	43795000	U	U	U	U
chr22	43795200	43795400	U	U	U	U
chr22	43795600	43795800	U	U	U	U
chr22	43810400	43810600	U	U	U	U
chr22	43812400	43812600	B	U	U	U
chr22	43818000	43818200	U	U	U	U
chr22	43819800	43820000	U	U	U	U
chr22	43820400	43820600	U	U	U	U
chr22	43821400	43821600	U	U	U	U
chr22	43821600	43821800	U	U	U	U
chr22	43821800	43822000	U	U	U	U
chr22	43823000	43823200	U	U	U	U
chr22	43824600	43824800	U	U	U	U
chr22	43825800	43826000	U	U	U	U
chr22	43826000	43826200	U	U	U	U
chr22	43827000	43827200	U	U	U	U
chr22	43827200	43827400	U	U	U	U
chr22	43827400	43827600	U	U	U	U
chr22	43828600	43828800	U	U	U	U
chr22	43829000	43829200	U	U	U	U
chr22	43830800	43831000	U	U	U	U
chr22	43835800	43836000	U	U	U	U
chr22	43839800	43840000	U	U	U	U
chr22	43840000	43840200	U	U	U	U
chr22	43840400	43840600	U	U	U	U
chr22	43841800	43842000	U	U	U	U
chr22	43844400	43844600	U	U	U	U
chr22	43844800	43845000	U	U	U	U
chr22	43847400	43847600	U	U	U	U
chr22	43851600	43851800	U	U	U	U
chr22	43855600	43855800	U	U	U	U
chr22	43876000	43876200	U	U	U	U
chr22	43877200	43877400	U	U	U	U
chr22	43878800	43879000	U	U	U	U
chr22	43887600	43887800	U	U	U	U
chr22	43891200	43891400	U	U	U	U
chr22	43891800	43892000	U	U	U	U
chr22	43892000	43892200	U	U	U	U
chr22	43900600	43900800	U	U	U	U
chr22	43901600	43901800	U	U	U	U
chr22	43903000	43903200	U	U	U	U
chr22	43907400	43907600	U	U	U	U
chr22	43909400	43909600	U	U	U	U
chr22	43918200	43918400	U	U	U	U
chr22	43925400	43925600	U	U	U	U
chr22	43935800	43936000	U	U	U	U
chr22	43945800	43946000	B	U	B	U
chr22	43948600	43948800	U	U	U	U
chr22	43948800	43949000	U	U	U	U
chr22	43955000	43955200	B	U	U	U
chr22	43955400	43955600	B	U	U	U
chr22	43963200	43963400	U	U	U	U
chr22	43964200	43964400	U	U	U	U
chr22	43964800	43965000	U	U	U	U
chr22	43975600	43975800	U	U	U	U
chr22	43977000	43977200	U	U	U	U
chr22	43978600	43978800	U	U	U	U
chr22	43979000	43979200	U	U	U	U
chr22	43979200	43979400	U	U	U	U
chr22	43981200	43981400	U	U	U	U
chr22	43983400	43983600	U	U	U	U
chr22	43988400	43988600	U	U	U	U
chr22	43994200	43994400	U	U	U	U
chr22	43998200	43998400	U	U	U	U
chr22	43998400	43998600	U	U	U	U
chr22	44012400	44012600	U	U	U	U
chr22	44017600	44017800	U	U	U	U
chr22	44022400	44022600	U	U	U	U
chr22	44025600	44025800	B	U	U	U
chr22	44026400	44026600	B	U	U	U
chr22	44026800	44027000	B	U	B	U
chr22	44030000	44030200	U	U	U	U
chr22	44030600	44030800	U	U	U	U
chr22	44031000	44031200	U	U	U	U
chr22	44031600	44031800	U	U	U	U
chr22	44046200	44046400	B	U	U	U
chr22	44046600	44046800	B	U	U	B
chr22	44051200	44051400	U	U	U	U
chr22	44064000	44064200	U	U	U	U
chr22	44066200	44066400	U	U	U	U
chr22	44068600	44068800	U	U	U	U
chr22	44069000	44069200	U	U	U	U
chr22	44086000	44086200	U	U	B	U
chr22	44086200	44086400	U	U	U	U
chr22	44086800	44087000	U	U	U	U
chr22	44087000	44087200	U	U	U	U
chr22	44087200	44087400	U	U	U	U
chr22	44089200	44089400	U	U	U	U
chr22	44092800	44093000	U	U	U	U
chr22	44097600	44097800	U	U	U	U
chr22	44097800	44098000	U	U	U	U
chr22	44099800	44100000	U	U	U	U
chr22	44100000	44100200	U	U	U	U
chr22	44100200	44100400	U	U	U	U
chr22	44103000	44103200	U	U	U	U
chr22	44109400	44109600	U	U	U	U
chr22	44109600	44109800	U	U	U	U
chr22	44119400	44119600	U	U	U	U
chr22	44124200	44124400	U	U	U	U
chr22	44125000	44125200	U	U	U	U
chr22	44128200	44128400	U	U	U	U
chr22	44129400	44129600	U	U	U	U
chr22	44130000	44130200	U	U	U	U
chr22	44136400	44136600	U	U	U	U
chr22	44136600	44136800	U	U	U	U
chr22	44136800	44137000	U	U	U	U
chr22	44137000	44137200	U	U	U	U
chr22	44138000	44138200	U	U	U	U
chr22	44138200	44138400	U	U	U	U
chr22	44141000	44141200	U	U	U	U
chr22	44143400	44143600	U	U	U	U
chr22	44143600	44143800	U	U	U	U
chr22	44145400	44145600	U	U	U	U
chr22	44146800	44147000	U	U	U	U
chr22	44147800	44148000	U	U	U	U
chr22	44148400	44148600	U	U	U	U
chr22	44157200	44157400	U	U	U	U
chr22	44159800	44160000	U	U	U	U
chr22	44164000	44164200	U	U	U	U
chr22	44167200	44167400	U	U	U	U
chr22	44169000	44169200	U	U	U	U
chr22	44171000	44171200	U	U	U	U
chr22	44171600	44171800	U	U	U	U
chr22	44173200	44173400	U	U	U	U
chr22	44175600	44175800	U	U	U	U
chr22	44181600	44181800	U	U	U	U
chr22	44184000	44184200	U	U	U	U
chr22	44188800	44189000	U	U	U	U
chr22	44190600	44190800	U	U	U	U
chr22	44191000	44191200	U	U	U	U
chr22	44192200	44192400	B	U	U	U
chr22	44196200	44196400	U	U	U	U
chr22	44203600	44203800	U	U	U	U
chr22	44207600	44207800	U	U	U	U
chr22	44212600	44212800	U	U	U	U
chr22	44221000	44221200	U	U	U	U
chr22	44229600	44229800	U	U	U	U
chr22	44243000	44243200	U	U	U	U
chr22	44246400	44246600	U	U	U	U
chr22	44262000	44262200	U	U	U	U
chr22	44267200	44267400	U	U	U	U
chr22	44268000	44268200	U	U	U	U
chr22	44274600	44274800	U	U	U	U
chr22	44279200	44279400	U	U	U	U
chr22	44282400	44282600	U	U	U	U
chr22	44285800	44286000	U	U	U	U
chr22	44290000	44290200	U	U	U	U
chr22	44291800	44292000	U	U	U	U
chr22	44292400	44292600	U	U	U	U
chr22	44293000	44293200	U	U	U	U
chr22	44296800	44297000	U	U	U	U
chr22	44297400	44297600	U	U	U	U
chr22	44297800	44298000	U	U	U	U
chr22	44300800	44301000	U	U	U	U
chr22	44305400	44305600	U	U	U	U
chr22	44308800	44309000	U	U	U	U
chr22	44309800	44310000	U	U	U	U
chr22	44312800	44313000	U	U	U	U
chr22	44313600	44313800	U	U	U	U
chr22	44313800	44314000	U	U	U	U
chr22	44314600	44314800	U	U	U	U
chr22	44317200	44317400	U	U	U	U
chr22	44318000	44318200	U	U	U	U
chr22	44320800	44321000	U	U	U	U
chr22	44327400	44327600	U	U	U	U
chr22	44328800	44329000	U	U	U	U
chr22	44329600	44329800	U	U	U	U
chr22	44329800	44330000	U	U	U	U
chr22	44331200	44331400	U	U	U	U
chr22	44331400	44331600	U	U	U	U
chr22	44334000	44334200	U	U	U	U
chr22	44344600	44344800	U	U	U	U
chr22	44347400	44347600	U	U	U	U
chr22	44347600	44347800	U	U	U	U
chr22	44350400	44350600	U	U	U	U
chr22	44350600	44350800	U	U	U	U
chr22	44352000	44352200	U	U	U	U
chr22	44358000	44358200	U	U	U	U
chr22	44358200	44358400	U	U	U	U
chr22	44358400	44358600	U	U	U	U
chr22	44362600	44362800	U	U	U	U
chr22	44370600	44370800	U	U	U	U
chr22	44372400	44372600	U	U	U	U
chr22	44373600	44373800	U	U	U	U
chr22	44380400	44380600	U	U	U	U
chr22	44381800	44382000	U	U	U	U
chr22	44382600	44382800	U	U	U	U
chr22	44384000	44384200	U	U	U	U
chr22	44387000	44387200	U	U	U	U
chr22	44390000	44390200	U	U	U	U
chr22	44390600	44390800	U	U	U	U
chr22	44392400	44392600	U	U	U	U
chr22	44393000	44393200	U	U	U	U
chr22	44396000	44396200	U	U	U	U
chr22	44399000	44399200	U	U	U	U
chr22	44402000	44402200	U	U	U	U
chr22	44402600	44402800	U	U	U	U
chr22	44402800	44403000	U	U	U	U
chr22	44403200	44403400	U	U	U	U
chr22	44404000	44404200	U	U	U	U
chr22	44404400	44404600	U	U	U	U
chr22	44408400	44408600	U	U	U	U
chr22	44410800	44411000	U	U	U	U
chr22	44424600	44424800	U	U	U	U
chr22	44431000	44431200	U	U	U	U
chr22	44432000	44432200	U	U	U	U
chr22	44437200	44437400	U	U	U	U
chr22	44437400	44437600	U	U	U	U
chr22	44441600	44441800	U	U	U	U
chr22	44442000	44442200	U	U	U	U
chr22	44442800	44443000	U	U	U	U
chr22	44443600	44443800	U	U	U	U
chr22	44448400	44448600	U	U	U	U
chr22	44449400	44449600	U	U	U	U
chr22	44450200	44450400	U	U	U	U
chr22	44453400	44453600	U	U	U	U
chr22	44454000	44454200	U	U	U	U
chr22	44456800	44457000	U	U	U	U
chr22	44457000	44457200	U	U	U	U
chr22	44462400	44462600	U	U	U	U
chr22	44463200	44463400	U	U	U	U
chr22	44491400	44491600	U	U	U	U
chr22	44494800	44495000	U	U	U	U
chr22	44495000	44495200	U	U	U	U
chr22	44496200	44496400	U	U	U	U
chr22	44497400	44497600	B	U	U	U
chr22	44528800	44529000	U	U	U	U
chr22	44536000	44536200	U	U	U	U
chr22	44542600	44542800	U	U	U	U
chr22	44544800	44545000	U	U	U	U
chr22	44549000	44549200	U	U	U	U
chr22	44567400	44567600	U	U	U	U
chr22	44580400	44580600	U	U	U	U
chr22	44590400	44590600	U	U	U	U
chr22	44590600	44590800	U	U	U	U
chr22	44597400	44597600	U	U	U	U
chr22	44598000	44598200	U	U	U	U
chr22	44603800	44604000	U	U	U	U
chr22	44605400	44605600	U	U	U	U
chr22	44606600	44606800	U	U	U	U
chr22	44608800	44609000	U	U	U	U
chr22	44616000	44616200	U	U	U	U
chr22	44620600	44620800	U	U	U	U
chr22	44626000	44626200	B	U	U	U
chr22	44628000	44628200	U	U	U	U
chr22	44634200	44634400	U	U	U	U
chr22	44634400	44634600	U	U	U	U
chr22	44637400	44637600	U	U	U	U
chr22	44639600	44639800	U	U	U	U
chr22	44640800	44641000	U	U	U	U
chr22	44646000	44646200	U	U	U	U
chr22	44652000	44652200	U	U	U	U
chr22	44658600	44658800	U	U	U	U
chr22	44659200	44659400	U	U	U	U
chr22	44659400	44659600	U	U	U	U
chr22	44663800	44664000	U	U	U	U
chr22	44664200	44664400	U	U	U	U
chr22	44673800	44674000	U	U	U	U
chr22	44679800	44680000	U	U	U	U
chr22	44683200	44683400	U	U	U	U
chr22	44704400	44704600	U	U	U	U
chr22	44707800	44708000	U	U	U	U
chr22	44710200	44710400	B	U	U	U
chr22	44711600	44711800	B	U	U	U
chr22	44712200	44712400	U	U	U	U
chr22	44720000	44720200	U	U	U	U
chr22	44720800	44721000	U	U	U	U
chr22	44722600	44722800	U	U	U	U
chr22	44726200	44726400	U	U	U	U
chr22	44729000	44729200	U	U	U	U
chr22	44730400	44730600	U	U	U	U
chr22	44734600	44734800	U	U	U	U
chr22	44735600	44735800	B	U	U	U
chr22	44737200	44737400	U	U	U	U
chr22	44738800	44739000	U	U	U	U
chr22	44739200	44739400	U	U	U	U
chr22	44745600	44745800	U	U	U	U
chr22	44745800	44746000	U	U	U	U
chr22	44746600	44746800	U	U	U	U
chr22	44760000	44760200	U	U	U	U
chr22	44765600	44765800	U	U	U	U
chr22	44775200	44775400	U	U	U	U
chr22	44776800	44777000	U	U	U	U
chr22	44783200	44783400	U	U	U	U
chr22	44790200	44790400	U	U	U	U
chr22	44791200	44791400	U	U	U	U
chr22	44792400	44792600	U	U	U	U
chr22	44793400	44793600	U	U	U	U
chr22	44793800	44794000	U	U	U	U
chr22	44796000	44796200	U	U	U	U
chr22	44804000	44804200	U	U	U	U
chr22	44814600	44814800	U	U	U	U
chr22	44816200	44816400	U	U	U	U
chr22	44821800	44822000	U	U	U	U
chr22	44822200	44822400	U	U	U	U
chr22	44822400	44822600	U	U	U	U
chr22	44823600	44823800	U	U	U	U
chr22	44823800	44824000	U	U	U	U
chr22	44825400	44825600	U	U	U	U
chr22	44826000	44826200	U	U	U	U
chr22	44837400	44837600	U	U	U	U
chr22	44848600	44848800	U	U	U	U
chr22	44849000	44849200	U	U	U	U
chr22	44849600	44849800	U	U	U	U
chr22	44861400	44861600	U	U	U	U
chr22	44861800	44862000	U	U	U	U
chr22	44867600	44867800	U	U	U	U
chr22	44878600	44878800	U	U	U	U
chr22	44883000	44883200	U	U	U	U
chr22	44885600	44885800	U	U	U	U
chr22	44888400	44888600	U	U	U	U
chr22	44889600	44889800	B	U	U	U
chr22	44891200	44891400	U	U	U	U
chr22	44891400	44891600	U	U	U	U
chr22	44892000	44892200	U	U	U	U
chr22	44892600	44892800	U	U	U	U
chr22	44893400	44893600	U	U	U	U
chr22	44894000	44894200	U	U	U	U
chr22	44894600	44894800	U	U	U	U
chr22	44895800	44896000	U	U	U	U
chr22	44903000	44903200	U	U	U	U
chr22	44915600	44915800	U	U	U	U
chr22	44918200	44918400	U	U	U	U
chr22	44918600	44918800	U	U	U	U
chr22	44929400	44929600	U	U	U	U
chr22	44930000	44930200	U	U	U	U
chr22	44934000	44934200	U	U	U	U
chr22	44937200	44937400	U	U	U	U
chr22	44938800	44939000	U	U	U	U
chr22	44940400	44940600	U	U	U	U
chr22	44940600	44940800	U	U	U	U
chr22	44941600	44941800	U	U	U	U
chr22	44945400	44945600	U	U	U	U
chr22	44959400	44959600	U	U	U	U
chr22	44966400	44966600	U	U	U	U
chr22	44967000	44967200	U	U	U	U
chr22	44978800	44979000	U	U	U	U
chr22	44979000	44979200	U	U	U	U
chr22	44981000	44981200	U	U	U	U
chr22	44983600	44983800	U	U	U	U
chr22	44991800	44992000	U	U	U	U
chr22	44997200	44997400	U	U	U	U
chr22	44999200	44999400	U	U	U	U
chr22	45000200	45000400	U	U	U	U
chr22	45001400	45001600	U	U	U	U
chr22	45005000	45005200	U	U	U	U
chr22	45005200	45005400	U	U	U	U
chr22	45005600	45005800	U	U	U	U
chr22	45005800	45006000	U	U	U	U
chr22	45006800	45007000	U	U	U	U
chr22	45007800	45008000	B	U	B	U
chr22	45009000	45009200	U	U	U	U
chr22	45020000	45020200	U	U	U	U
chr22	45023200	45023400	U	U	U	U
chr22	45033200	45033400	U	U	U	U
chr22	45035400	45035600	U	U	U	U
chr22	45035800	45036000	U	U	U	U
chr22	45039000	45039200	U	U	U	U
chr22	45050600	45050800	U	U	U	U
chr22	45064400	45064600	U	U	U	U
chr22	45064600	45064800	U	U	U	U
chr22	45069200	45069400	U	U	U	U
chr22	45089000	45089200	U	U	U	U
chr22	45091200	45091400	U	U	U	U
chr22	45107200	45107400	U	U	U	U
chr22	45124400	45124600	U	U	U	U
chr22	45125200	45125400	U	U	U	U
chr22	45134000	45134200	U	U	U	U
chr22	45136600	45136800	U	U	U	U
chr22	45144600	45144800	U	U	U	U
chr22	45153200	45153400	U	U	U	U
chr22	45163600	45163800	B	U	B	U
chr22	45164600	45164800	B	U	U	U
chr22	45167000	45167200	U	U	U	U
chr22	45175000	45175200	U	U	U	U
chr22	45179400	45179600	U	U	U	U
chr22	45180800	45181000	U	U	U	U
chr22	45181200	45181400	U	U	U	U
chr22	45181400	45181600	U	U	U	U
chr22	45183200	45183400	U	U	U	U
chr22	45184000	45184200	U	U	U	U
chr22	45184200	45184400	U	U	U	U
chr22	45184600	45184800	U	U	U	U
chr22	45185600	45185800	U	U	U	U
chr22	45185800	45186000	U	U	U	U
chr22	45187400	45187600	U	U	U	U
chr22	45188000	45188200	U	U	U	U
chr22	45188400	45188600	U	U	U	U
chr22	45192000	45192200	U	U	U	U
chr22	45195400	45195600	U	U	U	U
chr22	45197000	45197200	U	U	U	U
chr22	45200000	45200200	U	U	U	U
chr22	45200200	45200400	U	U	U	U
chr22	45201000	45201200	U	U	U	U
chr22	45202800	45203000	U	U	U	U
chr22	45203000	45203200	U	U	U	U
chr22	45203600	45203800	U	U	U	U
chr22	45210200	45210400	U	U	U	U
chr22	45225200	45225400	U	U	U	U
chr22	45227800	45228000	U	U	U	U
chr22	45234400	45234600	U	U	U	U
chr22	45235000	45235200	U	U	U	U
chr22	45237400	45237600	U	U	U	U
chr22	45240400	45240600	B	U	U	U
chr22	45245200	45245400	U	U	U	U
chr22	45255200	45255400	U	U	U	U
chr22	45261400	45261600	U	U	U	U
chr22	45269800	45270000	B	U	U	U
chr22	45275800	45276000	U	U	U	U
chr22	45278600	45278800	U	U	U	U
chr22	45279200	45279400	U	U	U	U
chr22	45286000	45286200	B	U	U	U
chr22	45287200	45287400	U	U	U	U
chr22	45306600	45306800	U	U	U	U
chr22	45310400	45310600	U	U	U	U
chr22	45311200	45311400	U	U	U	U
chr22	45311600	45311800	U	U	U	U
chr22	45318400	45318600	U	U	U	U
chr22	45319400	45319600	U	U	U	U
chr22	45322200	45322400	U	U	U	U
chr22	45322600	45322800	U	U	U	U
chr22	45322800	45323000	U	U	U	U
chr22	45330400	45330600	U	U	U	U
chr22	45330600	45330800	U	U	U	U
chr22	45334200	45334400	U	U	U	U
chr22	45334600	45334800	U	U	U	U
chr22	45337400	45337600	U	U	U	U
chr22	45344800	45345000	U	U	U	U
chr22	45354800	45355000	U	U	U	U
chr22	45358600	45358800	U	U	U	U
chr22	45371400	45371600	U	U	U	U
chr22	45383200	45383400	U	U	U	U
chr22	45385400	45385600	U	U	U	U
chr22	45389800	45390000	U	U	U	U
chr22	45393800	45394000	U	U	U	U
chr22	45396800	45397000	U	U	U	U
chr22	45412800	45413000	U	U	U	U
chr22	45413600	45413800	U	U	U	U
chr22	45413800	45414000	U	U	U	U
chr22	45414000	45414200	U	U	U	U
chr22	45421800	45422000	U	U	U	U
chr22	45430000	45430200	U	U	U	U
chr22	45430400	45430600	U	U	U	U
chr22	45432200	45432400	U	U	U	U
chr22	45433800	45434000	U	U	U	U
chr22	45434000	45434200	U	U	U	U
chr22	45434200	45434400	U	U	U	U
chr22	45434400	45434600	U	U	U	U
chr22	45442400	45442600	U	U	U	U
chr22	45442600	45442800	U	U	U	U
chr22	45451000	45451200	U	U	U	U
chr22	45454400	45454600	U	U	U	U
chr22	45469200	45469400	U	U	U	U
chr22	45469600	45469800	U	U	U	U
chr22	45491800	45492000	U	U	U	U
chr22	45502400	45502600	U	U	U	U
chr22	45510600	45510800	U	U	U	U
chr22	45510800	45511000	U	U	U	U
chr22	45512400	45512600	U	U	U	U
chr22	45524000	45524200	U	U	U	U
chr22	45524200	45524400	U	U	U	U
chr22	45524600	45524800	U	U	U	U
chr22	45525400	45525600	U	U	U	U
chr22	45526400	45526600	U	U	U	U
chr22	45534800	45535000	U	U	U	U
chr22	45543600	45543800	U	U	U	U
chr22	45549600	45549800	B	U	U	U
chr22	45549800	45550000	U	U	U	U
chr22	45551200	45551400	U	U	U	U
chr22	45553600	45553800	B	U	U	U
chr22	45563400	45563600	U	U	U	U
chr22	45566600	45566800	U	U	U	U
chr22	45576000	45576200	U	U	U	U
chr22	45579400	45579600	U	U	U	U
chr22	45580800	45581000	U	U	U	U
chr22	45581800	45582000	U	U	U	U
chr22	45582400	45582600	U	U	U	U
chr22	45586200	45586400	U	U	U	U
chr22	45586600	45586800	U	U	U	U
chr22	45593400	45593600	U	U	U	U
chr22	45594200	45594400	U	U	U	U
chr22	45597400	45597600	U	U	U	U
chr22	45597800	45598000	U	U	U	U
chr22	45603400	45603600	U	U	U	U
chr22	45604600	45604800	U	U	U	U
chr22	45612800	45613000	U	U	U	U
chr22	45613000	45613200	U	U	U	U
chr22	45613600	45613800	U	U	U	U
chr22	45626200	45626400	U	U	U	U
chr22	45629800	45630000	U	U	U	U
chr22	45633400	45633600	U	U	U	U
chr22	45636600	45636800	U	U	U	U
chr22	45636800	45637000	U	U	U	U
chr22	45637000	45637200	U	U	U	U
chr22	45638600	45638800	U	U	U	U
chr22	45639200	45639400	B	U	U	B
chr22	45640400	45640600	U	U	U	U
chr22	45640600	45640800	U	U	U	U
chr22	45642200	45642400	U	U	U	U
chr22	45642800	45643000	U	U	U	B
chr22	45643400	45643600	U	U	U	U
chr22	45645400	45645600	B	U	U	U
chr22	45674600	45674800	U	U	U	U
chr22	45678800	45679000	U	U	U	U
chr22	45680000	45680200	U	U	U	U
chr22	45687400	45687600	U	U	U	U
chr22	45688400	45688600	U	U	U	U
chr22	45692400	45692600	U	U	U	U
chr22	45707200	45707400	U	U	U	U
chr22	45709000	45709200	U	U	U	U
chr22	45713000	45713200	U	U	U	U
chr22	45717000	45717200	U	U	U	U
chr22	45718800	45719000	U	U	U	U
chr22	45719200	45719400	U	U	U	U
chr22	45722400	45722600	U	U	U	U
chr22	45729200	45729400	U	U	U	U
chr22	45729400	45729600	U	U	U	U
chr22	45729600	45729800	U	U	U	U
chr22	45740000	45740200	U	U	U	U
chr22	45744600	45744800	U	U	U	U
chr22	45745800	45746000	U	U	U	U
chr22	45746600	45746800	U	U	U	U
chr22	45748800	45749000	U	U	U	U
chr22	45754000	45754200	U	U	U	U
chr22	45755000	45755200	U	U	U	U
chr22	45756800	45757000	U	U	U	U
chr22	45757800	45758000	U	U	U	U
chr22	45761600	45761800	U	U	U	U
chr22	45763800	45764000	U	U	U	U
chr22	45764400	45764600	U	U	U	U
chr22	45764800	45765000	U	U	U	U
chr22	45765400	45765600	U	U	U	U
chr22	45769400	45769600	U	U	U	U
chr22	45770600	45770800	U	U	U	U
chr22	45784600	45784800	U	U	U	U
chr22	45785000	45785200	U	U	U	U
chr22	45786200	45786400	U	U	U	U
chr22	45786400	45786600	U	U	U	U
chr22	45789800	45790000	U	U	U	U
chr22	45790200	45790400	U	U	U	U
chr22	45792600	45792800	U	U	U	U
chr22	45801400	45801600	U	U	U	U
chr22	45809200	45809400	U	U	U	U
chr22	45816800	45817000	U	U	U	U
chr22	45819400	45819600	U	U	U	U
chr22	45821000	45821200	U	U	U	U
chr22	45821400	45821600	U	U	U	U
chr22	45834200	45834400	U	U	U	U
chr22	45839400	45839600	U	U	U	U
chr22	45843400	45843600	U	U	U	U
chr22	45843800	45844000	U	U	U	U
chr22	45845000	45845200	U	U	U	U
chr22	45861200	45861400	U	U	U	U
chr22	45865000	45865200	U	U	U	U
chr22	45869600	45869800	U	U	U	U
chr22	45870000	45870200	U	U	U	U
chr22	45876400	45876600	U	U	U	U
chr22	45877800	45878000	U	U	U	U
chr22	45880200	45880400	U	U	U	U
chr22	45881200	45881400	U	U	U	U
chr22	45882200	45882400	U	U	U	U
chr22	45883400	45883600	U	U	U	U
chr22	45884600	45884800	U	U	U	U
chr22	45885200	45885400	U	U	U	U
chr22	45896800	45897000	U	U	U	U
chr22	45897000	45897200	U	U	U	U
chr22	45903200	45903400	U	U	U	U
chr22	45903400	45903600	U	U	U	U
chr22	45903600	45903800	U	U	U	U
chr22	45903800	45904000	U	U	U	U
chr22	45905800	45906000	U	U	U	U
chr22	45906000	45906200	U	U	U	U
chr22	45907800	45908000	U	U	U	U
chr22	45912800	45913000	U	U	U	U
chr22	45913400	45913600	U	U	U	U
chr22	45914600	45914800	U	U	U	U
chr22	45918200	45918400	U	U	U	U
chr22	45918400	45918600	U	U	U	U
chr22	45918800	45919000	U	U	U	U
chr22	45919600	45919800	U	U	U	U
chr22	45919800	45920000	U	U	U	U
chr22	45920200	45920400	U	U	U	U
chr22	45927000	45927200	U	U	U	U
chr22	45930800	45931000	U	U	U	U
chr22	45931000	45931200	U	U	U	U
chr22	45931200	45931400	U	U	U	U
chr22	45931800	45932000	U	U	U	U
chr22	45932000	45932200	U	U	U	U
chr22	45934400	45934600	U	U	U	U
chr22	45936600	45936800	U	U	U	U
chr22	45944000	45944200	U	U	U	U
chr22	45944200	45944400	U	U	U	U
chr22	45946400	45946600	U	U	U	U
chr22	45947200	45947400	U	U	U	U
chr22	45950200	45950400	U	U	U	U
chr22	45952400	45952600	U	U	U	U
chr22	45959000	45959200	U	U	U	U
chr22	45960000	45960200	U	U	U	U
chr22	45961000	45961200	U	U	U	U
chr22	45967000	45967200	U	U	U	U
chr22	45970200	45970400	U	U	U	U
chr22	45970400	45970600	U	U	U	U
chr22	45970600	45970800	U	U	U	U
chr22	45971000	45971200	U	U	U	U
chr22	45972600	45972800	U	U	U	U
chr22	45973000	45973200	U	U	U	U
chr22	45973200	45973400	U	U	U	U
chr22	45974400	45974600	U	U	U	U
chr22	45974800	45975000	U	U	U	U
chr22	45975600	45975800	U	U	U	U
chr22	45976200	45976400	U	U	U	U
chr22	45978000	45978200	U	U	U	U
chr22	45978200	45978400	U	U	U	U
chr22	45980600	45980800	U	U	U	U
chr22	45982000	45982200	U	U	U	U
chr22	45989000	45989200	U	U	U	U
chr22	45990000	45990200	U	U	U	U
chr22	45995400	45995600	U	U	U	U
chr22	45995800	45996000	U	U	U	U
chr22	45997600	45997800	U	U	U	U
chr22	45998000	45998200	U	U	U	U
chr22	45999800	46000000	U	U	U	U
chr22	46001800	46002000	U	U	U	U
chr22	46002800	46003000	U	U	U	U
chr22	46003000	46003200	U	U	U	U
chr22	46004600	46004800	U	U	U	U
chr22	46006200	46006400	B	U	B	U
chr22	46007400	46007600	U	U	U	U
chr22	46014000	46014200	B	U	B	U
chr22	46031800	46032000	U	U	U	U
chr22	46037200	46037400	U	U	U	U
chr22	46040400	46040600	U	U	U	U
chr22	46040600	46040800	U	U	U	U
chr22	46045000	46045200	U	U	U	U
chr22	46051000	46051200	U	U	U	U
chr22	46053000	46053200	U	U	U	U
chr22	46056400	46056600	U	U	U	U
chr22	46057200	46057400	U	U	U	U
chr22	46061000	46061200	U	U	U	U
chr22	46061600	46061800	U	U	U	U
chr22	46062200	46062400	U	U	U	U
chr22	46062800	46063000	U	U	U	U
chr22	46063200	46063400	U	U	U	U
chr22	46067200	46067400	U	U	U	U
chr22	46067400	46067600	U	U	U	U
chr22	46069400	46069600	B	U	U	U
chr22	46069600	46069800	U	U	U	U
chr22	46072200	46072400	U	U	U	U
chr22	46073400	46073600	U	U	U	U
chr22	46073600	46073800	U	U	U	U
chr22	46075000	46075200	U	U	U	U
chr22	46077000	46077200	U	U	U	U
chr22	46077400	46077600	U	U	U	U
chr22	46077600	46077800	U	U	U	U
chr22	46079400	46079600	U	U	U	U
chr22	46084600	46084800	U	U	U	U
chr22	46085800	46086000	B	U	U	B
chr22	46087600	46087800	U	U	U	U
chr22	46088600	46088800	U	U	U	U
chr22	46089000	46089200	U	U	U	U
chr22	46092200	46092400	U	U	U	U
chr22	46094000	46094200	U	U	U	U
chr22	46094800	46095000	U	U	U	U
chr22	46096400	46096600	U	U	U	U
chr22	46096600	46096800	U	U	U	U
chr22	46102400	46102600	U	U	U	U
chr22	46103200	46103400	U	U	U	U
chr22	46107800	46108000	U	U	U	U
chr22	46108200	46108400	U	U	U	U
chr22	46109000	46109200	U	U	U	U
chr22	46109200	46109400	B	U	U	U
chr22	46116800	46117000	B	U	B	U
chr22	46121600	46121800	U	U	U	U
chr22	46122800	46123000	B	U	U	U
chr22	46125600	46125800	U	U	U	U
chr22	46127600	46127800	U	U	U	U
chr22	46128400	46128600	U	U	U	U
chr22	46131000	46131200	B	U	B	U
chr22	46131600	46131800	B	U	B	U
chr22	46131800	46132000	U	U	U	U
chr22	46132600	46132800	U	U	U	U
chr22	46139600	46139800	U	U	U	U
chr22	46141400	46141600	U	U	U	U
chr22	46147800	46148000	U	U	U	U
chr22	46149800	46150000	B	U	U	U
chr22	46150800	46151000	B	U	U	U
chr22	46152600	46152800	U	U	U	U
chr22	46157800	46158000	U	U	U	U
chr22	46158600	46158800	U	U	U	U
chr22	46160000	46160200	U	U	U	U
chr22	46161000	46161200	U	U	U	U
chr22	46161800	46162000	U	U	U	U
chr22	46163200	46163400	U	U	U	U
chr22	46164800	46165000	U	U	U	U
chr22	46173000	46173200	U	U	U	U
chr22	46186000	46186200	U	U	U	U
chr22	46186200	46186400	U	U	U	U
chr22	46188800	46189000	U	U	U	U
chr22	46190200	46190400	U	U	U	U
chr22	46193800	46194000	B	U	B	U
chr22	46195600	46195800	U	U	U	U
chr22	46196200	46196400	U	U	U	U
chr22	46199000	46199200	U	U	U	U
chr22	46201600	46201800	U	U	U	U
chr22	46215200	46215400	U	U	U	U
chr22	46216800	46217000	U	U	U	U
chr22	46217200	46217400	U	U	U	U
chr22	46217600	46217800	U	U	U	U
chr22	46219800	46220000	U	U	U	U
chr22	46222200	46222400	U	U	U	U
chr22	46222400	46222600	U	U	U	U
chr22	46224000	46224200	U	U	U	U
chr22	46224400	46224600	U	U	U	U
chr22	46231600	46231800	U	U	U	U
chr22	46232000	46232200	U	U	U	U
chr22	46235200	46235400	B	U	U	U
chr22	46236400	46236600	U	U	U	U
chr22	46238800	46239000	U	U	U	U
chr22	46240600	46240800	U	U	U	U
chr22	46242200	46242400	U	U	U	U
chr22	46243400	46243600	U	U	U	U
chr22	46245200	46245400	U	U	U	U
chr22	46247600	46247800	U	U	U	U
chr22	46255600	46255800	U	U	U	U
chr22	46257000	46257200	U	U	U	U
chr22	46260400	46260600	U	U	U	U
chr22	46260800	46261000	U	U	U	U
chr22	46261200	46261400	U	U	U	U
chr22	46262000	46262200	U	U	U	U
chr22	46272400	46272600	U	U	U	U
chr22	46273800	46274000	U	U	U	U
chr22	46280400	46280600	U	U	U	U
chr22	46281000	46281200	U	U	U	U
chr22	46281600	46281800	U	U	U	U
chr22	46284200	46284400	U	U	U	U
chr22	46285400	46285600	U	U	U	U
chr22	46286800	46287000	U	U	U	U
chr22	46287000	46287200	U	U	U	U
chr22	46290800	46291000	U	U	U	U
chr22	46293000	46293200	U	U	U	U
chr22	46293800	46294000	U	U	U	U
chr22	46303400	46303600	U	U	U	U
chr22	46308400	46308600	U	U	U	U
chr22	46309400	46309600	U	U	U	U
chr22	46309600	46309800	U	U	U	U
chr22	46311600	46311800	U	U	U	U
chr22	46314200	46314400	B	U	B	U
chr22	46315600	46315800	U	U	U	U
chr22	46323000	46323200	U	U	U	U
chr22	46326200	46326400	U	U	U	U
chr22	46328800	46329000	U	U	U	U
chr22	46329000	46329200	U	U	U	U
chr22	46329800	46330000	U	U	U	U
chr22	46331600	46331800	U	U	U	U
chr22	46336200	46336400	B	U	U	U
chr22	46337600	46337800	U	U	U	U
chr22	46338000	46338200	U	U	B	U
chr22	46343000	46343200	U	U	U	U
chr22	46346200	46346400	U	U	U	U
chr22	46346400	46346600	U	U	U	U
chr22	46346600	46346800	U	U	U	U
chr22	46350200	46350400	U	U	U	U
chr22	46351400	46351600	U	U	U	U
chr22	46353400	46353600	U	U	U	U
chr22	46354800	46355000	U	U	U	U
chr22	46358800	46359000	U	U	U	U
chr22	46359800	46360000	U	U	U	U
chr22	46361600	46361800	U	U	U	U
chr22	46363600	46363800	U	U	U	U
chr22	46363800	46364000	U	U	U	U
chr22	46365000	46365200	U	U	U	U
chr22	46365600	46365800	U	U	U	U
chr22	46369200	46369400	U	U	U	U
chr22	46369400	46369600	U	U	U	U
chr22	46370600	46370800	U	U	U	U
chr22	46373000	46373200	U	U	U	U
chr22	46378200	46378400	U	U	U	U
chr22	46378600	46378800	U	U	U	U
chr22	46379600	46379800	U	U	U	U
chr22	46381000	46381200	U	U	U	U
chr22	46381400	46381600	U	U	U	U
chr22	46386400	46386600	U	U	U	U
chr22	46391200	46391400	B	U	U	U
chr22	46391600	46391800	U	U	U	U
chr22	46393200	46393400	U	U	U	U
chr22	46395000	46395200	U	U	U	U
chr22	46396600	46396800	U	U	U	U
chr22	46399200	46399400	U	U	U	U
chr22	46405600	46405800	U	U	U	U
chr22	46406400	46406600	U	U	U	U
chr22	46407800	46408000	U	U	U	U
chr22	46410400	46410600	U	U	U	U
chr22	46412600	46412800	U	U	U	U
chr22	46413800	46414000	U	U	U	U
chr22	46416200	46416400	U	U	U	U
chr22	46417200	46417400	U	U	U	U
chr22	46418600	46418800	U	U	U	U
chr22	46419400	46419600	U	U	U	U
chr22	46428000	46428200	U	U	U	U
chr22	46428800	46429000	U	U	U	U
chr22	46430600	46430800	U	U	U	U
chr22	46431800	46432000	U	U	U	U
chr22	46432200	46432400	U	U	U	U
chr22	46432400	46432600	U	U	U	U
chr22	46434200	46434400	U	U	U	U
chr22	46437200	46437400	U	U	U	U
chr22	46438200	46438400	U	U	U	U
chr22	46443200	46443400	U	U	U	U
chr22	46447000	46447200	U	U	U	U
chr22	46448400	46448600	U	U	U	U
chr22	46450800	46451000	U	U	U	U
chr22	46451000	46451200	U	U	U	U
chr22	46452200	46452400	U	U	U	U
chr22	46456800	46457000	U	U	U	U
chr22	46458600	46458800	U	U	U	U
chr22	46460800	46461000	U	U	U	U
chr22	46461600	46461800	U	U	U	U
chr22	46462400	46462600	U	U	U	U
chr22	46462800	46463000	U	U	U	U
chr22	46464200	46464400	U	U	U	U
chr22	46464800	46465000	U	U	U	U
chr22	46465400	46465600	U	U	U	U
chr22	46465800	46466000	U	U	U	U
chr22	46466000	46466200	U	U	U	U
chr22	46477000	46477200	U	U	U	U
chr22	46478200	46478400	U	U	U	U
chr22	46479000	46479200	U	U	U	U
chr22	46479600	46479800	U	U	U	U
chr22	46481400	46481600	U	U	U	U
chr22	46484600	46484800	U	U	U	U
chr22	46485400	46485600	U	U	U	U
chr22	46485600	46485800	U	U	U	U
chr22	46488400	46488600	U	U	U	U
chr22	46489000	46489200	U	U	U	U
chr22	46490000	46490200	U	U	U	U
chr22	46510400	46510600	U	U	U	U
chr22	46514600	46514800	U	U	U	U
chr22	46514800	46515000	U	U	U	U
chr22	46515000	46515200	U	U	U	U
chr22	46515200	46515400	U	U	U	U
chr22	46515400	46515600	U	U	U	U
chr22	46517400	46517600	U	U	U	U
chr22	46523800	46524000	U	U	U	U
chr22	46526200	46526400	U	U	U	U
chr22	46526800	46527000	U	U	U	U
chr22	46527400	46527600	U	U	U	U
chr22	46532000	46532200	U	U	U	U
chr22	46534400	46534600	U	U	U	U
chr22	46535400	46535600	U	U	U	U
chr22	46536200	46536400	U	U	U	U
chr22	46547200	46547400	U	U	U	U
chr22	46547800	46548000	U	U	U	U
chr22	46549000	46549200	U	U	U	U
chr22	46549400	46549600	U	U	U	U
chr22	46553400	46553600	U	U	U	U
chr22	46558200	46558400	U	U	U	U
chr22	46570200	46570400	U	U	U	U
chr22	46577800	46578000	B	U	U	U
chr22	46578000	46578200	B	U	U	U
chr22	46579000	46579200	B	U	U	U
chr22	46581000	46581200	U	U	U	U
chr22	46586000	46586200	U	U	U	U
chr22	46586800	46587000	U	U	U	U
chr22	46587200	46587400	U	U	U	U
chr22	46588400	46588600	U	U	U	U
chr22	46590200	46590400	U	U	U	U
chr22	46592600	46592800	B	U	U	U
chr22	46593200	46593400	U	U	U	U
chr22	46595200	46595400	U	U	U	U
chr22	46595600	46595800	U	U	U	U
chr22	46600400	46600600	U	U	U	U
chr22	46602000	46602200	U	U	U	U
chr22	46609800	46610000	U	U	U	U
chr22	46610000	46610200	U	U	U	U
chr22	46612400	46612600	U	U	U	U
chr22	46613600	46613800	U	U	U	U
chr22	46618200	46618400	U	U	U	U
chr22	46620200	46620400	U	U	U	U
chr22	46625400	46625600	U	U	U	U
chr22	46629400	46629600	U	U	U	U
chr22	46633000	46633200	U	U	U	U
chr22	46633400	46633600	U	U	U	U
chr22	46636200	46636400	B	U	U	U
chr22	46640000	46640200	U	U	U	U
chr22	46640400	46640600	U	U	U	U
chr22	46645200	46645400	U	U	U	U
chr22	46647600	46647800	U	U	U	U
chr22	46649200	46649400	B	U	U	U
chr22	46651600	46651800	U	U	U	U
chr22	46654200	46654400	U	U	U	U
chr22	46655800	46656000	U	U	U	U
chr22	46656400	46656600	U	U	U	U
chr22	46658600	46658800	U	U	U	U
chr22	46660600	46660800	U	U	U	U
chr22	46663200	46663400	U	U	U	U
chr22	46664800	46665000	U	U	U	U
chr22	46666000	46666200	U	U	U	U
chr22	46666600	46666800	U	U	U	U
chr22	46668600	46668800	U	U	U	U
chr22	46669200	46669400	U	U	U	U
chr22	46670400	46670600	U	U	U	U
chr22	46672000	46672200	U	U	U	U
chr22	46672400	46672600	U	U	U	U
chr22	46676200	46676400	U	U	U	U
chr22	46678200	46678400	U	U	U	U
chr22	46679000	46679200	U	U	U	U
chr22	46679400	46679600	U	U	U	U
chr22	46680000	46680200	U	U	U	U
chr22	46687000	46687200	U	U	U	U
chr22	46689000	46689200	U	U	U	U
chr22	46691400	46691600	U	U	U	U
chr22	46691800	46692000	U	U	U	U
chr22	46694600	46694800	U	U	U	U
chr22	46695600	46695800	U	U	U	U
chr22	46696200	46696400	U	U	U	U
chr22	46707200	46707400	U	U	U	U
chr22	46707800	46708000	U	U	U	U
chr22	46708800	46709000	U	U	U	U
chr22	46711200	46711400	U	U	U	U
chr22	46722800	46723000	U	U	U	U
chr22	46728800	46729000	U	U	U	U
chr22	46731800	46732000	U	U	U	U
chr22	46735200	46735400	U	U	U	U
chr22	46735400	46735600	U	U	U	U
chr22	46738400	46738600	B	U	U	U
chr22	46739400	46739600	B	U	U	U
chr22	46746400	46746600	U	U	U	U
chr22	46749200	46749400	U	U	U	U
chr22	46751800	46752000	U	U	U	U
chr22	46752000	46752200	U	U	U	U
chr22	46754000	46754200	B	U	U	B
chr22	46762600	46762800	B	U	U	U
chr22	46773000	46773200	U	U	U	U
chr22	46773200	46773400	U	U	U	U
chr22	46774600	46774800	U	U	U	U
chr22	46774800	46775000	U	U	U	U
chr22	46775200	46775400	U	U	U	U
chr22	46775800	46776000	U	U	U	U
chr22	46776000	46776200	U	U	U	U
chr22	46779600	46779800	U	U	U	U
chr22	46781600	46781800	U	U	U	U
chr22	46792400	46792600	U	U	U	U
chr22	46794600	46794800	U	U	U	U
chr22	46795000	46795200	U	U	U	U
chr22	46795800	46796000	U	U	U	U
chr22	46800000	46800200	U	U	U	U
chr22	46801000	46801200	U	U	U	U
chr22	46801200	46801400	U	U	U	U
chr22	46802800	46803000	U	U	U	U
chr22	46803000	46803200	B	U	U	U
chr22	46804400	46804600	U	U	U	U
chr22	46805600	46805800	U	U	U	U
chr22	46810200	46810400	U	U	U	U
chr22	46812200	46812400	U	U	U	U
chr22	46816400	46816600	B	U	U	U
chr22	46823000	46823200	U	U	U	U
chr22	46827000	46827200	U	U	U	U
chr22	46827800	46828000	U	U	U	U
chr22	46829600	46829800	U	U	U	U
chr22	46829800	46830000	U	U	U	U
chr22	46831600	46831800	U	U	U	U
chr22	46844600	46844800	U	U	U	U
chr22	46844800	46845000	U	U	U	U
chr22	46847600	46847800	U	U	U	U
chr22	46848000	46848200	U	U	U	U
chr22	46852600	46852800	U	U	U	U
chr22	46856000	46856200	U	U	U	U
chr22	46864800	46865000	U	U	U	U
chr22	46868800	46869000	U	U	U	U
chr22	46869600	46869800	U	U	U	U
chr22	46878000	46878200	U	U	U	U
chr22	46880600	46880800	U	U	U	U
chr22	46883200	46883400	U	U	U	U
chr22	46883800	46884000	U	U	U	U
chr22	46894600	46894800	U	U	U	U
chr22	46901800	46902000	U	U	U	U
chr22	46902000	46902200	U	U	U	U
chr22	46903800	46904000	U	U	U	U
chr22	46905800	46906000	U	U	U	U
chr22	46909400	46909600	U	U	U	U
chr22	46910200	46910400	U	U	U	U
chr22	46912000	46912200	U	U	U	U
chr22	46912200	46912400	U	U	U	U
chr22	46913000	46913200	U	U	U	U
chr22	46913400	46913600	U	U	U	U
chr22	46915400	46915600	U	U	U	U
chr22	46923400	46923600	U	U	U	U
chr22	46925400	46925600	U	U	U	U
chr22	46930200	46930400	U	U	U	U
chr22	46934600	46934800	B	U	U	U
chr22	46942200	46942400	U	U	U	U
chr22	46942400	46942600	U	U	U	U
chr22	46946800	46947000	U	U	U	U
chr22	46947200	46947400	U	U	U	U
chr22	46948000	46948200	U	U	U	U
chr22	46949000	46949200	U	U	U	U
chr22	46950800	46951000	U	U	U	U
chr22	46951400	46951600	U	U	U	U
chr22	46961200	46961400	U	U	U	U
chr22	46963800	46964000	U	U	U	U
chr22	46964000	46964200	U	U	U	U
chr22	46965000	46965200	U	U	U	U
chr22	46966400	46966600	U	U	U	U
chr22	46966800	46967000	U	U	U	U
chr22	46969200	46969400	U	U	U	U
chr22	46969600	46969800	U	U	U	U
chr22	46969800	46970000	U	U	U	U
chr22	46970000	46970200	U	U	U	U
chr22	46971800	46972000	U	U	U	U
chr22	46973600	46973800	U	U	U	U
chr22	46974000	46974200	U	U	U	U
chr22	46974200	46974400	U	U	U	U
chr22	46978000	46978200	U	U	U	U
chr22	46982800	46983000	U	U	U	U
chr22	46983000	46983200	U	U	U	U
chr22	46991800	46992000	U	U	U	U
chr22	46993800	46994000	U	U	U	U
chr22	46994600	46994800	U	U	U	U
chr22	46996200	46996400	U	U	U	U
chr22	46997600	46997800	U	U	U	U
chr22	46998200	46998400	U	U	U	U
chr22	46998600	46998800	U	U	U	U
chr22	47001800	47002000	U	U	U	U
chr22	47002800	47003000	U	U	U	U
chr22	47006000	47006200	U	U	U	U
chr22	47006200	47006400	U	U	U	U
chr22	47008400	47008600	U	U	U	U
chr22	47010200	47010400	U	U	U	U
chr22	47011600	47011800	U	U	U	U
chr22	47011800	47012000	U	U	U	U
chr22	47012200	47012400	U	U	U	U
chr22	47014800	47015000	U	U	U	U
chr22	47015000	47015200	U	U	U	U
chr22	47016200	47016400	U	U	U	U
chr22	47017600	47017800	U	U	U	U
chr22	47017800	47018000	U	U	U	U
chr22	47018400	47018600	U	U	U	U
chr22	47019000	47019200	U	U	U	U
chr22	47028600	47028800	U	U	U	U
chr22	47030200	47030400	U	U	U	U
chr22	47030800	47031000	U	U	U	U
chr22	47032600	47032800	U	U	U	U
chr22	47033800	47034000	U	U	U	U
chr22	47035600	47035800	U	U	U	U
chr22	47036000	47036200	U	U	U	U
chr22	47036600	47036800	U	U	U	U
chr22	47041200	47041400	U	U	U	U
chr22	47041400	47041600	U	U	U	U
chr22	47042200	47042400	U	U	U	U
chr22	47044400	47044600	U	U	U	U
chr22	47045800	47046000	U	U	U	U
chr22	47046600	47046800	U	U	U	U
chr22	47046800	47047000	U	U	U	U
chr22	47049800	47050000	U	U	U	U
chr22	47051400	47051600	U	U	U	U
chr22	47052000	47052200	U	U	U	U
chr22	47052800	47053000	U	U	U	U
chr22	47053600	47053800	U	U	U	U
chr22	47058000	47058200	U	U	U	U
chr22	47065800	47066000	U	U	U	U
chr22	47066200	47066400	U	U	U	U
chr22	47068400	47068600	U	U	U	U
chr22	47072800	47073000	U	U	U	U
chr22	47074200	47074400	U	U	U	U
chr22	47085400	47085600	U	U	U	U
chr22	47085600	47085800	U	U	U	U
chr22	47085800	47086000	U	U	U	U
chr22	47094800	47095000	U	U	U	U
chr22	47098200	47098400	U	U	U	U
chr22	47113400	47113600	U	U	U	U
chr22	47117000	47117200	U	U	U	U
chr22	47117600	47117800	U	U	U	U
chr22	47122400	47122600	U	U	U	U
chr22	47122600	47122800	U	U	U	U
chr22	47123000	47123200	U	U	U	U
chr22	47124200	47124400	U	U	U	U
chr22	47124400	47124600	U	U	U	U
chr22	47124600	47124800	U	U	U	U
chr22	47125000	47125200	U	U	U	U
chr22	47126400	47126600	U	U	U	U
chr22	47127800	47128000	U	U	U	U
chr22	47129600	47129800	B	U	U	U
chr22	47133600	47133800	U	U	U	U
chr22	47134200	47134400	U	U	U	U
chr22	47135000	47135200	U	U	U	U
chr22	47139200	47139400	U	U	U	U
chr22	47139600	47139800	U	U	U	U
chr22	47143400	47143600	U	U	U	U
chr22	47143600	47143800	U	U	U	U
chr22	47151800	47152000	U	U	U	U
chr22	47154400	47154600	U	U	U	U
chr22	47155200	47155400	U	U	U	U
chr22	47155800	47156000	U	U	U	U
chr22	47156000	47156200	U	U	U	U
chr22	47156200	47156400	U	U	U	U
chr22	47157000	47157200	U	U	U	U
chr22	47161800	47162000	U	U	U	U
chr22	47164400	47164600	U	U	U	U
chr22	47164600	47164800	U	U	U	U
chr22	47167000	47167200	U	U	U	U
chr22	47170400	47170600	U	U	U	U
chr22	47173600	47173800	U	U	U	U
chr22	47174000	47174200	U	U	U	U
chr22	47174800	47175000	U	U	U	U
chr22	47175600	47175800	U	U	U	U
chr22	47176000	47176200	U	U	U	U
chr22	47178200	47178400	U	U	U	U
chr22	47189200	47189400	U	U	U	U
chr22	47194400	47194600	U	U	U	U
chr22	47195200	47195400	U	U	U	U
chr22	47196200	47196400	U	U	U	U
chr22	47197400	47197600	U	U	U	U
chr22	47197600	47197800	U	U	U	U
chr22	47208400	47208600	U	U	U	U
chr22	47209200	47209400	U	U	U	U
chr22	47216000	47216200	U	U	U	U
chr22	47218800	47219000	U	U	U	U
chr22	47219000	47219200	U	U	U	U
chr22	47238200	47238400	U	U	U	U
chr22	47239000	47239200	U	U	U	U
chr22	47247200	47247400	U	U	U	U
chr22	47250800	47251000	U	U	U	U
chr22	47256400	47256600	U	U	U	U
chr22	47258200	47258400	U	U	U	U
chr22	47264000	47264200	U	U	U	U
chr22	47269200	47269400	U	U	U	U
chr22	47279200	47279400	U	U	U	U
chr22	47279400	47279600	U	U	U	U
chr22	47279800	47280000	U	U	U	U
chr22	47280800	47281000	U	U	U	U
chr22	47281000	47281200	U	U	U	U
chr22	47281200	47281400	U	U	U	U
chr22	47283600	47283800	U	U	U	U
chr22	47284200	47284400	U	U	U	U
chr22	47286000	47286200	U	U	U	U
chr22	47287000	47287200	U	U	U	U
chr22	47288800	47289000	U	U	U	U
chr22	47289800	47290000	U	U	U	U
chr22	47292600	47292800	U	U	U	U
chr22	47296800	47297000	U	U	U	U
chr22	47303600	47303800	U	U	U	U
chr22	47323000	47323200	U	U	U	U
chr22	47324000	47324200	U	U	U	U
chr22	47332200	47332400	U	U	U	U
chr22	47340200	47340400	U	U	U	U
chr22	47341000	47341200	U	U	U	U
chr22	47342000	47342200	U	U	U	U
chr22	47352200	47352400	U	U	U	U
chr22	47352400	47352600	U	U	U	U
chr22	47354400	47354600	U	U	U	U
chr22	47354600	47354800	U	U	U	U
chr22	47355800	47356000	U	U	U	U
chr22	47356600	47356800	U	U	U	U
chr22	47367000	47367200	U	U	U	U
chr22	47369800	47370000	U	U	U	U
chr22	47371800	47372000	U	U	U	U
chr22	47374400	47374600	U	U	U	U
chr22	47374800	47375000	U	U	U	U
chr22	47375000	47375200	U	U	U	U
chr22	47376600	47376800	U	U	U	U
chr22	47377000	47377200	U	U	U	U
chr22	47381400	47381600	U	U	U	U
chr22	47383600	47383800	U	U	U	U
chr22	47385000	47385200	U	U	U	U
chr22	47387000	47387200	U	U	U	U
chr22	47387400	47387600	U	U	U	U
chr22	47388000	47388200	U	U	U	U
chr22	47388600	47388800	U	U	U	U
chr22	47390600	47390800	U	U	U	U
chr22	47391200	47391400	U	U	U	U
chr22	47391800	47392000	U	U	U	U
chr22	47392800	47393000	U	U	U	U
chr22	47401600	47401800	U	U	U	U
chr22	47404600	47404800	U	U	U	U
chr22	47407200	47407400	U	U	U	U
chr22	47418800	47419000	U	U	U	U
chr22	47419000	47419200	U	U	U	U
chr22	47422000	47422200	U	U	U	U
chr22	47424000	47424200	U	U	U	U
chr22	47432800	47433000	U	U	U	U
chr22	47434400	47434600	U	U	U	U
chr22	47435400	47435600	U	U	U	U
chr22	47437000	47437200	U	U	U	U
chr22	47437200	47437400	U	U	U	U
chr22	47440200	47440400	U	U	U	U
chr22	47442200	47442400	U	U	U	U
chr22	47444600	47444800	U	U	U	U
chr22	47450200	47450400	U	U	U	U
chr22	47450600	47450800	U	U	U	U
chr22	47457600	47457800	U	U	U	U
chr22	47457800	47458000	U	U	U	U
chr22	47460000	47460200	U	U	U	U
chr22	47460600	47460800	U	U	U	U
chr22	47463200	47463400	U	U	U	U
chr22	47463400	47463600	U	U	U	U
chr22	47465000	47465200	U	U	U	U
chr22	47469400	47469600	U	U	U	U
chr22	47489000	47489200	U	U	U	U
chr22	47494800	47495000	U	U	U	U
chr22	47508800	47509000	U	U	U	U
chr22	47510200	47510400	U	U	U	U
chr22	47546200	47546400	U	U	U	U
chr22	47546400	47546600	U	U	U	U
chr22	47547200	47547400	U	U	U	U
chr22	47549200	47549400	U	U	U	U
chr22	47550200	47550400	U	U	U	U
chr22	47550600	47550800	U	U	U	U
chr22	47552000	47552200	U	U	U	U
chr22	47552200	47552400	U	U	U	U
chr22	47561600	47561800	U	U	U	U
chr22	47561800	47562000	U	U	U	U
chr22	47564000	47564200	U	U	U	U
chr22	47565400	47565600	U	U	U	U
chr22	47569600	47569800	U	U	U	U
chr22	47570600	47570800	U	U	U	U
chr22	47572200	47572400	U	U	U	U
chr22	47589400	47589600	U	U	U	U
chr22	47592600	47592800	U	U	U	U
chr22	47594200	47594400	U	U	U	U
chr22	47601200	47601400	U	U	U	U
chr22	47601800	47602000	U	U	U	U
chr22	47605400	47605600	U	U	U	U
chr22	47610000	47610200	U	U	U	U
chr22	47614800	47615000	U	U	U	U
chr22	47615000	47615200	U	U	U	U
chr22	47616400	47616600	U	U	U	U
chr22	47618400	47618600	U	U	U	U
chr22	47618600	47618800	U	U	U	U
chr22	47619200	47619400	U	U	U	U
chr22	47624200	47624400	U	U	U	U
chr22	47625800	47626000	U	U	U	U
chr22	47627600	47627800	U	U	U	U
chr22	47629200	47629400	U	U	U	U
chr22	47632800	47633000	U	U	U	U
chr22	47651000	47651200	U	U	U	U
chr22	47653800	47654000	U	U	U	U
chr22	47654800	47655000	U	U	U	U
chr22	47657200	47657400	U	U	U	U
chr22	47657400	47657600	U	U	U	U
chr22	47660000	47660200	U	U	U	U
chr22	47661200	47661400	U	U	U	U
chr22	47663600	47663800	U	U	U	U
chr22	47668600	47668800	U	U	U	U
chr22	47672800	47673000	U	U	U	U
chr22	47675000	47675200	U	U	U	U
chr22	47676800	47677000	U	U	U	U
chr22	47678800	47679000	U	U	U	U
chr22	47681600	47681800	U	U	U	U
chr22	47690000	47690200	U	U	U	U
chr22	47691200	47691400	U	U	U	U
chr22	47693800	47694000	U	U	U	U
chr22	47729400	47729600	U	U	U	U
chr22	47736000	47736200	U	U	U	U
chr22	47736200	47736400	U	U	U	U
chr22	47736400	47736600	U	U	U	U
chr22	47738000	47738200	U	U	U	U
chr22	47740800	47741000	U	U	U	U
chr22	47741000	47741200	U	U	U	U
chr22	47741600	47741800	U	U	U	U
chr22	47748600	47748800	U	U	U	U
chr22	47758800	47759000	U	U	U	U
chr22	47762000	47762200	U	U	U	U
chr22	47763800	47764000	U	U	U	U
chr22	47765600	47765800	U	U	U	U
chr22	47765800	47766000	U	U	U	U
chr22	47766000	47766200	U	U	U	U
chr22	47779800	47780000	B	U	U	B
chr22	47780200	47780400	U	U	U	U
chr22	47780400	47780600	U	U	U	U
chr22	47782000	47782200	U	U	U	U
chr22	47782200	47782400	U	U	U	U
chr22	47783800	47784000	U	U	U	U
chr22	47784200	47784400	U	U	U	U
chr22	47784400	47784600	U	U	U	U
chr22	47785000	47785200	U	U	U	U
chr22	47785400	47785600	U	U	U	U
chr22	47785600	47785800	U	U	U	U
chr22	47786800	47787000	U	U	U	U
chr22	47787000	47787200	U	U	U	U
chr22	47793400	47793600	U	U	U	U
chr22	47797200	47797400	U	U	U	U
chr22	47802200	47802400	U	U	U	U
chr22	47803800	47804000	U	U	U	U
chr22	47806200	47806400	U	U	U	U
chr22	47806600	47806800	U	U	U	U
chr22	47808000	47808200	U	U	U	U
chr22	47808400	47808600	U	U	U	U
chr22	47809600	47809800	U	U	U	U
chr22	47811000	47811200	U	U	U	U
chr22	47812400	47812600	U	U	U	U
chr22	47813400	47813600	U	U	U	U
chr22	47814000	47814200	U	U	U	U
chr22	47815800	47816000	U	U	U	U
chr22	47817800	47818000	U	U	U	U
chr22	47818400	47818600	U	U	U	U
chr22	47818600	47818800	U	U	U	U
chr22	47820200	47820400	U	U	U	U
chr22	47831600	47831800	U	U	U	U
chr22	47839800	47840000	U	U	U	U
chr22	47840600	47840800	U	U	U	U
chr22	47842200	47842400	U	U	U	U
chr22	47843800	47844000	U	U	U	U
chr22	47844000	47844200	U	U	U	U
chr22	47847200	47847400	U	U	U	U
chr22	47847400	47847600	U	U	U	U
chr22	47847800	47848000	U	U	U	U
chr22	47848400	47848600	U	U	U	U
chr22	47851000	47851200	U	U	U	U
chr22	47862000	47862200	U	U	U	U
chr22	47864800	47865000	U	U	U	U
chr22	47873200	47873400	U	U	U	U
chr22	47884800	47885000	U	U	U	U
chr22	47887800	47888000	U	U	U	U
chr22	47888200	47888400	U	U	U	U
chr22	47888600	47888800	U	U	U	U
chr22	47890200	47890400	U	U	U	U
chr22	47890800	47891000	U	U	U	U
chr22	47891800	47892000	U	U	U	U
chr22	47904400	47904600	U	U	U	U
chr22	47909200	47909400	U	U	U	U
chr22	47919200	47919400	U	U	U	U
chr22	47919400	47919600	U	U	U	U
chr22	47919600	47919800	U	U	U	U
chr22	47920000	47920200	U	U	U	U
chr22	47920200	47920400	U	U	U	U
chr22	47923000	47923200	U	U	U	U
chr22	47924800	47925000	U	U	U	U
chr22	47925800	47926000	U	U	U	U
chr22	47927600	47927800	U	U	U	U
chr22	47927800	47928000	U	U	U	U
chr22	47928200	47928400	U	U	U	U
chr22	47930000	47930200	U	U	U	U
chr22	47940800	47941000	U	U	U	U
chr22	47941000	47941200	U	U	U	U
chr22	47941200	47941400	U	U	U	U
chr22	47941600	47941800	U	U	U	U
chr22	47944200	47944400	U	U	U	U
chr22	47964200	47964400	U	U	U	U
chr22	47965000	47965200	U	U	U	U
chr22	47968000	47968200	U	U	U	U
chr22	47968400	47968600	U	U	U	U
chr22	47968800	47969000	U	U	U	U
chr22	47990200	47990400	U	U	U	U
chr22	47996000	47996200	U	U	U	U
chr22	47997400	47997600	U	U	U	U
chr22	48005400	48005600	U	U	U	U
chr22	48016000	48016200	U	U	U	U
chr22	48019000	48019200	U	U	U	U
chr22	48028000	48028200	U	U	U	U
chr22	48039000	48039200	U	U	U	U
chr22	48044600	48044800	U	U	U	U
chr22	48046800	48047000	U	U	U	U
chr22	48052600	48052800	U	U	U	U
chr22	48052800	48053000	U	U	U	U
chr22	48053600	48053800	U	U	U	U
chr22	48056200	48056400	U	U	U	U
chr22	48060200	48060400	U	U	U	U
chr22	48060800	48061000	U	U	U	U
chr22	48061400	48061600	U	U	U	U
chr22	48063800	48064000	U	U	U	U
chr22	48064000	48064200	U	U	U	U
chr22	48066200	48066400	U	U	U	U
chr22	48067400	48067600	U	U	U	U
chr22	48067600	48067800	U	U	U	U
chr22	48067800	48068000	U	U	U	U
chr22	48068000	48068200	U	U	U	U
chr22	48078800	48079000	U	U	U	U
chr22	48087000	48087200	U	U	U	U
chr22	48089800	48090000	U	U	U	U
chr22	48091400	48091600	U	U	U	U
chr22	48091600	48091800	U	U	U	U
chr22	48092000	48092200	U	U	U	U
chr22	48096800	48097000	U	U	U	U
chr22	48097600	48097800	U	U	U	U
chr22	48099400	48099600	U	U	U	U
chr22	48101600	48101800	U	U	U	U
chr22	48101800	48102000	U	U	U	U
chr22	48106200	48106400	U	U	U	U
chr22	48107200	48107400	U	U	U	U
chr22	48115400	48115600	U	U	U	U
chr22	48117000	48117200	U	U	U	U
chr22	48117800	48118000	U	U	U	U
chr22	48118400	48118600	U	U	U	U
chr22	48118600	48118800	U	U	U	U
chr22	48119400	48119600	U	U	U	U
chr22	48129200	48129400	U	U	U	U
chr22	48132400	48132600	U	U	U	U
chr22	48142600	48142800	U	U	U	U
chr22	48143800	48144000	U	U	U	U
chr22	48144800	48145000	U	U	U	U
chr22	48145400	48145600	U	U	U	U
chr22	48147200	48147400	U	U	U	U
chr22	48151800	48152000	U	U	U	U
chr22	48154600	48154800	U	U	U	U
chr22	48155200	48155400	U	U	U	U
chr22	48156400	48156600	U	U	U	U
chr22	48157600	48157800	U	U	U	U
chr22	48157800	48158000	U	U	U	U
chr22	48162000	48162200	U	U	U	U
chr22	48168200	48168400	U	U	U	U
chr22	48173600	48173800	U	U	U	U
chr22	48174600	48174800	U	U	U	U
chr22	48175200	48175400	U	U	U	U
chr22	48177000	48177200	U	U	U	U
chr22	48178200	48178400	U	U	U	U
chr22	48181200	48181400	U	U	U	U
chr22	48186600	48186800	U	U	U	U
chr22	48187000	48187200	U	U	U	U
chr22	48194800	48195000	U	U	U	U
chr22	48205200	48205400	U	U	U	U
chr22	48205400	48205600	U	U	U	U
chr22	48227400	48227600	U	U	U	U
chr22	48228400	48228600	U	U	U	U
chr22	48235800	48236000	U	U	U	U
chr22	48237800	48238000	U	U	U	U
chr22	48239800	48240000	U	U	U	U
chr22	48241000	48241200	U	U	U	U
chr22	48241200	48241400	U	U	U	U
chr22	48244400	48244600	U	U	U	U
chr22	48249800	48250000	U	U	U	U
chr22	48256200	48256400	U	U	U	U
chr22	48257600	48257800	U	U	U	U
chr22	48257800	48258000	U	U	U	U
chr22	48259000	48259200	U	U	U	U
chr22	48263400	48263600	U	U	U	U
chr22	48265200	48265400	U	U	U	U
chr22	48268800	48269000	U	U	U	U
chr22	48276000	48276200	U	U	U	U
chr22	48276600	48276800	U	U	U	U
chr22	48277000	48277200	U	U	U	U
chr22	48277200	48277400	U	U	U	U
chr22	48277400	48277600	U	U	U	U
chr22	48279200	48279400	U	U	U	U
chr22	48299200	48299400	U	U	U	U
chr22	48300800	48301000	U	U	U	U
chr22	48301600	48301800	U	U	U	U
chr22	48303200	48303400	U	U	U	U
chr22	48304600	48304800	U	U	U	U
chr22	48305400	48305600	U	U	U	U
chr22	48307000	48307200	U	U	U	U
chr22	48307200	48307400	U	U	U	U
chr22	48315200	48315400	U	U	U	U
chr22	48315800	48316000	U	U	U	U
chr22	48316000	48316200	U	U	U	U
chr22	48319400	48319600	U	U	U	U
chr22	48319600	48319800	U	U	U	U
chr22	48319800	48320000	U	U	U	U
chr22	48321000	48321200	U	U	U	U
chr22	48326400	48326600	U	U	U	U
chr22	48328000	48328200	U	U	U	U
chr22	48330800	48331000	U	U	U	U
chr22	48332800	48333000	U	U	U	U
chr22	48333800	48334000	U	U	U	U
chr22	48336200	48336400	U	U	U	U
chr22	48338600	48338800	U	U	U	U
chr22	48340400	48340600	U	U	U	U
chr22	48342600	48342800	U	U	U	U
chr22	48343600	48343800	U	U	U	U
chr22	48344000	48344200	U	U	U	U
chr22	48345800	48346000	U	U	U	U
chr22	48353800	48354000	U	U	U	U
chr22	48359000	48359200	U	U	U	U
chr22	48359200	48359400	U	U	U	U
chr22	48362800	48363000	U	U	U	U
chr22	48364800	48365000	U	U	U	U
chr22	48370200	48370400	U	U	U	U
chr22	48371600	48371800	U	U	U	U
chr22	48372000	48372200	U	U	U	U
chr22	48372600	48372800	U	U	U	U
chr22	48373200	48373400	U	U	U	U
chr22	48374400	48374600	U	U	U	U
chr22	48379600	48379800	U	U	U	U
chr22	48380400	48380600	U	U	U	U
chr22	48392000	48392200	U	U	U	U
chr22	48395000	48395200	U	U	U	U
chr22	48396800	48397000	U	U	U	U
chr22	48402000	48402200	U	U	U	U
chr22	48415200	48415400	U	U	U	U
chr22	48415600	48415800	U	U	U	U
chr22	48418000	48418200	U	U	U	U
chr22	48418600	48418800	U	U	U	U
chr22	48419000	48419200	U	U	U	U
chr22	48424400	48424600	U	U	U	U
chr22	48425000	48425200	U	U	U	U
chr22	48425400	48425600	U	U	U	U
chr22	48425600	48425800	U	U	U	U
chr22	48431200	48431400	U	U	U	U
chr22	48432800	48433000	U	U	U	U
chr22	48434600	48434800	U	U	U	U
chr22	48436400	48436600	U	U	U	U
chr22	48436800	48437000	U	U	U	U
chr22	48439800	48440000	U	U	U	U
chr22	48440600	48440800	U	U	U	U
chr22	48444600	48444800	U	U	U	U
chr22	48445400	48445600	U	U	U	U
chr22	48446400	48446600	U	U	U	U
chr22	48446800	48447000	U	U	U	U
chr22	48447400	48447600	U	U	U	U
chr22	48449200	48449400	U	U	U	U
chr22	48452400	48452600	U	U	U	U
chr22	48478000	48478200	U	U	U	U
chr22	48479000	48479200	U	U	U	U
chr22	48487600	48487800	U	U	U	U
chr22	48488400	48488600	U	U	U	U
chr22	48489800	48490000	U	U	U	U
chr22	48491000	48491200	U	U	U	U
chr22	48491800	48492000	U	U	U	U
chr22	48492800	48493000	U	U	U	U
chr22	48493200	48493400	U	U	U	U
chr22	48494800	48495000	U	U	U	U
chr22	48495800	48496000	U	U	U	U
chr22	48496600	48496800	U	U	U	U
chr22	48497000	48497200	U	U	U	U
chr22	48498400	48498600	U	U	U	U
chr22	48498800	48499000	U	U	U	U
chr22	48499400	48499600	U	U	U	U
chr22	48500000	48500200	U	U	U	U
chr22	48500800	48501000	U	U	U	U
chr22	48501200	48501400	U	U	U	U
chr22	48502200	48502400	U	U	U	U
chr22	48503600	48503800	U	U	U	U
chr22	48504400	48504600	U	U	U	U
chr22	48504600	48504800	U	U	U	U
chr22	48505000	48505200	U	U	U	U
chr22	48506200	48506400	U	U	U	U
chr22	48510600	48510800	U	U	U	U
chr22	48511000	48511200	U	U	U	U
chr22	48513400	48513600	U	U	U	U
chr22	48514200	48514400	U	U	U	U
chr22	48519000	48519200	U	U	U	U
chr22	48520600	48520800	U	U	U	U
chr22	48521000	48521200	U	U	U	U
chr22	48527000	48527200	U	U	U	U
chr22	48527600	48527800	U	U	U	U
chr22	48528200	48528400	U	U	U	U
chr22	48530600	48530800	U	U	U	U
chr22	48532000	48532200	U	U	U	U
chr22	48535000	48535200	U	U	U	U
chr22	48539000	48539200	U	U	U	U
chr22	48540000	48540200	U	U	U	U
chr22	48544400	48544600	U	U	U	U
chr22	48544600	48544800	U	U	U	U
chr22	48546600	48546800	U	U	U	U
chr22	48549000	48549200	U	U	U	U
chr22	48550200	48550400	U	U	U	U
chr22	48550400	48550600	U	U	U	U
chr22	48552000	48552200	U	U	U	U
chr22	48552400	48552600	U	U	U	U
chr22	48552800	48553000	U	U	U	U
chr22	48553400	48553600	U	U	U	U
chr22	48556200	48556400	U	U	U	U
chr22	48557800	48558000	U	U	U	U
chr22	48562800	48563000	U	U	U	U
chr22	48564800	48565000	U	U	U	U
chr22	48565200	48565400	U	U	U	U
chr22	48567000	48567200	U	U	U	U
chr22	48569600	48569800	U	U	U	U
chr22	48570400	48570600	U	U	U	U
chr22	48575200	48575400	U	U	U	U
chr22	48575600	48575800	U	U	U	U
chr22	48577600	48577800	U	U	U	U
chr22	48577800	48578000	U	U	U	U
chr22	48578200	48578400	U	U	U	U
chr22	48578600	48578800	U	U	U	U
chr22	48579000	48579200	U	U	U	U
chr22	48579800	48580000	U	U	U	U
chr22	48581800	48582000	U	U	U	U
chr22	48588600	48588800	U	U	U	U
chr22	48589000	48589200	U	U	U	U
chr22	48590600	48590800	U	U	U	U
chr22	48591200	48591400	U	U	U	U
chr22	48591400	48591600	U	U	U	U
chr22	48592200	48592400	U	U	U	U
chr22	48592400	48592600	U	U	U	U
chr22	48592800	48593000	U	U	U	U
chr22	48593000	48593200	U	U	U	U
chr22	48599400	48599600	U	U	U	U
chr22	48600000	48600200	U	U	U	U
chr22	48602400	48602600	U	U	U	U
chr22	48603600	48603800	U	U	U	U
chr22	48604400	48604600	U	U	U	U
chr22	48606800	48607000	U	U	U	U
chr22	48611400	48611600	U	U	U	U
chr22	48612200	48612400	U	U	U	U
chr22	48613000	48613200	U	U	U	U
chr22	48613600	48613800	U	U	U	U
chr22	48615200	48615400	U	U	U	U
chr22	48615800	48616000	U	U	U	U
chr22	48616800	48617000	U	U	U	U
chr22	48620000	48620200	U	U	U	U
chr22	48621400	48621600	U	U	U	U
chr22	48621600	48621800	U	U	U	U
chr22	48627400	48627600	U	U	U	U
chr22	48628800	48629000	U	U	U	U
chr22	48629400	48629600	U	U	U	U
chr22	48631600	48631800	U	U	U	U
chr22	48632000	48632200	U	U	U	U
chr22	48635800	48636000	U	U	U	U
chr22	48637400	48637600	U	U	U	U
chr22	48639800	48640000	U	U	U	U
chr22	48642400	48642600	U	U	U	U
chr22	48643000	48643200	U	U	U	U
chr22	48644200	48644400	U	U	U	U
chr22	48644600	48644800	U	U	U	U
chr22	48646600	48646800	U	U	U	U
chr22	48649000	48649200	U	U	U	U
chr22	48649200	48649400	U	U	U	U
chr22	48651000	48651200	U	U	U	U
chr22	48651200	48651400	U	U	U	U
chr22	48652200	48652400	U	U	U	U
chr22	48652600	48652800	U	U	U	U
chr22	48655000	48655200	U	U	U	U
chr22	48669600	48669800	U	U	U	U
chr22	48670000	48670200	U	U	U	U
chr22	48673600	48673800	U	U	U	U
chr22	48674400	48674600	U	U	U	U
chr22	48680000	48680200	U	U	U	U
chr22	48682000	48682200	U	U	U	U
chr22	48682200	48682400	U	U	U	U
chr22	48684400	48684600	U	U	U	U
chr22	48689400	48689600	U	U	U	U
chr22	48689600	48689800	U	U	U	U
chr22	48692000	48692200	U	U	U	U
chr22	48692600	48692800	U	U	U	U
chr22	48699800	48700000	U	U	U	U
chr22	48701400	48701600	U	U	U	U
chr22	48701600	48701800	U	U	U	U
chr22	48706000	48706200	U	U	U	U
chr22	48706600	48706800	U	U	U	U
chr22	48707400	48707600	U	U	U	U
chr22	48711200	48711400	U	U	U	U
chr22	48717800	48718000	U	U	U	U
chr22	48719200	48719400	U	U	U	U
chr22	48720400	48720600	U	U	U	U
chr22	48720800	48721000	U	U	U	U
chr22	48723200	48723400	U	U	U	U
chr22	48737200	48737400	U	U	U	U
chr22	48739400	48739600	U	U	U	U
chr22	48740400	48740600	U	U	U	U
chr22	48744400	48744600	U	U	U	U
chr22	48747400	48747600	U	U	U	U
chr22	48748000	48748200	U	U	U	U
chr22	48748600	48748800	U	U	U	U
chr22	48752000	48752200	U	U	U	U
chr22	48752200	48752400	U	U	U	U
chr22	48752600	48752800	U	U	U	U
chr22	48754000	48754200	U	U	U	U
chr22	48755600	48755800	U	U	U	U
chr22	48758000	48758200	U	U	U	U
chr22	48760600	48760800	U	U	U	U
chr22	48760800	48761000	U	U	U	U
chr22	48762000	48762200	U	U	U	U
chr22	48772200	48772400	U	U	U	U
chr22	48780200	48780400	U	U	U	U
chr22	48780400	48780600	U	U	U	U
chr22	48780600	48780800	U	U	U	U
chr22	48783000	48783200	U	U	U	U
chr22	48786200	48786400	U	U	U	U
chr22	48797400	48797600	U	U	U	U
chr22	48800600	48800800	U	U	U	U
chr22	48800800	48801000	U	U	U	U
chr22	48803000	48803200	U	U	U	U
chr22	48803200	48803400	U	U	U	U
chr22	48803600	48803800	U	U	U	U
chr22	48804800	48805000	U	U	U	U
chr22	48806200	48806400	U	U	U	U
chr22	48808000	48808200	U	U	U	U
chr22	48808800	48809000	U	U	U	U
chr22	48813400	48813600	U	U	U	U
chr22	48816200	48816400	U	U	U	U
chr22	48817000	48817200	U	U	U	U
chr22	48821400	48821600	U	U	U	U
chr22	48821800	48822000	U	U	U	U
chr22	48824800	48825000	U	U	U	U
chr22	48825800	48826000	U	U	U	U
chr22	48827600	48827800	U	U	U	U
chr22	48836200	48836400	U	U	U	U
chr22	48836800	48837000	U	U	U	U
chr22	48838600	48838800	U	U	U	U
chr22	48839000	48839200	U	U	U	U
chr22	48844000	48844200	U	U	U	U
chr22	48845600	48845800	U	U	U	U
chr22	48849400	48849600	U	U	U	U
chr22	48851000	48851200	U	U	U	U
chr22	48852600	48852800	U	U	U	U
chr22	48856800	48857000	U	U	U	U
chr22	48857200	48857400	U	U	U	U
chr22	48865600	48865800	U	U	U	U
chr22	48867400	48867600	U	U	U	U
chr22	48869200	48869400	U	U	U	U
chr22	48870400	48870600	U	U	U	U
chr22	48870800	48871000	U	U	U	U
chr22	48871400	48871600	U	U	U	U
chr22	48871800	48872000	U	U	U	U
chr22	48883200	48883400	U	U	U	U
chr22	48884600	48884800	U	U	U	U
chr22	48889600	48889800	U	U	U	U
chr22	48890400	48890600	U	U	U	U
chr22	48890800	48891000	U	U	U	U
chr22	48891000	48891200	U	U	U	U
chr22	48891200	48891400	U	U	U	U
chr22	48891400	48891600	U	U	U	U
chr22	48892400	48892600	U	U	U	U
chr22	48894400	48894600	U	U	U	U
chr22	48895800	48896000	U	U	U	U
chr22	48897800	48898000	U	U	U	U
chr22	48898400	48898600	U	U	U	U
chr22	48920800	48921000	U	U	U	U
chr22	48921200	48921400	U	U	U	U
chr22	48936800	48937000	U	U	U	U
chr22	48940800	48941000	U	U	U	U
chr22	48941600	48941800	U	U	U	U
chr22	48942000	48942200	U	U	U	U
chr22	48942400	48942600	U	U	U	U
chr22	48942600	48942800	U	U	U	U
chr22	48948200	48948400	U	U	U	U
chr22	48952000	48952200	U	U	U	U
chr22	48953800	48954000	U	U	U	U
chr22	48955200	48955400	U	U	U	U
chr22	48958000	48958200	U	U	U	U
chr22	48961000	48961200	U	U	U	U
chr22	48973800	48974000	U	U	U	U
chr22	48974000	48974200	U	U	U	U
chr22	48975000	48975200	U	U	U	U
chr22	48981600	48981800	U	U	U	U
chr22	48982600	48982800	U	U	U	U
chr22	48994000	48994200	U	U	U	U
chr22	49004200	49004400	U	U	U	U
chr22	49010000	49010200	U	U	U	U
chr22	49011000	49011200	U	U	U	U
chr22	49011600	49011800	U	U	U	U
chr22	49013000	49013200	U	U	U	U
chr22	49015600	49015800	U	U	U	U
chr22	49016000	49016200	U	U	U	U
chr22	49017800	49018000	U	U	U	U
chr22	49024200	49024400	U	U	U	U
chr22	49025400	49025600	U	U	U	U
chr22	49026400	49026600	U	U	U	U
chr22	49027200	49027400	U	U	U	U
chr22	49032400	49032600	U	U	U	U
chr22	49035600	49035800	U	U	U	U
chr22	49035800	49036000	U	U	U	U
chr22	49040200	49040400	U	U	U	U
chr22	49044600	49044800	U	U	U	U
chr22	49045600	49045800	U	U	U	U
chr22	49046400	49046600	B	U	U	U
chr22	49048000	49048200	U	U	U	U
chr22	49051600	49051800	U	U	U	U
chr22	49052400	49052600	B	U	U	U
chr22	49058400	49058600	U	U	U	U
chr22	49059600	49059800	U	U	U	U
chr22	49062200	49062400	U	U	U	U
chr22	49070600	49070800	U	U	U	U
chr22	49076000	49076200	U	U	U	U
chr22	49076400	49076600	U	U	U	U
chr22	49076800	49077000	U	U	U	U
chr22	49080200	49080400	U	U	U	U
chr22	49080400	49080600	U	U	U	U
chr22	49080600	49080800	U	U	U	U
chr22	49080800	49081000	U	U	U	U
chr22	49081200	49081400	U	U	U	U
chr22	49083600	49083800	U	U	U	U
chr22	49084600	49084800	U	U	U	U
chr22	49087800	49088000	U	U	U	U
chr22	49088600	49088800	U	U	U	U
chr22	49089400	49089600	U	U	U	U
chr22	49093600	49093800	U	U	U	U
chr22	49101600	49101800	U	U	U	U
chr22	49105200	49105400	U	U	U	U
chr22	49106600	49106800	U	U	U	U
chr22	49108000	49108200	U	U	U	U
chr22	49108800	49109000	U	U	U	U
chr22	49109000	49109200	U	U	U	U
chr22	49109200	49109400	U	U	U	U
chr22	49109800	49110000	U	U	U	U
chr22	49115600	49115800	U	U	U	U
chr22	49118400	49118600	U	U	U	U
chr22	49119600	49119800	U	U	U	U
chr22	49122600	49122800	U	U	U	U
chr22	49123000	49123200	U	U	U	U
chr22	49139000	49139200	U	U	U	U
chr22	49139600	49139800	U	U	U	U
chr22	49139800	49140000	U	U	U	U
chr22	49140600	49140800	U	U	U	U
chr22	49141800	49142000	U	U	U	U
chr22	49142000	49142200	U	U	U	U
chr22	49146600	49146800	U	U	U	U
chr22	49147200	49147400	U	U	U	U
chr22	49150800	49151000	U	U	U	U
chr22	49153000	49153200	U	U	U	U
chr22	49154600	49154800	U	U	U	U
chr22	49156200	49156400	U	U	U	U
chr22	49159600	49159800	U	U	U	U
chr22	49163600	49163800	U	U	U	U
chr22	49166400	49166600	U	U	U	U
chr22	49166800	49167000	U	U	U	U
chr22	49169200	49169400	U	U	U	U
chr22	49169400	49169600	U	U	U	U
chr22	49176800	49177000	U	U	U	U
chr22	49177400	49177600	U	U	U	U
chr22	49179400	49179600	U	U	U	U
chr22	49179600	49179800	U	U	U	U
chr22	49180200	49180400	U	U	U	U
chr22	49182200	49182400	U	U	U	U
chr22	49183200	49183400	U	U	U	U
chr22	49183800	49184000	U	U	U	U
chr22	49184000	49184200	U	U	U	U
chr22	49191200	49191400	U	U	U	U
chr22	49192800	49193000	U	U	U	U
chr22	49195600	49195800	U	U	U	U
chr22	49195800	49196000	U	U	U	U
chr22	49198200	49198400	U	U	U	U
chr22	49198800	49199000	U	U	U	U
chr22	49199000	49199200	U	U	U	U
chr22	49199600	49199800	U	U	U	U
chr22	49200800	49201000	U	U	U	U
chr22	49201000	49201200	U	U	U	U
chr22	49201200	49201400	U	U	U	U
chr22	49203000	49203200	U	U	U	U
chr22	49203600	49203800	U	U	U	U
chr22	49208200	49208400	U	U	U	U
chr22	49210000	49210200	U	U	U	U
chr22	49211600	49211800	U	U	U	U
chr22	49216000	49216200	U	U	U	U
chr22	49231200	49231400	U	U	U	U
chr22	49232200	49232400	U	U	U	U
chr22	49233800	49234000	U	U	U	U
chr22	49235400	49235600	U	U	U	U
chr22	49235800	49236000	U	U	U	U
chr22	49238000	49238200	U	U	U	U
chr22	49239000	49239200	U	U	U	U
chr22	49242600	49242800	U	U	U	U
chr22	49247200	49247400	U	U	U	U
chr22	49247400	49247600	U	U	U	U
chr22	49252200	49252400	U	U	U	U
chr22	49252600	49252800	U	U	U	U
chr22	49258000	49258200	U	U	U	U
chr22	49262000	49262200	U	U	U	U
chr22	49262200	49262400	U	U	U	U
chr22	49262400	49262600	U	U	U	U
chr22	49268400	49268600	U	U	U	U
chr22	49269800	49270000	U	U	U	U
chr22	49270200	49270400	U	U	U	U
chr22	49277000	49277200	U	U	U	U
chr22	49278600	49278800	U	U	U	U
chr22	49278800	49279000	U	U	U	U
chr22	49283000	49283200	U	U	U	U
chr22	49287800	49288000	U	U	U	U
chr22	49292600	49292800	U	U	U	U
chr22	49296800	49297000	U	U	U	U
chr22	49307200	49307400	U	U	U	U
chr22	49310600	49310800	U	U	U	U
chr22	49312400	49312600	U	U	U	U
chr22	49312800	49313000	U	U	U	U
chr22	49322000	49322200	U	U	U	U
chr22	49323000	49323200	U	U	U	U
chr22	49324200	49324400	U	U	U	U
chr22	49325000	49325200	U	U	U	U
chr22	49331000	49331200	U	U	U	U
chr22	49332600	49332800	U	U	U	U
chr22	49333200	49333400	U	U	U	U
chr22	49334200	49334400	U	U	U	U
chr22	49334600	49334800	U	U	U	U
chr22	49334800	49335000	U	U	U	U
chr22	49345000	49345200	U	U	U	U
chr22	49346200	49346400	U	U	U	U
chr22	49354400	49354600	U	U	U	U
chr22	49358000	49358200	U	U	U	U
chr22	49359200	49359400	U	U	U	U
chr22	49363800	49364000	U	U	U	U
chr22	49367200	49367400	U	U	B	U
chr22	49369400	49369600	B	U	U	U
chr22	49370800	49371000	U	U	U	U
chr22	49373600	49373800	U	U	U	U
chr22	49378600	49378800	U	U	U	U
chr22	49379600	49379800	U	U	U	U
chr22	49380000	49380200	U	U	U	U
chr22	49381000	49381200	U	U	U	U
chr22	49392400	49392600	U	U	U	U
chr22	49396600	49396800	U	U	U	U
chr22	49396800	49397000	U	U	U	U
chr22	49400400	49400600	U	U	U	U
chr22	49401000	49401200	U	U	U	U
chr22	49405000	49405200	U	U	U	U
chr22	49405400	49405600	U	U	U	U
chr22	49411000	49411200	U	U	U	U
chr22	49413200	49413400	U	U	U	U
chr22	49413400	49413600	U	U	U	U
chr22	49415200	49415400	U	U	U	U
chr22	49415400	49415600	U	U	U	U
chr22	49437200	49437400	U	U	U	U
chr22	49437400	49437600	U	U	U	U
chr22	49438200	49438400	U	U	U	U
chr22	49448200	49448400	U	U	U	U
chr22	49448400	49448600	U	U	U	U
chr22	49448600	49448800	U	U	U	U
chr22	49455200	49455400	U	U	U	U
chr22	49458000	49458200	U	U	U	U
chr22	49459400	49459600	U	U	U	U
chr22	49460600	49460800	U	U	U	U
chr22	49460800	49461000	U	U	U	U
chr22	49465600	49465800	U	U	U	U
chr22	49466400	49466600	U	U	U	U
chr22	49467000	49467200	U	U	U	U
chr22	49467800	49468000	U	U	U	U
chr22	49468400	49468600	U	U	U	U
chr22	49470400	49470600	U	U	U	U
chr22	49471400	49471600	U	U	U	U
chr22	49483000	49483200	U	U	U	U
chr22	49483800	49484000	U	U	U	U
chr22	49490200	49490400	U	U	U	U
chr22	49492400	49492600	U	U	U	U
chr22	49492800	49493000	U	U	U	U
chr22	49494600	49494800	U	U	U	U
chr22	49498800	49499000	U	U	U	U
chr22	49499600	49499800	U	U	U	U
chr22	49501800	49502000	U	U	U	U
chr22	49502600	49502800	U	U	U	U
chr22	49503200	49503400	U	U	U	U
chr22	49504000	49504200	U	U	U	U
chr22	49507600	49507800	U	U	U	U
chr22	49507800	49508000	U	U	U	U
chr22	49510000	49510200	U	U	U	U
chr22	49515400	49515600	U	U	U	U
chr22	49515600	49515800	U	U	U	U
chr22	49515800	49516000	U	U	U	U
chr22	49518000	49518200	U	U	U	U
chr22	49518200	49518400	U	U	U	U
chr22	49522400	49522600	U	U	U	U
chr22	49524200	49524400	U	U	U	U
chr22	49528200	49528400	U	U	U	U
chr22	49532600	49532800	U	U	U	U
chr22	49534800	49535000	U	U	U	U
chr22	49536200	49536400	U	U	U	U
chr22	49538800	49539000	U	U	U	U
chr22	49540000	49540200	U	U	U	U
chr22	49541200	49541400	U	U	U	U
chr22	49549600	49549800	U	U	U	U
chr22	49551400	49551600	U	U	U	U
chr22	49554200	49554400	U	U	U	U
chr22	49560200	49560400	U	U	U	U
chr22	49565000	49565200	U	U	U	U
chr22	49565200	49565400	U	U	U	U
chr22	49568200	49568400	U	U	U	U
chr22	49569000	49569200	U	U	U	U
chr22	49570400	49570600	U	U	U	U
chr22	49571800	49572000	U	U	U	U
chr22	49574800	49575000	U	U	U	U
chr22	49575000	49575200	U	U	U	U
chr22	49576800	49577000	U	U	U	U
chr22	49584200	49584400	U	U	U	U
chr22	49584800	49585000	U	U	U	U
chr22	49587000	49587200	U	U	U	U
chr22	49588800	49589000	U	U	U	U
chr22	49593200	49593400	U	U	U	U
chr22	49594000	49594200	U	U	U	U
chr22	49598200	49598400	U	U	U	U
chr22	49598600	49598800	U	U	U	U
chr22	49608600	49608800	U	U	U	U
chr22	49609200	49609400	U	U	U	U
chr22	49609600	49609800	U	U	U	U
chr22	49609800	49610000	U	U	U	U
chr22	49615000	49615200	U	U	U	U
chr22	49617600	49617800	U	U	U	U
chr22	49621200	49621400	U	U	U	U
chr22	49623000	49623200	U	U	U	U
chr22	49624600	49624800	U	U	U	U
chr22	49627400	49627600	U	U	U	U
chr22	49628400	49628600	U	U	U	U
chr22	49628800	49629000	U	U	U	U
chr22	49630400	49630600	U	U	U	U
chr22	49630800	49631000	U	U	U	U
chr22	49631200	49631400	U	U	U	U
chr22	49633000	49633200	U	U	U	U
chr22	49637000	49637200	U	U	U	U
chr22	49642200	49642400	U	U	U	U
chr22	49643200	49643400	U	U	U	U
chr22	49644200	49644400	U	U	U	U
chr22	49646000	49646200	U	U	U	U
chr22	49649800	49650000	U	U	U	U
chr22	49650000	49650200	U	U	U	U
chr22	49650600	49650800	U	U	U	U
chr22	49656400	49656600	U	U	U	U
chr22	49656600	49656800	B	U	U	U
chr22	49657800	49658000	B	U	U	U
chr22	49659600	49659800	U	U	U	U
chr22	49660000	49660200	U	U	U	U
chr22	49661200	49661400	U	U	U	U
chr22	49663800	49664000	U	U	U	U
chr22	49671000	49671200	U	U	U	U
chr22	49671800	49672000	U	U	U	U
chr22	49674600	49674800	U	U	U	U
chr22	49678200	49678400	U	U	U	U
chr22	49685200	49685400	U	U	U	U
chr22	49686600	49686800	U	U	U	U
chr22	49688000	49688200	U	U	U	U
chr22	49689000	49689200	U	U	U	U
chr22	49689800	49690000	U	U	U	U
chr22	49694800	49695000	U	U	U	U
chr22	49701200	49701400	U	U	U	U
chr22	49701400	49701600	U	U	U	U
chr22	49702200	49702400	U	U	U	U
chr22	49703600	49703800	U	U	U	U
chr22	49705000	49705200	B	U	U	U
chr22	49705400	49705600	U	U	U	U
chr22	49707400	49707600	U	U	U	U
chr22	49712400	49712600	U	U	B	U
chr22	49715600	49715800	U	U	U	U
chr22	49716200	49716400	U	U	U	U
chr22	49719000	49719200	U	U	U	U
chr22	49719200	49719400	U	U	U	U
chr22	49719400	49719600	U	U	U	U
chr22	49720000	49720200	U	U	U	U
chr22	49735200	49735400	B	U	B	U
chr22	49736000	49736200	U	U	U	U
chr22	49749400	49749600	U	U	U	U
chr22	49750800	49751000	U	U	U	U
chr22	49753800	49754000	U	U	U	U
chr22	49765400	49765600	U	U	U	U
chr22	49768400	49768600	U	U	U	U
chr22	49768800	49769000	U	U	U	U
chr22	49771800	49772000	U	U	U	U
chr22	49772600	49772800	U	U	U	U
chr22	49773800	49774000	U	U	U	U
chr22	49774200	49774400	U	U	U	U
chr22	49776800	49777000	U	U	U	U
chr22	49777800	49778000	U	U	U	U
chr22	49779600	49779800	U	U	U	U
chr22	49784400	49784600	U	U	U	U
chr22	49790400	49790600	U	U	U	U
chr22	49790600	49790800	U	U	U	U
chr22	49791800	49792000	U	U	U	U
chr22	49793000	49793200	U	U	U	U
chr22	49793600	49793800	U	U	U	U
chr22	49795400	49795600	U	U	U	U
chr22	49795800	49796000	U	U	U	U
chr22	49797000	49797200	U	U	U	U
chr22	49798600	49798800	U	U	U	U
chr22	49799600	49799800	U	U	U	U
chr22	49799800	49800000	U	U	U	U
chr22	49800200	49800400	U	U	U	U
chr22	49801200	49801400	U	U	U	U
chr22	49801800	49802000	U	U	U	U
chr22	49814800	49815000	U	U	U	U
chr22	49816800	49817000	U	U	U	U
chr22	49823200	49823400	U	U	U	U
chr22	49824200	49824400	U	U	U	U
chr22	49825800	49826000	B	U	U	U
chr22	49826400	49826600	B	U	U	U
chr22	49826800	49827000	B	U	U	U
chr22	49829400	49829600	U	U	U	U
chr22	49845800	49846000	U	U	U	U
chr22	49850000	49850200	U	U	U	U
chr22	49851000	49851200	U	U	U	U
chr22	49854400	49854600	U	U	U	U
chr22	49855800	49856000	U	U	U	U
chr22	49857000	49857200	U	U	U	U
chr22	49858800	49859000	U	U	U	U
chr22	49884200	49884400	U	U	U	U
chr22	49885400	49885600	U	U	U	U
chr22	49887400	49887600	U	U	U	U
chr22	49888800	49889000	U	U	U	U
chr22	49895800	49896000	U	U	U	U
chr22	49906600	49906800	U	U	U	U
chr22	49909200	49909400	U	U	U	U
chr22	49910000	49910200	U	U	U	U
chr22	49910800	49911000	U	U	U	U
chr22	49911200	49911400	U	U	U	U
chr22	49913600	49913800	U	U	U	U
chr22	49919200	49919400	U	U	U	U
chr22	49921600	49921800	U	U	U	U
chr22	49922000	49922200	U	U	U	U
chr22	49922400	49922600	U	U	U	U
chr22	49923800	49924000	U	U	U	U
chr22	49928400	49928600	U	U	U	U
chr22	49930400	49930600	U	U	U	U
chr22	49930600	49930800	B	U	U	U
chr22	49934000	49934200	U	U	U	U
chr22	49934400	49934600	B	U	U	U
chr22	49937200	49937400	U	U	U	U
chr22	49937800	49938000	U	U	U	U
chr22	49941400	49941600	U	U	U	U
chr22	49944400	49944600	U	U	U	U
chr22	49947000	49947200	U	U	U	U
chr22	49947200	49947400	U	U	U	U
chr22	49947600	49947800	U	U	U	U
chr22	49948000	49948200	U	U	U	U
chr22	49948400	49948600	U	U	U	U
chr22	49951400	49951600	U	U	U	U
chr22	49953000	49953200	U	U	U	U
chr22	49954400	49954600	U	U	U	U
chr22	49956200	49956400	U	U	U	U
chr22	49956400	49956600	U	U	U	U
chr22	49956600	49956800	U	U	U	U
chr22	49956800	49957000	U	U	U	U
chr22	49957000	49957200	U	U	U	U
chr22	49958800	49959000	U	U	U	U
chr22	49959000	49959200	U	U	U	U
chr22	49959600	49959800	U	U	U	U
chr22	49960600	49960800	B	U	U	U
chr22	49962000	49962200	B	U	U	U
chr22	49962600	49962800	B	U	U	U
chr22	49963000	49963200	U	U	U	U
chr22	49963800	49964000	U	U	U	U
chr22	49964600	49964800	U	U	U	U
chr22	49965200	49965400	U	U	U	U
chr22	49965600	49965800	U	U	U	U
chr22	49966400	49966600	U	U	U	U
chr22	49969800	49970000	U	U	U	U
chr22	49971000	49971200	B	U	B	B
chr22	49993200	49993400	B	U	U	U
chr22	49994600	49994800	U	U	U	U
chr22	49995000	49995200	U	U	U	U
chr22	49995400	49995600	U	U	U	U
chr22	49997200	49997400	U	U	U	U
chr22	50001000	50001200	U	U	U	U
chr22	50001200	50001400	U	U	U	U
chr22	50008400	50008600	U	U	U	U
chr22	50008600	50008800	U	U	U	U
chr22	50011000	50011200	U	U	U	U
chr22	50013000	50013200	B	U	U	U
chr22	50013200	50013400	U	U	U	U
chr22	50015600	50015800	U	U	U	U
chr22	50016000	50016200	U	U	U	U
chr22	50030600	50030800	B	U	B	U
chr22	50031200	50031400	U	U	U	U
chr22	50031400	50031600	U	U	U	U
chr22	50031600	50031800	U	U	U	U
chr22	50032600	50032800	U	U	U	U
chr22	50034200	50034400	U	U	U	U
chr22	50034800	50035000	U	U	U	U
chr22	50041600	50041800	U	U	U	U
chr22	50047000	50047200	U	U	U	U
chr22	50047400	50047600	U	U	U	U
chr22	50049800	50050000	U	U	U	U
chr22	50058400	50058600	U	U	U	U
chr22	50061800	50062000	U	U	U	U
chr22	50062400	50062600	U	U	U	U
chr22	50071800	50072000	U	U	U	U
chr22	50072600	50072800	U	U	U	U
chr22	50072800	50073000	U	U	U	U
chr22	50074200	50074400	U	U	U	U
chr22	50077200	50077400	U	U	U	U
chr22	50079600	50079800	U	U	U	U
chr22	50083000	50083200	U	U	U	U
chr22	50083200	50083400	U	U	U	U
chr22	50090200	50090400	U	U	U	U
chr22	50091000	50091200	U	U	U	U
chr22	50101000	50101200	U	U	U	U
chr22	50102000	50102200	U	U	U	U
chr22	50108000	50108200	U	U	U	U
chr22	50108200	50108400	U	U	U	U
chr22	50108400	50108600	U	U	U	U
chr22	50112400	50112600	U	U	U	U
chr22	50113000	50113200	U	U	U	U
chr22	50113200	50113400	U	U	U	U
chr22	50113600	50113800	U	U	U	U
chr22	50117600	50117800	B	U	U	U
chr22	50120200	50120400	U	U	U	U
chr22	50120400	50120600	U	U	U	U
chr22	50134000	50134200	U	U	U	U
chr22	50136200	50136400	U	U	U	U
chr22	50143000	50143200	U	U	U	U
chr22	50149000	50149200	B	U	B	U
chr22	50151000	50151200	U	U	U	U
chr22	50153000	50153200	U	U	U	U
chr22	50153600	50153800	U	U	U	U
chr22	50158600	50158800	U	U	U	U
chr22	50159000	50159200	U	U	U	U
chr22	50160000	50160200	U	U	U	U
chr22	50161800	50162000	U	U	U	U
chr22	50162000	50162200	U	U	U	U
chr22	50163000	50163200	U	U	U	U
chr22	50169200	50169400	U	U	U	U
chr22	50170200	50170400	U	U	U	U
chr22	50171800	50172000	U	U	U	U
chr22	50173400	50173600	U	U	U	U
chr22	50175000	50175200	U	U	U	U
chr22	50175400	50175600	U	U	U	U
chr22	50175600	50175800	U	U	U	U
chr22	50176200	50176400	U	U	U	U
chr22	50178400	50178600	U	U	U	U
chr22	50179000	50179200	U	U	U	U
chr22	50180400	50180600	U	U	U	U
chr22	50184000	50184200	U	U	U	U
chr22	50184200	50184400	U	U	U	U
chr22	50184600	50184800	U	U	U	U
chr22	50185200	50185400	U	U	U	U
chr22	50186600	50186800	U	U	U	U
chr22	50187400	50187600	U	U	U	U
chr22	50191200	50191400	U	U	U	U
chr22	50192200	50192400	U	U	U	U
chr22	50194200	50194400	U	U	U	U
chr22	50194600	50194800	U	U	U	U
chr22	50197200	50197400	U	U	U	U
chr22	50198000	50198200	U	U	U	U
chr22	50206200	50206400	U	U	U	U
chr22	50207800	50208000	U	U	U	U
chr22	50208600	50208800	U	U	U	U
chr22	50209200	50209400	U	U	U	U
chr22	50210600	50210800	U	U	U	U
chr22	50216200	50216400	U	U	U	U
chr22	50216600	50216800	U	U	U	U
chr22	50218400	50218600	U	U	U	U
chr22	50218600	50218800	U	U	U	U
chr22	50222400	50222600	U	U	U	U
chr22	50222600	50222800	U	U	U	U
chr22	50222800	50223000	U	U	U	U
chr22	50224400	50224600	U	U	U	U
chr22	50226200	50226400	U	U	U	U
chr22	50227000	50227200	U	U	U	U
chr22	50227400	50227600	U	U	U	U
chr22	50228400	50228600	U	U	U	U
chr22	50228600	50228800	U	U	U	U
chr22	50238800	50239000	U	U	U	U
chr22	50239600	50239800	U	U	U	U
chr22	50240000	50240200	U	U	U	U
chr22	50244800	50245000	B	U	U	U
chr22	50245000	50245200	B	U	U	U
chr22	50246000	50246200	U	U	U	U
chr22	50246800	50247000	U	U	U	U
chr22	50247600	50247800	U	U	U	U
chr22	50248000	50248200	B	U	U	U
chr22	50248800	50249000	U	U	U	U
chr22	50250000	50250200	U	U	U	U
chr22	50251400	50251600	B	U	U	U
chr22	50253400	50253600	U	U	U	U
chr22	50253600	50253800	U	U	U	U
chr22	50253800	50254000	U	U	U	U
chr22	50255400	50255600	U	U	U	U
chr22	50256600	50256800	U	U	U	U
chr22	50258800	50259000	U	U	U	U
chr22	50260600	50260800	B	U	U	U
chr22	50261400	50261600	B	U	U	U
chr22	50262200	50262400	B	U	U	U
chr22	50262600	50262800	B	U	U	U
chr22	50263800	50264000	U	U	U	U
chr22	50264000	50264200	U	U	U	U
chr22	50267000	50267200	U	U	U	U
chr22	50267200	50267400	U	U	U	U
chr22	50269000	50269200	U	U	U	U
chr22	50269200	50269400	U	U	U	U
chr22	50269600	50269800	U	U	U	U
chr22	50272400	50272600	U	U	U	U
chr22	50275000	50275200	U	U	U	U
chr22	50276600	50276800	U	U	U	U
chr22	50277600	50277800	U	U	U	U
chr22	50278800	50279000	U	U	U	U
chr22	50279200	50279400	U	U	U	U
chr22	50279800	50280000	U	U	U	U
chr22	50280000	50280200	U	U	U	U
chr22	50280200	50280400	U	U	U	U
chr22	50281400	50281600	U	U	U	U
chr22	50282400	50282600	U	U	U	U
chr22	50283600	50283800	U	U	U	U
chr22	50287000	50287200	U	U	U	U
chr22	50288000	50288200	U	U	U	U
chr22	50288600	50288800	U	U	U	U
chr22	50294200	50294400	U	U	U	U
chr22	50294600	50294800	U	U	U	U
chr22	50294800	50295000	U	U	U	U
chr22	50297400	50297600	U	U	U	U
chr22	50300800	50301000	U	U	U	U
chr22	50302400	50302600	U	U	U	U
chr22	50306000	50306200	U	U	U	U
chr22	50309400	50309600	U	U	U	U
chr22	50309600	50309800	U	U	U	U
chr22	50313200	50313400	U	U	U	U
chr22	50313800	50314000	U	U	U	U
chr22	50315000	50315200	B	U	U	U
chr22	50315400	50315600	U	U	U	U
chr22	50315800	50316000	U	U	U	U
chr22	50316600	50316800	U	U	U	U
chr22	50317200	50317400	U	U	U	U
chr22	50318400	50318600	U	U	U	U
chr22	50327400	50327600	B	U	B	U
chr22	50343000	50343200	B	U	U	U
chr22	50364400	50364600	U	U	U	U
chr22	50364800	50365000	U	U	U	U
chr22	50389000	50389200	U	U	U	U
chr22	50392000	50392200	U	U	U	U
chr22	50392600	50392800	U	U	U	U
chr22	50395000	50395200	U	U	U	U
chr22	50414600	50414800	U	U	U	U
chr22	50420400	50420600	U	U	U	U
chr22	50422200	50422400	U	U	U	U
chr22	50422400	50422600	U	U	U	U
chr22	50422600	50422800	U	U	U	U
chr22	50422800	50423000	U	U	U	U
chr22	50423400	50423600	U	U	U	U
chr22	50430000	50430200	U	U	U	U
chr22	50435800	50436000	U	U	U	U
chr22	50436200	50436400	U	U	U	U
chr22	50440000	50440200	U	U	U	U
chr22	50441200	50441400	U	U	U	U
chr22	50441600	50441800	U	U	U	U
chr22	50446000	50446200	U	U	U	U
chr22	50446400	50446600	U	U	U	U
chr22	50446600	50446800	U	U	U	U
chr22	50447400	50447600	U	U	U	U
chr22	50455200	50455400	U	U	U	U
chr22	50455800	50456000	U	U	U	U
chr22	50457400	50457600	U	U	U	U
chr22	50460800	50461000	U	U	U	U
chr22	50463400	50463600	U	U	U	U
chr22	50464000	50464200	U	U	U	U
chr22	50465400	50465600	U	U	U	U
chr22	50465600	50465800	U	U	U	U
chr22	50467000	50467200	U	U	U	U
chr22	50467200	50467400	U	U	U	U
chr22	50467400	50467600	U	U	U	U
chr22	50467800	50468000	U	U	U	U
chr22	50469000	50469200	U	U	U	U
chr22	50469200	50469400	U	U	U	U
chr22	50469600	50469800	U	U	U	U
chr22	50470000	50470200	B	U	U	U
chr22	50470800	50471000	U	U	U	U
chr22	50471800	50472000	U	U	U	U
chr22	50473000	50473200	U	U	U	U
chr22	50474200	50474400	B	U	U	U
chr22	50475200	50475400	B	U	U	U
chr22	50478800	50479000	U	U	U	U
chr22	50483800	50484000	U	U	U	U
chr22	50486600	50486800	U	U	U	U
chr22	50488000	50488200	U	U	U	U
chr22	50490000	50490200	U	U	U	U
chr22	50502600	50502800	U	U	U	U
chr22	50503000	50503200	U	U	U	U
chr22	50507200	50507400	B	U	U	U
chr22	50508200	50508400	B	U	U	U
chr22	50517200	50517400	U	U	U	U
chr22	50517800	50518000	U	U	U	U
chr22	50518400	50518600	U	U	U	U
chr22	50519000	50519200	U	U	U	U
chr22	50519600	50519800	U	U	U	U
chr22	50523600	50523800	U	U	U	U
chr22	50524000	50524200	U	U	U	U
chr22	50525000	50525200	B	U	U	U
chr22	50525200	50525400	B	U	U	B
chr22	50526800	50527000	B	U	U	U
chr22	50527400	50527600	U	U	U	U
chr22	50529800	50530000	U	U	U	U
chr22	50531800	50532000	U	U	U	U
chr22	50532800	50533000	U	U	U	U
chr22	50544400	50544600	U	U	U	U
chr22	50544800	50545000	U	U	U	U
chr22	50545200	50545400	U	U	U	U
chr22	50547200	50547400	B	U	B	U
chr22	50549400	50549600	U	U	U	U
chr22	50549800	50550000	U	U	U	U
chr22	50550400	50550600	U	U	U	U
chr22	50561200	50561400	U	U	U	U
chr22	50569000	50569200	U	U	U	U
chr22	50569800	50570000	U	U	U	U
chr22	50570000	50570200	U	U	U	U
chr22	50571000	50571200	U	U	U	U
chr22	50572000	50572200	U	U	U	U
chr22	50575800	50576000	B	U	U	U
chr22	50578000	50578200	U	U	U	U
chr22	50579600	50579800	U	U	U	U
chr22	50580000	50580200	U	U	U	U
chr22	50581800	50582000	U	U	U	U
chr22	50588200	50588400	U	U	U	U
chr22	50597000	50597200	U	U	U	U
chr22	50602000	50602200	U	U	U	U
chr22	50603000	50603200	U	U	U	U
chr22	50603600	50603800	U	U	U	U
chr22	50603800	50604000	U	U	U	U
chr22	50605200	50605400	U	U	U	U
chr22	50605600	50605800	U	U	U	U
chr22	50606800	50607000	U	U	U	U
chr22	50607600	50607800	U	U	U	U
chr22	50609600	50609800	U	U	U	U
chr22	50610200	50610400	U	U	U	U
chr22	50612400	50612600	B	U	U	U
chr22	50620800	50621000	B	U	U	U
chr22	50625600	50625800	U	U	U	U
chr22	50628400	50628600	B	U	U	U
chr22	50641400	50641600	U	U	U	U
chr22	50642200	50642400	B	U	U	U
chr22	50656000	50656200	U	U	U	U
chr22	50656200	50656400	U	U	U	U
chr22	50672200	50672400	U	U	U	U
chr22	50676000	50676200	U	U	U	U
chr22	50677600	50677800	U	U	U	U
chr22	50685000	50685200	U	U	U	U
chr22	50688600	50688800	U	U	U	U
chr22	50694800	50695000	U	U	U	U
chr22	50696400	50696600	U	U	U	U
chr22	50697200	50697400	U	U	U	U
chr22	50698200	50698400	U	U	U	U
chr22	50698600	50698800	U	U	U	U
chr22	50701400	50701600	U	U	U	U
chr22	50703400	50703600	U	U	U	U
chr22	50704800	50705000	U	U	U	U
chr22	50705600	50705800	B	U	U	U
chr22	50707400	50707600	U	U	U	U
chr22	50709400	50709600	U	U	U	U
chr22	50710000	50710200	U	U	U	U
chr22	50712400	50712600	U	U	U	U
chr22	50712600	50712800	U	U	U	U
chr22	50714200	50714400	U	U	U	U
chr22	50715400	50715600	U	U	U	U
chr22	50717600	50717800	U	U	U	U
chr22	50720000	50720200	U	U	U	U
chr22	50721200	50721400	U	U	U	U
chr22	50721800	50722000	U	U	U	U
chr22	50722800	50723000	U	U	U	U
chr22	50723400	50723600	U	U	U	U
chr22	50725200	50725400	U	U	U	U
chr22	50726000	50726200	U	U	U	U
chr22	50726400	50726600	U	U	U	U
chr22	50726600	50726800	U	U	U	U
chr22	50728000	50728200	U	U	U	U
chr22	50729600	50729800	U	U	U	U
chr22	50730200	50730400	U	U	U	U
chr22	50730400	50730600	U	U	U	U
chr22	50730600	50730800	U	U	U	U
chr22	50732000	50732200	B	U	U	U
chr22	50734400	50734600	U	U	U	U
chr22	50744600	50744800	U	U	U	U
chr22	50745600	50745800	U	U	U	U
chr22	50745800	50746000	U	U	U	U
chr22	50749200	50749400	U	U	U	U
chr22	50770000	50770200	U	U	U	U
chr22	50773000	50773200	U	U	U	U
chr22	50775800	50776000	U	U	U	U
chr22	50786400	50786600	U	U	U	U
chr22	50789200	50789400	U	U	U	U
chr22	50789800	50790000	U	U	U	U
chr22	50791400	50791600	U	U	U	U
chr22	50792800	50793000	U	U	U	U
