chr	start	end	ATAC	CTCF	REST	EP300
chr22	12602000	12602200	B	B	U	U
chr22	16391600	16391800	B	B	U	U
chr22	16784000	16784200	B	B	B	B
chr22	17540600	17540800	B	B	B	U
chr22	17638200	17638400	B	B	U	U
chr22	17638400	17638600	B	B	U	B
chr22	17754400	17754600	U	B	U	U
chr22	17785400	17785600	B	B	B	U
chr22	17788600	17788800	B	B	U	U
chr22	17896600	17896800	B	B	U	U
chr22	17910400	17910600	B	B	U	U
chr22	18071000	18071200	U	B	U	U
chr22	18077800	18078000	B	B	U	B
chr22	18078600	18078800	B	B	U	U
chr22	18157400	18157600	B	B	B	U
chr22	18954400	18954600	B	B	U	U
chr22	18987800	18988000	B	B	B	U
chr22	18999000	18999200	B	B	U	U
chr22	19036200	19036400	B	B	U	U
chr22	19144800	19145000	B	B	U	B
chr22	19177800	19178000	U	B	U	U
chr22	19397800	19398000	B	B	U	B
chr22	19406400	19406600	B	B	U	B
chr22	19448200	19448400	B	B	U	U
chr22	19473400	19473600	B	B	U	U
chr22	19479600	19479800	B	B	U	B
chr22	19576600	19576800	B	B	U	U
chr22	19578000	19578200	U	B	U	B
chr22	19579000	19579200	U	B	U	U
chr22	19579400	19579600	U	B	U	U
chr22	19629800	19630000	B	B	B	B
chr22	19695800	19696000	B	B	U	U
chr22	19767000	19767200	B	B	U	B
chr22	19798800	19799000	B	B	U	U
chr22	19801200	19801400	B	B	B	U
chr22	19806400	19806600	B	B	B	B
chr22	19854200	19854400	B	B	U	U
chr22	19854800	19855000	B	B	U	B
chr22	19869600	19869800	U	B	B	U
chr22	19876000	19876200	U	B	U	U
chr22	19889000	19889200	U	B	U	U
chr22	19891800	19892000	B	B	B	B
chr22	19970400	19970600	B	B	B	B
chr22	20009600	20009800	B	B	U	B
chr22	20013400	20013600	B	B	U	U
chr22	20025400	20025600	B	B	U	B
chr22	20038400	20038600	U	B	U	U
chr22	20061200	20061400	U	B	U	U
chr22	20080000	20080200	B	B	U	B
chr22	20129200	20129400	B	B	B	B
chr22	20134000	20134200	U	B	U	U
chr22	20154200	20154400	B	B	B	U
chr22	20193600	20193800	B	B	U	U
chr22	20268400	20268600	B	B	B	B
chr22	20431000	20431200	U	B	U	U
chr22	20456400	20456600	B	B	B	B
chr22	20565400	20565600	U	B	U	U
chr22	20571600	20571800	B	B	B	B
chr22	20577600	20577800	B	B	B	U
chr22	20583800	20584000	B	B	B	U
chr22	20611200	20611400	U	B	U	U
chr22	20751400	20751600	B	B	U	U
chr22	20758800	20759000	B	B	U	U
chr22	20857400	20857600	B	B	U	B
chr22	20885600	20885800	B	B	B	U
chr22	20885800	20886000	B	B	B	U
chr22	20946800	20947000	U	B	U	U
chr22	20961800	20962000	B	B	B	B
chr22	20967600	20967800	B	B	U	U
chr22	21002000	21002200	B	B	U	U
chr22	21023000	21023200	B	B	U	U
chr22	21023200	21023400	B	B	U	U
chr22	21072800	21073000	U	B	U	U
chr22	21101200	21101400	U	B	U	U
chr22	21102800	21103000	B	B	U	B
chr22	21568800	21569000	B	B	U	U
chr22	21622000	21622200	U	B	U	U
chr22	21624200	21624400	B	B	U	B
chr22	21628200	21628400	U	B	U	U
chr22	21632800	21633000	B	B	U	B
chr22	21642000	21642200	B	B	U	B
chr22	21651600	21651800	B	B	U	U
chr22	21652200	21652400	B	B	U	B
chr22	21673600	21673800	B	B	U	U
chr22	21772600	21772800	U	B	U	U
chr22	21772800	21773000	U	B	U	U
chr22	21908200	21908400	U	B	U	U
chr22	21917600	21917800	B	B	U	U
chr22	21939600	21939800	U	B	U	U
chr22	21959800	21960000	B	B	U	U
chr22	22165000	22165200	B	B	U	U
chr22	22181800	22182000	B	B	U	U
chr22	22195600	22195800	B	B	B	B
chr22	22201000	22201200	B	B	U	U
chr22	22322000	22322200	B	B	B	B
chr22	22322200	22322400	B	B	B	B
chr22	22357200	22357400	B	B	B	B
chr22	22380400	22380600	B	B	U	U
chr22	22697400	22697600	U	B	U	U
chr22	22893400	22893600	B	B	U	U
chr22	23070400	23070600	B	B	U	U
chr22	23070600	23070800	B	B	U	U
chr22	23315600	23315800	U	B	U	U
chr22	23386000	23386200	B	B	B	U
chr22	23402800	23403000	B	B	B	U
chr22	23750600	23750800	B	B	U	U
chr22	23857600	23857800	B	B	U	U
chr22	24062000	24062200	U	B	U	U
chr22	24157000	24157200	B	B	U	U
chr22	24175200	24175400	B	B	U	U
chr22	24178400	24178600	U	B	U	U
chr22	24259600	24259800	U	B	U	U
chr22	24270800	24271000	B	B	B	U
chr22	24325000	24325200	U	B	U	U
chr22	24325200	24325400	U	B	U	U
chr22	24406800	24407000	B	B	U	U
chr22	24521800	24522000	B	B	U	U
chr22	24522000	24522200	B	B	U	U
chr22	24635000	24635200	U	B	U	U
chr22	24707400	24707600	B	B	U	U
chr22	24758400	24758600	U	B	B	U
chr22	25028600	25028800	B	B	B	U
chr22	25362200	25362400	B	B	U	U
chr22	25702000	25702200	U	B	B	U
chr22	25774600	25774800	U	B	U	U
chr22	26171000	26171200	U	B	B	U
chr22	26377400	26377600	U	B	U	U
chr22	26461400	26461600	B	B	B	U
chr22	26645400	26645600	B	B	B	U
chr22	26673000	26673200	B	B	U	U
chr22	27634400	27634600	U	B	U	U
chr22	27881000	27881200	B	B	B	U
chr22	27886800	27887000	U	B	U	U
chr22	27991000	27991200	B	B	U	U
chr22	28600800	28601000	U	B	B	U
chr22	28741800	28742000	B	B	U	U
chr22	28829600	28829800	B	B	B	U
chr22	28855800	28856000	B	B	B	U
chr22	29030400	29030600	B	B	U	U
chr22	29195600	29195800	B	B	B	B
chr22	29359400	29359600	U	B	U	U
chr22	29481200	29481400	B	B	B	U
chr22	29609400	29609600	B	B	U	U
chr22	29702200	29702400	U	B	U	U
chr22	30262800	30263000	B	B	U	U
chr22	30263000	30263200	B	B	B	U
chr22	30423800	30424000	B	B	U	U
chr22	30445200	30445400	B	B	B	U
chr22	30626400	30626600	U	B	U	U
chr22	30755200	30755400	B	B	U	U
chr22	31140200	31140400	B	B	U	U
chr22	31140400	31140600	B	B	U	U
chr22	31199400	31199600	U	B	U	U
chr22	31292400	31292600	B	B	U	U
chr22	31452000	31452200	B	B	U	U
chr22	31561400	31561600	B	B	B	U
chr22	31618600	31618800	U	B	B	U
chr22	31633800	31634000	B	B	B	U
chr22	31749600	31749800	B	B	U	U
chr22	32794600	32794800	U	B	U	U
chr22	32797000	32797200	B	B	B	U
chr22	33302000	33302200	B	B	B	U
chr22	33519400	33519600	U	B	U	U
chr22	34414800	34415000	U	B	B	U
chr22	35024200	35024400	B	B	B	U
chr22	35548400	35548600	U	B	U	U
chr22	35627400	35627600	U	B	B	U
chr22	35739600	35739800	U	B	U	U
chr22	35838800	35839000	U	B	B	U
chr22	36065800	36066000	B	B	B	U
chr22	36222000	36222200	B	B	B	U
chr22	36239600	36239800	B	B	B	B
chr22	36277600	36277800	B	B	U	U
chr22	36277800	36278000	B	B	U	U
chr22	36334400	36334600	B	B	B	U
chr22	36355200	36355400	B	B	U	U
chr22	36570000	36570200	B	B	B	U
chr22	36757800	36758000	B	B	B	U
chr22	37166600	37166800	B	B	B	U
chr22	37170200	37170400	U	B	U	U
chr22	37170600	37170800	U	B	U	U
chr22	37498600	37498800	B	B	U	U
chr22	37545200	37545400	B	B	B	U
chr22	37607200	37607400	B	B	U	U
chr22	37634600	37634800	B	B	U	U
chr22	37661000	37661200	B	B	U	U
chr22	37681600	37681800	B	B	B	U
chr22	38214400	38214600	B	B	B	U
chr22	38222000	38222200	U	B	U	U
chr22	38681800	38682000	B	B	B	U
chr22	38769000	38769200	B	B	B	U
chr22	38824600	38824800	B	B	B	U
chr22	38861600	38861800	U	B	U	U
chr22	38943200	38943400	U	B	U	U
chr22	38943400	38943600	U	B	U	U
chr22	38966000	38966200	B	B	U	U
chr22	39316400	39316600	B	B	U	U
chr22	39446200	39446400	B	B	U	U
chr22	39520000	39520200	B	B	U	U
chr22	39534800	39535000	B	B	B	U
chr22	39557400	39557600	B	B	B	U
chr22	39559600	39559800	B	B	U	U
chr22	39622800	39623000	B	B	B	U
chr22	39927600	39927800	B	B	B	U
chr22	39927800	39928000	B	B	B	U
chr22	39935600	39935800	U	B	U	U
chr22	39959600	39959800	B	B	B	U
chr22	39959800	39960000	B	B	U	U
chr22	40036600	40036800	B	B	B	U
chr22	40178000	40178200	B	B	B	B
chr22	40193600	40193800	U	B	U	U
chr22	40899200	40899400	B	B	U	U
chr22	41246400	41246600	B	B	U	U
chr22	41404000	41404200	B	B	B	U
chr22	41525000	41525200	U	B	U	U
chr22	41526800	41527000	B	B	U	U
chr22	41673000	41673200	B	B	U	U
chr22	41857600	41857800	B	B	B	U
chr22	41941400	41941600	B	B	B	U
chr22	42091000	42091200	B	B	B	U
chr22	42561000	42561200	B	B	B	U
chr22	42662000	42662200	B	B	B	U
chr22	42662200	42662400	B	B	B	U
chr22	42795000	42795200	U	B	U	U
chr22	42820200	42820400	U	B	U	U
chr22	42867800	42868000	B	B	B	U
chr22	42968200	42968400	B	B	B	U
chr22	42970800	42971000	B	B	U	U
chr22	43051200	43051400	U	B	U	U
chr22	43053400	43053600	U	B	U	U
chr22	43159800	43160000	U	B	U	U
chr22	43160000	43160200	U	B	U	U
chr22	43516200	43516400	U	B	U	U
chr22	44438000	44438200	U	B	U	U
chr22	44623800	44624000	B	B	U	U
chr22	45285600	45285800	B	B	U	U
chr22	45344400	45344600	B	B	U	U
chr22	45542200	45542400	U	B	U	U
chr22	45731600	45731800	U	B	U	U
chr22	45994800	45995000	B	B	B	U
chr22	46013600	46013800	B	B	B	U
chr22	46116400	46116600	B	B	B	U
chr22	46134200	46134400	U	B	U	U
chr22	46134400	46134600	U	B	U	U
chr22	46390600	46390800	B	B	U	U
chr22	46563400	46563600	B	B	B	U
chr22	46797400	46797600	B	B	U	U
chr22	46845200	46845400	U	B	U	U
chr22	47012600	47012800	U	B	U	U
chr22	47012800	47013000	U	B	U	U
chr22	47125600	47125800	B	B	U	U
chr22	49925200	49925400	U	B	U	U
chr22	49929600	49929800	B	B	B	U
chr22	50103200	50103400	B	B	B	U
chr22	50149200	50149400	B	B	B	U
chr22	50327000	50327200	B	B	B	U
chr22	50399600	50399800	B	B	B	U
chr22	50576400	50576600	B	B	B	U
chr22	50626400	50626600	U	B	U	U
chr22	50775200	50775400	B	B	U	U
chr22	50775400	50775600	B	B	U	U
chr22	10518000	10518200	U	U	U	U
chr22	10523400	10523600	U	U	U	U
chr22	10527600	10527800	U	U	U	U
chr22	10529200	10529400	U	U	U	U
chr22	10529600	10529800	U	U	U	U
chr22	10529800	10530000	U	U	U	U
chr22	10530200	10530400	U	U	U	U
chr22	10532400	10532600	U	U	U	U
chr22	10532600	10532800	U	U	U	U
chr22	10533200	10533400	U	U	U	U
chr22	10537800	10538000	U	U	U	U
chr22	10541000	10541200	U	U	U	U
chr22	10542200	10542400	U	U	U	U
chr22	10550800	10551000	U	U	U	U
chr22	10553000	10553200	U	U	U	U
chr22	10556000	10556200	U	U	U	U
chr22	10558400	10558600	U	U	U	U
chr22	10559600	10559800	U	U	U	U
chr22	10560000	10560200	U	U	U	U
chr22	10571200	10571400	U	U	U	U
chr22	10573400	10573600	U	U	U	U
chr22	10574200	10574400	U	U	U	U
chr22	10576000	10576200	U	U	U	U
chr22	10583200	10583400	U	U	U	U
chr22	10583600	10583800	U	U	U	U
chr22	10596800	10597000	U	U	U	U
chr22	10606800	10607000	U	U	U	U
chr22	10607600	10607800	U	U	U	U
chr22	10609000	10609200	U	U	U	U
chr22	10612000	10612200	U	U	U	U
chr22	10615800	10616000	U	U	U	U
chr22	10616000	10616200	U	U	U	U
chr22	10619600	10619800	U	U	U	U
chr22	10620400	10620600	U	U	U	U
chr22	10621200	10621400	U	U	U	U
chr22	10623800	10624000	U	U	U	U
chr22	10624000	10624200	U	U	U	U
chr22	10627000	10627200	U	U	U	U
chr22	10628200	10628400	U	U	U	U
chr22	10628400	10628600	U	U	U	U
chr22	10644200	10644400	U	U	U	U
chr22	10646400	10646600	U	U	U	U
chr22	10649600	10649800	U	U	U	U
chr22	10650600	10650800	U	U	U	U
chr22	10652600	10652800	U	U	U	U
chr22	10660600	10660800	U	U	U	U
chr22	10669400	10669600	U	U	U	U
chr22	10669600	10669800	U	U	U	U
chr22	10685400	10685600	U	U	U	U
chr22	10686000	10686200	U	U	U	U
chr22	10687400	10687600	U	U	U	U
chr22	10688200	10688400	U	U	U	U
chr22	10700200	10700400	U	U	U	U
chr22	10700400	10700600	U	U	U	U
chr22	10701600	10701800	U	U	U	U
chr22	10707800	10708000	U	U	U	U
chr22	10709200	10709400	U	U	U	U
chr22	10709800	10710000	U	U	U	U
chr22	10710200	10710400	U	U	U	U
chr22	10710400	10710600	U	U	U	U
chr22	10711400	10711600	U	U	U	U
chr22	10713000	10713200	U	U	U	U
chr22	10713200	10713400	U	U	U	U
chr22	10715600	10715800	U	U	U	U
chr22	10716400	10716600	U	U	U	U
chr22	10736000	10736200	U	U	U	U
chr22	10739600	10739800	U	U	U	U
chr22	10740000	10740200	U	U	U	U
chr22	10741000	10741200	U	U	U	U
chr22	10741200	10741400	U	U	U	U
chr22	10742000	10742200	U	U	U	U
chr22	10742400	10742600	U	U	U	U
chr22	10742600	10742800	U	U	U	U
chr22	10745200	10745400	U	U	U	U
chr22	10752200	10752400	U	U	U	U
chr22	10752400	10752600	U	U	U	U
chr22	10754600	10754800	U	U	U	U
chr22	10757800	10758000	U	U	U	U
chr22	10780000	10780200	U	U	U	U
chr22	10784200	10784400	U	U	U	U
chr22	10784400	10784600	U	U	U	U
chr22	10835800	10836000	U	U	U	U
chr22	10836600	10836800	U	U	U	U
chr22	10841800	10842000	U	U	U	U
chr22	10846400	10846600	U	U	U	U
chr22	10847200	10847400	U	U	U	U
chr22	10848000	10848200	U	U	U	U
chr22	10848200	10848400	U	U	U	U
chr22	10849200	10849400	U	U	U	U
chr22	10852800	10853000	U	U	U	U
chr22	10856000	10856200	U	U	U	U
chr22	10858800	10859000	U	U	U	U
chr22	10859600	10859800	U	U	U	U
chr22	10860200	10860400	U	U	U	U
chr22	10860400	10860600	U	U	U	U
chr22	10862400	10862600	U	U	U	U
chr22	10870600	10870800	U	U	U	U
chr22	10870800	10871000	U	U	U	U
chr22	10871400	10871600	U	U	U	U
chr22	10873200	10873400	U	U	U	U
chr22	10934200	10934400	U	U	U	U
chr22	10935000	10935200	U	U	U	U
chr22	10935800	10936000	U	U	U	U
chr22	10938600	10938800	U	U	U	U
chr22	10939000	10939200	U	U	U	U
chr22	10939200	10939400	U	U	U	U
chr22	10941200	10941400	U	U	U	U
chr22	10945000	10945200	U	U	U	U
chr22	10945400	10945600	U	U	U	U
chr22	10945600	10945800	U	U	U	U
chr22	10947000	10947200	U	U	U	U
chr22	10947200	10947400	U	U	U	U
chr22	10949200	10949400	U	U	U	U
chr22	10952600	10952800	U	U	U	U
chr22	10958400	10958600	U	U	U	U
chr22	11017200	11017400	U	U	U	U
chr22	11019800	11020000	U	U	U	U
chr22	11020200	11020400	U	U	U	U
chr22	11021400	11021600	U	U	U	U
chr22	11021600	11021800	U	U	U	U
chr22	11036800	11037000	U	U	U	U
chr22	11048000	11048200	U	U	U	U
chr22	11050400	11050600	U	U	U	U
chr22	11051800	11052000	U	U	U	U
chr22	11052400	11052600	U	U	U	U
chr22	11053800	11054000	U	U	U	U
chr22	11054600	11054800	U	U	U	U
chr22	11058400	11058600	U	U	U	U
chr22	11067600	11067800	U	U	U	U
chr22	11068200	11068400	U	U	U	U
chr22	11123600	11123800	U	U	U	U
chr22	11125000	11125200	U	U	U	U
chr22	11125800	11126000	U	U	U	U
chr22	11140600	11140800	U	U	U	U
chr22	11143200	11143400	U	U	U	U
chr22	11145800	11146000	U	U	U	U
chr22	11146000	11146200	U	U	U	U
chr22	11148200	11148400	U	U	U	U
chr22	11250600	11250800	U	U	U	U
chr22	11256000	11256200	U	U	U	U
chr22	11261200	11261400	U	U	U	U
chr22	11264600	11264800	U	U	U	U
chr22	11264800	11265000	U	U	U	U
chr22	11269400	11269600	U	U	U	U
chr22	11271800	11272000	U	U	U	U
chr22	11278600	11278800	U	U	U	U
chr22	11278800	11279000	U	U	U	U
chr22	11280400	11280600	U	U	U	U
chr22	11280600	11280800	U	U	U	U
chr22	11281200	11281400	U	U	U	U
chr22	11281400	11281600	U	U	U	U
chr22	11282000	11282200	U	U	U	U
chr22	11282200	11282400	U	U	U	U
chr22	11284000	11284200	U	U	U	U
chr22	11285400	11285600	U	U	U	U
chr22	11285800	11286000	B	U	U	U
chr22	11302600	11302800	U	U	U	U
chr22	11325800	11326000	U	U	U	U
chr22	11350400	11350600	U	U	U	U
chr22	11351400	11351600	U	U	U	U
chr22	11352800	11353000	U	U	U	U
chr22	11357000	11357200	U	U	U	U
chr22	11360800	11361000	U	U	U	U
chr22	11361000	11361200	U	U	U	U
chr22	11442600	11442800	U	U	U	U
chr22	11474000	11474200	U	U	U	U
chr22	11474600	11474800	U	U	U	U
chr22	11477400	11477600	U	U	U	U
chr22	11495200	11495400	U	U	U	U
chr22	11553800	11554000	U	U	U	U
chr22	11574000	11574200	U	U	U	U
chr22	11575400	11575600	U	U	U	U
chr22	11584800	11585000	U	U	U	U
chr22	11585400	11585600	U	U	U	U
chr22	11586200	11586400	U	U	U	U
chr22	11596800	11597000	U	U	U	U
chr22	11597000	11597200	U	U	U	U
chr22	11598000	11598200	U	U	U	U
chr22	11603600	11603800	U	U	U	U
chr22	11606400	11606600	U	U	U	U
chr22	11606600	11606800	U	U	U	U
chr22	11618400	11618600	U	U	U	U
chr22	11618600	11618800	U	U	U	U
chr22	11623600	11623800	U	U	U	U
chr22	11623800	11624000	U	U	U	U
chr22	11693600	11693800	U	U	U	U
chr22	11695000	11695200	U	U	U	U
chr22	11701000	11701200	U	U	U	U
chr22	11703000	11703200	U	U	U	U
chr22	11703200	11703400	U	U	U	U
chr22	11711000	11711200	U	U	U	U
chr22	11711400	11711600	U	U	U	U
chr22	11716400	11716600	U	U	U	U
chr22	11721400	11721600	U	U	U	U
chr22	11774800	11775000	U	U	U	U
chr22	11780400	11780600	U	U	U	U
chr22	11780600	11780800	U	U	U	U
chr22	11783000	11783200	U	U	U	U
chr22	11794600	11794800	U	U	U	U
chr22	11814200	11814400	U	U	U	U
chr22	11818000	11818200	U	U	U	U
chr22	11847000	11847200	U	U	U	U
chr22	11847400	11847600	U	U	U	U
chr22	11855800	11856000	U	U	U	U
chr22	11859800	11860000	U	U	U	U
chr22	11861800	11862000	U	U	U	U
chr22	11862600	11862800	U	U	U	U
chr22	11867600	11867800	U	U	U	U
chr22	11867800	11868000	U	U	U	U
chr22	11869600	11869800	U	U	U	U
chr22	11870200	11870400	U	U	U	U
chr22	11878600	11878800	U	U	U	U
chr22	11882800	11883000	U	U	U	U
chr22	11883000	11883200	U	U	U	U
chr22	11884000	11884200	U	U	U	U
chr22	11887600	11887800	U	U	U	U
chr22	11889600	11889800	U	U	U	U
chr22	11891600	11891800	U	U	U	U
chr22	11892000	11892200	U	U	U	U
chr22	11894600	11894800	U	U	U	U
chr22	11899000	11899200	U	U	U	U
chr22	11903000	11903200	U	U	U	U
chr22	11903400	11903600	U	U	U	U
chr22	11903600	11903800	U	U	U	U
chr22	11904000	11904200	U	U	U	U
chr22	11904600	11904800	U	U	U	U
chr22	11905200	11905400	U	U	U	U
chr22	11905600	11905800	U	U	U	U
chr22	11910200	11910400	U	U	U	U
chr22	11913000	11913200	U	U	U	U
chr22	11913600	11913800	U	U	U	U
chr22	11923600	11923800	U	U	U	U
chr22	11923800	11924000	U	U	U	U
chr22	11924000	11924200	U	U	U	U
chr22	11933400	11933600	U	U	U	U
chr22	11949400	11949600	U	U	U	U
chr22	11949600	11949800	U	U	U	U
chr22	11954800	11955000	U	U	U	U
chr22	11973400	11973600	U	U	U	U
chr22	11973800	11974000	U	U	U	U
chr22	11975200	11975400	U	U	U	U
chr22	11976000	11976200	U	U	U	U
chr22	12049200	12049400	U	U	U	U
chr22	12049800	12050000	U	U	U	U
chr22	12050200	12050400	U	U	U	U
chr22	12050400	12050600	U	U	U	U
chr22	12056800	12057000	U	U	U	U
chr22	12058200	12058400	U	U	U	U
chr22	12058800	12059000	U	U	U	U
chr22	12059000	12059200	U	U	U	U
chr22	12066400	12066600	U	U	U	U
chr22	12066600	12066800	U	U	U	U
chr22	12099400	12099600	U	U	U	U
chr22	12099600	12099800	U	U	U	U
chr22	12099800	12100000	U	U	U	U
chr22	12100000	12100200	U	U	U	U
chr22	12100200	12100400	U	U	U	U
chr22	12115200	12115400	U	U	U	U
chr22	12129200	12129400	U	U	U	U
chr22	12136400	12136600	U	U	U	U
chr22	12145000	12145200	U	U	U	U
chr22	12148800	12149000	U	U	U	U
chr22	12149200	12149400	U	U	U	U
chr22	12157400	12157600	U	U	U	U
chr22	12162400	12162600	U	U	U	U
chr22	12173000	12173200	U	U	U	U
chr22	12174200	12174400	U	U	U	U
chr22	12177600	12177800	U	U	U	U
chr22	12179400	12179600	U	U	U	U
chr22	12179600	12179800	U	U	U	U
chr22	12210800	12211000	U	U	U	U
chr22	12211200	12211400	U	U	U	U
chr22	12211400	12211600	U	U	U	U
chr22	12211800	12212000	U	U	U	U
chr22	12225200	12225400	U	U	U	U
chr22	12278400	12278600	U	U	U	U
chr22	12279600	12279800	U	U	U	U
chr22	12280000	12280200	U	U	U	U
chr22	12280400	12280600	U	U	U	U
chr22	12281000	12281200	U	U	U	U
chr22	12287600	12287800	U	U	U	U
chr22	12288600	12288800	U	U	U	U
chr22	12290000	12290200	U	U	U	U
chr22	12291000	12291200	U	U	U	U
chr22	12291800	12292000	U	U	U	U
chr22	12295400	12295600	U	U	U	U
chr22	12311600	12311800	U	U	U	U
chr22	12313000	12313200	U	U	U	U
chr22	12553400	12553600	U	U	U	U
chr22	12556400	12556600	U	U	U	U
chr22	12569200	12569400	U	U	U	U
chr22	12580000	12580200	U	U	U	U
chr22	12580800	12581000	U	U	U	U
chr22	12604800	12605000	U	U	U	U
chr22	12609000	12609200	U	U	U	U
chr22	12615400	12615600	U	U	U	U
chr22	12618200	12618400	U	U	U	U
chr22	12618800	12619000	U	U	U	U
chr22	12621000	12621200	U	U	U	U
chr22	12623400	12623600	U	U	U	U
chr22	12623800	12624000	U	U	U	U
chr22	12624000	12624200	U	U	U	U
chr22	12625400	12625600	U	U	U	U
chr22	12626800	12627000	U	U	U	U
chr22	12627400	12627600	U	U	U	U
chr22	12694400	12694600	U	U	U	U
chr22	12696600	12696800	U	U	U	U
chr22	12696800	12697000	U	U	U	U
chr22	12697000	12697200	U	U	U	U
chr22	12704600	12704800	U	U	U	U
chr22	12707400	12707600	U	U	U	U
chr22	12708800	12709000	U	U	U	U
chr22	12710000	12710200	U	U	U	U
chr22	12715000	12715200	U	U	U	U
chr22	12716800	12717000	U	U	U	U
chr22	12718200	12718400	U	U	U	U
chr22	12723000	12723200	U	U	U	U
chr22	12723600	12723800	U	U	U	U
chr22	12723800	12724000	U	U	U	U
chr22	12796800	12797000	U	U	U	U
chr22	12797000	12797200	U	U	U	U
chr22	12813600	12813800	U	U	U	U
chr22	12814600	12814800	U	U	U	U
chr22	12815000	12815200	U	U	U	U
chr22	12817600	12817800	U	U	U	U
chr22	12870400	12870600	U	U	U	U
chr22	12870600	12870800	U	U	U	U
chr22	12872200	12872400	U	U	U	U
chr22	12892400	12892600	U	U	U	U
chr22	12893600	12893800	U	U	U	U
chr22	12898600	12898800	U	U	U	U
chr22	12898800	12899000	U	U	U	U
chr22	15222200	15222400	U	U	U	U
chr22	15222400	15222600	U	U	U	U
chr22	15231000	15231200	U	U	U	U
chr22	15236600	15236800	U	U	U	U
chr22	15237600	15237800	U	U	U	U
chr22	15238800	15239000	U	U	U	U
chr22	15240200	15240400	U	U	U	U
chr22	15243000	15243200	U	U	U	U
chr22	15247800	15248000	U	U	U	U
chr22	15263200	15263400	U	U	U	U
chr22	15266200	15266400	U	U	U	U
chr22	15266600	15266800	U	U	U	U
chr22	15267000	15267200	U	U	U	U
chr22	15267400	15267600	U	U	U	U
chr22	15267600	15267800	U	U	U	U
chr22	15269200	15269400	U	U	U	U
chr22	15270800	15271000	U	U	U	U
chr22	15271600	15271800	U	U	U	U
chr22	15290800	15291000	U	U	U	U
chr22	15291000	15291200	U	U	U	U
chr22	15292000	15292200	U	U	U	U
chr22	15296600	15296800	U	U	U	U
chr22	15296800	15297000	U	U	U	U
chr22	15305200	15305400	U	U	U	U
chr22	15312000	15312200	U	U	U	U
chr22	15321200	15321400	U	U	U	U
chr22	15324600	15324800	U	U	U	U
chr22	15324800	15325000	U	U	U	U
chr22	15325200	15325400	U	U	U	U
chr22	15342000	15342200	U	U	U	U
chr22	15342400	15342600	U	U	U	U
chr22	15342800	15343000	U	U	U	U
chr22	15473200	15473400	U	U	U	U
chr22	15477600	15477800	U	U	U	U
chr22	15479000	15479200	U	U	U	U
chr22	15479600	15479800	U	U	U	U
chr22	15487800	15488000	U	U	U	U
chr22	15489800	15490000	U	U	U	U
chr22	15506000	15506200	U	U	U	U
chr22	15511000	15511200	U	U	U	U
chr22	15511200	15511400	U	U	U	U
chr22	15511400	15511600	U	U	U	U
chr22	15511800	15512000	U	U	U	U
chr22	15512000	15512200	U	U	U	U
chr22	15513000	15513200	U	U	U	U
chr22	15513200	15513400	U	U	U	U
chr22	15514600	15514800	U	U	U	U
chr22	15515600	15515800	U	U	U	U
chr22	15517600	15517800	U	U	U	U
chr22	15522800	15523000	U	U	U	U
chr22	15523000	15523200	U	U	U	U
chr22	15524400	15524600	U	U	U	U
chr22	15526400	15526600	U	U	U	U
chr22	15526600	15526800	U	U	U	U
chr22	15530000	15530200	U	U	U	U
chr22	15530200	15530400	U	U	U	U
chr22	15531200	15531400	U	U	U	U
chr22	15532400	15532600	U	U	U	U
chr22	15532600	15532800	U	U	U	U
chr22	15543800	15544000	U	U	U	U
chr22	15546000	15546200	U	U	U	U
chr22	15549600	15549800	U	U	U	U
chr22	15550400	15550600	U	U	U	U
chr22	15550600	15550800	U	U	U	U
chr22	15553200	15553400	U	U	U	U
chr22	15556200	15556400	U	U	U	U
chr22	15558600	15558800	U	U	U	U
chr22	15559200	15559400	U	U	U	U
chr22	15561800	15562000	U	U	U	U
chr22	15562000	15562200	U	U	U	U
chr22	15562200	15562400	U	U	U	U
chr22	15563400	15563600	U	U	U	U
chr22	15566400	15566600	U	U	U	U
chr22	15568000	15568200	U	U	U	U
chr22	15568200	15568400	U	U	U	U
chr22	15569400	15569600	U	U	U	U
chr22	15570800	15571000	U	U	U	U
chr22	15575200	15575400	U	U	U	U
chr22	15578000	15578200	U	U	U	U
chr22	15581000	15581200	U	U	U	U
chr22	15584600	15584800	U	U	U	U
chr22	15588400	15588600	U	U	U	U
chr22	15589000	15589200	U	U	U	U
chr22	15590200	15590400	U	U	U	U
chr22	15592000	15592200	U	U	U	U
chr22	15592400	15592600	U	U	U	U
chr22	15594600	15594800	U	U	U	U
chr22	15598400	15598600	U	U	U	U
chr22	15602200	15602400	U	U	U	U
chr22	15603000	15603200	U	U	U	U
chr22	15610400	15610600	U	U	U	U
chr22	15622600	15622800	U	U	U	U
chr22	15627400	15627600	U	U	U	U
chr22	15630000	15630200	U	U	U	U
chr22	15632000	15632200	U	U	U	U
chr22	15633200	15633400	U	U	U	U
chr22	15635600	15635800	U	U	U	U
chr22	15635800	15636000	U	U	U	U
chr22	15636200	15636400	U	U	U	U
chr22	15637400	15637600	U	U	U	U
chr22	15637800	15638000	U	U	U	U
chr22	15644200	15644400	U	U	U	U
chr22	15667200	15667400	U	U	U	U
chr22	15667400	15667600	U	U	U	U
chr22	15669200	15669400	U	U	U	U
chr22	15682600	15682800	U	U	U	U
chr22	15682800	15683000	U	U	U	U
chr22	15687000	15687200	U	U	U	U
chr22	15688000	15688200	U	U	U	U
chr22	15691000	15691200	U	U	U	U
chr22	15695400	15695600	U	U	U	U
chr22	15696000	15696200	U	U	U	U
chr22	15697800	15698000	U	U	U	U
chr22	15698000	15698200	U	U	U	U
chr22	15699800	15700000	U	U	U	U
chr22	15700000	15700200	U	U	U	U
chr22	15700200	15700400	U	U	U	U
chr22	15701800	15702000	U	U	U	U
chr22	15707000	15707200	U	U	U	U
chr22	15707800	15708000	U	U	U	U
chr22	15711800	15712000	U	U	U	U
chr22	15716200	15716400	U	U	U	U
chr22	15716400	15716600	U	U	U	U
chr22	15720000	15720200	U	U	U	U
chr22	15721000	15721200	U	U	U	U
chr22	15736200	15736400	U	U	U	U
chr22	15737400	15737600	U	U	U	U
chr22	15741000	15741200	U	U	U	U
chr22	15749000	15749200	U	U	U	U
chr22	15750400	15750600	U	U	U	U
chr22	15751000	15751200	U	U	U	U
chr22	15751600	15751800	U	U	U	U
chr22	15755000	15755200	U	U	U	U
chr22	15756200	15756400	U	U	U	U
chr22	15762000	15762200	U	U	U	U
chr22	15763600	15763800	U	U	U	U
chr22	15766800	15767000	U	U	U	U
chr22	15769600	15769800	U	U	U	U
chr22	15774600	15774800	U	U	U	U
chr22	15775600	15775800	B	U	U	U
chr22	15776400	15776600	B	U	U	U
chr22	15778400	15778600	U	U	U	U
chr22	15780400	15780600	U	U	U	U
chr22	15781200	15781400	U	U	U	U
chr22	15782800	15783000	U	U	U	U
chr22	15784600	15784800	B	U	U	U
chr22	15792000	15792200	U	U	U	U
chr22	15795000	15795200	U	U	U	U
chr22	15795800	15796000	U	U	U	U
chr22	15798600	15798800	U	U	U	U
chr22	15798800	15799000	U	U	U	U
chr22	15813600	15813800	U	U	U	U
chr22	15814600	15814800	U	U	U	U
chr22	15815000	15815200	B	U	U	U
chr22	15818400	15818600	U	U	U	U
chr22	15820000	15820200	U	U	U	U
chr22	15820200	15820400	U	U	U	U
chr22	15821000	15821200	U	U	U	U
chr22	15821400	15821600	U	U	U	U
chr22	15822600	15822800	U	U	U	U
chr22	15823200	15823400	B	U	U	U
chr22	15827000	15827200	U	U	U	U
chr22	15834200	15834400	U	U	U	U
chr22	15835000	15835200	U	U	U	U
chr22	15837400	15837600	U	U	U	U
chr22	15839800	15840000	U	U	U	U
chr22	15841200	15841400	U	U	U	U
chr22	15842200	15842400	U	U	U	U
chr22	15843200	15843400	U	U	U	U
chr22	15844000	15844200	U	U	U	U
chr22	15856200	15856400	U	U	U	U
chr22	15856400	15856600	U	U	U	U
chr22	15857000	15857200	U	U	U	U
chr22	15858800	15859000	U	U	U	U
chr22	15864200	15864400	U	U	U	U
chr22	15864600	15864800	U	U	U	U
chr22	15865800	15866000	U	U	U	U
chr22	15866200	15866400	U	U	U	U
chr22	15877000	15877200	U	U	U	U
chr22	15877600	15877800	U	U	U	U
chr22	15878800	15879000	U	U	U	U
chr22	15882200	15882400	U	U	U	U
chr22	15882400	15882600	U	U	U	U
chr22	15882800	15883000	U	U	U	U
chr22	15888200	15888400	U	U	U	U
chr22	15890000	15890200	U	U	U	U
chr22	15890800	15891000	U	U	U	U
chr22	15900400	15900600	U	U	U	U
chr22	15901200	15901400	U	U	U	U
chr22	15901600	15901800	U	U	U	U
chr22	15902000	15902200	U	U	U	U
chr22	15902200	15902400	U	U	U	U
chr22	15902800	15903000	U	U	U	U
chr22	15915400	15915600	U	U	U	U
chr22	15921400	15921600	U	U	U	U
chr22	15922400	15922600	U	U	U	U
chr22	15924800	15925000	U	U	U	U
chr22	16088400	16088600	U	U	U	U
chr22	16090400	16090600	U	U	U	U
chr22	16091000	16091200	U	U	U	U
chr22	16091200	16091400	U	U	U	U
chr22	16096800	16097000	U	U	U	U
chr22	16107200	16107400	U	U	U	U
chr22	16108800	16109000	U	U	U	U
chr22	16111400	16111600	U	U	U	U
chr22	16112400	16112600	U	U	U	U
chr22	16117200	16117400	U	U	U	U
chr22	16119800	16120000	U	U	U	U
chr22	16120000	16120200	U	U	U	U
chr22	16134600	16134800	U	U	U	U
chr22	16135000	16135200	U	U	U	U
chr22	16135200	16135400	U	U	U	U
chr22	16135400	16135600	U	U	U	U
chr22	16136800	16137000	U	U	U	U
chr22	16137200	16137400	U	U	U	U
chr22	16141400	16141600	U	U	U	U
chr22	16143000	16143200	U	U	U	U
chr22	16143200	16143400	U	U	U	U
chr22	16143600	16143800	U	U	U	U
chr22	16156000	16156200	U	U	U	U
chr22	16160000	16160200	U	U	U	U
chr22	16160600	16160800	U	U	U	U
chr22	16169600	16169800	U	U	U	U
chr22	16172800	16173000	U	U	U	U
chr22	16173200	16173400	U	U	U	U
chr22	16176400	16176600	U	U	U	U
chr22	16177200	16177400	U	U	U	U
chr22	16195400	16195600	U	U	U	U
chr22	16197800	16198000	U	U	U	U
chr22	16213200	16213400	U	U	U	U
chr22	16213600	16213800	U	U	U	U
chr22	16214400	16214600	U	U	U	U
chr22	16215600	16215800	U	U	U	U
chr22	16243800	16244000	U	U	U	U
chr22	16248400	16248600	U	U	U	U
chr22	16249200	16249400	U	U	U	U
chr22	16249400	16249600	U	U	U	U
chr22	16249800	16250000	U	U	U	U
chr22	16251800	16252000	U	U	U	U
chr22	16253200	16253400	U	U	U	U
chr22	16256400	16256600	U	U	U	U
chr22	16257400	16257600	U	U	U	U
chr22	16257800	16258000	U	U	U	U
chr22	16384800	16385000	U	U	U	U
chr22	16385000	16385200	U	U	U	U
chr22	16391200	16391400	U	U	U	U
chr22	16397600	16397800	U	U	U	U
chr22	16405400	16405600	U	U	U	U
chr22	16407800	16408000	U	U	U	U
chr22	16409600	16409800	U	U	U	U
chr22	16413400	16413600	U	U	U	U
chr22	16423400	16423600	U	U	U	U
chr22	16424800	16425000	U	U	U	U
chr22	16427000	16427200	U	U	U	U
chr22	16430600	16430800	U	U	U	U
chr22	16434200	16434400	U	U	U	U
chr22	16438800	16439000	U	U	U	U
chr22	16439000	16439200	U	U	U	U
chr22	16473200	16473400	U	U	U	U
chr22	16473400	16473600	U	U	U	U
chr22	16486600	16486800	U	U	U	U
chr22	16509400	16509600	U	U	U	U
chr22	16537200	16537400	U	U	U	U
chr22	16539600	16539800	U	U	U	U
chr22	16540000	16540200	U	U	U	U
chr22	16540200	16540400	U	U	U	U
chr22	16543800	16544000	U	U	U	U
chr22	16544000	16544200	U	U	U	U
chr22	16545000	16545200	U	U	U	U
chr22	16557200	16557400	U	U	U	U
chr22	16568800	16569000	B	U	U	U
chr22	16573400	16573600	U	U	U	U
chr22	16574200	16574400	U	U	U	U
chr22	16576600	16576800	U	U	U	U
chr22	16577000	16577200	U	U	U	U
chr22	16577400	16577600	U	U	U	U
chr22	16591600	16591800	U	U	U	U
chr22	16595200	16595400	U	U	U	U
chr22	16595600	16595800	U	U	U	U
chr22	16601400	16601600	B	U	U	B
chr22	16604400	16604600	U	U	U	U
chr22	16605200	16605400	U	U	U	B
chr22	16608600	16608800	U	U	U	U
chr22	16609000	16609200	U	U	U	U
chr22	16609800	16610000	U	U	U	U
chr22	16619600	16619800	U	U	U	U
chr22	16619800	16620000	U	U	U	U
chr22	16621800	16622000	U	U	U	U
chr22	16623000	16623200	U	U	U	U
chr22	16632400	16632600	B	U	U	U
chr22	16632600	16632800	U	U	U	U
chr22	16633000	16633200	U	U	U	U
chr22	16637600	16637800	U	U	U	U
chr22	16638000	16638200	U	U	U	U
chr22	16638200	16638400	U	U	U	U
chr22	16648200	16648400	U	U	U	U
chr22	16649400	16649600	U	U	U	U
chr22	16651000	16651200	B	U	U	U
chr22	16659200	16659400	U	U	U	U
chr22	16659800	16660000	U	U	U	U
chr22	16667200	16667400	U	U	U	U
chr22	16667400	16667600	U	U	U	U
chr22	16673200	16673400	U	U	U	U
chr22	16675800	16676000	U	U	U	U
chr22	16677200	16677400	U	U	U	U
chr22	16690400	16690600	U	U	U	U
chr22	16691600	16691800	U	U	U	U
chr22	16694200	16694400	B	U	U	U
chr22	16697000	16697200	U	U	U	U
chr22	16697800	16698000	U	U	U	U
chr22	16698600	16698800	U	U	U	U
chr22	16699400	16699600	U	U	U	U
chr22	16701200	16701400	U	U	U	U
chr22	16701800	16702000	U	U	U	U
chr22	16702800	16703000	U	U	U	U
chr22	16704800	16705000	U	U	U	U
chr22	16705800	16706000	U	U	U	U
chr22	16712800	16713000	U	U	U	U
chr22	16713600	16713800	U	U	U	U
chr22	16714000	16714200	U	U	U	U
chr22	16714400	16714600	U	U	U	U
chr22	16714600	16714800	U	U	U	U
chr22	16715200	16715400	U	U	U	U
chr22	16715400	16715600	U	U	U	U
chr22	16717800	16718000	B	U	U	U
chr22	16718400	16718600	B	U	U	U
chr22	16719600	16719800	U	U	U	U
chr22	16726000	16726200	U	U	U	U
chr22	16729400	16729600	U	U	U	U
chr22	16737400	16737600	U	U	U	U
chr22	16738600	16738800	U	U	U	U
chr22	16739800	16740000	U	U	U	U
chr22	16745400	16745600	U	U	U	U
chr22	16746600	16746800	U	U	U	U
chr22	16746800	16747000	U	U	U	U
chr22	16747400	16747600	B	U	U	U
chr22	16747800	16748000	B	U	U	U
chr22	16755200	16755400	U	U	U	U
chr22	16763200	16763400	U	U	U	U
chr22	16763800	16764000	U	U	U	U
chr22	16780600	16780800	U	U	U	U
chr22	16783600	16783800	B	U	U	U
chr22	16784200	16784400	B	U	B	B
chr22	16784400	16784600	U	U	U	U
chr22	16800000	16800200	U	U	U	U
chr22	16806800	16807000	U	U	U	U
chr22	16807200	16807400	U	U	U	U
chr22	16808000	16808200	U	U	U	U
chr22	16815800	16816000	U	U	U	U
chr22	16816200	16816400	U	U	U	U
chr22	16816400	16816600	U	U	U	U
chr22	16821000	16821200	U	U	U	U
chr22	16824400	16824600	U	U	U	U
chr22	16825400	16825600	B	U	U	U
chr22	16825800	16826000	U	U	U	U
chr22	16828200	16828400	U	U	U	U
chr22	16830800	16831000	U	U	U	U
chr22	16834800	16835000	U	U	U	U
chr22	16835600	16835800	U	U	U	U
chr22	16836200	16836400	U	U	U	U
chr22	16837200	16837400	U	U	U	U
chr22	16837400	16837600	U	U	U	U
chr22	16837600	16837800	U	U	U	U
chr22	16840600	16840800	U	U	U	U
chr22	16843600	16843800	U	U	U	U
chr22	16844400	16844600	U	U	U	U
chr22	16845800	16846000	U	U	U	U
chr22	16846000	16846200	U	U	U	U
chr22	16855800	16856000	U	U	U	U
chr22	16856600	16856800	U	U	U	U
chr22	16857000	16857200	U	U	U	U
chr22	16858800	16859000	U	U	U	U
chr22	16859400	16859600	U	U	U	U
chr22	16860400	16860600	U	U	U	U
chr22	16866200	16866400	U	U	U	U
chr22	16867000	16867200	U	U	U	U
chr22	16869400	16869600	U	U	U	U
chr22	16869600	16869800	U	U	U	U
chr22	16869800	16870000	U	U	U	U
chr22	16871400	16871600	U	U	U	U
chr22	16873800	16874000	U	U	U	U
chr22	16878000	16878200	U	U	U	U
chr22	16878200	16878400	U	U	U	U
chr22	16879000	16879200	U	U	U	U
chr22	16879200	16879400	U	U	U	U
chr22	16883600	16883800	U	U	U	U
chr22	16887800	16888000	U	U	U	U
chr22	16888400	16888600	U	U	U	U
chr22	16891800	16892000	U	U	U	U
chr22	16897200	16897400	U	U	U	U
chr22	16904600	16904800	U	U	U	U
chr22	16905000	16905200	U	U	U	U
chr22	16905400	16905600	U	U	U	U
chr22	16905800	16906000	U	U	U	U
chr22	16906800	16907000	U	U	U	U
chr22	16910600	16910800	U	U	U	U
chr22	16910800	16911000	U	U	U	U
chr22	16913000	16913200	U	U	U	U
chr22	16913400	16913600	U	U	U	U
chr22	16913600	16913800	U	U	U	U
chr22	16915400	16915600	U	U	U	U
chr22	16915600	16915800	U	U	U	U
chr22	16917000	16917200	U	U	U	U
chr22	16917200	16917400	B	U	U	U
chr22	16918400	16918600	U	U	U	U
chr22	16921200	16921400	U	U	U	U
chr22	16923400	16923600	U	U	U	U
chr22	16926000	16926200	U	U	U	U
chr22	16926800	16927000	U	U	U	U
chr22	16928800	16929000	U	U	U	U
chr22	16929400	16929600	U	U	U	U
chr22	16930000	16930200	U	U	U	U
chr22	16934000	16934200	U	U	U	U
chr22	16934600	16934800	U	U	U	U
chr22	16935000	16935200	U	U	U	U
chr22	16935200	16935400	U	U	U	U
chr22	16944800	16945000	U	U	U	U
chr22	16958000	16958200	U	U	U	U
chr22	16960000	16960200	U	U	U	U
chr22	16960200	16960400	U	U	U	U
chr22	16962000	16962200	U	U	U	U
chr22	16962400	16962600	U	U	U	U
chr22	16963000	16963200	U	U	U	U
chr22	16963600	16963800	U	U	U	U
chr22	16965600	16965800	U	U	U	U
chr22	16967800	16968000	U	U	U	U
chr22	16968000	16968200	U	U	U	U
chr22	16968800	16969000	U	U	U	U
chr22	16969000	16969200	U	U	U	U
chr22	16974400	16974600	U	U	U	U
chr22	16985600	16985800	U	U	U	U
chr22	16987800	16988000	U	U	U	U
chr22	16988000	16988200	U	U	U	U
chr22	17008000	17008200	U	U	U	U
chr22	17009000	17009200	B	U	U	U
chr22	17011800	17012000	U	U	U	U
chr22	17013200	17013400	U	U	U	U
chr22	17023400	17023600	U	U	U	U
chr22	17036200	17036400	U	U	U	U
chr22	17036800	17037000	B	U	U	U
chr22	17046000	17046200	U	U	U	U
chr22	17046200	17046400	U	U	U	U
chr22	17048400	17048600	U	U	U	U
chr22	17048600	17048800	U	U	U	U
chr22	17055800	17056000	U	U	U	U
chr22	17058600	17058800	B	U	U	U
chr22	17060800	17061000	U	U	U	U
chr22	17061400	17061600	U	U	U	U
chr22	17065600	17065800	U	U	U	U
chr22	17069200	17069400	U	U	U	U
chr22	17069600	17069800	U	U	U	U
chr22	17085000	17085200	B	U	U	U
chr22	17085200	17085400	B	U	U	U
chr22	17085400	17085600	B	U	U	U
chr22	17085600	17085800	B	U	U	U
chr22	17086000	17086200	U	U	U	U
chr22	17087200	17087400	U	U	U	U
chr22	17087600	17087800	U	U	U	U
chr22	17095400	17095600	B	U	U	U
chr22	17097000	17097200	U	U	U	U
chr22	17097200	17097400	U	U	U	U
chr22	17097600	17097800	U	U	U	U
chr22	17098400	17098600	B	U	U	U
chr22	17100200	17100400	U	U	U	U
chr22	17100600	17100800	U	U	U	U
chr22	17104600	17104800	U	U	U	U
chr22	17105400	17105600	U	U	U	U
chr22	17107200	17107400	U	U	U	U
chr22	17109800	17110000	U	U	U	U
chr22	17111200	17111400	U	U	U	U
chr22	17114000	17114200	U	U	U	U
chr22	17116800	17117000	U	U	U	U
chr22	17119200	17119400	U	U	U	U
chr22	17119800	17120000	B	U	U	U
chr22	17121400	17121600	B	U	U	U
chr22	17122200	17122400	U	U	U	U
chr22	17138000	17138200	U	U	U	U
chr22	17138200	17138400	U	U	U	U
chr22	17141400	17141600	U	U	U	U
chr22	17145000	17145200	U	U	U	U
chr22	17149400	17149600	U	U	U	U
chr22	17158800	17159000	B	U	U	U
chr22	17159000	17159200	B	U	U	U
chr22	17163600	17163800	U	U	U	U
chr22	17181600	17181800	U	U	U	U
chr22	17182400	17182600	U	U	U	U
chr22	17190200	17190400	U	U	U	U
chr22	17191600	17191800	U	U	U	U
chr22	17194400	17194600	U	U	U	U
chr22	17199000	17199200	U	U	U	U
chr22	17199200	17199400	U	U	U	U
chr22	17207800	17208000	U	U	U	U
chr22	17215000	17215200	U	U	U	U
chr22	17221600	17221800	U	U	U	U
chr22	17232800	17233000	U	U	U	U
chr22	17237600	17237800	U	U	U	U
chr22	17247600	17247800	U	U	U	U
chr22	17258400	17258600	B	U	U	U
chr22	17260600	17260800	U	U	U	U
chr22	17263200	17263400	U	U	U	U
chr22	17265000	17265200	U	U	U	U
chr22	17266000	17266200	U	U	U	U
chr22	17270200	17270400	U	U	U	U
chr22	17272600	17272800	U	U	U	U
chr22	17272800	17273000	U	U	U	U
chr22	17281000	17281200	U	U	U	U
chr22	17284800	17285000	U	U	U	U
chr22	17285600	17285800	U	U	U	U
chr22	17285800	17286000	U	U	U	U
chr22	17286600	17286800	U	U	U	U
chr22	17287000	17287200	U	U	U	U
chr22	17289400	17289600	U	U	U	U
chr22	17301000	17301200	U	U	U	U
chr22	17301600	17301800	U	U	U	U
chr22	17304000	17304200	U	U	U	U
chr22	17305200	17305400	U	U	U	U
chr22	17312600	17312800	U	U	U	U
chr22	17313400	17313600	U	U	U	U
chr22	17315800	17316000	U	U	U	U
chr22	17320800	17321000	U	U	U	U
chr22	17329400	17329600	U	U	U	U
chr22	17353800	17354000	U	U	U	U
chr22	17359600	17359800	B	U	U	B
chr22	17359800	17360000	B	U	U	B
chr22	17367800	17368000	U	U	U	U
chr22	17368000	17368200	U	U	U	U
chr22	17368800	17369000	B	U	U	U
chr22	17369800	17370000	U	U	U	U
chr22	17370000	17370200	U	U	U	U
chr22	17370600	17370800	U	U	U	U
chr22	17370800	17371000	U	U	U	U
chr22	17374000	17374200	U	U	U	U
chr22	17380000	17380200	U	U	U	U
chr22	17386000	17386200	U	U	U	U
chr22	17386200	17386400	U	U	U	U
chr22	17397800	17398000	U	U	U	U
chr22	17399200	17399400	U	U	U	U
chr22	17400200	17400400	U	U	U	U
chr22	17406800	17407000	U	U	U	U
chr22	17411000	17411200	U	U	U	U
chr22	17413000	17413200	U	U	U	U
chr22	17415600	17415800	U	U	U	U
chr22	17416000	17416200	U	U	U	U
chr22	17416200	17416400	U	U	U	U
chr22	17419600	17419800	U	U	U	U
chr22	17420600	17420800	U	U	U	U
chr22	17435400	17435600	U	U	U	U
chr22	17437200	17437400	U	U	U	U
chr22	17442000	17442200	U	U	U	U
chr22	17443000	17443200	U	U	U	U
chr22	17443800	17444000	U	U	U	U
chr22	17445000	17445200	U	U	U	U
chr22	17448600	17448800	U	U	U	U
chr22	17449200	17449400	U	U	U	U
chr22	17450000	17450200	U	U	U	U
chr22	17470800	17471000	U	U	U	U
chr22	17473000	17473200	U	U	U	U
chr22	17474600	17474800	U	U	U	U
chr22	17475800	17476000	U	U	U	U
chr22	17476600	17476800	U	U	U	U
chr22	17477800	17478000	U	U	U	U
chr22	17492200	17492400	U	U	U	U
chr22	17493800	17494000	U	U	U	U
chr22	17494400	17494600	U	U	U	U
chr22	17498600	17498800	U	U	U	U
chr22	17501000	17501200	U	U	U	U
chr22	17505000	17505200	U	U	U	U
chr22	17505200	17505400	U	U	U	U
chr22	17507400	17507600	U	U	U	U
chr22	17509800	17510000	U	U	U	U
chr22	17511000	17511200	U	U	U	U
chr22	17518800	17519000	U	U	U	U
chr22	17536400	17536600	U	U	U	U
chr22	17537000	17537200	U	U	U	U
chr22	17537400	17537600	U	U	U	U
chr22	17541800	17542000	U	U	U	U
chr22	17542000	17542200	U	U	U	U
chr22	17542800	17543000	U	U	U	U
chr22	17547800	17548000	B	U	U	U
chr22	17548400	17548600	B	U	U	U
chr22	17549000	17549200	B	U	U	U
chr22	17549400	17549600	B	U	U	U
chr22	17553600	17553800	U	U	U	U
chr22	17554400	17554600	U	U	U	U
chr22	17556000	17556200	U	U	U	U
chr22	17556200	17556400	U	U	U	U
chr22	17556600	17556800	U	U	U	U
chr22	17569800	17570000	U	U	U	U
chr22	17575200	17575400	U	U	U	U
chr22	17578400	17578600	U	U	U	U
chr22	17582400	17582600	U	U	U	U
chr22	17583200	17583400	U	U	U	U
chr22	17586800	17587000	U	U	U	U
chr22	17590800	17591000	U	U	U	U
chr22	17600600	17600800	U	U	U	U
chr22	17604200	17604400	U	U	U	U
chr22	17606200	17606400	U	U	U	U
chr22	17617600	17617800	U	U	U	U
chr22	17619400	17619600	U	U	U	U
chr22	17633400	17633600	B	U	B	B
chr22	17639400	17639600	B	U	U	U
chr22	17639600	17639800	B	U	U	U
chr22	17643000	17643200	U	U	U	U
chr22	17653200	17653400	U	U	U	U
chr22	17655600	17655800	U	U	U	U
chr22	17676600	17676800	U	U	U	U
chr22	17676800	17677000	U	U	U	U
chr22	17687000	17687200	U	U	U	U
chr22	17692000	17692200	U	U	U	U
chr22	17702000	17702200	U	U	U	U
chr22	17702200	17702400	U	U	U	U
chr22	17711800	17712000	U	U	U	U
chr22	17712400	17712600	U	U	U	U
chr22	17725400	17725600	U	U	U	U
chr22	17730400	17730600	U	U	U	U
chr22	17730600	17730800	U	U	U	U
chr22	17732000	17732200	U	U	U	U
chr22	17733200	17733400	U	U	U	U
chr22	17734000	17734200	U	U	U	U
chr22	17734400	17734600	U	U	U	U
chr22	17734600	17734800	U	U	U	U
chr22	17735600	17735800	U	U	U	U
chr22	17738000	17738200	U	U	U	U
chr22	17741800	17742000	U	U	U	U
chr22	17744800	17745000	U	U	U	U
chr22	17748800	17749000	U	U	U	U
chr22	17764400	17764600	U	U	U	U
chr22	17764800	17765000	U	U	U	U
chr22	17772800	17773000	U	U	U	U
chr22	17773400	17773600	B	U	U	U
chr22	17774600	17774800	B	U	U	U
chr22	17776000	17776200	U	U	U	U
chr22	17778800	17779000	U	U	U	U
chr22	17780000	17780200	U	U	U	U
chr22	17782400	17782600	U	U	U	U
chr22	17785800	17786000	U	U	U	U
chr22	17786800	17787000	B	U	B	B
chr22	17787800	17788000	U	U	U	U
chr22	17789000	17789200	U	U	U	U
chr22	17791800	17792000	U	U	U	U
chr22	17792000	17792200	U	U	U	U
chr22	17792800	17793000	B	U	U	U
chr22	17795600	17795800	U	U	U	U
chr22	17797600	17797800	U	U	U	U
chr22	17797800	17798000	U	U	U	U
chr22	17800600	17800800	U	U	U	U
chr22	17800800	17801000	U	U	U	U
chr22	17803200	17803400	B	U	U	U
chr22	17804000	17804200	U	U	U	U
chr22	17808400	17808600	U	U	U	U
chr22	17808600	17808800	U	U	U	U
chr22	17813600	17813800	U	U	U	U
chr22	17816200	17816400	B	U	U	U
chr22	17816600	17816800	U	U	U	U
chr22	17817800	17818000	U	U	U	U
chr22	17818600	17818800	U	U	U	U
chr22	17819000	17819200	U	U	U	U
chr22	17819200	17819400	U	U	U	U
chr22	17821400	17821600	U	U	U	U
chr22	17823200	17823400	U	U	U	U
chr22	17824800	17825000	U	U	U	U
chr22	17826400	17826600	U	U	U	U
chr22	17827000	17827200	U	U	U	U
chr22	17828000	17828200	U	U	U	U
chr22	17829600	17829800	U	U	U	U
chr22	17830600	17830800	B	U	U	U
chr22	17831600	17831800	U	U	U	U
chr22	17833000	17833200	U	U	U	U
chr22	17833200	17833400	U	U	U	U
chr22	17836000	17836200	U	U	U	U
chr22	17843600	17843800	U	U	U	U
chr22	17846000	17846200	U	U	U	U
chr22	17846200	17846400	U	U	U	U
chr22	17846600	17846800	U	U	U	U
chr22	17846800	17847000	U	U	U	U
chr22	17847200	17847400	B	U	U	U
chr22	17850800	17851000	U	U	U	U
chr22	17856400	17856600	U	U	U	U
chr22	17857600	17857800	U	U	U	U
chr22	17858000	17858200	U	U	U	U
chr22	17859200	17859400	U	U	U	U
chr22	17861200	17861400	U	U	U	U
chr22	17861400	17861600	U	U	U	U
chr22	17863000	17863200	U	U	U	U
chr22	17864200	17864400	U	U	U	U
chr22	17865600	17865800	U	U	U	U
chr22	17866800	17867000	U	U	U	U
chr22	17867000	17867200	U	U	U	U
chr22	17867400	17867600	B	U	U	U
chr22	17870800	17871000	U	U	U	U
chr22	17871600	17871800	U	U	U	U
chr22	17872000	17872200	U	U	U	U
chr22	17872400	17872600	U	U	U	U
chr22	17873400	17873600	U	U	U	U
chr22	17873600	17873800	U	U	U	U
chr22	17873800	17874000	U	U	U	U
chr22	17874000	17874200	U	U	U	U
chr22	17876000	17876200	U	U	U	U
chr22	17878400	17878600	U	U	U	U
chr22	17878800	17879000	U	U	U	U
chr22	17879400	17879600	U	U	U	U
chr22	17881400	17881600	U	U	U	U
chr22	17882000	17882200	U	U	U	U
chr22	17882200	17882400	U	U	U	U
chr22	17883600	17883800	U	U	U	U
chr22	17884800	17885000	U	U	U	U
chr22	17885600	17885800	U	U	U	U
chr22	17888400	17888600	U	U	U	U
chr22	17888600	17888800	U	U	U	U
chr22	17892000	17892200	B	U	B	U
chr22	17893800	17894000	U	U	U	U
chr22	17895200	17895400	U	U	U	U
chr22	17895600	17895800	U	U	U	U
chr22	17895800	17896000	U	U	U	U
chr22	17898800	17899000	U	U	U	U
chr22	17899400	17899600	U	U	U	U
chr22	17900000	17900200	U	U	U	U
chr22	17902400	17902600	U	U	U	U
chr22	17903000	17903200	U	U	U	U
chr22	17903400	17903600	U	U	U	U
chr22	17908000	17908200	U	U	U	U
chr22	17910200	17910400	U	U	U	U
chr22	17913400	17913600	U	U	U	U
chr22	17922200	17922400	B	U	U	U
chr22	17923200	17923400	U	U	U	U
chr22	17925000	17925200	U	U	U	U
chr22	17942600	17942800	U	U	U	U
chr22	17944400	17944600	U	U	U	U
chr22	17944800	17945000	U	U	U	U
chr22	17946000	17946200	U	U	U	U
chr22	17947000	17947200	U	U	U	U
chr22	17949600	17949800	U	U	U	U
chr22	17953400	17953600	U	U	U	U
chr22	17960000	17960200	U	U	U	U
chr22	17961600	17961800	U	U	U	U
chr22	17964200	17964400	U	U	U	U
chr22	17966200	17966400	U	U	U	U
chr22	17966800	17967000	U	U	U	U
chr22	17968400	17968600	U	U	U	U
chr22	17972200	17972400	U	U	U	U
chr22	17975200	17975400	U	U	U	U
chr22	17980200	17980400	B	U	U	U
chr22	17980800	17981000	B	U	B	B
chr22	17983200	17983400	U	U	U	U
chr22	17985400	17985600	U	U	U	U
chr22	17985600	17985800	U	U	U	U
chr22	17991800	17992000	U	U	U	U
chr22	17999200	17999400	U	U	U	U
chr22	18003400	18003600	U	U	U	U
chr22	18006200	18006400	U	U	U	U
chr22	18017000	18017200	U	U	U	U
chr22	18022800	18023000	U	U	U	U
chr22	18027000	18027200	U	U	U	U
chr22	18028200	18028400	U	U	U	U
chr22	18030600	18030800	U	U	U	U
chr22	18030800	18031000	U	U	U	U
chr22	18032200	18032400	U	U	U	U
chr22	18033600	18033800	U	U	U	U
chr22	18039400	18039600	U	U	U	U
chr22	18046000	18046200	U	U	U	U
chr22	18056800	18057000	U	U	U	U
chr22	18069000	18069200	U	U	U	U
chr22	18070000	18070200	U	U	U	U
chr22	18075600	18075800	U	U	U	U
chr22	18077600	18077800	B	U	U	B
chr22	18079400	18079600	U	U	U	U
chr22	18079600	18079800	U	U	U	U
chr22	18093000	18093200	U	U	U	U
chr22	18101200	18101400	U	U	U	U
chr22	18101800	18102000	U	U	U	U
chr22	18102600	18102800	U	U	U	U
chr22	18105000	18105200	U	U	U	U
chr22	18109800	18110000	U	U	U	U
chr22	18110400	18110600	U	U	U	U
chr22	18111400	18111600	U	U	U	U
chr22	18111800	18112000	U	U	U	U
chr22	18114400	18114600	U	U	U	U
chr22	18118800	18119000	U	U	U	U
chr22	18119600	18119800	U	U	U	U
chr22	18121600	18121800	U	U	U	U
chr22	18127000	18127200	U	U	U	U
chr22	18128200	18128400	U	U	U	U
chr22	18129400	18129600	U	U	U	U
chr22	18130200	18130400	U	U	U	U
chr22	18148400	18148600	U	U	U	U
chr22	18148600	18148800	U	U	U	U
chr22	18150000	18150200	B	U	U	U
chr22	18152600	18152800	U	U	U	U
chr22	18152800	18153000	U	U	U	U
chr22	18161800	18162000	U	U	U	U
chr22	18165600	18165800	U	U	U	U
chr22	18173400	18173600	U	U	U	U
chr22	18178600	18178800	U	U	U	U
chr22	18178800	18179000	U	U	U	U
chr22	18179400	18179600	U	U	U	U
chr22	18182400	18182600	U	U	U	U
chr22	18183000	18183200	U	U	U	U
chr22	18187400	18187600	U	U	U	U
chr22	18189000	18189200	U	U	U	U
chr22	18189400	18189600	U	U	U	U
chr22	18189800	18190000	U	U	U	U
chr22	18193800	18194000	U	U	U	U
chr22	18196000	18196200	U	U	U	U
chr22	18196600	18196800	U	U	U	U
chr22	18196800	18197000	U	U	U	U
chr22	18197000	18197200	U	U	U	U
chr22	18198400	18198600	U	U	U	U
chr22	18199000	18199200	U	U	U	U
chr22	18199200	18199400	U	U	U	U
chr22	18220800	18221000	U	U	U	U
chr22	18221000	18221200	U	U	U	U
chr22	18221800	18222000	U	U	U	U
chr22	18223400	18223600	U	U	U	U
chr22	18223600	18223800	U	U	U	U
chr22	18224200	18224400	U	U	U	U
chr22	18232000	18232200	U	U	U	U
chr22	18342000	18342200	U	U	U	U
chr22	18348600	18348800	U	U	U	U
chr22	18348800	18349000	U	U	U	U
chr22	18352000	18352200	U	U	U	U
chr22	18362400	18362600	U	U	U	U
chr22	18364400	18364600	U	U	U	U
chr22	18367200	18367400	U	U	U	U
chr22	18370800	18371000	U	U	U	U
chr22	18372600	18372800	U	U	U	U
chr22	18372800	18373000	U	U	U	U
chr22	18376200	18376400	U	U	U	U
chr22	18377800	18378000	U	U	U	U
chr22	18384000	18384200	U	U	U	U
chr22	18384200	18384400	U	U	U	U
chr22	18385000	18385200	U	U	U	U
chr22	18390200	18390400	U	U	U	U
chr22	18390800	18391000	U	U	U	U
chr22	18391000	18391200	U	U	U	U
chr22	18393000	18393200	U	U	U	U
chr22	18402200	18402400	U	U	U	U
chr22	18402600	18402800	U	U	U	U
chr22	18403000	18403200	U	U	U	U
chr22	18403800	18404000	U	U	U	U
chr22	18404000	18404200	U	U	U	U
chr22	18404200	18404400	U	U	U	U
chr22	18414800	18415000	U	U	U	U
chr22	18425400	18425600	U	U	U	U
chr22	18426600	18426800	U	U	U	U
chr22	18427000	18427200	U	U	U	U
chr22	18427200	18427400	U	U	U	U
chr22	18428600	18428800	U	U	U	U
chr22	18484600	18484800	U	U	U	U
chr22	18488800	18489000	U	U	U	U
chr22	18490800	18491000	U	U	U	U
chr22	18494600	18494800	U	U	U	U
chr22	18497400	18497600	U	U	U	U
chr22	18499200	18499400	U	U	U	U
chr22	18510200	18510400	U	U	U	U
chr22	18511200	18511400	U	U	U	U
chr22	18517800	18518000	U	U	U	U
chr22	18522800	18523000	B	U	U	U
chr22	18533400	18533600	U	U	U	U
chr22	18535200	18535400	U	U	U	U
chr22	18535400	18535600	U	U	U	U
chr22	18535800	18536000	U	U	U	U
chr22	18536400	18536600	U	U	U	U
chr22	18536600	18536800	U	U	U	U
chr22	18536800	18537000	U	U	U	U
chr22	18537000	18537200	U	U	U	U
chr22	18538400	18538600	U	U	U	U
chr22	18540600	18540800	U	U	U	U
chr22	18543600	18543800	U	U	U	U
chr22	18547000	18547200	U	U	U	U
chr22	18547400	18547600	U	U	U	U
chr22	18550000	18550200	U	U	U	U
chr22	18552200	18552400	U	U	U	U
chr22	18552400	18552600	U	U	U	U
chr22	18552600	18552800	U	U	U	U
chr22	18553800	18554000	U	U	U	U
chr22	18556200	18556400	U	U	U	U
chr22	18558600	18558800	U	U	U	U
chr22	18562400	18562600	U	U	U	U
chr22	18570800	18571000	B	U	U	U
chr22	18571600	18571800	U	U	U	U
chr22	18572000	18572200	U	U	U	U
chr22	18574000	18574200	B	U	U	U
chr22	18575200	18575400	U	U	U	U
chr22	18575800	18576000	U	U	U	U
chr22	18576200	18576400	B	U	U	U
chr22	18578600	18578800	B	U	U	U
chr22	18592000	18592200	B	U	U	U
chr22	18595200	18595400	B	U	U	U
chr22	18605200	18605400	U	U	U	U
chr22	18607200	18607400	U	U	U	U
chr22	18607400	18607600	U	U	U	U
chr22	18607800	18608000	U	U	U	U
chr22	18608400	18608600	U	U	U	U
chr22	18608800	18609000	U	U	U	U
chr22	18609000	18609200	U	U	U	U
chr22	18611600	18611800	B	U	U	U
chr22	18612000	18612200	U	U	U	U
chr22	18625000	18625200	U	U	U	U
chr22	18625200	18625400	U	U	U	U
chr22	18628400	18628600	U	U	U	U
chr22	18630000	18630200	B	U	U	U
chr22	18632000	18632200	B	U	U	U
chr22	18632200	18632400	B	U	U	U
chr22	18636800	18637000	U	U	U	U
chr22	18637800	18638000	B	U	U	U
chr22	18640400	18640600	U	U	U	U
chr22	18642600	18642800	U	U	U	U
chr22	18649600	18649800	U	U	U	U
chr22	18650200	18650400	U	U	U	U
chr22	18651400	18651600	U	U	U	U
chr22	18652400	18652600	U	U	U	U
chr22	18653200	18653400	U	U	U	U
chr22	18653600	18653800	U	U	U	U
chr22	18653800	18654000	U	U	U	U
chr22	18716600	18716800	U	U	U	U
chr22	18737800	18738000	U	U	U	U
chr22	18738000	18738200	U	U	U	U
chr22	18739200	18739400	U	U	U	U
chr22	18739400	18739600	U	U	U	U
chr22	18739600	18739800	U	U	U	U
chr22	18742000	18742200	U	U	U	U
chr22	18746200	18746400	U	U	U	U
chr22	18747200	18747400	U	U	U	U
chr22	18751800	18752000	U	U	U	U
chr22	18752000	18752200	U	U	U	U
chr22	18769200	18769400	U	U	U	U
chr22	18770600	18770800	U	U	U	U
chr22	18770800	18771000	U	U	U	U
chr22	18773400	18773600	U	U	U	U
chr22	18773600	18773800	U	U	U	U
chr22	18774000	18774200	U	U	U	U
chr22	18775200	18775400	U	U	U	U
chr22	18778000	18778200	U	U	U	U
chr22	18778800	18779000	U	U	U	U
chr22	18779000	18779200	U	U	U	U
chr22	18779200	18779400	U	U	U	U
chr22	18782200	18782400	U	U	U	U
chr22	18785600	18785800	U	U	U	U
chr22	18792000	18792200	U	U	U	U
chr22	18792800	18793000	U	U	U	U
chr22	18793000	18793200	U	U	U	U
chr22	18795200	18795400	U	U	U	U
chr22	18796400	18796600	U	U	U	U
chr22	18806200	18806400	U	U	U	U
chr22	18807200	18807400	U	U	U	U
chr22	18808000	18808200	U	U	U	U
chr22	18812400	18812600	U	U	U	U
chr22	18816000	18816200	U	U	U	U
chr22	18817400	18817600	U	U	U	U
chr22	18820400	18820600	U	U	U	U
chr22	18822000	18822200	U	U	U	U
chr22	18824000	18824200	U	U	U	U
chr22	18825000	18825200	U	U	U	U
chr22	18828800	18829000	U	U	U	U
chr22	18830800	18831000	U	U	U	U
chr22	18831800	18832000	U	U	U	U
chr22	18832200	18832400	U	U	U	U
chr22	18833200	18833400	U	U	U	U
chr22	18833600	18833800	U	U	U	U
chr22	18834200	18834400	U	U	U	U
chr22	18835800	18836000	U	U	U	U
chr22	18838600	18838800	U	U	U	U
chr22	18839200	18839400	U	U	U	U
chr22	18842800	18843000	U	U	U	U
chr22	18843000	18843200	U	U	U	U
chr22	18847400	18847600	U	U	U	U
chr22	18853800	18854000	U	U	U	U
chr22	18854200	18854400	U	U	U	U
chr22	18855400	18855600	U	U	U	U
chr22	18855600	18855800	U	U	U	U
chr22	18857000	18857200	U	U	U	U
chr22	18859200	18859400	U	U	U	U
chr22	18859400	18859600	U	U	U	U
chr22	18870000	18870200	U	U	U	U
chr22	18876200	18876400	U	U	U	U
chr22	18877000	18877200	U	U	U	U
chr22	18877200	18877400	U	U	U	U
chr22	18880800	18881000	U	U	U	U
chr22	18881000	18881200	U	U	U	U
chr22	18884600	18884800	U	U	U	U
chr22	18885200	18885400	U	U	U	U
chr22	18886400	18886600	U	U	U	U
chr22	18888600	18888800	U	U	U	U
chr22	18889800	18890000	U	U	U	U
chr22	18890000	18890200	U	U	U	U
chr22	18903600	18903800	U	U	U	U
chr22	18905800	18906000	B	U	U	U
chr22	18906800	18907000	B	U	U	U
chr22	18910000	18910200	U	U	U	U
chr22	18912000	18912200	U	U	U	U
chr22	18914400	18914600	U	U	U	U
chr22	18915200	18915400	U	U	U	U
chr22	18915400	18915600	U	U	U	U
chr22	18918800	18919000	U	U	U	U
chr22	18919000	18919200	U	U	U	U
chr22	18920400	18920600	U	U	U	U
chr22	18921200	18921400	U	U	U	U
chr22	18922000	18922200	U	U	U	U
chr22	18923400	18923600	U	U	U	U
chr22	18923600	18923800	U	U	U	U
chr22	18925000	18925200	U	U	U	U
chr22	18925600	18925800	U	U	U	U
chr22	18925800	18926000	U	U	U	U
chr22	18926800	18927000	U	U	U	U
chr22	18927200	18927400	U	U	U	U
chr22	18927600	18927800	U	U	U	U
chr22	18927800	18928000	U	U	U	U
chr22	18928600	18928800	U	U	U	U
chr22	18928800	18929000	U	U	U	U
chr22	18931000	18931200	U	U	U	U
chr22	18934800	18935000	U	U	U	U
chr22	18950600	18950800	U	U	U	U
chr22	18951000	18951200	U	U	U	U
chr22	18952000	18952200	U	U	U	U
chr22	18954000	18954200	B	U	U	U
chr22	18955000	18955200	U	U	U	U
chr22	18955200	18955400	U	U	U	U
chr22	18958600	18958800	U	U	U	U
chr22	18962000	18962200	U	U	U	U
chr22	18964600	18964800	U	U	U	U
chr22	18964800	18965000	U	U	U	U
chr22	18965000	18965200	U	U	U	U
chr22	18965600	18965800	U	U	U	U
chr22	18965800	18966000	U	U	U	U
chr22	18966000	18966200	U	U	U	U
chr22	18966400	18966600	U	U	U	U
chr22	18971600	18971800	U	U	U	U
chr22	18972200	18972400	U	U	U	U
chr22	18973800	18974000	U	U	U	U
chr22	18974200	18974400	U	U	U	U
chr22	18981200	18981400	U	U	U	U
chr22	18983400	18983600	U	U	U	U
chr22	18985800	18986000	U	U	U	U
chr22	18992600	18992800	U	U	U	U
chr22	18993000	18993200	U	U	U	U
chr22	18993200	18993400	U	U	U	U
chr22	18993800	18994000	U	U	U	U
chr22	18994000	18994200	U	U	U	U
chr22	18994400	18994600	U	U	U	U
chr22	18994800	18995000	U	U	U	U
chr22	18995200	18995400	U	U	U	U
chr22	19016200	19016400	U	U	U	U
chr22	19019800	19020000	U	U	U	U
chr22	19024000	19024200	U	U	U	U
chr22	19025400	19025600	U	U	U	U
chr22	19026200	19026400	B	U	U	U
chr22	19026600	19026800	U	U	U	U
chr22	19028200	19028400	B	U	U	U
chr22	19030800	19031000	U	U	U	U
chr22	19031200	19031400	U	U	U	U
chr22	19033400	19033600	U	U	U	U
chr22	19033600	19033800	U	U	U	U
chr22	19033800	19034000	U	U	U	U
chr22	19035400	19035600	B	U	B	U
chr22	19036400	19036600	B	U	U	U
chr22	19040200	19040400	U	U	U	U
chr22	19042000	19042200	U	U	U	U
chr22	19043400	19043600	U	U	U	U
chr22	19047000	19047200	U	U	U	U
chr22	19047600	19047800	U	U	U	U
chr22	19048400	19048600	U	U	U	U
chr22	19057200	19057400	U	U	U	U
chr22	19057400	19057600	U	U	U	U
chr22	19060200	19060400	U	U	U	U
chr22	19060400	19060600	U	U	U	U
chr22	19060600	19060800	U	U	U	U
chr22	19062200	19062400	U	U	U	U
chr22	19065200	19065400	U	U	U	U
chr22	19066600	19066800	U	U	U	U
chr22	19068000	19068200	U	U	U	U
chr22	19070000	19070200	U	U	U	U
chr22	19070800	19071000	U	U	U	U
chr22	19087000	19087200	B	U	U	U
chr22	19089000	19089200	U	U	U	U
chr22	19095800	19096000	U	U	U	U
chr22	19097800	19098000	U	U	U	U
chr22	19105400	19105600	U	U	U	U
chr22	19106600	19106800	U	U	B	U
chr22	19115400	19115600	B	U	U	U
chr22	19116200	19116400	U	U	U	U
chr22	19117200	19117400	U	U	U	U
chr22	19118800	19119000	U	U	U	U
chr22	19119800	19120000	U	U	U	U
chr22	19122600	19122800	B	U	U	U
chr22	19122800	19123000	B	U	U	U
chr22	19124400	19124600	U	U	U	U
chr22	19127200	19127400	U	U	U	U
chr22	19127600	19127800	U	U	U	U
chr22	19127800	19128000	U	U	U	U
chr22	19130000	19130200	U	U	U	U
chr22	19132600	19132800	U	U	U	U
chr22	19133000	19133200	U	U	U	U
chr22	19134000	19134200	U	U	U	U
chr22	19134800	19135000	U	U	U	U
chr22	19136600	19136800	U	U	U	U
chr22	19137200	19137400	U	U	U	U
chr22	19137400	19137600	U	U	U	U
chr22	19137600	19137800	U	U	U	U
chr22	19139400	19139600	U	U	U	U
chr22	19142400	19142600	U	U	U	U
chr22	19144400	19144600	B	U	U	U
chr22	19148000	19148200	U	U	U	U
chr22	19148600	19148800	U	U	U	U
chr22	19169000	19169200	U	U	U	U
chr22	19170200	19170400	U	U	U	U
chr22	19172600	19172800	U	U	U	U
chr22	19173400	19173600	U	U	U	U
chr22	19176800	19177000	U	U	U	U
chr22	19179800	19180000	U	U	U	U
chr22	19180400	19180600	U	U	U	U
chr22	19181000	19181200	U	U	U	U
chr22	19182400	19182600	U	U	U	U
chr22	19182600	19182800	U	U	U	U
chr22	19183000	19183200	U	U	U	U
chr22	19183600	19183800	U	U	U	U
chr22	19187600	19187800	U	U	U	U
chr22	19187800	19188000	U	U	U	U
chr22	19195000	19195200	U	U	U	U
chr22	19196800	19197000	U	U	U	U
chr22	19199000	19199200	U	U	U	U
chr22	19199400	19199600	U	U	U	U
chr22	19200000	19200200	U	U	U	U
chr22	19200200	19200400	U	U	U	U
chr22	19209400	19209600	U	U	U	U
chr22	19210200	19210400	U	U	U	U
chr22	19217000	19217200	U	U	U	U
chr22	19220800	19221000	U	U	U	U
chr22	19221400	19221600	U	U	U	U
chr22	19225400	19225600	U	U	U	U
chr22	19226000	19226200	U	U	U	U
chr22	19228400	19228600	U	U	U	U
chr22	19229800	19230000	U	U	U	U
chr22	19231600	19231800	U	U	U	U
chr22	19232400	19232600	U	U	U	U
chr22	19234200	19234400	U	U	U	U
chr22	19234600	19234800	U	U	U	U
chr22	19236200	19236400	U	U	U	U
chr22	19237800	19238000	U	U	U	U
chr22	19241600	19241800	U	U	U	U
chr22	19254000	19254200	U	U	U	U
chr22	19254400	19254600	U	U	U	U
chr22	19279800	19280000	U	U	U	U
chr22	19281600	19281800	U	U	U	U
chr22	19286000	19286200	U	U	U	U
chr22	19286200	19286400	U	U	U	U
chr22	19289800	19290000	U	U	U	U
chr22	19331400	19331600	U	U	U	U
chr22	19331600	19331800	U	U	U	U
chr22	19332000	19332200	U	U	U	U
chr22	19332200	19332400	U	U	U	U
chr22	19351600	19351800	U	U	U	U
chr22	19352600	19352800	U	U	U	U
chr22	19352800	19353000	U	U	U	U
chr22	19353400	19353600	U	U	U	U
chr22	19354000	19354200	U	U	U	U
chr22	19354400	19354600	U	U	U	U
chr22	19359400	19359600	U	U	U	U
chr22	19360800	19361000	U	U	U	U
chr22	19368000	19368200	U	U	U	U
chr22	19370800	19371000	U	U	U	U
chr22	19375800	19376000	U	U	U	U
chr22	19376000	19376200	U	U	U	U
chr22	19377000	19377200	U	U	U	U
chr22	19377400	19377600	U	U	U	U
chr22	19385800	19386000	U	U	U	U
chr22	19389200	19389400	U	U	U	U
chr22	19393000	19393200	U	U	U	U
chr22	19395200	19395400	U	U	U	U
chr22	19396600	19396800	B	U	U	U
chr22	19404400	19404600	U	U	U	U
chr22	19405400	19405600	U	U	U	U
chr22	19405600	19405800	U	U	U	U
chr22	19407800	19408000	B	U	U	U
chr22	19408000	19408200	B	U	U	U
chr22	19411000	19411200	U	U	U	U
chr22	19419800	19420000	B	U	U	B
chr22	19423600	19423800	U	U	U	U
chr22	19425200	19425400	U	U	U	U
chr22	19425400	19425600	U	U	U	U
chr22	19427400	19427600	U	U	U	U
chr22	19443000	19443200	U	U	U	U
chr22	19443200	19443400	U	U	U	U
chr22	19443800	19444000	U	U	U	U
chr22	19445000	19445200	U	U	U	B
chr22	19449800	19450000	U	U	U	U
chr22	19450000	19450200	U	U	U	U
chr22	19458200	19458400	U	U	U	U
chr22	19464000	19464200	U	U	U	U
chr22	19464200	19464400	U	U	U	U
chr22	19464600	19464800	U	U	U	U
chr22	19467800	19468000	U	U	U	U
chr22	19469000	19469200	U	U	U	U
chr22	19469200	19469400	U	U	U	U
chr22	19469400	19469600	U	U	U	U
chr22	19470000	19470200	U	U	U	U
chr22	19471000	19471200	U	U	U	U
chr22	19471600	19471800	U	U	U	U
chr22	19472000	19472200	U	U	U	U
chr22	19473000	19473200	U	U	U	U
chr22	19475000	19475200	U	U	U	U
chr22	19479800	19480000	B	U	U	B
chr22	19480200	19480400	B	U	U	U
chr22	19483600	19483800	U	U	U	U
chr22	19485400	19485600	U	U	U	U
chr22	19488400	19488600	U	U	U	U
chr22	19494600	19494800	U	U	U	U
chr22	19499200	19499400	U	U	U	U
chr22	19506000	19506200	U	U	U	U
chr22	19508600	19508800	U	U	U	U
chr22	19515000	19515200	U	U	U	U
chr22	19515200	19515400	U	U	U	U
chr22	19516800	19517000	U	U	U	U
chr22	19518800	19519000	U	U	U	U
chr22	19519000	19519200	U	U	U	U
chr22	19520800	19521000	U	U	U	U
chr22	19522000	19522200	B	U	U	U
chr22	19522400	19522600	B	U	U	U
chr22	19522800	19523000	B	U	U	U
chr22	19523800	19524000	U	U	U	U
chr22	19524800	19525000	U	U	U	U
chr22	19526000	19526200	U	U	U	U
chr22	19527000	19527200	U	U	U	U
chr22	19527400	19527600	U	U	U	U
chr22	19556600	19556800	U	U	U	U
chr22	19569000	19569200	U	U	U	U
chr22	19571600	19571800	U	U	U	U
chr22	19574000	19574200	U	U	U	U
chr22	19574200	19574400	U	U	U	U
chr22	19574400	19574600	U	U	U	U
chr22	19591000	19591200	U	U	U	U
chr22	19595600	19595800	U	U	U	U
chr22	19608400	19608600	U	U	U	U
chr22	19618600	19618800	U	U	U	U
chr22	19618800	19619000	U	U	U	U
chr22	19619000	19619200	U	U	U	U
chr22	19621400	19621600	U	U	U	U
chr22	19623200	19623400	U	U	U	U
chr22	19625800	19626000	U	U	U	U
chr22	19630800	19631000	U	U	U	U
chr22	19632000	19632200	B	U	U	B
chr22	19633400	19633600	U	U	U	U
chr22	19637000	19637200	U	U	U	U
chr22	19638400	19638600	U	U	U	U
chr22	19644000	19644200	B	U	U	B
chr22	19644800	19645000	B	U	U	U
chr22	19655600	19655800	U	U	U	U
chr22	19656600	19656800	U	U	U	U
chr22	19657200	19657400	U	U	U	U
chr22	19665800	19666000	U	U	U	U
chr22	19670200	19670400	U	U	U	U
chr22	19687400	19687600	U	U	U	U
chr22	19687600	19687800	U	U	U	U
chr22	19688400	19688600	B	U	U	U
chr22	19688800	19689000	B	U	U	U
chr22	19689200	19689400	U	U	U	U
chr22	19691400	19691600	B	U	U	U
chr22	19696200	19696400	B	U	U	U
chr22	19696400	19696600	U	U	U	U
chr22	19704000	19704200	U	U	U	U
chr22	19704600	19704800	U	U	U	U
chr22	19707000	19707200	U	U	U	U
chr22	19708000	19708200	U	U	U	U
chr22	19708200	19708400	U	U	U	U
chr22	19710200	19710400	U	U	U	U
chr22	19711000	19711200	U	U	U	U
chr22	19712200	19712400	U	U	U	U
chr22	19713600	19713800	U	U	U	U
chr22	19714800	19715000	U	U	U	U
chr22	19716200	19716400	U	U	U	U
chr22	19718400	19718600	B	U	U	U
chr22	19719200	19719400	B	U	U	B
chr22	19719400	19719600	U	U	U	U
chr22	19720000	19720200	U	U	U	U
chr22	19721400	19721600	U	U	U	U
chr22	19723600	19723800	B	U	U	B
chr22	19728200	19728400	U	U	U	U
chr22	19729400	19729600	U	U	U	U
chr22	19730000	19730200	U	U	U	U
chr22	19731000	19731200	B	U	U	B
chr22	19732600	19732800	U	U	U	U
chr22	19734000	19734200	U	U	U	U
chr22	19734600	19734800	U	U	U	U
chr22	19735400	19735600	U	U	U	U
chr22	19736200	19736400	U	U	U	U
chr22	19737400	19737600	U	U	U	U
chr22	19739400	19739600	U	U	U	U
chr22	19740400	19740600	U	U	U	U
chr22	19740800	19741000	U	U	U	U
chr22	19741000	19741200	U	U	U	U
chr22	19741600	19741800	U	U	U	U
chr22	19744600	19744800	U	U	U	U
chr22	19745600	19745800	B	U	U	U
chr22	19746200	19746400	U	U	U	U
chr22	19746800	19747000	U	U	U	U
chr22	19747200	19747400	U	U	U	U
chr22	19750800	19751000	U	U	U	U
chr22	19753200	19753400	U	U	U	U
chr22	19754000	19754200	U	U	U	U
chr22	19754200	19754400	U	U	U	U
chr22	19754800	19755000	U	U	U	U
chr22	19761400	19761600	U	U	U	U
chr22	19763200	19763400	U	U	U	U
chr22	19763800	19764000	U	U	U	U
chr22	19764600	19764800	U	U	U	U
chr22	19768200	19768400	U	U	U	U
chr22	19768400	19768600	U	U	U	U
chr22	19770200	19770400	U	U	U	U
chr22	19775800	19776000	U	U	U	U
chr22	19776400	19776600	B	U	U	U
chr22	19782600	19782800	U	U	U	U
chr22	19784200	19784400	U	U	U	U
chr22	19785600	19785800	U	U	U	U
chr22	19785800	19786000	U	U	U	U
chr22	19786800	19787000	U	U	U	U
chr22	19788600	19788800	U	U	U	U
chr22	19789000	19789200	U	U	U	U
chr22	19792400	19792600	U	U	U	U
chr22	19795800	19796000	U	U	U	U
chr22	19798400	19798600	U	U	U	U
chr22	19799200	19799400	B	U	U	U
chr22	19799600	19799800	B	U	U	U
chr22	19800000	19800200	U	U	U	U
chr22	19800400	19800600	U	U	U	U
chr22	19802600	19802800	U	U	U	U
chr22	19804200	19804400	U	U	U	U
chr22	19804800	19805000	U	U	U	U
chr22	19805200	19805400	U	U	U	U
chr22	19806000	19806200	U	U	U	U
chr22	19807400	19807600	U	U	U	U
chr22	19807600	19807800	U	U	U	U
chr22	19818000	19818200	U	U	U	U
chr22	19819000	19819200	U	U	U	U
chr22	19819600	19819800	U	U	U	U
chr22	19822600	19822800	U	U	U	U
chr22	19824200	19824400	U	U	U	U
chr22	19824600	19824800	U	U	U	U
chr22	19824800	19825000	U	U	U	U
chr22	19843200	19843400	U	U	U	U
chr22	19844200	19844400	U	U	U	U
chr22	19844800	19845000	U	U	U	U
chr22	19845200	19845400	U	U	U	U
chr22	19850000	19850200	U	U	U	U
chr22	19851200	19851400	U	U	U	U
chr22	19851400	19851600	U	U	U	U
chr22	19852600	19852800	U	U	U	U
chr22	19853200	19853400	U	U	U	U
chr22	19855400	19855600	B	U	U	U
chr22	19869400	19869600	U	U	B	U
chr22	19871000	19871200	U	U	U	U
chr22	19873400	19873600	U	U	U	U
chr22	19877200	19877400	U	U	U	U
chr22	19877800	19878000	U	U	U	U
chr22	19878400	19878600	U	U	U	U
chr22	19879000	19879200	U	U	U	U
chr22	19880200	19880400	U	U	U	U
chr22	19881200	19881400	B	U	U	U
chr22	19881400	19881600	B	U	U	U
chr22	19883000	19883200	U	U	U	U
chr22	19885800	19886000	U	U	U	U
chr22	19887400	19887600	U	U	U	U
chr22	19890000	19890200	U	U	U	U
chr22	19892200	19892400	B	U	B	U
chr22	19892600	19892800	B	U	B	U
chr22	19892800	19893000	U	U	U	U
chr22	19893000	19893200	U	U	U	U
chr22	19893400	19893600	U	U	U	U
chr22	19897200	19897400	B	U	U	U
chr22	19898800	19899000	U	U	U	U
chr22	19899000	19899200	U	U	U	U
chr22	19901200	19901400	U	U	U	U
chr22	19901400	19901600	U	U	U	U
chr22	19902600	19902800	U	U	U	U
chr22	19903400	19903600	U	U	U	U
chr22	19904800	19905000	U	U	U	U
chr22	19912200	19912400	U	U	U	U
chr22	19915800	19916000	U	U	U	U
chr22	19917600	19917800	U	U	U	U
chr22	19918200	19918400	B	U	U	U
chr22	19918800	19919000	B	U	U	U
chr22	19920000	19920200	U	U	U	U
chr22	19930000	19930200	U	U	U	U
chr22	19942000	19942200	B	U	U	B
chr22	19954800	19955000	U	U	U	U
chr22	19955200	19955400	U	U	U	U
chr22	19960400	19960600	U	U	U	U
chr22	19962800	19963000	U	U	B	U
chr22	19963200	19963400	U	U	U	U
chr22	19964200	19964400	U	U	U	U
chr22	19964600	19964800	U	U	U	U
chr22	19968800	19969000	U	U	U	U
chr22	19969000	19969200	U	U	U	U
chr22	19969200	19969400	U	U	U	U
chr22	19971800	19972000	U	U	U	U
chr22	19972400	19972600	U	U	U	U
chr22	19972800	19973000	B	U	U	U
chr22	19973200	19973400	U	U	U	U
chr22	19975200	19975400	B	U	U	B
chr22	19975400	19975600	B	U	U	B
chr22	19976000	19976200	U	U	U	U
chr22	19976400	19976600	U	U	U	U
chr22	19976600	19976800	U	U	U	U
chr22	19976800	19977000	U	U	U	U
chr22	19977200	19977400	U	U	U	U
chr22	19977800	19978000	U	U	U	U
chr22	19979400	19979600	U	U	U	U
chr22	19982000	19982200	U	U	U	U
chr22	19982200	19982400	U	U	U	U
chr22	19983800	19984000	U	U	U	U
chr22	19986200	19986400	B	U	U	U
chr22	19987000	19987200	B	U	U	U
chr22	19987800	19988000	U	U	U	U
chr22	19989600	19989800	B	U	U	U
chr22	19990400	19990600	U	U	U	U
chr22	19991400	19991600	U	U	U	U
chr22	19991800	19992000	U	U	U	U
chr22	19992400	19992600	U	U	U	U
chr22	19995600	19995800	U	U	U	U
chr22	19998000	19998200	U	U	U	U
chr22	20002600	20002800	U	U	U	U
chr22	20002800	20003000	U	U	U	U
chr22	20008000	20008200	U	U	U	U
chr22	20012200	20012400	U	U	U	U
chr22	20016200	20016400	B	U	U	U
chr22	20017400	20017600	U	U	U	U
chr22	20019400	20019600	U	U	U	U
chr22	20020400	20020600	U	U	U	U
chr22	20024600	20024800	U	U	U	U
chr22	20025800	20026000	U	U	U	U
chr22	20028600	20028800	U	U	U	U
chr22	20029000	20029200	U	U	U	U
chr22	20031600	20031800	U	U	U	U
chr22	20032000	20032200	U	U	U	U
chr22	20032600	20032800	U	U	U	U
chr22	20035200	20035400	B	U	U	U
chr22	20037000	20037200	U	U	U	U
chr22	20037200	20037400	U	U	U	U
chr22	20039800	20040000	U	U	U	U
chr22	20043000	20043200	U	U	U	U
chr22	20052400	20052600	U	U	U	U
chr22	20052800	20053000	U	U	U	U
chr22	20053800	20054000	U	U	U	U
chr22	20055000	20055200	U	U	U	U
chr22	20056000	20056200	U	U	U	U
chr22	20057000	20057200	U	U	U	U
chr22	20057800	20058000	B	U	U	U
chr22	20061600	20061800	U	U	U	U
chr22	20062600	20062800	U	U	U	U
chr22	20064600	20064800	U	U	U	U
chr22	20065800	20066000	U	U	U	U
chr22	20066600	20066800	U	U	U	U
chr22	20083600	20083800	U	U	U	U
chr22	20086000	20086200	U	U	U	U
chr22	20086400	20086600	U	U	U	U
chr22	20086800	20087000	U	U	U	U
chr22	20087400	20087600	U	U	U	U
chr22	20087600	20087800	U	U	U	U
chr22	20088200	20088400	U	U	U	U
chr22	20090000	20090200	U	U	U	U
chr22	20090200	20090400	U	U	U	U
chr22	20093600	20093800	U	U	U	U
chr22	20094400	20094600	U	U	U	U
chr22	20100400	20100600	U	U	U	U
chr22	20106800	20107000	U	U	U	U
chr22	20108600	20108800	U	U	U	U
chr22	20111000	20111200	B	U	U	U
chr22	20111800	20112000	B	U	U	U
chr22	20113600	20113800	U	U	U	U
chr22	20114400	20114600	U	U	U	U
chr22	20120400	20120600	U	U	U	U
chr22	20122400	20122600	U	U	U	U
chr22	20124200	20124400	U	U	U	U
chr22	20124600	20124800	U	U	U	U
chr22	20124800	20125000	U	U	U	U
chr22	20125200	20125400	U	U	U	U
chr22	20126200	20126400	U	U	U	U
chr22	20126400	20126600	U	U	U	U
chr22	20127200	20127400	B	U	U	U
chr22	20127800	20128000	B	U	U	U
chr22	20132200	20132400	U	U	U	U
chr22	20132800	20133000	U	U	U	U
chr22	20135400	20135600	U	U	U	U
chr22	20138000	20138200	U	U	U	U
chr22	20140000	20140200	U	U	U	U
chr22	20140800	20141000	U	U	U	U
chr22	20142000	20142200	U	U	U	U
chr22	20143000	20143200	U	U	U	U
chr22	20143200	20143400	U	U	U	U
chr22	20144600	20144800	U	U	U	U
chr22	20145200	20145400	U	U	U	U
chr22	20146200	20146400	U	U	U	U
chr22	20146400	20146600	U	U	U	U
chr22	20146600	20146800	U	U	U	U
chr22	20147600	20147800	U	U	U	U
chr22	20148000	20148200	U	U	U	U
chr22	20149000	20149200	U	U	U	U
chr22	20149800	20150000	U	U	U	U
chr22	20155400	20155600	U	U	U	U
chr22	20156200	20156400	U	U	U	U
chr22	20157400	20157600	B	U	B	U
chr22	20158000	20158200	U	U	U	U
chr22	20158400	20158600	U	U	U	U
chr22	20158800	20159000	U	U	U	U
chr22	20161000	20161200	U	U	U	U
chr22	20165400	20165600	U	U	U	U
chr22	20165600	20165800	U	U	U	U
chr22	20166200	20166400	U	U	U	U
chr22	20167600	20167800	U	U	U	U
chr22	20168200	20168400	U	U	B	U
chr22	20170000	20170200	U	U	U	U
chr22	20170200	20170400	U	U	U	U
chr22	20171600	20171800	U	U	U	U
chr22	20173400	20173600	U	U	U	U
chr22	20176800	20177000	U	U	U	U
chr22	20177200	20177400	U	U	U	U
chr22	20179200	20179400	U	U	U	U
chr22	20179800	20180000	U	U	U	U
chr22	20183400	20183600	U	U	U	U
chr22	20191400	20191600	U	U	U	U
chr22	20194800	20195000	U	U	U	U
chr22	20196000	20196200	B	U	U	U
chr22	20196600	20196800	B	U	U	U
chr22	20197000	20197200	U	U	U	U
chr22	20198800	20199000	U	U	U	U
chr22	20199000	20199200	U	U	U	U
chr22	20200000	20200200	U	U	U	U
chr22	20206600	20206800	B	U	U	U
chr22	20207200	20207400	B	U	U	U
chr22	20208800	20209000	U	U	U	U
chr22	20209000	20209200	U	U	U	U
chr22	20212000	20212200	B	U	U	U
chr22	20212200	20212400	B	U	U	U
chr22	20213400	20213600	U	U	U	U
chr22	20213800	20214000	U	U	U	U
chr22	20214000	20214200	U	U	U	U
chr22	20217400	20217600	U	U	U	U
chr22	20218400	20218600	U	U	U	U
chr22	20221000	20221200	B	U	U	U
chr22	20221600	20221800	U	U	U	U
chr22	20222400	20222600	U	U	U	U
chr22	20224000	20224200	U	U	U	U
chr22	20226800	20227000	U	U	U	U
chr22	20227200	20227400	U	U	U	U
chr22	20227400	20227600	U	U	U	U
chr22	20227600	20227800	U	U	U	U
chr22	20228600	20228800	U	U	U	U
chr22	20229200	20229400	U	U	U	U
chr22	20232800	20233000	U	U	U	U
chr22	20233600	20233800	U	U	U	U
chr22	20233800	20234000	U	U	U	U
chr22	20234400	20234600	U	U	U	U
chr22	20236800	20237000	U	U	U	U
chr22	20240400	20240600	U	U	U	U
chr22	20242000	20242200	U	U	U	U
chr22	20245000	20245200	U	U	U	U
chr22	20245200	20245400	U	U	U	U
chr22	20248000	20248200	U	U	U	U
chr22	20249000	20249200	U	U	U	U
chr22	20249600	20249800	U	U	U	U
chr22	20249800	20250000	U	U	U	U
chr22	20252800	20253000	U	U	U	U
chr22	20256600	20256800	U	U	U	U
chr22	20256800	20257000	U	U	U	U
chr22	20260200	20260400	U	U	U	U
chr22	20260600	20260800	U	U	U	U
chr22	20260800	20261000	U	U	U	U
chr22	20261400	20261600	U	U	U	U
chr22	20265000	20265200	U	U	U	U
chr22	20265200	20265400	U	U	U	U
chr22	20266800	20267000	U	U	U	U
chr22	20267000	20267200	U	U	U	U
chr22	20267200	20267400	U	U	U	U
chr22	20267400	20267600	B	U	U	U
chr22	20269000	20269200	U	U	U	U
chr22	20270200	20270400	B	U	B	U
chr22	20270400	20270600	B	U	B	U
chr22	20271600	20271800	U	U	U	U
chr22	20272600	20272800	U	U	U	U
chr22	20276600	20276800	U	U	U	U
chr22	20278200	20278400	U	U	U	U
chr22	20279200	20279400	U	U	U	U
chr22	20280600	20280800	U	U	U	U
chr22	20281800	20282000	U	U	U	U
chr22	20282000	20282200	U	U	U	U
chr22	20283200	20283400	U	U	U	U
chr22	20284800	20285000	U	U	U	U
chr22	20286400	20286600	B	U	U	U
chr22	20286600	20286800	U	U	U	U
chr22	20287800	20288000	U	U	U	U
chr22	20289400	20289600	U	U	U	U
chr22	20289600	20289800	U	U	U	U
chr22	20290200	20290400	U	U	U	U
chr22	20291000	20291200	U	U	U	U
chr22	20291800	20292000	U	U	U	U
chr22	20292400	20292600	U	U	U	U
chr22	20297000	20297200	U	U	U	U
chr22	20298400	20298600	U	U	U	U
chr22	20299600	20299800	B	U	U	U
chr22	20300000	20300200	B	U	U	U
chr22	20300800	20301000	U	U	U	U
chr22	20301000	20301200	U	U	U	U
chr22	20303600	20303800	U	U	U	U
chr22	20306200	20306400	U	U	U	U
chr22	20306400	20306600	U	U	U	U
chr22	20307800	20308000	U	U	U	U
chr22	20308400	20308600	U	U	U	U
chr22	20310200	20310400	U	U	U	U
chr22	20310600	20310800	U	U	U	U
chr22	20311000	20311200	U	U	U	U
chr22	20313800	20314000	B	U	U	U
chr22	20315200	20315400	U	U	U	U
chr22	20315800	20316000	U	U	U	U
chr22	20316800	20317000	U	U	U	U
chr22	20319200	20319400	B	U	U	B
chr22	20320200	20320400	B	U	U	B
chr22	20321000	20321200	B	U	U	U
chr22	20332000	20332200	U	U	U	U
chr22	20340800	20341000	U	U	U	U
chr22	20342200	20342400	U	U	U	U
chr22	20343200	20343400	U	U	U	U
chr22	20344400	20344600	U	U	U	U
chr22	20344600	20344800	U	U	U	U
chr22	20347200	20347400	U	U	U	U
chr22	20353200	20353400	U	U	U	U
chr22	20363600	20363800	U	U	U	U
chr22	20364400	20364600	U	U	U	U
chr22	20364600	20364800	U	U	U	U
chr22	20375200	20375400	U	U	U	U
chr22	20387800	20388000	U	U	U	U
chr22	20394400	20394600	B	U	U	B
chr22	20395200	20395400	U	U	U	U
chr22	20407000	20407200	U	U	U	U
chr22	20407600	20407800	U	U	U	U
chr22	20419200	20419400	U	U	U	U
chr22	20421000	20421200	U	U	U	U
chr22	20422400	20422600	U	U	U	U
chr22	20422600	20422800	U	U	U	U
chr22	20424000	20424200	U	U	U	U
chr22	20424400	20424600	U	U	U	U
chr22	20424600	20424800	U	U	U	U
chr22	20426200	20426400	U	U	U	U
chr22	20426400	20426600	U	U	U	U
chr22	20427800	20428000	U	U	U	U
chr22	20428000	20428200	U	U	U	U
chr22	20431600	20431800	U	U	U	U
chr22	20432200	20432400	U	U	U	U
chr22	20432400	20432600	U	U	U	U
chr22	20433600	20433800	U	U	U	U
chr22	20436800	20437000	U	U	U	U
chr22	20438000	20438200	U	U	U	U
chr22	20439800	20440000	U	U	U	U
chr22	20440800	20441000	U	U	U	U
chr22	20441400	20441600	U	U	U	U
chr22	20442600	20442800	U	U	U	U
chr22	20451800	20452000	U	U	U	U
chr22	20452200	20452400	U	U	U	U
chr22	20455400	20455600	U	U	U	U
chr22	20463000	20463200	U	U	U	U
chr22	20464400	20464600	U	U	U	U
chr22	20464800	20465000	U	U	U	U
chr22	20469800	20470000	U	U	U	U
chr22	20483200	20483400	U	U	U	U
chr22	20488400	20488600	U	U	U	U
chr22	20488800	20489000	U	U	U	U
chr22	20491800	20492000	U	U	U	U
chr22	20495000	20495200	U	U	U	U
chr22	20504200	20504400	U	U	U	U
chr22	20506800	20507000	U	U	U	U
chr22	20507000	20507200	U	U	U	U
chr22	20507800	20508000	B	U	U	U
chr22	20509200	20509400	B	U	U	B
chr22	20514400	20514600	U	U	U	U
chr22	20514600	20514800	U	U	U	U
chr22	20518600	20518800	U	U	U	U
chr22	20532000	20532200	U	U	U	U
chr22	20532400	20532600	B	U	U	U
chr22	20533600	20533800	U	U	U	U
chr22	20534600	20534800	U	U	U	U
chr22	20536600	20536800	U	U	U	U
chr22	20552400	20552600	U	U	U	U
chr22	20554400	20554600	U	U	U	U
chr22	20558400	20558600	U	U	U	U
chr22	20568800	20569000	U	U	U	U
chr22	20569800	20570000	U	U	U	U
chr22	20571200	20571400	B	U	U	U
chr22	20571800	20572000	B	U	B	B
chr22	20573400	20573600	U	U	U	U
chr22	20573800	20574000	U	U	U	U
chr22	20574400	20574600	U	U	U	U
chr22	20578800	20579000	U	U	U	U
chr22	20580000	20580200	U	U	U	U
chr22	20580200	20580400	U	U	U	U
chr22	20580600	20580800	U	U	U	U
chr22	20581200	20581400	U	U	U	U
chr22	20583200	20583400	U	U	U	U
chr22	20585400	20585600	U	U	U	U
chr22	20588200	20588400	B	U	U	U
chr22	20589600	20589800	U	U	U	U
chr22	20590600	20590800	U	U	U	U
chr22	20592000	20592200	B	U	U	U
chr22	20602600	20602800	U	U	U	U
chr22	20602800	20603000	U	U	U	U
chr22	20603000	20603200	U	U	U	U
chr22	20604200	20604400	U	U	U	U
chr22	20604600	20604800	U	U	U	U
chr22	20605800	20606000	U	U	U	U
chr22	20606800	20607000	B	U	U	U
chr22	20608400	20608600	U	U	U	U
chr22	20609600	20609800	U	U	U	U
chr22	20610200	20610400	U	U	U	U
chr22	20610800	20611000	U	U	U	U
chr22	20621800	20622000	U	U	U	U
chr22	20624000	20624200	U	U	U	U
chr22	20626000	20626200	U	U	U	U
chr22	20627200	20627400	U	U	U	U
chr22	20627400	20627600	U	U	U	U
chr22	20629000	20629200	U	U	U	U
chr22	20632000	20632200	U	U	U	U
chr22	20632200	20632400	U	U	U	U
chr22	20632800	20633000	U	U	U	U
chr22	20635800	20636000	U	U	U	U
chr22	20636200	20636400	U	U	U	U
chr22	20639000	20639200	U	U	U	U
chr22	20646200	20646400	U	U	U	U
chr22	20653000	20653200	U	U	U	U
chr22	20653600	20653800	U	U	U	U
chr22	20668200	20668400	U	U	U	U
chr22	20670200	20670400	U	U	U	U
chr22	20673000	20673200	U	U	U	U
chr22	20673200	20673400	U	U	U	U
chr22	20680400	20680600	U	U	U	U
chr22	20689800	20690000	U	U	U	U
chr22	20690400	20690600	U	U	U	U
chr22	20691400	20691600	U	U	U	U
chr22	20695400	20695600	U	U	U	U
chr22	20696600	20696800	U	U	U	U
chr22	20703400	20703600	B	U	U	U
chr22	20707400	20707600	U	U	U	U
chr22	20708400	20708600	U	U	U	U
chr22	20710800	20711000	U	U	U	U
chr22	20713000	20713200	U	U	U	U
chr22	20714400	20714600	U	U	U	U
chr22	20722600	20722800	U	U	U	U
chr22	20725000	20725200	U	U	U	U
chr22	20729200	20729400	U	U	U	U
chr22	20732800	20733000	U	U	U	U
chr22	20737200	20737400	U	U	U	U
chr22	20741600	20741800	U	U	B	U
chr22	20742200	20742400	B	U	U	U
chr22	20747200	20747400	U	U	U	U
chr22	20751600	20751800	B	U	U	U
chr22	20752200	20752400	U	U	U	U
chr22	20758600	20758800	B	U	U	U
chr22	20760000	20760200	U	U	U	U
chr22	20764800	20765000	U	U	U	U
chr22	20765000	20765200	U	U	U	U
chr22	20765600	20765800	U	U	U	U
chr22	20766000	20766200	U	U	U	U
chr22	20769800	20770000	U	U	U	U
chr22	20780000	20780200	U	U	U	U
chr22	20787600	20787800	U	U	U	U
chr22	20790800	20791000	U	U	U	U
chr22	20796200	20796400	U	U	U	U
chr22	20797800	20798000	U	U	U	U
chr22	20799000	20799200	U	U	U	U
chr22	20802200	20802400	U	U	U	U
chr22	20803000	20803200	U	U	U	U
chr22	20807200	20807400	U	U	B	U
chr22	20807400	20807600	U	U	B	U
chr22	20807800	20808000	U	U	U	U
chr22	20818400	20818600	U	U	U	U
chr22	20819600	20819800	U	U	U	U
chr22	20836600	20836800	U	U	U	U
chr22	20852600	20852800	U	U	U	U
chr22	20853200	20853400	U	U	U	U
chr22	20856800	20857000	U	U	U	U
chr22	20859000	20859200	B	U	U	U
chr22	20862200	20862400	U	U	U	U
chr22	20866400	20866600	U	U	U	U
chr22	20867200	20867400	B	U	U	U
chr22	20872000	20872200	U	U	U	U
chr22	20883800	20884000	U	U	U	U
chr22	20888000	20888200	U	U	U	U
chr22	20889400	20889600	U	U	U	U
chr22	20890200	20890400	U	U	U	U
chr22	20905400	20905600	U	U	U	U
chr22	20907000	20907200	U	U	U	U
chr22	20917600	20917800	B	U	U	U
chr22	20919400	20919600	U	U	U	U
chr22	20919600	20919800	U	U	U	U
chr22	20919800	20920000	U	U	U	U
chr22	20920600	20920800	U	U	U	U
chr22	20920800	20921000	U	U	U	U
chr22	20924200	20924400	U	U	U	U
chr22	20926200	20926400	U	U	U	U
chr22	20932400	20932600	U	U	U	U
chr22	20937200	20937400	B	U	U	U
chr22	20951000	20951200	U	U	U	U
chr22	20952000	20952200	U	U	U	U
chr22	20953600	20953800	B	U	U	U
chr22	20953800	20954000	B	U	U	U
chr22	20957400	20957600	U	U	U	U
chr22	20961600	20961800	B	U	U	U
chr22	20963400	20963600	U	U	U	U
chr22	20966200	20966400	U	U	U	U
chr22	20966600	20966800	U	U	U	U
chr22	20969000	20969200	U	U	U	U
chr22	20971200	20971400	U	U	U	U
chr22	20973400	20973600	U	U	U	U
chr22	20973800	20974000	U	U	U	U
chr22	20974000	20974200	U	U	U	U
chr22	20977800	20978000	U	U	U	U
chr22	20978000	20978200	U	U	U	U
chr22	20978200	20978400	U	U	U	U
chr22	20981000	20981200	U	U	U	U
chr22	20986000	20986200	U	U	U	U
chr22	20991200	20991400	U	U	U	U
chr22	20992800	20993000	U	U	U	U
chr22	20994000	20994200	U	U	U	U
chr22	20995200	20995400	U	U	U	U
chr22	20995400	20995600	U	U	U	U
chr22	20997000	20997200	U	U	U	U
chr22	20998800	20999000	U	U	U	U
chr22	20999600	20999800	U	U	U	U
chr22	20999800	21000000	U	U	U	U
chr22	21000000	21000200	U	U	U	U
chr22	21006800	21007000	U	U	U	U
chr22	21011600	21011800	U	U	U	U
chr22	21013600	21013800	U	U	U	U
chr22	21022800	21023000	B	U	U	U
chr22	21026800	21027000	U	U	B	U
chr22	21027800	21028000	U	U	U	U
chr22	21028200	21028400	U	U	U	U
chr22	21029200	21029400	U	U	U	U
chr22	21030000	21030200	U	U	U	U
chr22	21030400	21030600	U	U	U	U
chr22	21031200	21031400	U	U	U	U
chr22	21031400	21031600	U	U	U	U
chr22	21044800	21045000	U	U	U	U
chr22	21052600	21052800	U	U	U	U
chr22	21055000	21055200	U	U	U	U
chr22	21055200	21055400	U	U	U	U
chr22	21065400	21065600	U	U	U	U
chr22	21065600	21065800	U	U	U	U
chr22	21066000	21066200	U	U	U	U
chr22	21067000	21067200	U	U	U	U
chr22	21070400	21070600	U	U	U	U
chr22	21071200	21071400	U	U	U	U
chr22	21073800	21074000	U	U	U	U
chr22	21078200	21078400	B	U	U	U
chr22	21078600	21078800	B	U	U	U
chr22	21095200	21095400	U	U	U	U
chr22	21096200	21096400	U	U	U	U
chr22	21107400	21107600	U	U	U	U
chr22	21116000	21116200	U	U	U	U
chr22	21117200	21117400	U	U	U	U
chr22	21117400	21117600	U	U	U	U
chr22	21120000	21120200	U	U	U	U
chr22	21122600	21122800	U	U	U	U
chr22	21127200	21127400	U	U	U	U
chr22	21127400	21127600	U	U	U	U
chr22	21130800	21131000	U	U	U	U
chr22	21138400	21138600	U	U	U	U
chr22	21141000	21141200	U	U	U	U
chr22	21141400	21141600	U	U	U	U
chr22	21142400	21142600	U	U	U	U
chr22	21142600	21142800	U	U	U	U
chr22	21144600	21144800	U	U	U	U
chr22	21151200	21151400	U	U	U	U
chr22	21162000	21162200	U	U	U	U
chr22	21169800	21170000	U	U	U	U
chr22	21170400	21170600	U	U	U	U
chr22	21171800	21172000	U	U	U	U
chr22	21172000	21172200	U	U	U	U
chr22	21177800	21178000	U	U	U	U
chr22	21180600	21180800	U	U	U	U
chr22	21186000	21186200	U	U	U	U
chr22	21189400	21189600	U	U	U	U
chr22	21191200	21191400	U	U	U	U
chr22	21191400	21191600	U	U	U	U
chr22	21192400	21192600	U	U	U	U
chr22	21201400	21201600	U	U	U	U
chr22	21201800	21202000	U	U	U	U
chr22	21204600	21204800	U	U	U	U
chr22	21207800	21208000	U	U	U	U
chr22	21212200	21212400	U	U	U	U
chr22	21213200	21213400	U	U	U	U
chr22	21213600	21213800	U	U	U	U
chr22	21214000	21214200	U	U	U	U
chr22	21221800	21222000	U	U	U	U
chr22	21226800	21227000	U	U	U	U
chr22	21228800	21229000	U	U	U	U
chr22	21229200	21229400	U	U	U	U
chr22	21229600	21229800	U	U	U	U
chr22	21230600	21230800	U	U	U	U
chr22	21235600	21235800	U	U	U	U
chr22	21238000	21238200	U	U	U	U
chr22	21238600	21238800	U	U	U	U
chr22	21241200	21241400	U	U	U	U
chr22	21241400	21241600	U	U	U	U
chr22	21242800	21243000	U	U	U	U
chr22	21244000	21244200	U	U	U	U
chr22	21245000	21245200	U	U	U	U
chr22	21245200	21245400	U	U	U	U
chr22	21245400	21245600	U	U	U	U
chr22	21245600	21245800	U	U	U	U
chr22	21248800	21249000	U	U	U	U
chr22	21251600	21251800	U	U	U	U
chr22	21252000	21252200	U	U	U	U
chr22	21254600	21254800	U	U	U	U
chr22	21257000	21257200	U	U	U	U
chr22	21258600	21258800	U	U	U	U
chr22	21259400	21259600	U	U	U	U
chr22	21259600	21259800	U	U	U	U
chr22	21261200	21261400	U	U	U	U
chr22	21262000	21262200	U	U	U	U
chr22	21265400	21265600	U	U	U	U
chr22	21267000	21267200	U	U	U	U
chr22	21267600	21267800	U	U	U	U
chr22	21268000	21268200	U	U	U	U
chr22	21279200	21279400	U	U	U	U
chr22	21279400	21279600	U	U	U	U
chr22	21279600	21279800	U	U	U	U
chr22	21287200	21287400	U	U	U	U
chr22	21288400	21288600	U	U	U	U
chr22	21292200	21292400	U	U	U	U
chr22	21293400	21293600	U	U	U	U
chr22	21293800	21294000	U	U	U	U
chr22	21294000	21294200	U	U	U	U
chr22	21300600	21300800	U	U	U	U
chr22	21301800	21302000	U	U	U	U
chr22	21302200	21302400	U	U	U	U
chr22	21304000	21304200	U	U	U	U
chr22	21307000	21307200	U	U	U	U
chr22	21310400	21310600	U	U	U	U
chr22	21311400	21311600	U	U	U	U
chr22	21311600	21311800	U	U	U	U
chr22	21312400	21312600	U	U	U	U
chr22	21312800	21313000	U	U	U	U
chr22	21313000	21313200	U	U	U	U
chr22	21314600	21314800	U	U	U	U
chr22	21317000	21317200	U	U	U	U
chr22	21322600	21322800	U	U	U	U
chr22	21332400	21332600	U	U	U	U
chr22	21342800	21343000	U	U	U	U
chr22	21343800	21344000	U	U	U	U
chr22	21344400	21344600	U	U	U	U
chr22	21345000	21345200	U	U	U	U
chr22	21356200	21356400	B	U	U	U
chr22	21356600	21356800	B	U	U	U
chr22	21358400	21358600	U	U	U	U
chr22	21361400	21361600	U	U	U	U
chr22	21364000	21364200	U	U	U	U
chr22	21365000	21365200	U	U	U	U
chr22	21368400	21368600	U	U	U	U
chr22	21368800	21369000	U	U	U	U
chr22	21370000	21370200	U	U	U	U
chr22	21383200	21383400	U	U	U	U
chr22	21385600	21385800	U	U	U	U
chr22	21388600	21388800	U	U	U	U
chr22	21393200	21393400	U	U	U	U
chr22	21400400	21400600	U	U	U	U
chr22	21403000	21403200	B	U	U	U
chr22	21419400	21419600	U	U	U	U
chr22	21421800	21422000	U	U	U	U
chr22	21423000	21423200	U	U	U	U
chr22	21423800	21424000	B	U	U	U
chr22	21436600	21436800	B	U	U	U
chr22	21442000	21442200	U	U	U	U
chr22	21442200	21442400	U	U	U	U
chr22	21443800	21444000	U	U	U	U
chr22	21444800	21445000	U	U	U	U
chr22	21446200	21446400	U	U	U	U
chr22	21449800	21450000	U	U	B	U
chr22	21451600	21451800	U	U	U	U
chr22	21457400	21457600	B	U	U	U
chr22	21457600	21457800	B	U	U	U
chr22	21460200	21460400	U	U	U	U
chr22	21462400	21462600	B	U	U	U
chr22	21473200	21473400	U	U	U	U
chr22	21473800	21474000	U	U	U	U
chr22	21475800	21476000	U	U	U	U
chr22	21476400	21476600	U	U	U	U
chr22	21476800	21477000	U	U	U	U
chr22	21478200	21478400	U	U	U	U
chr22	21478400	21478600	U	U	U	U
chr22	21480000	21480200	U	U	U	U
chr22	21483200	21483400	U	U	U	U
chr22	21492000	21492200	U	U	U	U
chr22	21492200	21492400	U	U	U	U
chr22	21492800	21493000	U	U	U	U
chr22	21498000	21498200	U	U	U	U
chr22	21498400	21498600	B	U	U	U
chr22	21499600	21499800	U	U	U	U
chr22	21504600	21504800	U	U	U	U
chr22	21510400	21510600	B	U	U	U
chr22	21513600	21513800	U	U	U	U
chr22	21513800	21514000	B	U	U	U
chr22	21514000	21514200	B	U	U	U
chr22	21516800	21517000	B	U	U	U
chr22	21533400	21533600	U	U	U	U
chr22	21533600	21533800	U	U	U	U
chr22	21546000	21546200	U	U	U	U
chr22	21546600	21546800	U	U	U	U
chr22	21547000	21547200	U	U	U	U
chr22	21547600	21547800	U	U	U	U
chr22	21547800	21548000	U	U	U	U
chr22	21548000	21548200	U	U	U	U
chr22	21558000	21558200	U	U	U	U
chr22	21559800	21560000	B	U	U	U
chr22	21564600	21564800	U	U	U	U
chr22	21567800	21568000	B	U	U	B
chr22	21574000	21574200	U	U	U	U
chr22	21579800	21580000	B	U	U	U
chr22	21585600	21585800	U	U	U	B
chr22	21592200	21592400	U	U	U	U
chr22	21592800	21593000	U	U	U	U
chr22	21595000	21595200	U	U	U	U
chr22	21595400	21595600	U	U	U	U
chr22	21602000	21602200	B	U	U	U
chr22	21611400	21611600	U	U	U	U
chr22	21611800	21612000	U	U	U	U
chr22	21612000	21612200	U	U	U	U
chr22	21619400	21619600	U	U	U	U
chr22	21621200	21621400	U	U	U	U
chr22	21622600	21622800	U	U	U	U
chr22	21623400	21623600	U	U	U	U
chr22	21629600	21629800	B	U	U	U
chr22	21629800	21630000	B	U	U	B
chr22	21634600	21634800	U	U	U	U
chr22	21636200	21636400	U	U	U	U
chr22	21639400	21639600	U	U	U	U
chr22	21642600	21642800	B	U	U	U
chr22	21643800	21644000	U	U	U	U
chr22	21653200	21653400	U	U	U	U
chr22	21658000	21658200	B	U	U	U
chr22	21660600	21660800	U	U	U	U
chr22	21673400	21673600	B	U	U	U
chr22	21676000	21676200	U	U	U	U
chr22	21681600	21681800	U	U	U	U
chr22	21682400	21682600	U	U	U	U
chr22	21687000	21687200	B	U	U	U
chr22	21688000	21688200	U	U	U	U
chr22	21689800	21690000	U	U	U	U
chr22	21690600	21690800	U	U	U	U
chr22	21693400	21693600	U	U	U	U
chr22	21697200	21697400	U	U	U	U
chr22	21698000	21698200	U	U	U	U
chr22	21699800	21700000	U	U	U	U
chr22	21700800	21701000	U	U	U	U
chr22	21701000	21701200	U	U	U	B
chr22	21710000	21710200	U	U	U	U
chr22	21710200	21710400	U	U	U	U
chr22	21714000	21714200	U	U	U	U
chr22	21714200	21714400	U	U	U	U
chr22	21715000	21715200	U	U	U	U
chr22	21726400	21726600	B	U	U	U
chr22	21727200	21727400	U	U	U	U
chr22	21730600	21730800	U	U	U	U
chr22	21744000	21744200	U	U	U	U
chr22	21744200	21744400	U	U	U	U
chr22	21753800	21754000	U	U	U	U
chr22	21758400	21758600	U	U	U	U
chr22	21760200	21760400	U	U	U	U
chr22	21762200	21762400	U	U	U	U
chr22	21767200	21767400	U	U	U	U
chr22	21768600	21768800	U	U	U	U
chr22	21769800	21770000	U	U	U	U
chr22	21773000	21773200	U	U	U	U
chr22	21777800	21778000	U	U	U	U
chr22	21797600	21797800	U	U	U	U
chr22	21801600	21801800	U	U	U	U
chr22	21802200	21802400	U	U	U	U
chr22	21825600	21825800	U	U	U	U
chr22	21828600	21828800	U	U	U	U
chr22	21828800	21829000	U	U	U	U
chr22	21834800	21835000	U	U	U	U
chr22	21837600	21837800	U	U	U	U
chr22	21854600	21854800	U	U	U	U
chr22	21855200	21855400	U	U	U	U
chr22	21860200	21860400	U	U	U	U
chr22	21864800	21865000	U	U	U	U
chr22	21865400	21865600	U	U	U	U
chr22	21866600	21866800	U	U	U	U
chr22	21915600	21915800	U	U	U	U
chr22	21915800	21916000	U	U	U	U
chr22	21916200	21916400	B	U	U	U
chr22	21919600	21919800	B	U	U	U
chr22	21922000	21922200	U	U	U	U
chr22	21922400	21922600	U	U	U	U
chr22	21922800	21923000	U	U	U	U
chr22	21925400	21925600	U	U	U	U
chr22	21933600	21933800	U	U	U	U
chr22	21934000	21934200	U	U	U	U
chr22	21936200	21936400	U	U	U	U
chr22	21937000	21937200	U	U	U	U
chr22	21937200	21937400	U	U	U	U
chr22	21937600	21937800	B	U	U	U
chr22	21939000	21939200	B	U	U	U
chr22	21939200	21939400	U	U	U	U
chr22	21946000	21946200	U	U	U	U
chr22	21946400	21946600	B	U	U	U
chr22	21949200	21949400	U	U	U	U
chr22	21956000	21956200	U	U	U	U
chr22	21956200	21956400	U	U	U	U
chr22	21958200	21958400	U	U	U	U
chr22	21958800	21959000	U	U	U	U
chr22	21959400	21959600	B	U	U	U
chr22	21960200	21960400	B	U	U	U
chr22	21961800	21962000	B	U	U	U
chr22	21962200	21962400	U	U	U	U
chr22	21964200	21964400	U	U	U	U
chr22	21964800	21965000	U	U	U	U
chr22	21965000	21965200	U	U	U	U
chr22	21965200	21965400	U	U	U	U
chr22	21967600	21967800	U	U	U	U
chr22	21968600	21968800	U	U	U	U
chr22	21973000	21973200	B	U	U	U
chr22	21974400	21974600	U	U	U	U
chr22	21975200	21975400	U	U	U	U
chr22	21981000	21981200	U	U	U	U
chr22	21985400	21985600	U	U	U	U
chr22	21987200	21987400	U	U	U	U
chr22	21990200	21990400	U	U	U	U
chr22	21995200	21995400	U	U	U	U
chr22	22020200	22020400	U	U	U	U
chr22	22020400	22020600	U	U	U	U
chr22	22021400	22021600	U	U	U	U
chr22	22030600	22030800	B	U	U	U
chr22	22032600	22032800	U	U	U	U
chr22	22035000	22035200	U	U	U	U
chr22	22037800	22038000	B	U	U	U
chr22	22038000	22038200	B	U	U	U
chr22	22038200	22038400	U	U	U	U
chr22	22042000	22042200	U	U	U	U
chr22	22043200	22043400	B	U	U	U
chr22	22043800	22044000	B	U	U	U
chr22	22044000	22044200	B	U	U	U
chr22	22044200	22044400	U	U	U	U
chr22	22048800	22049000	B	U	U	U
chr22	22049000	22049200	B	U	U	U
chr22	22058200	22058400	U	U	U	U
chr22	22060000	22060200	U	U	U	U
chr22	22060600	22060800	B	U	U	B
chr22	22064200	22064400	U	U	U	U
chr22	22067600	22067800	U	U	U	U
chr22	22069400	22069600	U	U	U	U
chr22	22070400	22070600	B	U	U	U
chr22	22070600	22070800	B	U	U	U
chr22	22071400	22071600	U	U	U	U
chr22	22071800	22072000	U	U	U	U
chr22	22072000	22072200	U	U	U	U
chr22	22072200	22072400	U	U	U	U
chr22	22074600	22074800	B	U	U	U
chr22	22075000	22075200	B	U	U	U
chr22	22076400	22076600	U	U	U	U
chr22	22078400	22078600	U	U	U	U
chr22	22079800	22080000	U	U	U	U
chr22	22081600	22081800	U	U	U	U
chr22	22087000	22087200	B	U	U	U
chr22	22088000	22088200	U	U	U	U
chr22	22099400	22099600	U	U	U	U
chr22	22101400	22101600	U	U	U	U
chr22	22103800	22104000	U	U	U	U
chr22	22110800	22111000	B	U	U	U
chr22	22111400	22111600	B	U	U	U
chr22	22113000	22113200	U	U	U	U
chr22	22115600	22115800	U	U	U	U
chr22	22116000	22116200	U	U	U	U
chr22	22116400	22116600	U	U	U	U
chr22	22117400	22117600	U	U	U	U
chr22	22119000	22119200	U	U	U	U
chr22	22126400	22126600	U	U	U	U
chr22	22127000	22127200	U	U	U	U
chr22	22127600	22127800	U	U	U	U
chr22	22132000	22132200	U	U	U	U
chr22	22132800	22133000	U	U	U	U
chr22	22140400	22140600	U	U	U	U
chr22	22143600	22143800	U	U	U	U
chr22	22145000	22145200	U	U	U	U
chr22	22145200	22145400	U	U	U	U
chr22	22148800	22149000	U	U	U	U
chr22	22149600	22149800	U	U	U	U
chr22	22149800	22150000	U	U	U	U
chr22	22150400	22150600	U	U	U	U
chr22	22168000	22168200	B	U	U	U
chr22	22168600	22168800	B	U	B	U
chr22	22170000	22170200	U	U	U	B
chr22	22171000	22171200	U	U	U	U
chr22	22171200	22171400	U	U	U	U
chr22	22178200	22178400	U	U	U	U
chr22	22179800	22180000	U	U	U	U
chr22	22180800	22181000	U	U	U	U
chr22	22181200	22181400	U	U	U	U
chr22	22187600	22187800	U	U	U	U
chr22	22195800	22196000	B	U	U	U
chr22	22196000	22196200	B	U	U	U
chr22	22196200	22196400	U	U	U	U
chr22	22198800	22199000	U	U	U	U
chr22	22203800	22204000	U	U	U	U
chr22	22205400	22205600	U	U	U	U
chr22	22206600	22206800	U	U	U	U
chr22	22207000	22207200	U	U	U	U
chr22	22208000	22208200	B	U	U	B
chr22	22211200	22211400	U	U	U	U
chr22	22211400	22211600	U	U	U	U
chr22	22213600	22213800	U	U	U	U
chr22	22214200	22214400	B	U	U	U
chr22	22214800	22215000	B	U	U	U
chr22	22216200	22216400	U	U	U	U
chr22	22219600	22219800	U	U	U	U
chr22	22219800	22220000	U	U	U	U
chr22	22220400	22220600	U	U	U	U
chr22	22221600	22221800	U	U	U	U
chr22	22222200	22222400	U	U	U	U
chr22	22222600	22222800	U	U	U	U
chr22	22222800	22223000	U	U	U	U
chr22	22238000	22238200	U	U	U	U
chr22	22242600	22242800	U	U	U	U
chr22	22243400	22243600	U	U	U	U
chr22	22244400	22244600	U	U	U	U
chr22	22245200	22245400	U	U	U	U
chr22	22246600	22246800	U	U	U	U
chr22	22250000	22250200	U	U	U	U
chr22	22253400	22253600	U	U	U	U
chr22	22253600	22253800	U	U	U	U
chr22	22267600	22267800	U	U	U	U
chr22	22267800	22268000	U	U	U	U
chr22	22268000	22268200	U	U	U	U
chr22	22269000	22269200	U	U	U	U
chr22	22270000	22270200	U	U	B	U
chr22	22274400	22274600	U	U	U	U
chr22	22276600	22276800	U	U	U	U
chr22	22284200	22284400	U	U	U	U
chr22	22309000	22309200	U	U	U	U
chr22	22310400	22310600	U	U	U	U
chr22	22315200	22315400	U	U	U	U
chr22	22321600	22321800	B	U	U	U
chr22	22322800	22323000	U	U	U	U
chr22	22323000	22323200	U	U	U	U
chr22	22324000	22324200	U	U	U	U
chr22	22324200	22324400	U	U	U	U
chr22	22325000	22325200	U	U	U	U
chr22	22325400	22325600	U	U	U	U
chr22	22327800	22328000	U	U	U	U
chr22	22339600	22339800	U	U	U	U
chr22	22340400	22340600	U	U	U	U
chr22	22344000	22344200	U	U	U	U
chr22	22346600	22346800	U	U	U	U
chr22	22347400	22347600	U	U	U	U
chr22	22348000	22348200	B	U	U	U
chr22	22349400	22349600	U	U	U	U
chr22	22349600	22349800	U	U	U	U
chr22	22350400	22350600	U	U	U	U
chr22	22351800	22352000	U	U	U	U
chr22	22352400	22352600	U	U	U	U
chr22	22352600	22352800	U	U	U	U
chr22	22352800	22353000	U	U	U	U
chr22	22353600	22353800	U	U	U	U
chr22	22355400	22355600	U	U	U	U
chr22	22356400	22356600	U	U	U	U
chr22	22356800	22357000	U	U	U	U
chr22	22357000	22357200	B	U	U	U
chr22	22357600	22357800	B	U	U	U
chr22	22358400	22358600	U	U	U	U
chr22	22366800	22367000	U	U	U	U
chr22	22370000	22370200	U	U	U	U
chr22	22370800	22371000	B	U	U	U
chr22	22372400	22372600	U	U	U	U
chr22	22375600	22375800	U	U	U	U
chr22	22376000	22376200	U	U	U	U
chr22	22377400	22377600	U	U	U	U
chr22	22379600	22379800	U	U	U	U
chr22	22380800	22381000	B	U	U	U
chr22	22396000	22396200	U	U	U	U
chr22	22396600	22396800	U	U	U	U
chr22	22398400	22398600	U	U	U	U
chr22	22399200	22399400	U	U	U	U
chr22	22399600	22399800	U	U	U	U
chr22	22401200	22401400	U	U	U	U
chr22	22401800	22402000	U	U	U	U
chr22	22407200	22407400	U	U	U	U
chr22	22408400	22408600	U	U	U	U
chr22	22410000	22410200	B	U	U	U
chr22	22420400	22420600	U	U	U	U
chr22	22421000	22421200	U	U	U	U
chr22	22421400	22421600	U	U	U	U
chr22	22422400	22422600	U	U	U	U
chr22	22422600	22422800	B	U	B	U
chr22	22426000	22426200	U	U	U	U
chr22	22427200	22427400	U	U	U	U
chr22	22427600	22427800	U	U	U	U
chr22	22427800	22428000	U	U	U	U
chr22	22429000	22429200	U	U	U	U
chr22	22429200	22429400	U	U	U	U
chr22	22429400	22429600	U	U	U	U
chr22	22430800	22431000	U	U	U	U
chr22	22431800	22432000	B	U	B	U
chr22	22432200	22432400	U	U	U	U
chr22	22439800	22440000	U	U	U	U
chr22	22440400	22440600	U	U	U	U
chr22	22447800	22448000	U	U	U	U
chr22	22451400	22451600	U	U	U	U
chr22	22452400	22452600	U	U	U	U
chr22	22465600	22465800	U	U	U	U
chr22	22474800	22475000	B	U	U	U
chr22	22484400	22484600	U	U	U	U
chr22	22485800	22486000	U	U	U	U
chr22	22486200	22486400	U	U	U	U
chr22	22487600	22487800	U	U	U	U
chr22	22488200	22488400	U	U	U	U
chr22	22488400	22488600	U	U	U	U
chr22	22488800	22489000	U	U	U	U
chr22	22507600	22507800	U	U	U	U
chr22	22508400	22508600	B	U	U	U
chr22	22520600	22520800	B	U	U	U
chr22	22524400	22524600	U	U	U	U
chr22	22534600	22534800	U	U	U	U
chr22	22546600	22546800	B	U	U	U
chr22	22549600	22549800	U	U	U	U
chr22	22550000	22550200	U	U	U	U
chr22	22550400	22550600	U	U	U	U
chr22	22553400	22553600	U	U	U	U
chr22	22554400	22554600	U	U	U	U
chr22	22556800	22557000	U	U	U	U
chr22	22558800	22559000	B	U	U	U
chr22	22559200	22559400	B	U	U	U
chr22	22563400	22563600	U	U	U	U
chr22	22564400	22564600	U	U	U	U
chr22	22568600	22568800	U	U	U	U
chr22	22573200	22573400	U	U	U	U
chr22	22576200	22576400	B	U	U	B
chr22	22580400	22580600	U	U	U	U
chr22	22582600	22582800	U	U	U	U
chr22	22588800	22589000	U	U	U	U
chr22	22589000	22589200	U	U	U	U
chr22	22592600	22592800	U	U	U	U
chr22	22595000	22595200	B	U	U	U
chr22	22598000	22598200	U	U	U	U
chr22	22600600	22600800	U	U	U	U
chr22	22601000	22601200	U	U	U	U
chr22	22603200	22603400	U	U	U	U
chr22	22603600	22603800	U	U	U	U
chr22	22614800	22615000	U	U	U	U
chr22	22616600	22616800	B	U	U	U
chr22	22616800	22617000	B	U	U	U
chr22	22618400	22618600	U	U	U	U
chr22	22628600	22628800	B	U	U	U
chr22	22631000	22631200	B	U	U	U
chr22	22632200	22632400	U	U	U	U
chr22	22634000	22634200	U	U	U	U
chr22	22637800	22638000	U	U	U	U
chr22	22639600	22639800	U	U	U	U
chr22	22643200	22643400	U	U	U	U
chr22	22643800	22644000	U	U	U	U
chr22	22644200	22644400	U	U	U	U
chr22	22644600	22644800	B	U	U	U
chr22	22646800	22647000	U	U	U	U
chr22	22647400	22647600	U	U	U	U
chr22	22650800	22651000	U	U	U	U
chr22	22651200	22651400	U	U	U	U
chr22	22651600	22651800	U	U	U	U
chr22	22654000	22654200	U	U	U	U
chr22	22656200	22656400	U	U	U	U
chr22	22661000	22661200	U	U	U	U
chr22	22661200	22661400	U	U	U	U
chr22	22665200	22665400	U	U	U	U
chr22	22665600	22665800	U	U	U	U
chr22	22666200	22666400	B	U	U	U
chr22	22668000	22668200	U	U	U	U
chr22	22668800	22669000	U	U	U	U
chr22	22671400	22671600	U	U	U	U
chr22	22673600	22673800	U	U	U	U
chr22	22680000	22680200	U	U	U	U
chr22	22680600	22680800	U	U	U	U
chr22	22687200	22687400	B	U	U	U
chr22	22692600	22692800	B	U	U	U
chr22	22693000	22693200	B	U	U	U
chr22	22693400	22693600	U	U	U	U
chr22	22694400	22694600	U	U	U	U
chr22	22694800	22695000	U	U	U	U
chr22	22695200	22695400	U	U	U	U
chr22	22697800	22698000	B	U	U	U
chr22	22704000	22704200	U	U	U	U
chr22	22704400	22704600	U	U	U	U
chr22	22704600	22704800	U	U	U	U
chr22	22709200	22709400	U	U	U	U
chr22	22710000	22710200	B	U	U	U
chr22	22711800	22712000	U	U	U	U
chr22	22712200	22712400	U	U	U	U
chr22	22715400	22715600	U	U	U	U
chr22	22718000	22718200	U	U	U	U
chr22	22718800	22719000	U	U	U	U
chr22	22720400	22720600	B	U	U	U
chr22	22721400	22721600	U	U	U	U
chr22	22728800	22729000	U	U	U	U
chr22	22731600	22731800	U	U	U	U
chr22	22734400	22734600	B	U	U	U
chr22	22735200	22735400	U	U	U	U
chr22	22736800	22737000	U	U	U	U
chr22	22738800	22739000	U	U	U	U
chr22	22739400	22739600	U	U	U	U
chr22	22747400	22747600	U	U	U	U
chr22	22750800	22751000	U	U	U	U
chr22	22751200	22751400	U	U	U	U
chr22	22754000	22754200	B	U	U	U
chr22	22754400	22754600	U	U	U	U
chr22	22755200	22755400	U	U	U	U
chr22	22758200	22758400	U	U	U	U
chr22	22759200	22759400	U	U	U	U
chr22	22762600	22762800	U	U	U	U
chr22	22763600	22763800	U	U	U	U
chr22	22770400	22770600	B	U	U	B
chr22	22771000	22771200	U	U	U	U
chr22	22780000	22780200	U	U	U	U
chr22	22781400	22781600	U	U	U	U
chr22	22783400	22783600	U	U	U	U
chr22	22784200	22784400	U	U	U	U
chr22	22786000	22786200	B	U	U	U
chr22	22787800	22788000	U	U	U	U
chr22	22788400	22788600	B	U	U	U
chr22	22792400	22792600	U	U	U	U
chr22	22792800	22793000	U	U	U	U
chr22	22798200	22798400	U	U	U	U
chr22	22799600	22799800	U	U	U	U
chr22	22802200	22802400	B	U	U	U
chr22	22803400	22803600	B	U	U	U
chr22	22809800	22810000	B	U	U	U
chr22	22810400	22810600	B	U	U	U
chr22	22810600	22810800	B	U	U	U
chr22	22811000	22811200	B	U	U	U
chr22	22811200	22811400	B	U	U	U
chr22	22812000	22812200	U	U	U	U
chr22	22815400	22815600	U	U	U	U
chr22	22817200	22817400	U	U	U	U
chr22	22818000	22818200	U	U	U	U
chr22	22818800	22819000	U	U	U	U
chr22	22819400	22819600	U	U	U	U
chr22	22819600	22819800	U	U	U	U
chr22	22821800	22822000	U	U	U	U
chr22	22822600	22822800	U	U	U	U
chr22	22823000	22823200	U	U	U	U
chr22	22834600	22834800	B	U	U	U
chr22	22838400	22838600	B	U	U	U
chr22	22848200	22848400	B	U	U	U
chr22	22848600	22848800	B	U	U	U
chr22	22849200	22849400	B	U	U	U
chr22	22849400	22849600	U	U	U	U
chr22	22850600	22850800	U	U	U	U
chr22	22851200	22851400	U	U	U	U
chr22	22853800	22854000	U	U	U	U
chr22	22855000	22855200	B	U	U	U
chr22	22855200	22855400	B	U	U	U
chr22	22856200	22856400	B	U	U	U
chr22	22856600	22856800	U	U	U	U
chr22	22871400	22871600	B	U	U	U
chr22	22872200	22872400	U	U	U	U
chr22	22877800	22878000	B	U	U	U
chr22	22879200	22879400	U	U	U	U
chr22	22879400	22879600	U	U	U	U
chr22	22884000	22884200	B	U	U	U
chr22	22894600	22894800	B	U	U	U
chr22	22894800	22895000	B	U	U	U
chr22	22897400	22897600	U	U	U	U
chr22	22898000	22898200	U	U	U	U
chr22	22899200	22899400	U	U	U	U
chr22	22899600	22899800	U	U	U	U
chr22	22901400	22901600	U	U	U	U
chr22	22901600	22901800	U	U	U	U
chr22	22905600	22905800	U	U	U	U
chr22	22906600	22906800	U	U	U	U
chr22	22908200	22908400	U	U	U	U
chr22	22911600	22911800	U	U	U	U
chr22	22912200	22912400	U	U	U	U
chr22	22914000	22914200	U	U	U	U
chr22	22915400	22915600	U	U	U	U
chr22	22915800	22916000	U	U	U	U
chr22	22916200	22916400	U	U	U	U
chr22	22916400	22916600	U	U	U	U
chr22	22917400	22917600	U	U	U	U
chr22	22920200	22920400	U	U	U	U
chr22	22920400	22920600	U	U	U	U
chr22	22921400	22921600	U	U	U	U
chr22	22922800	22923000	U	U	U	U
chr22	22923800	22924000	U	U	U	U
chr22	22924800	22925000	U	U	U	U
chr22	22926600	22926800	U	U	U	U
chr22	22930000	22930200	B	U	U	U
chr22	22933000	22933200	U	U	U	U
chr22	22933800	22934000	U	U	U	U
chr22	22936000	22936200	B	U	U	U
chr22	22941800	22942000	U	U	U	U
chr22	22942400	22942600	B	U	U	U
chr22	22944600	22944800	U	U	U	U
chr22	22954600	22954800	B	U	U	U
chr22	22955600	22955800	B	U	U	U
chr22	22957800	22958000	U	U	U	U
chr22	22958000	22958200	U	U	U	U
chr22	22959200	22959400	B	U	U	U
chr22	22974000	22974200	U	U	U	U
chr22	22988000	22988200	U	U	U	U
chr22	23008000	23008200	U	U	U	U
chr22	23011000	23011200	U	U	U	U
chr22	23011200	23011400	U	U	U	U
chr22	23012000	23012200	U	U	U	U
chr22	23012200	23012400	U	U	U	U
chr22	23022200	23022400	U	U	U	U
chr22	23034600	23034800	U	U	U	U
chr22	23036000	23036200	U	U	U	U
chr22	23036800	23037000	B	U	U	U
chr22	23037000	23037200	B	U	U	U
chr22	23055600	23055800	U	U	U	U
chr22	23059000	23059200	U	U	U	U
chr22	23060600	23060800	U	U	U	U
chr22	23060800	23061000	U	U	U	U
chr22	23065800	23066000	U	U	U	U
chr22	23078600	23078800	U	U	U	U
chr22	23083200	23083400	U	U	U	U
chr22	23083800	23084000	U	U	U	U
chr22	23084600	23084800	U	U	U	U
chr22	23085000	23085200	U	U	U	U
chr22	23085400	23085600	U	U	U	U
chr22	23088200	23088400	U	U	U	U
chr22	23091000	23091200	U	U	U	U
chr22	23092400	23092600	U	U	U	U
chr22	23093800	23094000	U	U	U	U
chr22	23096400	23096600	U	U	U	U
chr22	23097200	23097400	U	U	U	U
chr22	23098800	23099000	U	U	U	U
chr22	23102200	23102400	U	U	U	U
chr22	23106400	23106600	U	U	U	U
chr22	23107600	23107800	U	U	U	U
chr22	23108000	23108200	U	U	U	U
chr22	23109800	23110000	U	U	U	U
chr22	23112000	23112200	U	U	U	U
chr22	23112800	23113000	U	U	U	U
chr22	23113600	23113800	U	U	U	U
chr22	23115800	23116000	U	U	U	U
chr22	23118600	23118800	B	U	U	U
chr22	23120600	23120800	U	U	U	U
chr22	23122200	23122400	U	U	U	U
chr22	23125200	23125400	U	U	U	U
chr22	23127800	23128000	U	U	U	U
chr22	23137400	23137600	U	U	U	U
chr22	23140200	23140400	U	U	U	U
chr22	23142000	23142200	B	U	U	U
chr22	23146000	23146200	U	U	U	U
chr22	23148200	23148400	U	U	U	U
chr22	23151800	23152000	U	U	U	U
chr22	23153000	23153200	U	U	U	U
chr22	23158000	23158200	U	U	U	U
chr22	23158400	23158600	U	U	U	U
chr22	23159000	23159200	U	U	U	U
chr22	23160600	23160800	U	U	U	U
chr22	23161600	23161800	B	U	U	U
chr22	23162200	23162400	U	U	U	U
chr22	23169000	23169200	U	U	U	U
chr22	23179400	23179600	B	U	U	U
chr22	23181000	23181200	U	U	U	U
chr22	23183800	23184000	U	U	U	U
chr22	23185000	23185200	U	U	U	U
chr22	23186200	23186400	U	U	U	U
chr22	23187800	23188000	U	U	U	U
chr22	23188200	23188400	U	U	U	U
chr22	23191400	23191600	U	U	U	U
chr22	23193400	23193600	B	U	U	U
chr22	23198400	23198600	U	U	U	U
chr22	23203400	23203600	U	U	U	U
chr22	23203800	23204000	U	U	U	U
chr22	23205200	23205400	U	U	U	U
chr22	23208000	23208200	U	U	U	U
chr22	23208200	23208400	U	U	U	U
chr22	23212000	23212200	B	U	U	U
chr22	23212400	23212600	B	U	U	U
chr22	23213000	23213200	U	U	U	U
chr22	23218200	23218400	U	U	U	U
chr22	23219400	23219600	U	U	U	U
chr22	23221600	23221800	U	U	U	U
chr22	23222600	23222800	U	U	U	U
chr22	23225000	23225200	U	U	U	U
chr22	23230400	23230600	U	U	U	U
chr22	23232800	23233000	U	U	U	U
chr22	23233200	23233400	U	U	U	U
chr22	23235400	23235600	U	U	U	U
chr22	23236000	23236200	U	U	U	U
chr22	23236400	23236600	U	U	U	U
chr22	23236800	23237000	U	U	U	U
chr22	23237600	23237800	U	U	U	U
chr22	23241200	23241400	B	U	U	U
chr22	23247400	23247600	U	U	U	U
chr22	23249600	23249800	B	U	U	U
chr22	23249800	23250000	B	U	U	U
chr22	23254000	23254200	U	U	U	U
chr22	23256200	23256400	U	U	U	U
chr22	23262400	23262600	U	U	U	U
chr22	23263000	23263200	U	U	U	U
chr22	23268000	23268200	U	U	U	U
chr22	23272800	23273000	U	U	U	U
chr22	23278000	23278200	U	U	U	U
chr22	23279200	23279400	U	U	U	U
chr22	23281200	23281400	B	U	U	U
chr22	23282800	23283000	U	U	U	U
chr22	23284200	23284400	U	U	U	U
chr22	23284800	23285000	U	U	U	U
chr22	23286400	23286600	U	U	U	U
chr22	23286600	23286800	U	U	U	U
chr22	23288000	23288200	U	U	U	U
chr22	23288200	23288400	U	U	U	U
chr22	23288800	23289000	B	U	U	U
chr22	23289200	23289400	B	U	U	U
chr22	23293800	23294000	U	U	U	U
chr22	23297400	23297600	U	U	U	U
chr22	23300800	23301000	U	U	U	U
chr22	23301600	23301800	U	U	U	U
chr22	23302600	23302800	U	U	U	U
chr22	23302800	23303000	U	U	U	U
chr22	23303400	23303600	U	U	U	U
chr22	23306000	23306200	U	U	U	U
chr22	23309400	23309600	U	U	U	U
chr22	23311600	23311800	U	U	U	U
chr22	23312200	23312400	U	U	U	U
chr22	23312600	23312800	U	U	U	U
chr22	23313800	23314000	U	U	U	U
chr22	23314200	23314400	U	U	U	U
chr22	23314600	23314800	U	U	U	U
chr22	23316200	23316400	U	U	U	U
chr22	23316400	23316600	U	U	U	U
chr22	23318200	23318400	U	U	U	U
chr22	23318800	23319000	U	U	U	U
chr22	23356400	23356600	U	U	U	U
chr22	23363200	23363400	U	U	U	U
chr22	23373600	23373800	U	U	U	U
chr22	23374600	23374800	U	U	U	U
chr22	23376800	23377000	U	U	U	U
chr22	23379800	23380000	U	U	U	U
chr22	23380200	23380400	U	U	U	U
chr22	23380600	23380800	U	U	U	U
chr22	23381400	23381600	U	U	U	U
chr22	23383000	23383200	U	U	U	U
chr22	23384400	23384600	U	U	U	U
chr22	23385600	23385800	B	U	U	U
chr22	23386600	23386800	U	U	U	U
chr22	23388000	23388200	U	U	U	U
chr22	23388200	23388400	U	U	U	U
chr22	23392800	23393000	U	U	U	U
chr22	23394600	23394800	U	U	U	U
chr22	23395000	23395200	U	U	U	U
chr22	23395800	23396000	U	U	U	U
chr22	23398200	23398400	U	U	U	U
chr22	23400200	23400400	U	U	U	U
chr22	23401200	23401400	U	U	U	U
chr22	23404200	23404400	U	U	U	U
chr22	23405400	23405600	U	U	U	U
chr22	23415200	23415400	U	U	U	U
chr22	23419200	23419400	U	U	U	U
chr22	23421000	23421200	U	U	U	U
chr22	23421400	23421600	U	U	U	U
chr22	23421600	23421800	U	U	U	U
chr22	23423000	23423200	U	U	U	U
chr22	23424200	23424400	U	U	U	U
chr22	23425600	23425800	U	U	U	U
chr22	23434200	23434400	U	U	U	U
chr22	23437200	23437400	U	U	U	U
chr22	23449200	23449400	U	U	U	U
chr22	23451200	23451400	U	U	U	U
chr22	23457000	23457200	U	U	U	U
chr22	23457400	23457600	U	U	U	U
chr22	23459800	23460000	U	U	U	U
chr22	23465400	23465600	U	U	U	U
chr22	23467000	23467200	U	U	U	U
chr22	23471800	23472000	U	U	U	U
chr22	23482600	23482800	U	U	U	U
chr22	23482800	23483000	U	U	U	U
chr22	23483200	23483400	U	U	U	U
chr22	23492600	23492800	U	U	U	U
chr22	23497200	23497400	U	U	U	U
chr22	23498800	23499000	U	U	U	U
chr22	23501000	23501200	U	U	U	U
chr22	23501200	23501400	U	U	U	U
chr22	23511400	23511600	U	U	U	U
chr22	23518200	23518400	U	U	U	U
chr22	23519000	23519200	U	U	U	U
chr22	23521400	23521600	B	U	U	U
chr22	23522000	23522200	B	U	B	B
chr22	23522800	23523000	U	U	U	U
chr22	23523000	23523200	U	U	U	U
chr22	23532200	23532400	U	U	U	U
chr22	23534400	23534600	B	U	U	U
chr22	23556400	23556600	U	U	U	U
chr22	23572600	23572800	U	U	U	U
chr22	23573200	23573400	U	U	U	U
chr22	23573800	23574000	U	U	U	U
chr22	23574000	23574200	U	U	U	U
chr22	23584400	23584600	U	U	U	U
chr22	23591600	23591800	U	U	U	U
chr22	23597800	23598000	U	U	U	U
chr22	23598000	23598200	U	U	U	U
chr22	23603800	23604000	U	U	U	U
chr22	23606200	23606400	U	U	U	U
chr22	23608200	23608400	U	U	U	U
chr22	23608400	23608600	B	U	B	U
chr22	23610400	23610600	U	U	U	U
chr22	23616400	23616600	U	U	U	U
chr22	23616600	23616800	U	U	U	U
chr22	23617000	23617200	U	U	U	U
chr22	23617800	23618000	U	U	U	U
chr22	23624600	23624800	U	U	U	U
chr22	23626200	23626400	U	U	U	U
chr22	23626800	23627000	U	U	U	U
chr22	23630600	23630800	U	U	U	U
chr22	23632400	23632600	U	U	U	U
chr22	23638400	23638600	U	U	U	U
chr22	23639800	23640000	U	U	U	U
chr22	23649800	23650000	U	U	U	U
chr22	23652400	23652600	U	U	U	U
chr22	23652600	23652800	U	U	U	U
chr22	23653000	23653200	U	U	U	U
chr22	23653200	23653400	U	U	U	U
chr22	23656000	23656200	U	U	U	U
chr22	23656200	23656400	U	U	U	U
chr22	23677800	23678000	U	U	U	U
chr22	23682600	23682800	U	U	U	U
chr22	23682800	23683000	U	U	U	U
chr22	23683200	23683400	U	U	U	U
chr22	23684400	23684600	B	U	B	U
chr22	23691800	23692000	U	U	U	U
chr22	23692000	23692200	U	U	U	U
chr22	23692200	23692400	U	U	U	U
chr22	23694400	23694600	U	U	U	U
chr22	23695800	23696000	U	U	U	U
chr22	23696600	23696800	U	U	U	U
chr22	23697800	23698000	U	U	U	U
chr22	23714800	23715000	U	U	U	U
chr22	23715400	23715600	U	U	U	U
chr22	23743200	23743400	B	U	U	U
chr22	23744800	23745000	U	U	U	U
chr22	23745000	23745200	U	U	U	U
chr22	23745200	23745400	U	U	U	U
chr22	23753000	23753200	U	U	U	U
chr22	23764800	23765000	U	U	U	U
chr22	23765600	23765800	U	U	U	U
chr22	23768600	23768800	U	U	U	U
chr22	23772400	23772600	B	U	U	U
chr22	23773800	23774000	U	U	U	U
chr22	23774000	23774200	U	U	U	U
chr22	23774200	23774400	U	U	U	U
chr22	23774400	23774600	U	U	U	U
chr22	23779200	23779400	U	U	U	U
chr22	23779600	23779800	U	U	U	U
chr22	23786600	23786800	B	U	U	U
chr22	23789800	23790000	U	U	U	U
chr22	23791200	23791400	U	U	U	U
chr22	23792200	23792400	U	U	U	U
chr22	23800800	23801000	U	U	U	U
chr22	23803400	23803600	U	U	U	U
chr22	23816200	23816400	U	U	U	U
chr22	23817000	23817200	U	U	U	U
chr22	23817200	23817400	U	U	U	U
chr22	23825000	23825200	U	U	U	U
chr22	23825200	23825400	U	U	U	U
chr22	23825800	23826000	U	U	U	U
chr22	23827200	23827400	U	U	U	U
chr22	23829200	23829400	U	U	U	U
chr22	23832000	23832200	U	U	U	U
chr22	23832200	23832400	U	U	U	U
chr22	23833000	23833200	U	U	U	U
chr22	23836600	23836800	U	U	U	U
chr22	23837400	23837600	U	U	U	U
chr22	23838400	23838600	B	U	U	U
chr22	23838600	23838800	B	U	U	U
chr22	23838800	23839000	B	U	U	U
chr22	23839000	23839200	B	U	B	U
chr22	23841800	23842000	U	U	U	U
chr22	23845800	23846000	U	U	U	U
chr22	23847400	23847600	U	U	U	U
chr22	23849400	23849600	B	U	B	U
chr22	23850400	23850600	U	U	U	U
chr22	23861600	23861800	U	U	U	U
chr22	23868600	23868800	U	U	U	U
chr22	23876800	23877000	U	U	U	U
chr22	23877400	23877600	U	U	U	U
chr22	23877600	23877800	U	U	U	U
chr22	23884000	23884200	U	U	U	U
chr22	23893200	23893400	U	U	U	U
chr22	23893800	23894000	B	U	B	U
chr22	23895000	23895200	B	U	U	U
chr22	23896200	23896400	U	U	U	U
chr22	23896800	23897000	U	U	U	U
chr22	23897400	23897600	U	U	U	U
chr22	23899400	23899600	U	U	U	U
chr22	23902600	23902800	U	U	U	U
chr22	23903000	23903200	U	U	U	U
chr22	23904000	23904200	U	U	U	U
chr22	23905600	23905800	U	U	U	U
chr22	23906000	23906200	U	U	U	U
chr22	23906800	23907000	U	U	U	U
chr22	23914000	23914200	B	U	U	U
chr22	23928200	23928400	U	U	U	U
chr22	23931800	23932000	U	U	U	U
chr22	23941200	23941400	U	U	U	U
chr22	23942600	23942800	U	U	U	U
chr22	23954000	23954200	U	U	U	U
chr22	23958600	23958800	U	U	U	U
chr22	23960200	23960400	U	U	U	U
chr22	23961000	23961200	U	U	U	U
chr22	23962200	23962400	U	U	U	U
chr22	23965000	23965200	U	U	U	U
chr22	23966600	23966800	B	U	U	U
chr22	23967400	23967600	B	U	U	U
chr22	23970000	23970200	U	U	U	U
chr22	23970400	23970600	U	U	U	U
chr22	23971000	23971200	U	U	U	U
chr22	23971400	23971600	U	U	U	U
chr22	23973800	23974000	B	U	U	U
chr22	23976800	23977000	U	U	U	U
chr22	23979000	23979200	U	U	U	U
chr22	23980000	23980200	U	U	U	U
chr22	23987800	23988000	U	U	U	U
chr22	23989600	23989800	U	U	U	U
chr22	24004400	24004600	U	U	U	U
chr22	24005600	24005800	U	U	U	U
chr22	24031000	24031200	U	U	U	U
chr22	24035200	24035400	U	U	U	U
chr22	24040000	24040200	U	U	U	U
chr22	24040600	24040800	U	U	U	U
chr22	24042600	24042800	U	U	U	U
chr22	24049600	24049800	U	U	U	U
chr22	24049800	24050000	U	U	U	U
chr22	24050000	24050200	U	U	U	U
chr22	24055200	24055400	U	U	U	U
chr22	24055600	24055800	U	U	U	U
chr22	24056200	24056400	U	U	U	U
chr22	24060400	24060600	U	U	U	U
chr22	24061200	24061400	U	U	U	U
chr22	24063000	24063200	U	U	U	U
chr22	24066200	24066400	U	U	U	U
chr22	24067200	24067400	U	U	U	U
chr22	24069000	24069200	U	U	U	U
chr22	24071600	24071800	U	U	U	U
chr22	24083000	24083200	U	U	U	U
chr22	24083200	24083400	U	U	U	U
chr22	24085400	24085600	U	U	U	U
chr22	24085600	24085800	U	U	U	U
chr22	24087600	24087800	U	U	U	U
chr22	24087800	24088000	U	U	U	U
chr22	24088000	24088200	U	U	U	U
chr22	24089000	24089200	U	U	U	U
chr22	24091800	24092000	B	U	U	B
chr22	24096200	24096400	U	U	U	U
chr22	24096400	24096600	U	U	U	U
chr22	24099600	24099800	U	U	U	U
chr22	24099800	24100000	U	U	U	U
chr22	24101200	24101400	U	U	U	U
chr22	24104600	24104800	U	U	U	U
chr22	24105400	24105600	U	U	U	U
chr22	24105600	24105800	U	U	U	U
chr22	24105800	24106000	U	U	U	U
chr22	24107200	24107400	U	U	U	U
chr22	24108600	24108800	U	U	U	U
chr22	24113400	24113600	U	U	U	U
chr22	24113600	24113800	U	U	U	U
chr22	24114800	24115000	U	U	U	U
chr22	24115000	24115200	U	U	U	U
chr22	24118200	24118400	U	U	U	U
chr22	24118800	24119000	U	U	U	U
chr22	24119200	24119400	U	U	U	U
chr22	24119400	24119600	U	U	U	U
chr22	24123400	24123600	U	U	U	U
chr22	24128400	24128600	U	U	U	U
chr22	24130800	24131000	U	U	U	U
chr22	24131400	24131600	U	U	U	U
chr22	24133200	24133400	U	U	U	U
chr22	24133800	24134000	U	U	U	U
chr22	24140200	24140400	U	U	U	U
chr22	24141800	24142000	U	U	U	U
chr22	24144400	24144600	U	U	U	U
chr22	24146200	24146400	B	U	U	U
chr22	24148200	24148400	U	U	U	U
chr22	24149400	24149600	U	U	U	U
chr22	24149600	24149800	U	U	U	U
chr22	24149800	24150000	U	U	U	U
chr22	24151200	24151400	U	U	U	U
chr22	24151800	24152000	U	U	U	U
chr22	24152400	24152600	U	U	U	U
chr22	24154000	24154200	U	U	U	U
chr22	24154200	24154400	U	U	U	U
chr22	24154400	24154600	U	U	U	U
chr22	24157400	24157600	B	U	U	U
chr22	24157600	24157800	U	U	U	U
chr22	24158400	24158600	U	U	U	U
chr22	24159200	24159400	U	U	U	U
chr22	24159400	24159600	U	U	U	U
chr22	24162600	24162800	U	U	U	U
chr22	24164400	24164600	U	U	U	U
chr22	24165400	24165600	U	U	U	U
chr22	24166200	24166400	U	U	U	U
chr22	24168400	24168600	U	U	U	U
chr22	24170000	24170200	U	U	U	U
chr22	24170400	24170600	U	U	U	U
chr22	24170600	24170800	U	U	U	U
chr22	24172800	24173000	U	U	U	U
chr22	24175000	24175200	B	U	U	U
chr22	24179600	24179800	U	U	U	U
chr22	24182000	24182200	U	U	U	U
chr22	24182400	24182600	U	U	U	U
chr22	24182800	24183000	U	U	U	U
chr22	24183400	24183600	U	U	U	U
chr22	24184400	24184600	U	U	U	U
chr22	24187000	24187200	U	U	U	U
chr22	24187800	24188000	U	U	U	U
chr22	24190000	24190200	B	U	B	U
chr22	24190800	24191000	U	U	U	U
chr22	24191600	24191800	U	U	U	U
chr22	24219600	24219800	U	U	U	U
chr22	24224800	24225000	U	U	U	U
chr22	24225000	24225200	U	U	U	U
chr22	24225200	24225400	U	U	U	U
chr22	24225800	24226000	U	U	U	U
chr22	24231600	24231800	B	U	U	U
chr22	24231800	24232000	B	U	U	U
chr22	24232400	24232600	U	U	U	U
chr22	24234000	24234200	U	U	U	U
chr22	24242800	24243000	U	U	U	U
chr22	24246200	24246400	U	U	U	U
chr22	24246600	24246800	U	U	U	U
chr22	24248400	24248600	U	U	U	U
chr22	24249200	24249400	U	U	U	U
chr22	24252200	24252400	U	U	U	U
chr22	24253600	24253800	U	U	U	U
chr22	24257800	24258000	U	U	U	U
chr22	24258400	24258600	U	U	U	U
chr22	24258800	24259000	U	U	U	U
chr22	24260600	24260800	U	U	U	U
chr22	24260800	24261000	U	U	U	U
chr22	24261000	24261200	U	U	U	U
chr22	24262400	24262600	U	U	U	U
chr22	24263200	24263400	U	U	U	U
chr22	24263800	24264000	U	U	U	U
chr22	24264400	24264600	U	U	U	U
chr22	24271200	24271400	B	U	U	U
chr22	24271600	24271800	U	U	U	U
chr22	24279000	24279200	U	U	U	U
chr22	24290200	24290400	B	U	U	U
chr22	24304200	24304400	U	U	U	U
chr22	24304800	24305000	U	U	U	U
chr22	24312800	24313000	U	U	U	U
chr22	24313200	24313400	U	U	U	U
chr22	24321600	24321800	U	U	U	U
chr22	24322400	24322600	U	U	U	U
chr22	24323600	24323800	U	U	U	U
chr22	24324200	24324400	U	U	U	U
chr22	24325600	24325800	U	U	U	U
chr22	24326400	24326600	U	U	U	U
chr22	24327400	24327600	U	U	U	U
chr22	24329400	24329600	U	U	U	U
chr22	24334400	24334600	U	U	U	U
chr22	24337800	24338000	U	U	U	U
chr22	24339400	24339600	U	U	U	U
chr22	24348400	24348600	U	U	U	U
chr22	24350600	24350800	U	U	U	U
chr22	24358800	24359000	U	U	U	U
chr22	24363000	24363200	U	U	U	U
chr22	24365400	24365600	U	U	U	U
chr22	24368000	24368200	U	U	U	U
chr22	24369000	24369200	U	U	U	U
chr22	24380600	24380800	U	U	U	U
chr22	24383000	24383200	U	U	U	U
chr22	24389600	24389800	U	U	U	U
chr22	24390000	24390200	U	U	U	U
chr22	24392400	24392600	U	U	U	U
chr22	24393400	24393600	U	U	U	U
chr22	24397000	24397200	U	U	U	U
chr22	24397400	24397600	U	U	U	U
chr22	24397600	24397800	U	U	U	U
chr22	24403200	24403400	U	U	U	U
chr22	24406200	24406400	B	U	U	U
chr22	24413400	24413600	U	U	U	U
chr22	24413800	24414000	U	U	U	U
chr22	24414800	24415000	U	U	U	U
chr22	24416400	24416600	U	U	U	U
chr22	24416600	24416800	U	U	U	U
chr22	24417400	24417600	U	U	U	U
chr22	24420000	24420200	U	U	U	U
chr22	24420400	24420600	U	U	U	U
chr22	24420800	24421000	U	U	U	U
chr22	24422200	24422400	U	U	U	U
chr22	24425400	24425600	U	U	U	U
chr22	24426000	24426200	U	U	U	U
chr22	24428800	24429000	U	U	U	U
chr22	24432400	24432600	U	U	U	U
chr22	24433800	24434000	U	U	U	U
chr22	24435000	24435200	U	U	U	U
chr22	24435200	24435400	U	U	U	U
chr22	24436000	24436200	U	U	U	U
chr22	24441200	24441400	U	U	U	U
chr22	24441600	24441800	U	U	U	U
chr22	24441800	24442000	U	U	U	U
chr22	24442000	24442200	U	U	U	U
chr22	24442600	24442800	U	U	U	U
chr22	24444400	24444600	U	U	U	U
chr22	24455400	24455600	U	U	U	U
chr22	24456000	24456200	B	U	U	U
chr22	24466400	24466600	U	U	U	U
chr22	24472000	24472200	U	U	U	U
chr22	24485200	24485400	U	U	U	U
chr22	24494600	24494800	U	U	U	U
chr22	24496600	24496800	U	U	U	U
chr22	24497400	24497600	U	U	U	U
chr22	24497800	24498000	U	U	U	U
chr22	24498800	24499000	U	U	U	U
chr22	24499400	24499600	U	U	U	U
chr22	24500600	24500800	U	U	U	U
chr22	24502000	24502200	U	U	U	U
chr22	24502200	24502400	U	U	U	U
chr22	24512000	24512200	U	U	U	U
chr22	24512200	24512400	U	U	U	U
chr22	24517200	24517400	U	U	U	U
chr22	24519600	24519800	U	U	U	U
chr22	24519800	24520000	U	U	U	U
chr22	24544000	24544200	U	U	U	U
chr22	24546600	24546800	U	U	U	U
chr22	24547400	24547600	U	U	U	U
chr22	24547800	24548000	U	U	U	U
chr22	24553800	24554000	U	U	U	U
chr22	24554600	24554800	B	U	U	U
chr22	24555000	24555200	B	U	U	U
chr22	24556000	24556200	B	U	U	U
chr22	24557600	24557800	U	U	U	U
chr22	24562800	24563000	U	U	U	U
chr22	24563600	24563800	U	U	U	U
chr22	24564400	24564600	U	U	U	U
chr22	24583800	24584000	U	U	U	U
chr22	24588600	24588800	U	U	U	U
chr22	24590600	24590800	U	U	U	U
chr22	24594800	24595000	U	U	U	U
chr22	24595400	24595600	U	U	U	U
chr22	24595600	24595800	U	U	U	U
chr22	24595800	24596000	U	U	U	U
chr22	24600600	24600800	U	U	U	U
chr22	24601800	24602000	U	U	U	U
chr22	24602800	24603000	U	U	U	U
chr22	24604800	24605000	U	U	U	U
chr22	24607400	24607600	B	U	B	U
chr22	24608400	24608600	U	U	U	U
chr22	24609400	24609600	U	U	U	U
chr22	24627200	24627400	U	U	U	U
chr22	24627400	24627600	U	U	U	U
chr22	24627600	24627800	U	U	U	U
chr22	24628000	24628200	U	U	U	U
chr22	24629600	24629800	U	U	U	U
chr22	24629800	24630000	U	U	U	U
chr22	24632400	24632600	U	U	U	U
chr22	24644000	24644200	U	U	U	U
chr22	24645000	24645200	U	U	U	U
chr22	24645400	24645600	U	U	U	U
chr22	24646200	24646400	U	U	U	U
chr22	24646600	24646800	U	U	U	U
chr22	24647400	24647600	U	U	U	U
chr22	24647800	24648000	U	U	U	U
chr22	24648200	24648400	U	U	U	U
chr22	24648400	24648600	U	U	U	U
chr22	24649800	24650000	U	U	U	U
chr22	24651400	24651600	U	U	U	U
chr22	24651800	24652000	U	U	U	U
chr22	24653200	24653400	U	U	U	U
chr22	24653400	24653600	U	U	U	U
chr22	24653800	24654000	U	U	U	U
chr22	24654400	24654600	U	U	U	U
chr22	24657000	24657200	U	U	U	U
chr22	24657200	24657400	U	U	U	U
chr22	24658000	24658200	U	U	U	U
chr22	24658200	24658400	U	U	U	U
chr22	24659200	24659400	U	U	U	U
chr22	24685400	24685600	U	U	U	U
chr22	24685600	24685800	U	U	U	U
chr22	24692600	24692800	U	U	U	U
chr22	24693200	24693400	U	U	U	U
chr22	24694400	24694600	U	U	U	U
chr22	24697400	24697600	U	U	U	U
chr22	24712600	24712800	U	U	U	U
chr22	24712800	24713000	U	U	U	U
chr22	24717800	24718000	U	U	U	U
chr22	24721800	24722000	U	U	U	U
chr22	24723400	24723600	U	U	U	U
chr22	24727800	24728000	U	U	U	U
chr22	24732000	24732200	U	U	U	U
chr22	24748800	24749000	U	U	U	U
chr22	24751200	24751400	U	U	U	U
chr22	24756400	24756600	U	U	U	U
chr22	24762000	24762200	U	U	U	U
chr22	24763800	24764000	U	U	U	U
chr22	24764200	24764400	U	U	U	U
chr22	24765400	24765600	U	U	U	U
chr22	24768600	24768800	B	U	U	U
chr22	24797400	24797600	U	U	U	U
chr22	24804200	24804400	U	U	U	U
chr22	24806600	24806800	U	U	U	U
chr22	24810600	24810800	U	U	U	U
chr22	24812600	24812800	U	U	U	U
chr22	24834000	24834200	U	U	U	U
chr22	24854200	24854400	U	U	U	U
chr22	24855200	24855400	U	U	U	U
chr22	24860200	24860400	U	U	U	U
chr22	24870200	24870400	U	U	U	U
chr22	24892000	24892200	U	U	U	U
chr22	24901400	24901600	U	U	U	U
chr22	24905200	24905400	U	U	U	U
chr22	24924200	24924400	U	U	U	U
chr22	24929200	24929400	U	U	U	U
chr22	24939200	24939400	B	U	U	U
chr22	24952400	24952600	B	U	B	U
chr22	24954000	24954200	U	U	U	U
chr22	24962800	24963000	U	U	U	U
chr22	24968600	24968800	U	U	U	U
chr22	24970000	24970200	U	U	U	U
chr22	24977400	24977600	U	U	U	U
chr22	24992000	24992200	U	U	U	U
chr22	24996200	24996400	U	U	U	U
chr22	25024200	25024400	U	U	U	U
chr22	25028000	25028200	U	U	U	U
chr22	25040800	25041000	U	U	U	U
chr22	25041200	25041400	U	U	U	U
chr22	25041400	25041600	U	U	U	U
chr22	25050200	25050400	U	U	U	U
chr22	25065200	25065400	U	U	U	U
chr22	25066800	25067000	U	U	U	U
chr22	25067800	25068000	U	U	U	U
chr22	25077400	25077600	U	U	U	U
chr22	25085400	25085600	U	U	U	U
chr22	25105400	25105600	U	U	U	U
chr22	25105600	25105800	U	U	U	U
chr22	25112400	25112600	U	U	U	U
chr22	25112800	25113000	U	U	U	U
chr22	25114800	25115000	U	U	U	U
chr22	25124000	25124200	U	U	U	U
chr22	25124200	25124400	U	U	U	U
chr22	25128200	25128400	U	U	U	U
chr22	25135600	25135800	U	U	U	U
chr22	25138400	25138600	U	U	U	U
chr22	25141600	25141800	U	U	U	U
chr22	25143200	25143400	U	U	U	U
chr22	25148400	25148600	U	U	U	U
chr22	25148800	25149000	U	U	U	U
chr22	25150600	25150800	U	U	U	U
chr22	25154000	25154200	U	U	U	U
chr22	25157000	25157200	U	U	U	U
chr22	25157600	25157800	U	U	U	U
chr22	25167800	25168000	U	U	U	U
chr22	25169600	25169800	U	U	U	U
chr22	25176200	25176400	U	U	U	U
chr22	25177800	25178000	U	U	U	U
chr22	25178000	25178200	U	U	U	U
chr22	25178800	25179000	U	U	U	U
chr22	25180800	25181000	U	U	U	U
chr22	25181000	25181200	U	U	U	U
chr22	25182800	25183000	U	U	U	U
chr22	25184400	25184600	U	U	U	U
chr22	25185000	25185200	U	U	U	U
chr22	25187000	25187200	U	U	U	U
chr22	25192400	25192600	U	U	U	U
chr22	25194400	25194600	U	U	U	U
chr22	25195200	25195400	U	U	U	U
chr22	25203800	25204000	U	U	U	U
chr22	25220600	25220800	U	U	U	U
chr22	25221000	25221200	U	U	U	U
chr22	25221600	25221800	U	U	U	U
chr22	25228400	25228600	U	U	U	U
chr22	25241400	25241600	U	U	U	U
chr22	25244000	25244200	U	U	U	U
chr22	25255800	25256000	U	U	U	U
chr22	25257000	25257200	U	U	U	U
chr22	25262400	25262600	U	U	U	U
chr22	25281400	25281600	U	U	U	U
chr22	25281600	25281800	U	U	U	U
chr22	25287400	25287600	U	U	U	U
chr22	25291600	25291800	U	U	U	U
chr22	25302800	25303000	U	U	U	U
chr22	25303000	25303200	U	U	U	U
chr22	25313400	25313600	U	U	U	U
chr22	25313600	25313800	U	U	U	U
chr22	25317200	25317400	U	U	U	U
chr22	25318200	25318400	U	U	U	U
chr22	25318400	25318600	U	U	U	U
chr22	25318800	25319000	U	U	U	U
chr22	25320600	25320800	U	U	U	U
chr22	25326400	25326600	U	U	U	U
chr22	25327200	25327400	U	U	U	U
chr22	25329600	25329800	U	U	U	U
chr22	25331800	25332000	U	U	U	U
chr22	25334000	25334200	B	U	B	U
chr22	25335200	25335400	U	U	U	U
chr22	25337200	25337400	U	U	U	U
chr22	25339400	25339600	U	U	U	U
chr22	25349600	25349800	U	U	U	U
chr22	25351400	25351600	U	U	U	U
chr22	25351600	25351800	U	U	U	U
chr22	25352600	25352800	U	U	U	U
chr22	25354400	25354600	U	U	U	U
chr22	25357000	25357200	U	U	U	U
chr22	25360600	25360800	U	U	U	U
chr22	25361000	25361200	U	U	U	U
chr22	25364000	25364200	U	U	U	U
chr22	25366400	25366600	U	U	U	U
chr22	25367800	25368000	U	U	U	U
chr22	25373400	25373600	U	U	U	U
chr22	25378600	25378800	U	U	U	U
chr22	25381200	25381400	U	U	U	U
chr22	25387600	25387800	U	U	U	U
chr22	25388400	25388600	U	U	U	U
chr22	25390800	25391000	U	U	U	U
chr22	25391200	25391400	U	U	U	U
chr22	25391400	25391600	U	U	U	U
chr22	25392200	25392400	U	U	U	U
chr22	25393400	25393600	U	U	U	U
chr22	25395400	25395600	U	U	U	U
chr22	25403200	25403400	U	U	U	U
chr22	25403600	25403800	B	U	U	U
chr22	25404000	25404200	B	U	U	U
chr22	25417600	25417800	U	U	U	U
chr22	25419200	25419400	U	U	U	U
chr22	25421600	25421800	U	U	U	U
chr22	25422000	25422200	U	U	U	U
chr22	25422600	25422800	U	U	U	U
chr22	25423200	25423400	U	U	U	U
chr22	25429400	25429600	U	U	U	U
chr22	25429800	25430000	U	U	U	U
chr22	25430000	25430200	U	U	U	U
chr22	25430200	25430400	U	U	U	U
chr22	25434400	25434600	U	U	U	U
chr22	25436200	25436400	U	U	U	U
chr22	25443400	25443600	U	U	U	U
chr22	25478600	25478800	U	U	U	U
chr22	25483800	25484000	U	U	U	U
chr22	25486200	25486400	U	U	U	U
chr22	25493200	25493400	U	U	U	U
chr22	25494000	25494200	U	U	U	U
chr22	25496400	25496600	U	U	U	U
chr22	25503000	25503200	U	U	U	U
chr22	25504800	25505000	U	U	U	U
chr22	25515400	25515600	U	U	U	U
chr22	25528600	25528800	U	U	U	U
chr22	25556800	25557000	U	U	U	U
chr22	25560000	25560200	U	U	U	U
chr22	25561200	25561400	U	U	U	U
chr22	25563800	25564000	B	U	U	U
chr22	25566000	25566200	U	U	U	U
chr22	25566400	25566600	U	U	U	U
chr22	25567800	25568000	U	U	U	U
chr22	25570400	25570600	U	U	U	U
chr22	25571400	25571600	U	U	U	U
chr22	25574600	25574800	U	U	U	U
chr22	25575200	25575400	U	U	U	U
chr22	25576800	25577000	U	U	U	U
chr22	25583000	25583200	U	U	U	U
chr22	25585800	25586000	U	U	U	U
chr22	25586000	25586200	U	U	U	U
chr22	25613200	25613400	U	U	U	U
chr22	25613600	25613800	U	U	U	U
chr22	25623400	25623600	U	U	U	U
chr22	25628800	25629000	U	U	U	U
chr22	25629000	25629200	U	U	U	U
chr22	25630400	25630600	U	U	U	U
chr22	25634000	25634200	U	U	U	U
chr22	25640800	25641000	U	U	U	U
chr22	25643200	25643400	U	U	U	U
chr22	25643400	25643600	U	U	U	U
chr22	25647400	25647600	U	U	U	U
chr22	25647600	25647800	U	U	U	U
chr22	25648800	25649000	U	U	U	U
chr22	25649200	25649400	U	U	U	U
chr22	25650400	25650600	U	U	U	U
chr22	25650800	25651000	U	U	U	U
chr22	25651600	25651800	U	U	U	U
chr22	25651800	25652000	U	U	U	U
chr22	25660200	25660400	U	U	U	U
chr22	25660400	25660600	U	U	U	U
chr22	25662800	25663000	U	U	U	U
chr22	25663800	25664000	U	U	U	U
chr22	25664200	25664400	U	U	U	U
chr22	25665400	25665600	U	U	U	U
chr22	25665600	25665800	U	U	U	U
chr22	25667600	25667800	U	U	U	U
chr22	25668000	25668200	U	U	U	U
chr22	25672800	25673000	U	U	U	U
chr22	25675400	25675600	U	U	U	U
chr22	25678600	25678800	U	U	U	U
chr22	25679800	25680000	U	U	U	U
chr22	25680600	25680800	U	U	U	U
chr22	25687200	25687400	U	U	U	U
chr22	25688600	25688800	U	U	U	U
chr22	25689200	25689400	U	U	U	U
chr22	25691200	25691400	U	U	U	U
chr22	25691600	25691800	U	U	U	U
chr22	25695200	25695400	U	U	U	U
chr22	25696800	25697000	U	U	U	U
chr22	25700000	25700200	U	U	U	U
chr22	25701200	25701400	U	U	U	U
chr22	25701400	25701600	U	U	U	U
chr22	25701800	25702000	U	U	U	U
chr22	25705000	25705200	U	U	U	U
chr22	25710200	25710400	U	U	U	U
chr22	25711200	25711400	U	U	U	U
chr22	25714000	25714200	U	U	U	U
chr22	25718400	25718600	U	U	U	U
chr22	25719600	25719800	U	U	U	U
chr22	25719800	25720000	U	U	U	U
chr22	25720200	25720400	U	U	U	U
chr22	25721400	25721600	U	U	U	U
chr22	25721600	25721800	U	U	U	U
chr22	25722800	25723000	U	U	U	U
chr22	25723400	25723600	U	U	U	U
chr22	25724200	25724400	U	U	U	U
chr22	25726200	25726400	B	U	U	B
chr22	25726400	25726600	B	U	U	B
chr22	25727400	25727600	U	U	U	U
chr22	25728000	25728200	U	U	U	U
chr22	25728400	25728600	U	U	U	U
chr22	25728600	25728800	U	U	U	U
chr22	25729800	25730000	U	U	U	U
chr22	25730000	25730200	U	U	U	U
chr22	25733200	25733400	U	U	U	U
chr22	25740200	25740400	U	U	U	U
chr22	25742400	25742600	B	U	U	U
chr22	25762400	25762600	B	U	U	B
chr22	25768200	25768400	U	U	U	U
chr22	25768400	25768600	U	U	U	U
chr22	25769200	25769400	U	U	U	U
chr22	25772000	25772200	U	U	U	U
chr22	25774800	25775000	U	U	U	U
chr22	25775000	25775200	U	U	U	U
chr22	25777600	25777800	U	U	U	U
chr22	25779800	25780000	U	U	U	U
chr22	25784600	25784800	U	U	U	U
chr22	25808000	25808200	U	U	U	U
chr22	25813800	25814000	U	U	U	U
chr22	25818000	25818200	U	U	U	U
chr22	25823600	25823800	U	U	U	U
chr22	25825200	25825400	U	U	U	U
chr22	25827600	25827800	U	U	U	U
chr22	25829000	25829200	U	U	U	U
chr22	25839800	25840000	U	U	U	U
chr22	25849000	25849200	U	U	U	U
chr22	25849200	25849400	U	U	U	U
chr22	25850800	25851000	U	U	U	U
chr22	25853400	25853600	B	U	U	U
chr22	25854000	25854200	U	U	U	U
chr22	25857400	25857600	U	U	B	U
chr22	25858600	25858800	U	U	U	U
chr22	25865800	25866000	U	U	U	U
chr22	25868200	25868400	U	U	U	U
chr22	25871400	25871600	U	U	U	U
chr22	25874600	25874800	U	U	U	U
chr22	25876400	25876600	U	U	U	U
chr22	25877000	25877200	U	U	U	U
chr22	25888800	25889000	U	U	U	U
chr22	25893400	25893600	U	U	U	U
chr22	25897800	25898000	U	U	U	U
chr22	25908600	25908800	U	U	U	U
chr22	25909800	25910000	U	U	U	U
chr22	25920400	25920600	U	U	U	U
chr22	25924000	25924200	U	U	U	U
chr22	25929600	25929800	U	U	U	U
chr22	25930000	25930200	U	U	U	U
chr22	25938000	25938200	U	U	U	U
chr22	25941400	25941600	U	U	U	U
chr22	25946600	25946800	U	U	U	U
chr22	25953600	25953800	U	U	U	U
chr22	25960000	25960200	U	U	U	U
chr22	25960400	25960600	U	U	U	U
chr22	25970400	25970600	U	U	U	U
chr22	25970800	25971000	U	U	U	U
chr22	25971400	25971600	U	U	U	U
chr22	25990000	25990200	U	U	U	U
chr22	25992200	25992400	U	U	U	U
chr22	25994600	25994800	U	U	U	U
chr22	25998200	25998400	U	U	U	U
chr22	26002400	26002600	U	U	U	U
chr22	26003400	26003600	U	U	U	U
chr22	26005600	26005800	U	U	U	U
chr22	26006600	26006800	U	U	U	U
chr22	26008400	26008600	U	U	U	U
chr22	26009200	26009400	U	U	U	U
chr22	26009800	26010000	U	U	U	U
chr22	26012400	26012600	U	U	U	U
chr22	26018200	26018400	U	U	U	U
chr22	26020400	26020600	U	U	U	U
chr22	26022200	26022400	U	U	U	U
chr22	26022800	26023000	U	U	U	U
chr22	26023000	26023200	U	U	U	U
chr22	26025200	26025400	U	U	U	U
chr22	26025800	26026000	U	U	U	U
chr22	26026000	26026200	U	U	U	U
chr22	26026600	26026800	U	U	U	U
chr22	26027200	26027400	U	U	U	U
chr22	26036400	26036600	U	U	U	U
chr22	26036800	26037000	U	U	U	U
chr22	26037600	26037800	U	U	U	U
chr22	26037800	26038000	U	U	U	U
chr22	26052200	26052400	U	U	U	U
chr22	26054200	26054400	U	U	U	U
chr22	26054400	26054600	U	U	U	U
chr22	26056600	26056800	U	U	U	U
chr22	26059600	26059800	U	U	U	U
chr22	26059800	26060000	U	U	U	U
chr22	26065000	26065200	U	U	U	U
chr22	26069200	26069400	U	U	U	U
chr22	26077200	26077400	U	U	U	U
chr22	26081600	26081800	U	U	U	U
chr22	26091200	26091400	U	U	U	U
chr22	26096400	26096600	U	U	U	U
chr22	26144800	26145000	U	U	U	U
chr22	26155600	26155800	U	U	U	U
chr22	26156800	26157000	U	U	U	U
chr22	26158800	26159000	U	U	U	U
chr22	26161600	26161800	U	U	U	U
chr22	26170200	26170400	U	U	U	U
chr22	26171600	26171800	U	U	U	U
chr22	26172000	26172200	U	U	U	U
chr22	26174400	26174600	U	U	U	U
chr22	26178200	26178400	U	U	U	U
chr22	26190200	26190400	U	U	U	U
chr22	26199400	26199600	U	U	U	U
chr22	26202600	26202800	U	U	U	U
chr22	26202800	26203000	U	U	U	U
chr22	26204800	26205000	U	U	U	U
chr22	26206800	26207000	U	U	U	U
chr22	26212000	26212200	U	U	U	U
chr22	26212200	26212400	U	U	U	U
chr22	26213200	26213400	U	U	U	U
chr22	26214600	26214800	U	U	U	U
chr22	26215800	26216000	U	U	U	U
chr22	26225400	26225600	U	U	U	U
chr22	26229800	26230000	U	U	U	U
chr22	26230000	26230200	U	U	U	U
chr22	26233200	26233400	U	U	U	U
chr22	26234400	26234600	U	U	U	U
chr22	26236800	26237000	U	U	U	U
chr22	26238000	26238200	U	U	U	U
chr22	26246800	26247000	U	U	U	U
chr22	26262400	26262600	U	U	U	U
chr22	26262600	26262800	U	U	U	U
chr22	26263000	26263200	U	U	U	U
chr22	26264000	26264200	U	U	U	U
chr22	26265200	26265400	U	U	U	U
chr22	26276400	26276600	U	U	U	U
chr22	26277400	26277600	U	U	U	U
chr22	26278000	26278200	U	U	U	U
chr22	26279600	26279800	U	U	U	U
chr22	26282400	26282600	U	U	U	U
chr22	26282600	26282800	U	U	U	U
chr22	26294200	26294400	U	U	U	U
chr22	26296600	26296800	U	U	U	U
chr22	26296800	26297000	U	U	U	U
chr22	26299000	26299200	U	U	U	U
chr22	26306000	26306200	U	U	U	U
chr22	26308200	26308400	U	U	U	U
chr22	26309000	26309200	U	U	U	U
chr22	26317400	26317600	U	U	U	U
chr22	26339600	26339800	U	U	U	U
chr22	26340400	26340600	U	U	U	U
chr22	26344000	26344200	U	U	U	U
chr22	26345600	26345800	U	U	U	U
chr22	26349200	26349400	U	U	U	U
chr22	26354600	26354800	U	U	U	U
chr22	26362000	26362200	U	U	U	U
chr22	26365200	26365400	U	U	U	U
chr22	26373600	26373800	U	U	U	U
chr22	26377800	26378000	U	U	U	U
chr22	26381000	26381200	U	U	U	U
chr22	26381400	26381600	U	U	U	U
chr22	26381800	26382000	U	U	U	U
chr22	26391400	26391600	U	U	U	U
chr22	26403200	26403400	U	U	U	U
chr22	26413800	26414000	U	U	U	U
chr22	26417000	26417200	U	U	B	U
chr22	26419600	26419800	U	U	U	U
chr22	26420200	26420400	U	U	U	U
chr22	26422600	26422800	U	U	U	U
chr22	26430800	26431000	U	U	U	U
chr22	26432600	26432800	U	U	U	U
chr22	26433800	26434000	U	U	U	U
chr22	26436400	26436600	U	U	U	U
chr22	26437000	26437200	U	U	U	U
chr22	26440000	26440200	U	U	U	U
chr22	26451400	26451600	U	U	U	U
chr22	26452400	26452600	U	U	U	U
chr22	26453000	26453200	U	U	U	U
chr22	26454000	26454200	U	U	U	U
chr22	26455800	26456000	U	U	U	U
chr22	26458400	26458600	U	U	U	U
chr22	26462800	26463000	U	U	U	U
chr22	26464200	26464400	U	U	U	U
chr22	26464800	26465000	U	U	U	U
chr22	26468400	26468600	U	U	U	U
chr22	26470400	26470600	U	U	U	U
chr22	26471000	26471200	U	U	U	U
chr22	26479400	26479600	B	U	U	U
chr22	26481400	26481600	U	U	U	U
chr22	26482400	26482600	U	U	U	U
chr22	26483400	26483600	B	U	U	U
chr22	26488000	26488200	U	U	U	U
chr22	26488400	26488600	U	U	U	U
chr22	26489800	26490000	U	U	U	U
chr22	26491400	26491600	U	U	U	U
chr22	26493600	26493800	B	U	U	U
chr22	26496800	26497000	U	U	U	U
chr22	26499200	26499400	U	U	U	U
chr22	26505200	26505400	U	U	U	U
chr22	26507200	26507400	U	U	U	U
chr22	26510000	26510200	U	U	U	U
chr22	26512400	26512600	B	U	U	U
chr22	26515400	26515600	U	U	U	U
chr22	26524000	26524200	U	U	U	U
chr22	26525800	26526000	U	U	U	U
chr22	26526000	26526200	U	U	U	U
chr22	26528000	26528200	U	U	U	U
chr22	26554200	26554400	U	U	U	U
chr22	26555600	26555800	U	U	U	U
chr22	26560600	26560800	U	U	U	U
chr22	26561200	26561400	U	U	U	U
chr22	26573400	26573600	B	U	U	U
chr22	26574600	26574800	U	U	U	U
chr22	26576200	26576400	U	U	U	U
chr22	26579400	26579600	U	U	U	U
chr22	26585400	26585600	U	U	U	U
chr22	26587000	26587200	U	U	U	U
chr22	26590400	26590600	B	U	U	U
chr22	26593000	26593200	U	U	U	U
chr22	26594400	26594600	U	U	U	U
chr22	26601600	26601800	U	U	U	U
chr22	26601800	26602000	U	U	U	U
chr22	26606600	26606800	U	U	U	U
chr22	26615200	26615400	U	U	U	U
chr22	26616400	26616600	U	U	U	U
chr22	26644600	26644800	U	U	U	U
chr22	26647600	26647800	U	U	U	U
chr22	26653000	26653200	U	U	U	U
chr22	26663200	26663400	U	U	U	U
chr22	26670400	26670600	U	U	U	U
chr22	26671000	26671200	U	U	U	U
chr22	26671200	26671400	U	U	U	U
chr22	26671400	26671600	U	U	U	U
chr22	26672200	26672400	B	U	U	U
chr22	26672400	26672600	B	U	U	U
chr22	26672800	26673000	B	U	U	U
chr22	26676000	26676200	U	U	U	U
chr22	26681400	26681600	U	U	U	U
chr22	26681600	26681800	U	U	U	U
chr22	26689400	26689600	U	U	U	U
chr22	26689800	26690000	U	U	U	U
chr22	26690000	26690200	U	U	U	U
chr22	26715000	26715200	U	U	U	U
chr22	26717400	26717600	U	U	U	U
chr22	26721400	26721600	U	U	U	U
chr22	26733000	26733200	U	U	U	U
chr22	26733400	26733600	U	U	U	U
chr22	26735400	26735600	U	U	U	U
chr22	26737600	26737800	U	U	U	U
chr22	26740600	26740800	U	U	U	U
chr22	26741000	26741200	U	U	U	U
chr22	26752600	26752800	U	U	U	U
chr22	26760000	26760200	U	U	U	U
chr22	26768000	26768200	U	U	U	U
chr22	26768200	26768400	U	U	U	U
chr22	26768400	26768600	U	U	U	U
chr22	26771400	26771600	U	U	U	U
chr22	26775400	26775600	U	U	U	U
chr22	26783200	26783400	U	U	U	U
chr22	26784000	26784200	U	U	U	U
chr22	26789200	26789400	U	U	U	U
chr22	26796200	26796400	U	U	U	U
chr22	26796400	26796600	U	U	U	U
chr22	26799000	26799200	U	U	U	U
chr22	26814400	26814600	U	U	U	U
chr22	26814600	26814800	U	U	U	U
chr22	26814800	26815000	U	U	U	U
chr22	26820600	26820800	U	U	U	U
chr22	26827600	26827800	U	U	U	U
chr22	26842400	26842600	U	U	U	U
chr22	26846400	26846600	U	U	U	U
chr22	26851200	26851400	U	U	U	U
chr22	26852000	26852200	U	U	B	U
chr22	26852400	26852600	U	U	B	U
chr22	26852800	26853000	U	U	U	U
chr22	26858600	26858800	U	U	U	U
chr22	26862000	26862200	U	U	U	U
chr22	26869000	26869200	U	U	U	U
chr22	26883600	26883800	U	U	U	U
chr22	26890600	26890800	U	U	U	U
chr22	26892800	26893000	U	U	U	U
chr22	26896800	26897000	U	U	U	U
chr22	26903200	26903400	U	U	U	U
chr22	26906200	26906400	U	U	U	U
chr22	26912800	26913000	U	U	U	U
chr22	26919200	26919400	U	U	U	U
chr22	26923200	26923400	U	U	B	U
chr22	26925400	26925600	U	U	U	U
chr22	26927800	26928000	U	U	U	U
chr22	26933000	26933200	U	U	U	U
chr22	26933200	26933400	U	U	U	U
chr22	26937000	26937200	U	U	U	U
chr22	26939600	26939800	U	U	U	U
chr22	26945200	26945400	U	U	U	U
chr22	26949000	26949200	U	U	B	U
chr22	26952400	26952600	U	U	U	U
chr22	26956600	26956800	U	U	U	U
chr22	26961600	26961800	U	U	U	U
chr22	26979400	26979600	U	U	B	U
chr22	26984400	26984600	U	U	U	U
chr22	26985200	26985400	U	U	U	U
chr22	26985600	26985800	U	U	U	U
chr22	26990000	26990200	U	U	U	U
chr22	26994200	26994400	U	U	U	U
chr22	26994800	26995000	U	U	U	U
chr22	26998600	26998800	U	U	U	U
chr22	27013000	27013200	U	U	U	U
chr22	27013200	27013400	U	U	U	U
chr22	27016200	27016400	U	U	U	U
chr22	27016600	27016800	U	U	U	U
chr22	27020800	27021000	U	U	U	U
chr22	27021000	27021200	U	U	U	U
chr22	27023000	27023200	U	U	U	U
chr22	27027200	27027400	U	U	U	U
chr22	27032000	27032200	U	U	U	U
chr22	27032400	27032600	U	U	U	U
chr22	27043000	27043200	U	U	U	U
chr22	27043200	27043400	U	U	U	U
chr22	27045600	27045800	U	U	U	U
chr22	27046000	27046200	U	U	U	U
chr22	27052400	27052600	U	U	U	U
chr22	27058800	27059000	U	U	U	U
chr22	27063400	27063600	U	U	U	U
chr22	27063600	27063800	U	U	U	U
chr22	27065400	27065600	U	U	U	U
chr22	27065600	27065800	U	U	U	U
chr22	27066400	27066600	U	U	U	U
chr22	27066600	27066800	U	U	U	U
chr22	27071400	27071600	U	U	U	U
chr22	27073800	27074000	U	U	U	U
chr22	27080200	27080400	U	U	U	U
chr22	27083400	27083600	U	U	U	U
chr22	27085200	27085400	U	U	U	U
chr22	27086600	27086800	U	U	U	U
chr22	27086800	27087000	U	U	U	U
chr22	27090400	27090600	U	U	U	U
chr22	27090800	27091000	U	U	U	U
chr22	27093800	27094000	U	U	U	U
chr22	27096400	27096600	U	U	U	U
chr22	27097600	27097800	U	U	U	U
chr22	27103200	27103400	U	U	U	U
chr22	27104000	27104200	U	U	U	U
chr22	27105800	27106000	U	U	U	U
chr22	27116400	27116600	U	U	U	U
chr22	27119400	27119600	U	U	U	U
chr22	27122600	27122800	U	U	U	U
chr22	27124600	27124800	U	U	U	U
chr22	27133600	27133800	U	U	U	U
chr22	27137600	27137800	U	U	U	U
chr22	27138000	27138200	U	U	U	U
chr22	27140000	27140200	U	U	U	U
chr22	27140200	27140400	U	U	U	U
chr22	27154800	27155000	B	U	U	U
chr22	27156600	27156800	U	U	U	U
chr22	27158200	27158400	U	U	U	U
chr22	27161200	27161400	U	U	U	U
chr22	27165800	27166000	U	U	U	U
chr22	27173000	27173200	U	U	U	U
chr22	27183600	27183800	U	U	U	U
chr22	27196600	27196800	U	U	U	U
chr22	27197000	27197200	U	U	U	U
chr22	27201400	27201600	U	U	U	U
chr22	27203000	27203200	U	U	U	U
chr22	27204000	27204200	U	U	U	U
chr22	27205600	27205800	U	U	U	U
chr22	27207800	27208000	U	U	U	U
chr22	27208000	27208200	U	U	U	U
chr22	27210800	27211000	U	U	U	U
chr22	27212800	27213000	U	U	U	U
chr22	27216200	27216400	U	U	U	U
chr22	27218400	27218600	U	U	U	U
chr22	27220400	27220600	U	U	U	U
chr22	27224400	27224600	U	U	U	U
chr22	27239200	27239400	U	U	B	U
chr22	27242000	27242200	U	U	U	U
chr22	27246000	27246200	U	U	U	U
chr22	27254000	27254200	U	U	U	U
chr22	27258200	27258400	U	U	U	U
chr22	27258800	27259000	U	U	U	U
chr22	27263200	27263400	U	U	U	U
chr22	27268400	27268600	U	U	U	U
chr22	27286600	27286800	U	U	U	U
chr22	27286800	27287000	U	U	U	U
chr22	27292800	27293000	U	U	U	U
chr22	27293800	27294000	U	U	U	U
chr22	27294800	27295000	U	U	U	U
chr22	27297000	27297200	U	U	U	U
chr22	27298800	27299000	U	U	U	U
chr22	27299200	27299400	U	U	U	U
chr22	27299400	27299600	U	U	U	U
chr22	27299600	27299800	U	U	U	U
chr22	27300200	27300400	U	U	U	U
chr22	27300600	27300800	U	U	U	U
chr22	27305200	27305400	U	U	U	U
chr22	27311200	27311400	U	U	U	U
chr22	27311400	27311600	U	U	U	U
chr22	27312000	27312200	U	U	U	U
chr22	27324000	27324200	U	U	U	U
chr22	27326800	27327000	U	U	U	U
chr22	27332600	27332800	U	U	U	U
chr22	27336000	27336200	U	U	U	U
chr22	27339800	27340000	U	U	U	U
chr22	27357800	27358000	U	U	U	U
chr22	27369800	27370000	U	U	U	U
chr22	27371200	27371400	U	U	U	U
chr22	27372600	27372800	U	U	U	U
chr22	27381000	27381200	U	U	U	U
chr22	27390000	27390200	U	U	U	U
chr22	27390200	27390400	U	U	U	U
chr22	27390400	27390600	U	U	U	U
chr22	27392200	27392400	U	U	U	U
chr22	27402600	27402800	U	U	U	U
chr22	27417400	27417600	U	U	U	U
chr22	27421200	27421400	U	U	U	U
chr22	27421400	27421600	U	U	U	U
chr22	27424600	27424800	U	U	U	U
chr22	27428800	27429000	U	U	U	U
chr22	27430400	27430600	U	U	U	U
chr22	27431600	27431800	U	U	U	U
chr22	27434600	27434800	U	U	U	U
chr22	27440400	27440600	U	U	U	U
chr22	27449200	27449400	U	U	U	U
chr22	27450000	27450200	U	U	U	U
chr22	27453600	27453800	U	U	U	U
chr22	27453800	27454000	U	U	U	U
chr22	27460800	27461000	U	U	U	U
chr22	27465400	27465600	U	U	U	U
chr22	27468000	27468200	U	U	U	U
chr22	27468200	27468400	U	U	U	U
chr22	27479400	27479600	U	U	U	U
chr22	27480600	27480800	U	U	U	U
chr22	27481000	27481200	U	U	U	U
chr22	27483400	27483600	U	U	U	U
chr22	27483600	27483800	U	U	U	U
chr22	27490200	27490400	U	U	U	U
chr22	27491600	27491800	U	U	U	U
chr22	27496600	27496800	U	U	U	U
chr22	27500200	27500400	U	U	U	U
chr22	27502600	27502800	U	U	U	U
chr22	27511400	27511600	U	U	U	U
chr22	27512200	27512400	U	U	U	U
chr22	27517200	27517400	U	U	U	U
chr22	27527000	27527200	U	U	U	U
chr22	27531800	27532000	U	U	U	U
chr22	27541000	27541200	U	U	U	U
chr22	27544000	27544200	U	U	U	U
chr22	27545400	27545600	U	U	U	U
chr22	27548200	27548400	U	U	U	U
chr22	27554800	27555000	U	U	U	U
chr22	27557200	27557400	U	U	U	U
chr22	27558600	27558800	U	U	U	U
chr22	27560000	27560200	U	U	U	U
chr22	27566200	27566400	U	U	U	U
chr22	27566800	27567000	U	U	U	U
chr22	27567000	27567200	U	U	U	U
chr22	27569600	27569800	U	U	U	U
chr22	27575000	27575200	U	U	U	U
chr22	27577400	27577600	U	U	U	U
chr22	27579400	27579600	U	U	U	U
chr22	27583400	27583600	U	U	U	U
chr22	27583800	27584000	U	U	U	U
chr22	27591600	27591800	U	U	U	U
chr22	27596400	27596600	U	U	U	U
chr22	27598400	27598600	U	U	U	U
chr22	27615400	27615600	U	U	U	U
chr22	27620600	27620800	U	U	U	U
chr22	27623000	27623200	U	U	U	U
chr22	27623600	27623800	U	U	U	U
chr22	27636600	27636800	U	U	U	U
chr22	27639200	27639400	U	U	U	U
chr22	27644800	27645000	U	U	U	U
chr22	27651600	27651800	U	U	U	U
chr22	27651800	27652000	U	U	U	U
chr22	27662800	27663000	U	U	U	U
chr22	27667200	27667400	U	U	U	U
chr22	27668600	27668800	U	U	U	U
chr22	27674000	27674200	U	U	U	U
chr22	27683000	27683200	U	U	U	U
chr22	27698600	27698800	U	U	U	U
chr22	27704400	27704600	U	U	U	U
chr22	27707800	27708000	U	U	U	U
chr22	27715200	27715400	U	U	U	U
chr22	27721000	27721200	U	U	U	U
chr22	27730800	27731000	U	U	U	U
chr22	27732600	27732800	U	U	U	U
chr22	27734600	27734800	U	U	U	U
chr22	27739400	27739600	U	U	U	U
chr22	27742000	27742200	U	U	U	U
chr22	27745600	27745800	U	U	U	U
chr22	27749600	27749800	U	U	U	U
chr22	27749800	27750000	U	U	U	U
chr22	27763200	27763400	U	U	U	U
chr22	27765400	27765600	U	U	U	U
chr22	27767600	27767800	U	U	U	U
chr22	27768200	27768400	U	U	U	U
chr22	27773200	27773400	U	U	U	U
chr22	27779800	27780000	U	U	U	U
chr22	27784400	27784600	U	U	U	U
chr22	27784800	27785000	U	U	U	U
chr22	27785200	27785400	U	U	U	U
chr22	27786200	27786400	U	U	U	U
chr22	27787000	27787200	U	U	U	U
chr22	27788000	27788200	U	U	U	U
chr22	27789000	27789200	U	U	U	U
chr22	27789800	27790000	U	U	U	U
chr22	27790000	27790200	U	U	U	U
chr22	27791600	27791800	U	U	U	U
chr22	27795200	27795400	U	U	U	U
chr22	27795400	27795600	U	U	U	U
chr22	27799000	27799200	U	U	U	U
chr22	27801200	27801400	U	U	U	U
chr22	27801800	27802000	U	U	U	U
chr22	27802400	27802600	U	U	U	U
chr22	27803200	27803400	U	U	U	U
chr22	27807200	27807400	U	U	U	U
chr22	27821400	27821600	U	U	U	U
chr22	27832800	27833000	U	U	U	U
chr22	27838000	27838200	U	U	U	U
chr22	27839200	27839400	U	U	U	U
chr22	27840800	27841000	U	U	U	U
chr22	27842400	27842600	U	U	U	U
chr22	27843200	27843400	U	U	U	U
chr22	27846800	27847000	B	U	U	U
chr22	27847000	27847200	B	U	U	B
chr22	27850000	27850200	U	U	U	U
chr22	27853000	27853200	U	U	U	U
chr22	27853400	27853600	U	U	U	U
chr22	27853600	27853800	U	U	U	U
chr22	27854000	27854200	U	U	U	U
chr22	27854200	27854400	U	U	U	U
chr22	27860000	27860200	U	U	U	U
chr22	27867400	27867600	U	U	U	U
chr22	27868200	27868400	U	U	U	U
chr22	27868800	27869000	U	U	U	U
chr22	27870000	27870200	U	U	U	U
chr22	27870200	27870400	U	U	U	U
chr22	27870600	27870800	U	U	U	U
chr22	27871400	27871600	U	U	U	U
chr22	27874000	27874200	U	U	U	U
chr22	27875800	27876000	U	U	U	U
chr22	27880400	27880600	U	U	U	U
chr22	27882600	27882800	U	U	U	U
chr22	27883000	27883200	U	U	U	U
chr22	27884000	27884200	U	U	U	U
chr22	27884800	27885000	U	U	U	U
chr22	27886400	27886600	U	U	U	U
chr22	27887000	27887200	U	U	U	U
chr22	27893000	27893200	U	U	U	U
chr22	27894800	27895000	U	U	U	U
chr22	27896000	27896200	U	U	U	U
chr22	27900600	27900800	U	U	U	U
chr22	27900800	27901000	U	U	U	U
chr22	27905800	27906000	U	U	U	U
chr22	27908600	27908800	U	U	U	U
chr22	27912000	27912200	U	U	U	U
chr22	27915200	27915400	U	U	U	U
chr22	27916200	27916400	U	U	U	U
chr22	27919400	27919600	B	U	U	U
chr22	27919600	27919800	B	U	U	U
chr22	27922400	27922600	U	U	U	U
chr22	27940400	27940600	U	U	U	U
chr22	27948600	27948800	U	U	U	U
chr22	27948800	27949000	U	U	U	U
chr22	27949800	27950000	U	U	U	U
chr22	27973600	27973800	U	U	U	U
chr22	27978000	27978200	U	U	U	U
chr22	27981400	27981600	U	U	U	U
chr22	27982600	27982800	U	U	U	U
chr22	27983400	27983600	U	U	U	U
chr22	27983600	27983800	U	U	U	U
chr22	27985400	27985600	U	U	U	U
chr22	27985800	27986000	U	U	U	U
chr22	27986800	27987000	U	U	U	U
chr22	27988600	27988800	U	U	U	U
chr22	27992600	27992800	U	U	U	U
chr22	27993800	27994000	U	U	U	U
chr22	27994800	27995000	U	U	U	U
chr22	27995800	27996000	U	U	U	U
chr22	27996200	27996400	U	U	U	U
chr22	27997600	27997800	U	U	U	U
chr22	28000600	28000800	U	U	U	U
chr22	28001000	28001200	U	U	U	U
chr22	28003200	28003400	U	U	U	U
chr22	28005200	28005400	U	U	U	U
chr22	28007000	28007200	U	U	U	U
chr22	28007600	28007800	U	U	U	U
chr22	28008000	28008200	U	U	U	U
chr22	28009000	28009200	B	U	U	U
chr22	28010400	28010600	U	U	U	U
chr22	28013200	28013400	U	U	U	U
chr22	28013400	28013600	U	U	U	U
chr22	28016600	28016800	U	U	U	U
chr22	28018000	28018200	U	U	U	U
chr22	28022000	28022200	U	U	U	U
chr22	28022200	28022400	U	U	U	U
chr22	28024200	28024400	U	U	U	U
chr22	28024600	28024800	U	U	U	U
chr22	28025000	28025200	U	U	U	U
chr22	28027800	28028000	U	U	U	U
chr22	28029800	28030000	U	U	U	U
chr22	28033200	28033400	U	U	U	U
chr22	28035000	28035200	B	U	U	U
chr22	28047600	28047800	U	U	U	U
chr22	28049800	28050000	U	U	U	U
chr22	28051600	28051800	U	U	U	U
chr22	28052800	28053000	U	U	U	U
chr22	28065400	28065600	U	U	U	U
chr22	28070800	28071000	U	U	U	U
chr22	28075200	28075400	U	U	U	U
chr22	28077800	28078000	U	U	U	U
chr22	28090600	28090800	U	U	U	U
chr22	28090800	28091000	U	U	U	U
chr22	28094600	28094800	U	U	U	U
chr22	28097400	28097600	U	U	U	U
chr22	28098200	28098400	U	U	U	U
chr22	28100800	28101000	U	U	U	U
chr22	28102400	28102600	U	U	U	U
chr22	28102600	28102800	U	U	U	U
chr22	28107400	28107600	U	U	U	U
chr22	28108200	28108400	U	U	U	U
chr22	28108400	28108600	U	U	U	U
chr22	28109600	28109800	U	U	U	U
chr22	28111200	28111400	U	U	U	U
chr22	28112600	28112800	B	U	U	U
chr22	28115400	28115600	U	U	U	U
chr22	28115600	28115800	U	U	U	U
chr22	28116000	28116200	U	U	U	U
chr22	28116400	28116600	U	U	U	U
chr22	28120400	28120600	U	U	U	U
chr22	28120600	28120800	U	U	U	U
chr22	28121000	28121200	U	U	U	U
chr22	28124800	28125000	U	U	U	U
chr22	28129000	28129200	U	U	U	U
chr22	28130200	28130400	U	U	U	U
chr22	28138200	28138400	U	U	U	U
chr22	28138400	28138600	U	U	U	U
chr22	28140600	28140800	U	U	U	U
chr22	28143800	28144000	U	U	U	U
chr22	28146200	28146400	U	U	U	U
chr22	28150800	28151000	U	U	U	U
chr22	28151800	28152000	U	U	U	U
chr22	28155000	28155200	U	U	U	U
chr22	28155800	28156000	U	U	U	U
chr22	28170000	28170200	U	U	U	U
chr22	28170600	28170800	U	U	U	U
chr22	28171400	28171600	U	U	U	U
chr22	28171800	28172000	U	U	U	U
chr22	28172400	28172600	U	U	U	U
chr22	28172600	28172800	U	U	U	U
chr22	28173800	28174000	U	U	U	U
chr22	28181600	28181800	U	U	U	U
chr22	28182400	28182600	U	U	U	U
chr22	28183800	28184000	U	U	U	U
chr22	28186200	28186400	U	U	U	U
chr22	28186400	28186600	U	U	U	U
chr22	28186600	28186800	U	U	U	U
chr22	28187600	28187800	U	U	U	U
chr22	28200400	28200600	U	U	U	U
chr22	28216400	28216600	U	U	U	U
chr22	28217400	28217600	U	U	U	U
chr22	28220000	28220200	U	U	U	U
chr22	28222600	28222800	U	U	U	U
chr22	28229600	28229800	U	U	U	U
chr22	28229800	28230000	U	U	U	U
chr22	28230000	28230200	U	U	U	U
chr22	28230400	28230600	U	U	U	U
chr22	28244200	28244400	U	U	U	U
chr22	28245600	28245800	U	U	U	U
chr22	28247000	28247200	B	U	U	U
chr22	28259800	28260000	U	U	U	U
chr22	28260400	28260600	U	U	U	U
chr22	28260600	28260800	U	U	U	U
chr22	28267200	28267400	U	U	U	U
chr22	28269400	28269600	U	U	U	U
chr22	28278000	28278200	U	U	U	U
chr22	28278800	28279000	U	U	U	U
chr22	28287600	28287800	U	U	U	U
chr22	28292800	28293000	U	U	U	U
chr22	28296400	28296600	U	U	U	U
chr22	28298000	28298200	U	U	U	U
chr22	28301000	28301200	U	U	U	U
chr22	28301200	28301400	U	U	U	U
chr22	28303200	28303400	U	U	U	U
chr22	28319200	28319400	U	U	U	U
chr22	28320000	28320200	U	U	U	U
chr22	28340600	28340800	U	U	U	U
chr22	28344000	28344200	U	U	U	U
chr22	28344200	28344400	U	U	U	U
chr22	28345200	28345400	U	U	U	U
chr22	28345400	28345600	U	U	U	U
chr22	28350400	28350600	U	U	U	U
chr22	28351400	28351600	U	U	U	U
chr22	28357800	28358000	U	U	U	U
chr22	28358600	28358800	U	U	U	U
chr22	28359400	28359600	U	U	U	U
chr22	28371000	28371200	U	U	U	U
chr22	28380400	28380600	U	U	U	U
chr22	28381600	28381800	U	U	U	U
chr22	28395000	28395200	U	U	U	U
chr22	28396400	28396600	U	U	U	U
chr22	28398000	28398200	U	U	U	U
chr22	28402200	28402400	U	U	U	U
chr22	28403400	28403600	U	U	U	U
chr22	28403600	28403800	U	U	U	U
chr22	28404600	28404800	U	U	U	U
chr22	28406600	28406800	U	U	U	U
chr22	28407800	28408000	U	U	U	U
chr22	28411200	28411400	U	U	U	U
chr22	28411400	28411600	U	U	U	U
chr22	28414800	28415000	U	U	U	U
chr22	28416000	28416200	U	U	U	U
chr22	28417800	28418000	U	U	U	U
chr22	28418400	28418600	U	U	U	U
chr22	28419600	28419800	U	U	U	U
chr22	28421000	28421200	U	U	U	U
chr22	28421400	28421600	U	U	U	U
chr22	28422200	28422400	U	U	U	U
chr22	28422800	28423000	U	U	U	U
chr22	28424800	28425000	U	U	U	U
chr22	28427000	28427200	U	U	U	U
chr22	28429800	28430000	U	U	U	U
chr22	28430200	28430400	U	U	U	U
chr22	28431400	28431600	U	U	U	U
chr22	28432400	28432600	U	U	U	U
chr22	28434600	28434800	U	U	U	U
chr22	28435600	28435800	U	U	U	U
chr22	28436400	28436600	U	U	U	U
chr22	28440600	28440800	U	U	U	U
chr22	28441000	28441200	U	U	U	U
chr22	28445000	28445200	U	U	U	U
chr22	28448600	28448800	B	U	U	U
chr22	28455000	28455200	U	U	U	U
chr22	28457000	28457200	U	U	U	U
chr22	28465000	28465200	U	U	U	U
chr22	28466200	28466400	U	U	U	U
chr22	28473000	28473200	U	U	U	U
chr22	28475600	28475800	U	U	U	U
chr22	28480600	28480800	U	U	U	U
chr22	28481200	28481400	U	U	U	U
chr22	28481600	28481800	U	U	U	U
chr22	28482000	28482200	U	U	U	U
chr22	28483400	28483600	U	U	U	U
chr22	28498200	28498400	U	U	U	U
chr22	28500600	28500800	U	U	U	U
chr22	28500800	28501000	U	U	U	U
chr22	28515600	28515800	U	U	U	U
chr22	28516200	28516400	U	U	U	U
chr22	28519000	28519200	U	U	U	U
chr22	28524000	28524200	U	U	U	U
chr22	28547400	28547600	U	U	U	U
chr22	28548400	28548600	U	U	U	U
chr22	28549600	28549800	U	U	U	U
chr22	28549800	28550000	U	U	U	U
chr22	28550200	28550400	U	U	U	U
chr22	28564600	28564800	U	U	U	U
chr22	28565400	28565600	U	U	U	U
chr22	28580600	28580800	U	U	U	U
chr22	28582200	28582400	U	U	U	U
chr22	28583200	28583400	U	U	U	U
chr22	28584200	28584400	U	U	U	U
chr22	28593800	28594000	U	U	U	U
chr22	28594000	28594200	U	U	U	U
chr22	28597400	28597600	U	U	U	U
chr22	28597600	28597800	U	U	U	U
chr22	28601000	28601200	U	U	U	U
chr22	28604800	28605000	U	U	U	U
chr22	28605200	28605400	U	U	U	U
chr22	28618800	28619000	U	U	U	U
chr22	28619000	28619200	U	U	U	U
chr22	28626600	28626800	U	U	U	U
chr22	28629000	28629200	U	U	U	U
chr22	28629200	28629400	U	U	U	U
chr22	28649400	28649600	U	U	U	U
chr22	28672600	28672800	U	U	U	U
chr22	28673800	28674000	U	U	U	U
chr22	28683600	28683800	U	U	U	U
chr22	28689400	28689600	U	U	U	U
chr22	28690000	28690200	U	U	U	U
chr22	28692200	28692400	U	U	U	U
chr22	28694000	28694200	U	U	U	U
chr22	28698800	28699000	U	U	U	U
chr22	28703600	28703800	U	U	U	U
chr22	28703800	28704000	U	U	U	U
chr22	28710600	28710800	U	U	U	U
chr22	28719600	28719800	U	U	U	U
chr22	28719800	28720000	U	U	U	U
chr22	28720600	28720800	U	U	U	U
chr22	28742400	28742600	B	U	U	U
chr22	28744000	28744200	U	U	U	U
chr22	28744600	28744800	U	U	U	U
chr22	28760000	28760200	U	U	U	U
chr22	28772600	28772800	B	U	U	U
chr22	28772800	28773000	B	U	B	U
chr22	28779800	28780000	B	U	U	U
chr22	28780800	28781000	U	U	U	U
chr22	28788200	28788400	U	U	U	U
chr22	28795200	28795400	U	U	U	U
chr22	28796400	28796600	U	U	U	U
chr22	28799400	28799600	B	U	U	U
chr22	28802200	28802400	B	U	U	U
chr22	28834200	28834400	U	U	U	U
chr22	28835800	28836000	U	U	U	U
chr22	28865600	28865800	U	U	U	U
chr22	28875200	28875400	U	U	U	U
chr22	28877800	28878000	U	U	U	U
chr22	28882600	28882800	B	U	U	U
chr22	28884000	28884200	B	U	U	U
chr22	28891800	28892000	U	U	U	U
chr22	28899000	28899200	U	U	U	U
chr22	28900000	28900200	U	U	U	U
chr22	28902800	28903000	U	U	U	U
chr22	28903000	28903200	U	U	U	U
chr22	28903600	28903800	U	U	U	U
chr22	28910400	28910600	U	U	U	U
chr22	28912000	28912200	U	U	U	U
chr22	28917800	28918000	B	U	U	U
chr22	28918000	28918200	B	U	U	U
chr22	28919000	28919200	U	U	U	U
chr22	28924000	28924200	U	U	U	U
chr22	28924800	28925000	U	U	U	U
chr22	28928000	28928200	U	U	U	U
chr22	28931200	28931400	U	U	U	U
chr22	28934000	28934200	U	U	U	U
chr22	28936200	28936400	U	U	U	U
chr22	28940000	28940200	U	U	U	U
chr22	28940600	28940800	U	U	U	U
chr22	28941200	28941400	U	U	U	U
chr22	28942000	28942200	U	U	U	U
chr22	28946600	28946800	U	U	U	U
chr22	28950800	28951000	U	U	U	U
chr22	28961400	28961600	U	U	U	U
chr22	28965800	28966000	U	U	U	U
chr22	28971400	28971600	U	U	U	U
chr22	28977600	28977800	U	U	U	U
chr22	28977800	28978000	U	U	U	U
chr22	28978400	28978600	U	U	U	U
chr22	28984800	28985000	U	U	U	U
chr22	28985400	28985600	U	U	U	U
chr22	28987000	28987200	U	U	U	U
chr22	28988400	28988600	U	U	U	U
chr22	28992800	28993000	U	U	U	U
chr22	28996600	28996800	U	U	U	U
chr22	28998400	28998600	U	U	U	U
chr22	28998600	28998800	U	U	U	U
chr22	29000000	29000200	U	U	U	U
chr22	29002400	29002600	U	U	U	U
chr22	29005000	29005200	U	U	U	U
chr22	29012000	29012200	U	U	U	U
chr22	29012600	29012800	U	U	U	U
chr22	29016800	29017000	U	U	U	U
chr22	29030000	29030200	U	U	U	U
chr22	29030800	29031000	B	U	U	U
chr22	29037600	29037800	U	U	U	U
chr22	29044000	29044200	U	U	U	U
chr22	29044200	29044400	U	U	U	U
chr22	29046800	29047000	U	U	U	U
chr22	29049000	29049200	U	U	U	U
chr22	29049200	29049400	U	U	U	U
chr22	29049400	29049600	B	U	U	U
chr22	29055800	29056000	U	U	U	U
chr22	29056400	29056600	U	U	U	U
chr22	29056600	29056800	U	U	U	U
chr22	29058800	29059000	U	U	U	U
chr22	29060400	29060600	U	U	U	U
chr22	29062000	29062200	U	U	U	U
chr22	29070400	29070600	U	U	U	U
chr22	29071200	29071400	U	U	U	U
chr22	29075000	29075200	U	U	U	U
chr22	29075200	29075400	U	U	U	U
chr22	29079000	29079200	B	U	U	U
chr22	29081600	29081800	U	U	U	U
chr22	29084800	29085000	U	U	U	U
chr22	29085000	29085200	U	U	U	U
chr22	29086000	29086200	U	U	U	U
chr22	29093600	29093800	U	U	U	U
chr22	29096400	29096600	U	U	U	U
chr22	29097200	29097400	B	U	U	B
chr22	29099000	29099200	U	U	U	U
chr22	29102600	29102800	U	U	U	U
chr22	29103400	29103600	U	U	U	U
chr22	29107000	29107200	U	U	U	U
chr22	29109400	29109600	B	U	U	U
chr22	29112400	29112600	U	U	U	U
chr22	29126800	29127000	U	U	U	U
chr22	29129600	29129800	U	U	U	U
chr22	29130600	29130800	U	U	U	U
chr22	29136600	29136800	U	U	U	U
chr22	29136800	29137000	U	U	U	U
chr22	29137200	29137400	U	U	U	U
chr22	29137800	29138000	U	U	U	U
chr22	29138400	29138600	U	U	U	U
chr22	29141000	29141200	U	U	U	U
chr22	29142600	29142800	U	U	U	U
chr22	29143200	29143400	U	U	U	U
chr22	29144600	29144800	U	U	U	U
chr22	29145200	29145400	U	U	U	U
chr22	29145600	29145800	U	U	U	U
chr22	29146200	29146400	U	U	U	U
chr22	29146600	29146800	U	U	U	U
chr22	29150200	29150400	U	U	U	U
chr22	29154200	29154400	U	U	U	U
chr22	29166400	29166600	U	U	U	U
chr22	29167600	29167800	U	U	U	U
chr22	29192800	29193000	U	U	U	B
chr22	29201000	29201200	U	U	U	U
chr22	29203000	29203200	B	U	U	U
chr22	29205600	29205800	B	U	U	U
chr22	29207000	29207200	U	U	U	U
chr22	29217000	29217200	U	U	U	U
chr22	29224200	29224400	U	U	U	U
chr22	29244000	29244200	U	U	U	U
chr22	29245200	29245400	B	U	U	U
chr22	29254200	29254400	U	U	U	U
chr22	29254400	29254600	U	U	U	U
chr22	29258800	29259000	U	U	U	U
chr22	29260400	29260600	U	U	U	U
chr22	29264200	29264400	U	U	U	U
chr22	29267000	29267200	U	U	U	U
chr22	29268400	29268600	B	U	U	U
chr22	29268800	29269000	B	U	U	U
chr22	29269000	29269200	U	U	U	U
chr22	29270200	29270400	U	U	U	U
chr22	29271000	29271200	U	U	U	U
chr22	29274400	29274600	U	U	U	U
chr22	29275200	29275400	U	U	U	U
chr22	29277600	29277800	U	U	U	U
chr22	29278200	29278400	U	U	U	U
chr22	29290200	29290400	U	U	U	U
chr22	29291000	29291200	U	U	U	U
chr22	29296000	29296200	U	U	U	U
chr22	29298000	29298200	U	U	U	U
chr22	29300600	29300800	U	U	U	U
chr22	29306600	29306800	B	U	U	U
chr22	29308000	29308200	U	U	U	U
chr22	29310400	29310600	U	U	U	U
chr22	29312200	29312400	U	U	U	U
chr22	29315000	29315200	U	U	U	U
chr22	29315600	29315800	U	U	U	U
chr22	29315800	29316000	U	U	U	U
chr22	29316400	29316600	U	U	U	U
chr22	29319000	29319200	U	U	U	U
chr22	29326200	29326400	U	U	U	U
chr22	29326400	29326600	U	U	U	U
chr22	29328000	29328200	U	U	U	U
chr22	29328200	29328400	U	U	U	U
chr22	29330600	29330800	U	U	U	U
chr22	29331400	29331600	U	U	U	U
chr22	29331800	29332000	U	U	U	U
chr22	29337600	29337800	U	U	U	U
chr22	29341600	29341800	U	U	U	U
chr22	29341800	29342000	U	U	U	U
chr22	29343400	29343600	U	U	U	U
chr22	29350800	29351000	U	U	U	U
chr22	29351200	29351400	U	U	U	U
chr22	29351400	29351600	U	U	U	U
chr22	29356400	29356600	U	U	U	U
chr22	29361000	29361200	U	U	U	U
chr22	29372800	29373000	U	U	U	U
chr22	29376600	29376800	U	U	U	U
chr22	29386600	29386800	U	U	U	U
chr22	29388000	29388200	B	U	U	U
chr22	29388400	29388600	B	U	U	B
chr22	29393400	29393600	U	U	U	U
chr22	29397600	29397800	U	U	U	U
chr22	29401600	29401800	U	U	U	U
chr22	29404200	29404400	U	U	U	U
chr22	29405200	29405400	U	U	U	U
chr22	29412000	29412200	U	U	U	U
chr22	29412600	29412800	B	U	U	U
chr22	29416400	29416600	U	U	U	U
chr22	29417200	29417400	U	U	U	U
chr22	29420000	29420200	U	U	U	U
chr22	29423000	29423200	U	U	U	U
chr22	29432800	29433000	U	U	U	U
chr22	29433400	29433600	U	U	U	U
chr22	29434800	29435000	U	U	U	U
chr22	29441200	29441400	U	U	U	U
chr22	29449600	29449800	U	U	U	U
chr22	29456000	29456200	U	U	U	U
chr22	29459600	29459800	U	U	U	U
chr22	29476000	29476200	U	U	B	U
chr22	29476600	29476800	U	U	B	U
chr22	29477600	29477800	U	U	U	U
chr22	29478400	29478600	B	U	B	U
chr22	29479800	29480000	U	U	U	U
chr22	29480200	29480400	U	U	U	U
chr22	29490800	29491000	U	U	U	U
chr22	29503800	29504000	B	U	U	U
chr22	29520800	29521000	U	U	U	U
chr22	29521800	29522000	U	U	U	U
chr22	29548600	29548800	U	U	U	U
chr22	29553400	29553600	B	U	U	U
chr22	29556000	29556200	U	U	U	U
chr22	29570600	29570800	U	U	U	U
chr22	29570800	29571000	U	U	U	U
chr22	29580600	29580800	B	U	U	U
chr22	29603800	29604000	B	U	U	U
chr22	29609800	29610000	U	U	U	U
chr22	29618400	29618600	U	U	U	U
chr22	29622400	29622600	U	U	U	U
chr22	29627800	29628000	U	U	U	U
chr22	29629000	29629200	U	U	U	U
chr22	29630400	29630600	U	U	U	U
chr22	29633600	29633800	U	U	U	U
chr22	29633800	29634000	U	U	U	U
chr22	29640400	29640600	U	U	U	U
chr22	29641200	29641400	U	U	U	U
chr22	29642800	29643000	U	U	U	U
chr22	29645800	29646000	U	U	U	U
chr22	29651000	29651200	U	U	U	U
chr22	29658000	29658200	U	U	U	U
chr22	29658800	29659000	U	U	U	U
chr22	29661200	29661400	U	U	U	U
chr22	29661800	29662000	U	U	U	U
chr22	29663800	29664000	U	U	U	U
chr22	29664800	29665000	U	U	U	U
chr22	29668800	29669000	U	U	U	U
chr22	29671600	29671800	U	U	U	U
chr22	29673600	29673800	U	U	U	U
chr22	29674600	29674800	U	U	U	U
chr22	29675000	29675200	U	U	U	U
chr22	29677400	29677600	U	U	U	U
chr22	29681400	29681600	U	U	U	U
chr22	29684200	29684400	U	U	U	U
chr22	29686800	29687000	U	U	U	U
chr22	29687400	29687600	U	U	U	U
chr22	29687600	29687800	U	U	U	U
chr22	29688000	29688200	U	U	U	U
chr22	29688400	29688600	U	U	U	U
chr22	29692000	29692200	U	U	U	U
chr22	29693400	29693600	U	U	U	U
chr22	29694200	29694400	U	U	U	U
chr22	29694600	29694800	U	U	U	U
chr22	29694800	29695000	U	U	U	U
chr22	29696400	29696600	U	U	U	U
chr22	29698200	29698400	U	U	U	U
chr22	29701000	29701200	B	U	U	U
chr22	29703200	29703400	U	U	U	U
chr22	29703600	29703800	U	U	U	U
chr22	29706600	29706800	U	U	U	U
chr22	29707000	29707200	U	U	U	U
chr22	29711400	29711600	U	U	U	U
chr22	29712600	29712800	U	U	U	U
chr22	29713800	29714000	U	U	U	U
chr22	29715400	29715600	U	U	U	U
chr22	29716600	29716800	B	U	B	U
chr22	29716800	29717000	B	U	B	U
chr22	29719000	29719200	U	U	U	U
chr22	29721400	29721600	U	U	U	U
chr22	29722200	29722400	U	U	U	U
chr22	29722400	29722600	U	U	U	U
chr22	29723200	29723400	U	U	U	U
chr22	29724600	29724800	U	U	U	U
chr22	29728800	29729000	U	U	U	U
chr22	29729600	29729800	U	U	U	U
chr22	29729800	29730000	U	U	U	U
chr22	29731000	29731200	U	U	U	U
chr22	29732800	29733000	U	U	U	U
chr22	29733400	29733600	U	U	U	U
chr22	29733800	29734000	U	U	U	U
chr22	29734200	29734400	U	U	U	U
chr22	29738200	29738400	U	U	U	U
chr22	29741200	29741400	U	U	U	U
chr22	29751000	29751200	U	U	U	U
chr22	29766600	29766800	B	U	U	U
chr22	29776000	29776200	U	U	U	U
chr22	29786000	29786200	U	U	U	U
chr22	29787800	29788000	U	U	U	U
chr22	29789200	29789400	U	U	U	U
chr22	29800800	29801000	U	U	U	U
chr22	29801600	29801800	U	U	U	U
chr22	29804800	29805000	U	U	U	U
chr22	29806000	29806200	U	U	U	U
chr22	29806600	29806800	U	U	U	U
chr22	29814600	29814800	U	U	U	U
chr22	29817000	29817200	U	U	U	U
chr22	29817800	29818000	U	U	U	U
chr22	29825000	29825200	U	U	U	U
chr22	29825200	29825400	U	U	U	U
chr22	29825400	29825600	U	U	U	U
chr22	29827400	29827600	U	U	U	U
chr22	29828000	29828200	U	U	U	U
chr22	29838000	29838200	B	U	U	U
chr22	29838400	29838600	B	U	U	U
chr22	29844600	29844800	U	U	U	U
chr22	29848200	29848400	U	U	U	U
chr22	29855600	29855800	U	U	U	U
chr22	29856200	29856400	U	U	U	U
chr22	29861600	29861800	U	U	U	U
chr22	29885400	29885600	U	U	U	U
chr22	29908200	29908400	B	U	U	U
chr22	29912000	29912200	U	U	U	U
chr22	29916800	29917000	U	U	U	U
chr22	29917000	29917200	U	U	U	U
chr22	29920400	29920600	U	U	U	U
chr22	29931800	29932000	U	U	U	U
chr22	29935000	29935200	U	U	U	U
chr22	29936200	29936400	U	U	U	U
chr22	29946400	29946600	B	U	U	U
chr22	29950000	29950200	U	U	U	U
chr22	29956800	29957000	U	U	U	U
chr22	29957000	29957200	U	U	U	U
chr22	29957200	29957400	U	U	U	U
chr22	29964400	29964600	U	U	U	U
chr22	29970800	29971000	U	U	U	U
chr22	29974600	29974800	U	U	U	U
chr22	29976800	29977000	U	U	U	U
chr22	29978400	29978600	U	U	U	U
chr22	29979000	29979200	U	U	U	U
chr22	29980200	29980400	U	U	U	U
chr22	29983000	29983200	U	U	U	U
chr22	29984400	29984600	U	U	U	U
chr22	29991400	29991600	U	U	U	U
chr22	29993600	29993800	U	U	U	U
chr22	29994800	29995000	B	U	U	U
chr22	29997200	29997400	U	U	U	U
chr22	30001800	30002000	U	U	U	U
chr22	30002600	30002800	U	U	U	U
chr22	30004000	30004200	U	U	U	U
chr22	30004800	30005000	U	U	U	U
chr22	30006200	30006400	U	U	U	U
chr22	30008000	30008200	U	U	U	U
chr22	30010400	30010600	U	U	U	U
chr22	30012800	30013000	U	U	U	U
chr22	30016400	30016600	U	U	U	U
chr22	30017000	30017200	U	U	U	U
chr22	30019400	30019600	U	U	U	U
chr22	30019600	30019800	U	U	U	U
chr22	30019800	30020000	U	U	U	U
chr22	30020200	30020400	U	U	U	U
chr22	30023600	30023800	U	U	U	U
chr22	30024800	30025000	U	U	U	U
chr22	30025000	30025200	U	U	U	U
chr22	30025600	30025800	U	U	U	U
chr22	30026200	30026400	U	U	U	U
chr22	30027600	30027800	U	U	U	U
chr22	30028000	30028200	U	U	U	U
chr22	30029600	30029800	U	U	U	U
chr22	30033200	30033400	U	U	U	U
chr22	30033800	30034000	U	U	U	U
chr22	30035800	30036000	U	U	U	U
chr22	30041800	30042000	U	U	U	U
chr22	30043800	30044000	U	U	U	U
chr22	30048600	30048800	U	U	U	U
chr22	30050400	30050600	U	U	U	U
chr22	30063200	30063400	U	U	U	U
chr22	30075000	30075200	U	U	U	U
chr22	30077200	30077400	U	U	U	U
chr22	30081000	30081200	U	U	U	U
chr22	30099000	30099200	U	U	U	U
chr22	30104400	30104600	U	U	U	U
chr22	30105000	30105200	U	U	U	U
chr22	30105200	30105400	U	U	U	U
chr22	30105400	30105600	U	U	U	U
chr22	30112000	30112200	U	U	U	U
chr22	30113800	30114000	U	U	U	U
chr22	30114200	30114400	U	U	U	U
chr22	30114800	30115000	U	U	U	U
chr22	30119600	30119800	U	U	U	U
chr22	30122200	30122400	U	U	U	U
chr22	30131600	30131800	U	U	U	U
chr22	30132000	30132200	U	U	U	U
chr22	30137000	30137200	U	U	U	U
chr22	30156200	30156400	U	U	U	U
chr22	30156400	30156600	U	U	U	U
chr22	30157800	30158000	U	U	U	U
chr22	30159200	30159400	U	U	U	U
chr22	30161000	30161200	U	U	U	U
chr22	30166600	30166800	U	U	U	U
chr22	30175400	30175600	U	U	U	U
chr22	30175800	30176000	U	U	U	U
chr22	30177400	30177600	U	U	U	U
chr22	30182400	30182600	U	U	U	U
chr22	30185200	30185400	U	U	U	U
chr22	30188000	30188200	U	U	U	U
chr22	30188400	30188600	U	U	U	U
chr22	30189200	30189400	U	U	U	U
chr22	30190800	30191000	U	U	U	U
chr22	30191200	30191400	U	U	U	U
chr22	30191800	30192000	U	U	U	U
chr22	30196000	30196200	B	U	U	U
chr22	30197000	30197200	B	U	U	U
chr22	30197400	30197600	U	U	U	U
chr22	30198800	30199000	U	U	U	U
chr22	30205600	30205800	B	U	U	U
chr22	30221000	30221200	U	U	U	U
chr22	30223400	30223600	U	U	U	U
chr22	30236000	30236200	U	U	U	U
chr22	30238600	30238800	B	U	U	U
chr22	30239400	30239600	U	U	U	U
chr22	30240600	30240800	U	U	U	U
chr22	30241400	30241600	U	U	U	U
chr22	30248200	30248400	U	U	U	U
chr22	30249000	30249200	B	U	U	U
chr22	30250800	30251000	U	U	U	U
chr22	30251000	30251200	U	U	U	U
chr22	30251800	30252000	U	U	U	U
chr22	30254000	30254200	U	U	U	U
chr22	30257600	30257800	U	U	U	U
chr22	30260000	30260200	U	U	U	U
chr22	30261200	30261400	U	U	U	U
chr22	30264000	30264200	U	U	U	U
chr22	30266200	30266400	U	U	U	U
chr22	30267000	30267200	U	U	U	U
chr22	30268000	30268200	U	U	U	U
chr22	30278000	30278200	U	U	U	U
chr22	30279200	30279400	U	U	U	U
chr22	30279400	30279600	U	U	U	U
chr22	30283600	30283800	U	U	U	U
chr22	30284200	30284400	U	U	U	U
chr22	30289400	30289600	B	U	U	U
chr22	30291600	30291800	U	U	U	U
chr22	30292600	30292800	U	U	U	U
chr22	30295000	30295200	U	U	U	U
chr22	30297200	30297400	U	U	U	U
chr22	30300600	30300800	U	U	U	U
chr22	30301800	30302000	U	U	U	U
chr22	30303800	30304000	U	U	U	U
chr22	30305600	30305800	B	U	U	U
chr22	30309000	30309200	U	U	U	U
chr22	30309600	30309800	U	U	U	U
chr22	30315600	30315800	U	U	U	U
chr22	30325200	30325400	U	U	U	U
chr22	30326200	30326400	B	U	U	U
chr22	30326600	30326800	B	U	U	U
chr22	30332600	30332800	U	U	U	U
chr22	30334400	30334600	U	U	U	U
chr22	30335200	30335400	U	U	U	U
chr22	30335400	30335600	U	U	U	U
chr22	30337800	30338000	U	U	U	U
chr22	30338600	30338800	U	U	U	U
chr22	30339200	30339400	U	U	U	U
chr22	30340600	30340800	U	U	U	U
chr22	30341600	30341800	U	U	U	U
chr22	30345200	30345400	U	U	U	U
chr22	30348600	30348800	U	U	U	U
chr22	30349000	30349200	U	U	U	U
chr22	30350800	30351000	U	U	U	U
chr22	30353000	30353200	U	U	U	U
chr22	30354000	30354200	U	U	U	U
chr22	30354400	30354600	U	U	U	U
chr22	30356800	30357000	B	U	U	U
chr22	30369400	30369600	U	U	U	U
chr22	30370200	30370400	U	U	U	U
chr22	30371400	30371600	U	U	U	U
chr22	30371600	30371800	U	U	U	U
chr22	30377200	30377400	U	U	U	U
chr22	30380000	30380200	U	U	U	U
chr22	30380400	30380600	U	U	U	U
chr22	30381000	30381200	U	U	U	U
chr22	30381400	30381600	U	U	U	U
chr22	30381600	30381800	U	U	U	U
chr22	30386200	30386400	U	U	U	U
chr22	30386600	30386800	U	U	U	U
chr22	30389800	30390000	U	U	U	U
chr22	30393600	30393800	U	U	U	U
chr22	30398200	30398400	U	U	U	U
chr22	30406400	30406600	U	U	U	U
chr22	30410600	30410800	U	U	U	U
chr22	30414800	30415000	U	U	U	U
chr22	30423600	30423800	B	U	U	U
chr22	30424200	30424400	B	U	B	U
chr22	30427400	30427600	U	U	U	U
chr22	30429000	30429200	U	U	U	U
chr22	30430000	30430200	U	U	U	U
chr22	30430200	30430400	U	U	U	U
chr22	30433200	30433400	U	U	U	U
chr22	30436200	30436400	U	U	U	U
chr22	30440000	30440200	U	U	U	U
chr22	30440200	30440400	U	U	U	U
chr22	30450800	30451000	U	U	U	U
chr22	30451000	30451200	B	U	U	U
chr22	30451200	30451400	B	U	U	U
chr22	30454000	30454200	U	U	U	U
chr22	30458200	30458400	U	U	U	U
chr22	30459800	30460000	U	U	U	U
chr22	30461200	30461400	U	U	U	U
chr22	30462200	30462400	U	U	U	U
chr22	30463200	30463400	U	U	U	U
chr22	30468600	30468800	U	U	U	U
chr22	30470200	30470400	U	U	U	U
chr22	30472200	30472400	U	U	U	U
chr22	30475200	30475400	U	U	U	U
chr22	30480000	30480200	U	U	U	U
chr22	30489600	30489800	U	U	U	U
chr22	30490000	30490200	U	U	U	U
chr22	30514000	30514200	U	U	U	U
chr22	30520400	30520600	U	U	U	U
chr22	30534000	30534200	U	U	U	U
chr22	30538800	30539000	U	U	U	U
chr22	30542000	30542200	B	U	U	U
chr22	30542600	30542800	B	U	B	U
chr22	30542800	30543000	B	U	B	U
chr22	30554800	30555000	U	U	U	U
chr22	30555000	30555200	U	U	U	U
chr22	30555600	30555800	U	U	U	U
chr22	30555800	30556000	U	U	U	U
chr22	30556000	30556200	U	U	U	U
chr22	30560400	30560600	B	U	U	U
chr22	30565000	30565200	U	U	U	U
chr22	30566000	30566200	U	U	U	U
chr22	30573000	30573200	U	U	U	U
chr22	30575000	30575200	U	U	U	U
chr22	30579800	30580000	U	U	U	U
chr22	30582000	30582200	U	U	U	U
chr22	30582200	30582400	U	U	U	U
chr22	30585600	30585800	U	U	U	U
chr22	30610800	30611000	U	U	U	U
chr22	30615600	30615800	U	U	U	U
chr22	30622600	30622800	U	U	U	U
chr22	30636200	30636400	U	U	U	U
chr22	30643600	30643800	U	U	U	U
chr22	30647600	30647800	U	U	U	U
chr22	30647800	30648000	U	U	U	U
chr22	30661600	30661800	U	U	U	U
chr22	30663600	30663800	U	U	U	U
chr22	30664400	30664600	U	U	U	U
chr22	30665000	30665200	U	U	U	U
chr22	30668200	30668400	B	U	U	U
chr22	30668800	30669000	U	U	U	U
chr22	30672400	30672600	U	U	U	U
chr22	30693200	30693400	U	U	U	U
chr22	30693400	30693600	U	U	U	U
chr22	30695200	30695400	B	U	U	U
chr22	30695400	30695600	U	U	U	U
chr22	30698200	30698400	U	U	U	B
chr22	30703800	30704000	U	U	U	U
chr22	30705600	30705800	U	U	U	U
chr22	30712000	30712200	U	U	U	U
chr22	30717600	30717800	U	U	U	U
chr22	30719200	30719400	U	U	U	U
chr22	30726800	30727000	U	U	U	U
chr22	30727000	30727200	U	U	U	U
chr22	30743000	30743200	U	U	U	U
chr22	30744200	30744400	U	U	U	U
chr22	30767800	30768000	U	U	U	U
chr22	30773800	30774000	U	U	U	U
chr22	30774400	30774600	U	U	U	U
chr22	30780200	30780400	U	U	U	U
chr22	30781400	30781600	U	U	U	U
chr22	30789400	30789600	U	U	U	U
chr22	30790200	30790400	U	U	U	U
chr22	30791800	30792000	U	U	U	U
chr22	30792600	30792800	U	U	U	U
chr22	30796000	30796200	U	U	U	U
chr22	30800600	30800800	U	U	U	U
chr22	30804400	30804600	U	U	U	U
chr22	30809600	30809800	U	U	U	U
chr22	30810000	30810200	U	U	U	U
chr22	30810400	30810600	U	U	U	U
chr22	30817200	30817400	U	U	U	U
chr22	30822000	30822200	U	U	U	U
chr22	30822200	30822400	U	U	U	U
chr22	30823000	30823200	B	U	U	U
chr22	30823600	30823800	U	U	U	U
chr22	30824000	30824200	U	U	U	U
chr22	30824400	30824600	U	U	U	U
chr22	30826200	30826400	U	U	U	U
chr22	30828000	30828200	U	U	U	U
chr22	30832000	30832200	U	U	U	U
chr22	30856000	30856200	U	U	U	U
chr22	30860200	30860400	U	U	U	U
chr22	30860400	30860600	U	U	U	U
chr22	30861200	30861400	U	U	U	U
chr22	30868800	30869000	U	U	U	U
chr22	30870000	30870200	U	U	U	U
chr22	30870800	30871000	U	U	U	U
chr22	30872400	30872600	B	U	U	U
chr22	30876600	30876800	U	U	U	U
chr22	30877000	30877200	U	U	U	U
chr22	30879000	30879200	U	U	U	U
chr22	30883000	30883200	U	U	U	U
chr22	30884600	30884800	U	U	U	U
chr22	30887800	30888000	U	U	U	U
chr22	30888000	30888200	U	U	U	U
chr22	30889200	30889400	U	U	U	U
chr22	30891000	30891200	B	U	U	U
chr22	30891200	30891400	U	U	U	U
chr22	30892600	30892800	U	U	U	U
chr22	30903800	30904000	U	U	U	U
chr22	30926000	30926200	U	U	U	U
chr22	30932400	30932600	U	U	U	U
chr22	30935000	30935200	U	U	U	U
chr22	30936800	30937000	U	U	U	U
chr22	30946000	30946200	U	U	U	U
chr22	30947600	30947800	U	U	U	U
chr22	30949800	30950000	U	U	U	U
chr22	30950400	30950600	U	U	U	U
chr22	30952400	30952600	U	U	U	U
chr22	30954400	30954600	U	U	U	U
chr22	30955400	30955600	U	U	U	U
chr22	30956600	30956800	U	U	U	U
chr22	30957200	30957400	U	U	U	U
chr22	30957400	30957600	U	U	U	U
chr22	30958600	30958800	U	U	U	U
chr22	30965400	30965600	U	U	U	U
chr22	30967400	30967600	U	U	U	U
chr22	30968000	30968200	U	U	U	U
chr22	30970800	30971000	U	U	U	U
chr22	30971000	30971200	U	U	U	U
chr22	30971200	30971400	U	U	U	U
chr22	30972200	30972400	U	U	U	U
chr22	30974000	30974200	U	U	U	U
chr22	30974800	30975000	U	U	U	U
chr22	30979400	30979600	U	U	U	U
chr22	30987200	30987400	U	U	U	U
chr22	30988000	30988200	U	U	U	U
chr22	30989400	30989600	U	U	U	U
chr22	31033800	31034000	U	U	U	U
chr22	31039200	31039400	U	U	U	U
chr22	31062600	31062800	U	U	U	U
chr22	31066000	31066200	U	U	U	U
chr22	31068400	31068600	U	U	U	U
chr22	31076200	31076400	U	U	U	U
chr22	31082400	31082600	U	U	U	U
chr22	31085000	31085200	B	U	U	U
chr22	31086800	31087000	U	U	U	U
chr22	31087400	31087600	U	U	U	U
chr22	31089600	31089800	U	U	U	U
chr22	31090600	31090800	U	U	U	U
chr22	31092200	31092400	U	U	U	U
chr22	31093200	31093400	U	U	U	U
chr22	31093600	31093800	U	U	U	U
chr22	31096400	31096600	U	U	U	U
chr22	31097200	31097400	U	U	U	U
chr22	31099800	31100000	U	U	U	U
chr22	31102400	31102600	U	U	U	U
chr22	31104000	31104200	U	U	U	U
chr22	31107000	31107200	B	U	U	U
chr22	31107400	31107600	B	U	U	U
chr22	31117800	31118000	U	U	U	U
chr22	31119600	31119800	U	U	U	U
chr22	31120800	31121000	U	U	U	U
chr22	31122600	31122800	B	U	U	U
chr22	31123800	31124000	U	U	U	U
chr22	31133000	31133200	U	U	U	U
chr22	31134200	31134400	U	U	U	U
chr22	31135400	31135600	U	U	U	U
chr22	31135600	31135800	U	U	U	U
chr22	31138200	31138400	U	U	U	U
chr22	31141600	31141800	U	U	U	U
chr22	31142600	31142800	U	U	U	U
chr22	31144000	31144200	U	U	U	U
chr22	31148600	31148800	U	U	U	U
chr22	31155400	31155600	U	U	U	U
chr22	31161400	31161600	U	U	U	U
chr22	31161600	31161800	U	U	U	U
chr22	31165600	31165800	U	U	U	U
chr22	31172000	31172200	U	U	U	U
chr22	31177800	31178000	U	U	U	U
chr22	31179400	31179600	U	U	U	U
chr22	31185200	31185400	U	U	U	U
chr22	31185800	31186000	U	U	U	U
chr22	31188200	31188400	U	U	U	U
chr22	31193000	31193200	U	U	U	U
chr22	31193200	31193400	U	U	U	U
chr22	31195600	31195800	U	U	U	U
chr22	31198000	31198200	U	U	U	U
chr22	31204600	31204800	U	U	U	U
chr22	31207400	31207600	U	U	U	U
chr22	31216600	31216800	U	U	U	U
chr22	31223600	31223800	U	U	U	U
chr22	31223800	31224000	U	U	U	U
chr22	31229000	31229200	U	U	U	U
chr22	31229800	31230000	B	U	U	U
chr22	31241400	31241600	U	U	U	U
chr22	31249600	31249800	U	U	U	U
chr22	31251800	31252000	U	U	U	U
chr22	31252000	31252200	U	U	U	U
chr22	31254000	31254200	U	U	U	U
chr22	31262800	31263000	U	U	U	U
chr22	31266800	31267000	U	U	U	U
chr22	31267400	31267600	U	U	U	U
chr22	31268200	31268400	U	U	U	U
chr22	31270600	31270800	U	U	U	U
chr22	31273400	31273600	U	U	U	U
chr22	31275600	31275800	U	U	U	U
chr22	31276600	31276800	U	U	U	U
chr22	31280400	31280600	U	U	U	U
chr22	31282200	31282400	U	U	U	U
chr22	31282400	31282600	U	U	U	U
chr22	31282600	31282800	U	U	U	U
chr22	31286400	31286600	U	U	U	U
chr22	31289200	31289400	U	U	U	U
chr22	31290800	31291000	B	U	U	U
chr22	31292000	31292200	U	U	U	U
chr22	31295600	31295800	U	U	U	U
chr22	31295800	31296000	U	U	U	B
chr22	31296200	31296400	U	U	U	U
chr22	31297200	31297400	U	U	U	U
chr22	31302600	31302800	U	U	U	U
chr22	31308400	31308600	U	U	U	U
chr22	31321000	31321200	U	U	U	U
chr22	31322800	31323000	U	U	U	U
chr22	31323000	31323200	U	U	U	U
chr22	31326800	31327000	U	U	U	U
chr22	31327000	31327200	U	U	U	U
chr22	31331000	31331200	U	U	U	U
chr22	31335200	31335400	U	U	U	U
chr22	31340200	31340400	U	U	U	U
chr22	31341400	31341600	U	U	U	U
chr22	31343600	31343800	U	U	U	U
chr22	31343800	31344000	U	U	U	U
chr22	31344200	31344400	U	U	U	U
chr22	31344800	31345000	U	U	U	U
chr22	31345200	31345400	U	U	U	U
chr22	31347000	31347200	B	U	U	U
chr22	31370200	31370400	U	U	U	U
chr22	31426600	31426800	U	U	U	U
chr22	31435800	31436000	U	U	U	U
chr22	31437200	31437400	U	U	U	U
chr22	31439800	31440000	U	U	U	U
chr22	31442400	31442600	U	U	U	U
chr22	31443200	31443400	U	U	U	U
chr22	31445000	31445200	U	U	U	U
chr22	31446800	31447000	U	U	U	U
chr22	31447600	31447800	U	U	U	U
chr22	31452600	31452800	U	U	U	U
chr22	31454400	31454600	U	U	U	U
chr22	31455000	31455200	U	U	U	U
chr22	31460000	31460200	U	U	U	U
chr22	31463800	31464000	U	U	U	U
chr22	31480200	31480400	U	U	U	U
chr22	31490000	31490200	B	U	U	U
chr22	31521400	31521600	U	U	U	U
chr22	31528600	31528800	U	U	U	U
chr22	31529000	31529200	U	U	U	U
chr22	31550400	31550600	U	U	U	U
chr22	31550600	31550800	U	U	U	U
chr22	31574400	31574600	U	U	U	U
chr22	31579800	31580000	U	U	U	U
chr22	31580200	31580400	U	U	U	U
chr22	31583600	31583800	U	U	U	U
chr22	31584400	31584600	U	U	U	U
chr22	31597200	31597400	U	U	U	U
chr22	31607800	31608000	U	U	U	U
chr22	31611000	31611200	U	U	U	U
chr22	31611200	31611400	U	U	U	U
chr22	31612800	31613000	U	U	U	U
chr22	31613000	31613200	U	U	U	U
chr22	31613800	31614000	U	U	U	U
chr22	31615000	31615200	U	U	U	U
chr22	31618200	31618400	U	U	U	U
chr22	31619600	31619800	U	U	U	U
chr22	31619800	31620000	U	U	U	U
chr22	31620000	31620200	U	U	U	U
chr22	31622200	31622400	U	U	U	U
chr22	31623200	31623400	U	U	U	U
chr22	31628000	31628200	U	U	U	U
chr22	31628800	31629000	U	U	U	U
chr22	31629800	31630000	U	U	U	U
chr22	31630200	31630400	B	U	U	U
chr22	31630800	31631000	B	U	U	U
chr22	31631200	31631400	B	U	U	U
chr22	31631600	31631800	U	U	U	U
chr22	31639600	31639800	U	U	U	U
chr22	31661200	31661400	U	U	U	U
chr22	31681200	31681400	U	U	U	U
chr22	31682200	31682400	U	U	U	U
chr22	31682800	31683000	U	U	U	U
chr22	31684000	31684200	U	U	U	U
chr22	31684200	31684400	U	U	U	U
chr22	31685200	31685400	U	U	U	U
chr22	31712000	31712200	U	U	U	U
chr22	31712800	31713000	U	U	U	U
chr22	31714000	31714200	U	U	U	U
chr22	31714400	31714600	U	U	U	U
chr22	31714800	31715000	U	U	U	U
chr22	31720800	31721000	U	U	U	U
chr22	31727000	31727200	U	U	U	U
chr22	31738400	31738600	U	U	U	U
chr22	31738600	31738800	U	U	U	U
chr22	31739800	31740000	U	U	U	U
chr22	31742000	31742200	U	U	U	U
chr22	31747600	31747800	U	U	U	U
chr22	31748600	31748800	U	U	U	U
chr22	31749800	31750000	B	U	U	U
chr22	31750000	31750200	B	U	U	B
chr22	31752800	31753000	B	U	U	U
chr22	31754600	31754800	U	U	U	U
chr22	31755000	31755200	U	U	B	U
chr22	31756400	31756600	U	U	U	U
chr22	31760600	31760800	U	U	U	U
chr22	31779200	31779400	U	U	U	U
chr22	31784000	31784200	U	U	U	U
chr22	31784800	31785000	U	U	U	U
chr22	31790200	31790400	U	U	U	U
chr22	31809400	31809600	U	U	U	U
chr22	31810000	31810200	U	U	U	U
chr22	31810200	31810400	U	U	U	U
chr22	31819800	31820000	U	U	U	U
chr22	31822600	31822800	U	U	U	U
chr22	31822800	31823000	U	U	U	U
chr22	31823600	31823800	U	U	U	U
chr22	31825200	31825400	U	U	U	U
chr22	31825400	31825600	U	U	U	U
chr22	31829800	31830000	U	U	U	U
chr22	31830200	31830400	U	U	U	U
chr22	31836400	31836600	U	U	U	U
chr22	31837000	31837200	U	U	U	U
chr22	31838600	31838800	U	U	U	U
chr22	31845400	31845600	U	U	U	U
chr22	31857200	31857400	B	U	U	U
chr22	31865800	31866000	U	U	U	U
chr22	31866000	31866200	U	U	U	U
chr22	31869600	31869800	U	U	U	U
chr22	31870400	31870600	U	U	U	U
chr22	31874200	31874400	U	U	U	U
chr22	31880400	31880600	U	U	U	U
chr22	31882400	31882600	U	U	U	U
chr22	31893600	31893800	U	U	U	U
chr22	31902200	31902400	U	U	U	U
chr22	31902600	31902800	U	U	U	U
chr22	31912000	31912200	U	U	U	B
chr22	31912400	31912600	U	U	U	U
chr22	31923200	31923400	U	U	U	U
chr22	31931800	31932000	U	U	U	U
chr22	31933000	31933200	U	U	U	U
chr22	31938400	31938600	U	U	U	U
chr22	31944800	31945000	B	U	U	U
chr22	31946400	31946600	B	U	B	U
chr22	31952000	31952200	U	U	U	U
chr22	31952400	31952600	U	U	U	U
chr22	31952600	31952800	U	U	U	U
chr22	31954000	31954200	U	U	U	U
chr22	31954200	31954400	U	U	U	U
chr22	31956200	31956400	U	U	U	U
chr22	31956400	31956600	U	U	U	U
chr22	31957400	31957600	U	U	U	U
chr22	31970400	31970600	B	U	U	U
chr22	31972200	31972400	U	U	U	U
chr22	31984200	31984400	U	U	U	U
chr22	31998800	31999000	U	U	U	U
chr22	32015800	32016000	U	U	U	U
chr22	32023800	32024000	U	U	U	U
chr22	32028200	32028400	U	U	U	U
chr22	32030400	32030600	U	U	U	U
chr22	32031600	32031800	U	U	U	U
chr22	32033600	32033800	U	U	U	U
chr22	32034600	32034800	U	U	U	U
chr22	32042600	32042800	U	U	U	U
chr22	32043200	32043400	U	U	U	U
chr22	32043800	32044000	U	U	U	U
chr22	32047200	32047400	U	U	U	U
chr22	32050200	32050400	U	U	U	U
chr22	32051000	32051200	B	U	U	U
chr22	32055000	32055200	U	U	U	U
chr22	32055200	32055400	U	U	U	U
chr22	32059600	32059800	U	U	U	U
chr22	32063800	32064000	U	U	U	U
chr22	32066800	32067000	U	U	U	U
chr22	32068200	32068400	U	U	U	U
chr22	32068400	32068600	U	U	U	U
chr22	32068600	32068800	U	U	U	U
chr22	32074600	32074800	U	U	U	U
chr22	32075600	32075800	U	U	U	U
chr22	32079600	32079800	U	U	U	U
chr22	32081200	32081400	U	U	B	U
chr22	32082800	32083000	U	U	U	U
chr22	32083200	32083400	U	U	U	U
chr22	32084600	32084800	U	U	U	U
chr22	32085600	32085800	U	U	U	U
chr22	32091400	32091600	U	U	U	U
chr22	32091600	32091800	U	U	U	U
chr22	32101600	32101800	U	U	U	U
chr22	32102000	32102200	U	U	U	U
chr22	32104800	32105000	U	U	U	U
chr22	32106600	32106800	U	U	U	U
chr22	32108400	32108600	U	U	U	U
chr22	32125400	32125600	U	U	U	U
chr22	32130600	32130800	U	U	U	U
chr22	32132000	32132200	U	U	U	U
chr22	32132400	32132600	U	U	U	U
chr22	32142400	32142600	U	U	U	U
chr22	32142600	32142800	U	U	U	U
chr22	32143200	32143400	U	U	U	U
chr22	32144000	32144200	U	U	U	U
chr22	32158800	32159000	U	U	U	U
chr22	32159800	32160000	U	U	U	U
chr22	32160800	32161000	U	U	U	U
chr22	32162000	32162200	U	U	U	U
chr22	32165600	32165800	U	U	U	U
chr22	32175000	32175200	U	U	U	U
chr22	32175800	32176000	U	U	U	U
chr22	32178200	32178400	U	U	U	U
chr22	32179200	32179400	U	U	U	U
chr22	32182000	32182200	U	U	U	U
chr22	32182400	32182600	U	U	U	U
chr22	32183800	32184000	U	U	U	U
chr22	32187000	32187200	U	U	U	U
chr22	32187600	32187800	U	U	U	U
chr22	32191000	32191200	U	U	U	U
chr22	32194800	32195000	U	U	U	U
chr22	32196200	32196400	U	U	U	U
chr22	32196800	32197000	U	U	U	U
chr22	32198200	32198400	U	U	U	U
chr22	32199600	32199800	U	U	U	U
chr22	32208600	32208800	U	U	U	U
chr22	32208800	32209000	U	U	U	U
chr22	32211200	32211400	U	U	U	U
chr22	32218600	32218800	U	U	U	U
chr22	32220600	32220800	U	U	U	U
chr22	32226200	32226400	U	U	U	U
chr22	32229200	32229400	U	U	U	U
chr22	32231200	32231400	U	U	U	U
chr22	32238400	32238600	U	U	U	U
chr22	32246200	32246400	U	U	U	U
chr22	32247000	32247200	U	U	U	U
chr22	32247600	32247800	U	U	U	U
chr22	32249600	32249800	U	U	U	U
chr22	32255800	32256000	U	U	U	U
chr22	32268600	32268800	U	U	U	U
chr22	32269600	32269800	U	U	U	U
chr22	32270200	32270400	U	U	U	U
chr22	32270800	32271000	U	U	U	U
chr22	32274800	32275000	U	U	U	U
chr22	32276800	32277000	U	U	U	U
chr22	32277200	32277400	U	U	U	U
chr22	32278200	32278400	U	U	U	U
chr22	32306800	32307000	U	U	U	U
chr22	32312400	32312600	U	U	U	U
chr22	32313400	32313600	U	U	U	U
chr22	32324000	32324200	U	U	U	U
chr22	32328800	32329000	U	U	U	U
chr22	32331400	32331600	U	U	U	U
chr22	32332800	32333000	U	U	U	U
chr22	32337000	32337200	U	U	U	U
chr22	32339800	32340000	U	U	U	U
chr22	32342400	32342600	U	U	U	U
chr22	32344000	32344200	U	U	U	U
chr22	32345200	32345400	U	U	U	U
chr22	32345400	32345600	U	U	U	U
chr22	32351000	32351200	U	U	U	U
chr22	32356000	32356200	U	U	U	U
chr22	32356200	32356400	U	U	U	U
chr22	32358200	32358400	U	U	U	U
chr22	32360800	32361000	U	U	U	U
chr22	32368400	32368600	U	U	U	U
chr22	32368600	32368800	U	U	U	U
chr22	32369000	32369200	U	U	U	U
chr22	32372600	32372800	U	U	U	U
chr22	32375600	32375800	U	U	U	U
chr22	32376800	32377000	U	U	U	U
chr22	32378000	32378200	U	U	U	U
chr22	32380000	32380200	U	U	U	U
chr22	32392000	32392200	U	U	U	U
chr22	32392200	32392400	U	U	U	U
chr22	32401800	32402000	U	U	U	U
chr22	32407000	32407200	U	U	U	U
chr22	32408200	32408400	U	U	U	U
chr22	32408600	32408800	U	U	U	U
chr22	32409400	32409600	U	U	U	U
chr22	32410400	32410600	U	U	U	U
chr22	32411800	32412000	B	U	U	U
chr22	32414200	32414400	U	U	U	U
chr22	32416400	32416600	U	U	U	U
chr22	32416800	32417000	U	U	U	U
chr22	32417600	32417800	U	U	U	U
chr22	32436600	32436800	U	U	U	U
chr22	32437000	32437200	U	U	U	U
chr22	32442800	32443000	U	U	U	U
chr22	32444000	32444200	B	U	B	U
chr22	32444600	32444800	U	U	U	U
chr22	32459000	32459200	U	U	U	U
chr22	32463000	32463200	U	U	U	U
chr22	32463200	32463400	U	U	U	U
chr22	32463600	32463800	U	U	U	U
chr22	32463800	32464000	U	U	U	U
chr22	32464000	32464200	U	U	U	U
chr22	32468600	32468800	U	U	U	U
chr22	32475800	32476000	B	U	U	U
chr22	32476200	32476400	U	U	U	U
chr22	32480000	32480200	U	U	U	U
chr22	32482000	32482200	U	U	U	U
chr22	32483000	32483200	B	U	U	U
chr22	32484800	32485000	U	U	U	U
chr22	32485400	32485600	U	U	U	U
chr22	32485800	32486000	U	U	U	U
chr22	32486800	32487000	U	U	U	U
chr22	32487200	32487400	U	U	U	U
chr22	32488000	32488200	U	U	U	U
chr22	32488200	32488400	U	U	U	U
chr22	32490000	32490200	U	U	U	U
chr22	32493400	32493600	U	U	U	U
chr22	32500200	32500400	U	U	U	U
chr22	32501000	32501200	U	U	U	U
chr22	32511200	32511400	U	U	U	U
chr22	32511400	32511600	U	U	U	U
chr22	32518000	32518200	U	U	U	U
chr22	32519600	32519800	U	U	U	U
chr22	32527800	32528000	U	U	U	U
chr22	32528400	32528600	U	U	U	U
chr22	32529200	32529400	B	U	B	U
chr22	32532400	32532600	B	U	B	U
chr22	32532800	32533000	B	U	B	B
chr22	32533600	32533800	U	U	U	U
chr22	32536000	32536200	U	U	U	U
chr22	32558600	32558800	U	U	U	U
chr22	32579800	32580000	U	U	U	U
chr22	32584400	32584600	U	U	U	U
chr22	32584600	32584800	U	U	U	U
chr22	32587600	32587800	U	U	U	U
chr22	32594800	32595000	U	U	U	U
chr22	32598800	32599000	U	U	U	U
chr22	32601000	32601200	U	U	U	U
chr22	32606000	32606200	U	U	U	U
chr22	32611000	32611200	U	U	U	U
chr22	32623800	32624000	U	U	U	U
chr22	32627400	32627600	U	U	U	U
chr22	32629200	32629400	B	U	U	U
chr22	32629400	32629600	B	U	U	U
chr22	32644800	32645000	U	U	U	U
chr22	32646600	32646800	U	U	U	U
chr22	32646800	32647000	U	U	U	U
chr22	32653400	32653600	U	U	U	U
chr22	32658200	32658400	U	U	U	U
chr22	32659400	32659600	U	U	U	U
chr22	32661000	32661200	U	U	U	U
chr22	32669400	32669600	U	U	U	U
chr22	32670600	32670800	U	U	U	U
chr22	32676000	32676200	U	U	U	U
chr22	32676200	32676400	U	U	U	U
chr22	32680600	32680800	U	U	U	U
chr22	32698600	32698800	U	U	U	U
chr22	32699200	32699400	U	U	U	U
chr22	32700400	32700600	U	U	U	U
chr22	32703800	32704000	U	U	U	U
chr22	32708000	32708200	U	U	U	U
chr22	32716200	32716400	U	U	U	U
chr22	32717800	32718000	U	U	U	U
chr22	32720000	32720200	U	U	U	U
chr22	32733200	32733400	U	U	U	U
chr22	32743600	32743800	U	U	U	U
chr22	32748800	32749000	U	U	U	U
chr22	32751400	32751600	U	U	U	U
chr22	32752400	32752600	U	U	U	U
chr22	32754600	32754800	U	U	U	U
chr22	32760600	32760800	U	U	U	U
chr22	32761800	32762000	U	U	U	U
chr22	32765200	32765400	U	U	U	U
chr22	32766800	32767000	U	U	U	U
chr22	32781800	32782000	U	U	U	U
chr22	32789400	32789600	U	U	U	U
chr22	32793800	32794000	U	U	U	U
chr22	32796000	32796200	U	U	U	U
chr22	32796800	32797000	B	U	B	U
chr22	32799000	32799200	U	U	U	U
chr22	32799800	32800000	U	U	U	U
chr22	32800000	32800200	U	U	U	U
chr22	32803200	32803400	U	U	U	U
chr22	32804400	32804600	U	U	U	U
chr22	32806000	32806200	U	U	U	U
chr22	32808000	32808200	U	U	U	U
chr22	32810200	32810400	U	U	U	U
chr22	32812400	32812600	U	U	U	U
chr22	32812800	32813000	U	U	U	U
chr22	32814400	32814600	U	U	U	U
chr22	32816200	32816400	U	U	U	U
chr22	32817600	32817800	U	U	U	U
chr22	32821400	32821600	U	U	U	U
chr22	32830800	32831000	U	U	U	U
chr22	32831200	32831400	U	U	U	U
chr22	32831600	32831800	U	U	U	U
chr22	32836600	32836800	U	U	U	U
chr22	32837400	32837600	U	U	U	U
chr22	32840800	32841000	U	U	U	U
chr22	32847400	32847600	U	U	U	U
chr22	32849400	32849600	U	U	U	U
chr22	32851200	32851400	U	U	U	U
chr22	32852800	32853000	B	U	U	U
chr22	32855000	32855200	U	U	U	U
chr22	32856000	32856200	U	U	U	U
chr22	32859800	32860000	U	U	U	U
chr22	32860400	32860600	U	U	U	U
chr22	32861600	32861800	U	U	U	U
chr22	32862200	32862400	U	U	U	U
chr22	32872400	32872600	U	U	U	U
chr22	32874400	32874600	U	U	U	U
chr22	32875200	32875400	U	U	U	U
chr22	32877000	32877200	U	U	U	U
chr22	32878200	32878400	U	U	U	U
chr22	32881000	32881200	B	U	U	B
chr22	32881400	32881600	B	U	B	B
chr22	32892600	32892800	U	U	U	U
chr22	32896800	32897000	U	U	U	U
chr22	32897200	32897400	U	U	U	U
chr22	32903400	32903600	U	U	U	U
chr22	32916800	32917000	U	U	U	U
chr22	32917800	32918000	U	U	U	U
chr22	32920200	32920400	U	U	U	U
chr22	32940800	32941000	U	U	U	U
chr22	32957200	32957400	U	U	U	U
chr22	32957400	32957600	U	U	U	U
chr22	32963600	32963800	U	U	U	U
chr22	32964800	32965000	U	U	U	U
chr22	32969200	32969400	U	U	U	U
chr22	32994000	32994200	U	U	U	U
chr22	32994600	32994800	U	U	U	U
chr22	32996600	32996800	U	U	U	U
chr22	32999800	33000000	U	U	U	U
chr22	33000400	33000600	U	U	U	U
chr22	33001000	33001200	B	U	U	U
chr22	33006200	33006400	U	U	U	U
chr22	33016200	33016400	U	U	U	U
chr22	33022200	33022400	U	U	U	U
chr22	33037800	33038000	U	U	U	U
chr22	33038200	33038400	U	U	U	U
chr22	33038600	33038800	U	U	U	U
chr22	33042400	33042600	U	U	U	U
chr22	33042800	33043000	U	U	U	U
chr22	33051800	33052000	U	U	U	U
chr22	33062000	33062200	U	U	U	U
chr22	33063600	33063800	U	U	U	U
chr22	33066800	33067000	U	U	U	U
chr22	33070800	33071000	U	U	U	U
chr22	33072000	33072200	U	U	U	U
chr22	33073600	33073800	U	U	U	U
chr22	33076000	33076200	U	U	U	U
chr22	33099600	33099800	U	U	U	U
chr22	33105400	33105600	U	U	U	U
chr22	33111400	33111600	U	U	U	U
chr22	33127200	33127400	U	U	U	U
chr22	33132600	33132800	U	U	U	U
chr22	33134600	33134800	U	U	U	U
chr22	33137000	33137200	U	U	U	U
chr22	33143400	33143600	U	U	U	U
chr22	33145800	33146000	U	U	U	U
chr22	33146200	33146400	U	U	U	U
chr22	33159200	33159400	U	U	U	U
chr22	33163400	33163600	U	U	U	U
chr22	33164000	33164200	U	U	U	U
chr22	33168000	33168200	U	U	U	U
chr22	33169000	33169200	U	U	U	U
chr22	33177400	33177600	U	U	U	U
chr22	33178200	33178400	U	U	U	U
chr22	33178400	33178600	U	U	U	U
chr22	33189200	33189400	U	U	U	U
chr22	33190000	33190200	U	U	U	U
chr22	33194400	33194600	U	U	U	U
chr22	33202400	33202600	U	U	U	U
chr22	33202800	33203000	U	U	U	U
chr22	33210600	33210800	B	U	U	U
chr22	33219600	33219800	U	U	U	U
chr22	33221400	33221600	U	U	U	U
chr22	33226400	33226600	U	U	U	U
chr22	33228400	33228600	U	U	U	U
chr22	33232200	33232400	U	U	U	U
chr22	33232400	33232600	U	U	U	U
chr22	33232600	33232800	U	U	U	U
chr22	33236600	33236800	U	U	U	U
chr22	33281000	33281200	U	U	U	U
chr22	33286000	33286200	U	U	U	U
chr22	33289800	33290000	U	U	U	U
chr22	33291200	33291400	U	U	U	U
chr22	33293600	33293800	U	U	U	U
chr22	33294400	33294600	U	U	U	U
chr22	33299800	33300000	U	U	U	U
chr22	33302400	33302600	B	U	B	U
chr22	33303000	33303200	U	U	U	U
chr22	33304400	33304600	U	U	U	U
chr22	33305400	33305600	U	U	U	U
chr22	33307000	33307200	U	U	U	U
chr22	33310400	33310600	U	U	U	U
chr22	33312800	33313000	U	U	U	U
chr22	33335000	33335200	U	U	U	U
chr22	33335200	33335400	U	U	U	U
chr22	33342200	33342400	U	U	U	U
chr22	33350200	33350400	U	U	U	U
chr22	33355400	33355600	U	U	U	U
chr22	33358400	33358600	U	U	U	U
chr22	33382600	33382800	U	U	U	U
chr22	33382800	33383000	U	U	U	U
chr22	33384200	33384400	U	U	U	U
chr22	33393200	33393400	U	U	U	U
chr22	33393600	33393800	U	U	U	U
chr22	33400600	33400800	U	U	U	U
chr22	33408800	33409000	U	U	U	U
chr22	33413200	33413400	U	U	U	U
chr22	33427400	33427600	U	U	U	U
chr22	33430800	33431000	U	U	U	U
chr22	33432000	33432200	U	U	U	U
chr22	33433800	33434000	U	U	U	U
chr22	33434000	33434200	U	U	U	U
chr22	33435800	33436000	U	U	U	U
chr22	33440400	33440600	U	U	U	U
chr22	33440600	33440800	U	U	U	U
chr22	33440800	33441000	U	U	U	U
chr22	33446600	33446800	U	U	U	U
chr22	33456200	33456400	U	U	U	U
chr22	33456400	33456600	U	U	U	U
chr22	33468000	33468200	U	U	U	U
chr22	33479000	33479200	U	U	U	U
chr22	33480400	33480600	U	U	U	U
chr22	33483000	33483200	U	U	U	U
chr22	33484000	33484200	U	U	U	U
chr22	33484600	33484800	U	U	U	U
chr22	33486800	33487000	U	U	U	U
chr22	33492800	33493000	U	U	U	U
chr22	33506400	33506600	U	U	U	U
chr22	33507800	33508000	U	U	U	U
chr22	33508200	33508400	U	U	U	U
chr22	33511200	33511400	U	U	U	U
chr22	33513200	33513400	U	U	U	U
chr22	33520400	33520600	U	U	U	U
chr22	33524800	33525000	U	U	U	U
chr22	33525000	33525200	U	U	U	U
chr22	33525400	33525600	U	U	U	U
chr22	33533200	33533400	U	U	U	U
chr22	33552400	33552600	U	U	U	U
chr22	33558800	33559000	U	U	U	U
chr22	33563600	33563800	U	U	U	U
chr22	33564200	33564400	U	U	U	U
chr22	33570800	33571000	U	U	U	U
chr22	33575800	33576000	U	U	U	U
chr22	33577400	33577600	U	U	U	U
chr22	33577600	33577800	U	U	U	U
chr22	33577800	33578000	U	U	U	U
chr22	33583200	33583400	U	U	U	U
chr22	33583800	33584000	U	U	U	U
chr22	33586200	33586400	U	U	U	U
chr22	33586800	33587000	U	U	U	U
chr22	33599800	33600000	U	U	U	U
chr22	33600000	33600200	U	U	U	U
chr22	33604400	33604600	U	U	U	U
chr22	33627800	33628000	U	U	U	U
chr22	33633400	33633600	U	U	U	U
chr22	33634400	33634600	U	U	U	U
chr22	33636200	33636400	U	U	U	U
chr22	33649000	33649200	U	U	U	U
chr22	33650600	33650800	U	U	U	U
chr22	33652400	33652600	U	U	U	U
chr22	33653800	33654000	U	U	U	U
chr22	33654000	33654200	U	U	U	U
chr22	33657200	33657400	U	U	U	U
chr22	33660600	33660800	U	U	U	U
chr22	33662800	33663000	U	U	U	U
chr22	33666600	33666800	U	U	U	U
chr22	33668400	33668600	U	U	U	U
chr22	33668600	33668800	U	U	U	U
chr22	33683800	33684000	U	U	U	U
chr22	33687600	33687800	U	U	U	U
chr22	33691400	33691600	U	U	U	U
chr22	33704200	33704400	U	U	U	U
chr22	33704400	33704600	U	U	U	U
chr22	33704600	33704800	U	U	U	U
chr22	33707400	33707600	U	U	U	U
chr22	33708200	33708400	U	U	U	U
chr22	33710200	33710400	U	U	U	U
chr22	33710600	33710800	U	U	U	U
chr22	33711200	33711400	U	U	U	U
chr22	33720800	33721000	U	U	U	U
chr22	33723000	33723200	U	U	U	U
chr22	33723600	33723800	U	U	U	U
chr22	33728800	33729000	U	U	U	U
chr22	33729000	33729200	U	U	U	U
chr22	33737000	33737200	U	U	U	U
chr22	33737600	33737800	U	U	U	U
chr22	33744600	33744800	U	U	U	U
chr22	33747800	33748000	U	U	U	U
chr22	33750600	33750800	U	U	U	U
chr22	33754800	33755000	U	U	U	U
chr22	33756800	33757000	U	U	U	U
chr22	33758600	33758800	U	U	U	U
chr22	33758800	33759000	U	U	U	U
chr22	33759600	33759800	U	U	U	U
chr22	33759800	33760000	U	U	U	U
chr22	33760200	33760400	U	U	U	U
chr22	33762400	33762600	U	U	U	U
chr22	33770200	33770400	U	U	U	U
chr22	33773000	33773200	U	U	U	U
chr22	33780400	33780600	U	U	U	U
chr22	33785800	33786000	U	U	U	U
chr22	33790400	33790600	U	U	U	U
chr22	33793000	33793200	U	U	U	U
chr22	33793600	33793800	U	U	U	U
chr22	33793800	33794000	U	U	U	U
chr22	33794200	33794400	U	U	U	U
chr22	33796400	33796600	U	U	U	U
chr22	33797200	33797400	U	U	U	U
chr22	33808600	33808800	U	U	U	U
chr22	33811400	33811600	U	U	U	U
chr22	33812400	33812600	U	U	U	U
chr22	33813400	33813600	U	U	U	U
chr22	33815200	33815400	U	U	U	U
chr22	33815600	33815800	U	U	U	U
chr22	33827400	33827600	U	U	U	U
chr22	33828000	33828200	U	U	U	U
chr22	33828400	33828600	U	U	U	U
chr22	33829800	33830000	U	U	U	U
chr22	33830000	33830200	U	U	U	U
chr22	33830200	33830400	U	U	U	U
chr22	33833000	33833200	U	U	U	U
chr22	33834800	33835000	U	U	U	U
chr22	33839600	33839800	U	U	U	U
chr22	33840000	33840200	U	U	U	U
chr22	33847400	33847600	U	U	U	U
chr22	33848000	33848200	U	U	U	U
chr22	33849000	33849200	U	U	U	U
chr22	33867400	33867600	U	U	U	U
chr22	33868200	33868400	U	U	U	U
chr22	33868600	33868800	U	U	U	U
chr22	33880600	33880800	U	U	U	U
chr22	33881000	33881200	U	U	U	U
chr22	33882600	33882800	U	U	U	U
chr22	33884600	33884800	U	U	U	U
chr22	33893000	33893200	U	U	U	U
chr22	33902200	33902400	U	U	U	U
chr22	33909000	33909200	U	U	U	U
chr22	33909200	33909400	U	U	U	U
chr22	33911800	33912000	U	U	U	U
chr22	33912200	33912400	U	U	U	U
chr22	33912400	33912600	U	U	U	U
chr22	33913200	33913400	U	U	U	U
chr22	33914000	33914200	U	U	U	U
chr22	33915400	33915600	U	U	U	U
chr22	33918400	33918600	U	U	U	U
chr22	33920200	33920400	U	U	U	U
chr22	33922600	33922800	U	U	U	U
chr22	33924400	33924600	U	U	U	U
chr22	33925200	33925400	U	U	U	U
chr22	33930600	33930800	U	U	U	U
chr22	33940000	33940200	U	U	U	U
chr22	33942200	33942400	U	U	U	U
chr22	33942600	33942800	U	U	U	U
chr22	33943200	33943400	U	U	U	U
chr22	33946600	33946800	U	U	U	U
chr22	33947800	33948000	U	U	U	U
chr22	33955800	33956000	U	U	U	U
chr22	33963600	33963800	U	U	U	U
chr22	33964200	33964400	U	U	U	U
chr22	33969200	33969400	U	U	U	U
chr22	33969800	33970000	U	U	U	U
chr22	33976000	33976200	U	U	U	U
chr22	33977600	33977800	U	U	U	U
chr22	33984600	33984800	U	U	U	U
chr22	33989800	33990000	U	U	U	U
chr22	33991600	33991800	U	U	U	U
chr22	33992200	33992400	U	U	U	U
chr22	33993600	33993800	U	U	U	U
chr22	34001000	34001200	U	U	U	U
chr22	34001400	34001600	U	U	U	U
chr22	34003800	34004000	U	U	U	U
chr22	34004800	34005000	U	U	U	U
chr22	34021400	34021600	U	U	U	U
chr22	34037200	34037400	U	U	B	U
chr22	34037600	34037800	U	U	U	U
chr22	34046400	34046600	U	U	U	U
chr22	34059600	34059800	U	U	U	U
chr22	34065000	34065200	U	U	U	U
chr22	34065200	34065400	U	U	U	U
chr22	34076000	34076200	U	U	U	U
chr22	34077000	34077200	U	U	U	U
chr22	34077200	34077400	U	U	U	U
chr22	34085400	34085600	U	U	U	U
chr22	34090600	34090800	U	U	U	U
chr22	34108000	34108200	U	U	U	U
chr22	34111200	34111400	U	U	U	U
chr22	34128400	34128600	U	U	U	U
chr22	34152400	34152600	U	U	U	U
chr22	34161200	34161400	U	U	U	U
chr22	34161800	34162000	U	U	U	U
chr22	34163200	34163400	U	U	U	U
chr22	34165400	34165600	U	U	U	U
chr22	34177600	34177800	U	U	U	U
chr22	34179800	34180000	U	U	U	U
chr22	34192400	34192600	U	U	U	U
chr22	34194200	34194400	U	U	U	U
chr22	34194400	34194600	U	U	U	U
chr22	34196200	34196400	U	U	U	U
chr22	34197400	34197600	U	U	U	U
chr22	34205200	34205400	U	U	U	U
chr22	34205800	34206000	U	U	U	U
chr22	34209200	34209400	U	U	U	U
chr22	34210400	34210600	U	U	U	U
chr22	34220400	34220600	U	U	U	U
chr22	34228800	34229000	U	U	U	U
chr22	34229800	34230000	U	U	U	U
chr22	34239800	34240000	U	U	U	U
chr22	34240200	34240400	U	U	U	U
chr22	34244200	34244400	U	U	U	U
chr22	34278200	34278400	U	U	U	U
chr22	34280400	34280600	U	U	U	U
chr22	34280600	34280800	U	U	U	U
chr22	34283800	34284000	U	U	U	U
chr22	34287000	34287200	U	U	U	U
chr22	34287200	34287400	U	U	U	U
chr22	34297400	34297600	U	U	U	U
chr22	34298200	34298400	U	U	U	U
chr22	34298400	34298600	U	U	U	U
chr22	34303800	34304000	U	U	U	U
chr22	34306400	34306600	U	U	U	U
chr22	34307800	34308000	U	U	U	U
chr22	34308000	34308200	U	U	U	U
chr22	34313200	34313400	U	U	U	U
chr22	34338000	34338200	U	U	U	U
chr22	34349400	34349600	U	U	U	U
chr22	34351000	34351200	U	U	U	U
chr22	34352400	34352600	U	U	U	U
chr22	34362000	34362200	U	U	U	U
chr22	34371600	34371800	U	U	U	U
chr22	34372600	34372800	U	U	U	U
chr22	34373000	34373200	U	U	U	U
chr22	34374200	34374400	U	U	U	U
chr22	34385600	34385800	U	U	U	U
chr22	34401800	34402000	U	U	U	U
chr22	34444200	34444400	U	U	U	U
chr22	34444400	34444600	U	U	U	U
chr22	34444600	34444800	U	U	U	U
chr22	34459200	34459400	U	U	U	U
chr22	34463000	34463200	U	U	U	U
chr22	34465000	34465200	U	U	U	U
chr22	34472200	34472400	U	U	U	U
chr22	34474600	34474800	U	U	U	U
chr22	34480400	34480600	U	U	U	U
chr22	34482600	34482800	U	U	U	U
chr22	34494600	34494800	U	U	U	U
chr22	34502800	34503000	U	U	U	U
chr22	34514800	34515000	U	U	U	U
chr22	34516400	34516600	U	U	U	U
chr22	34516600	34516800	U	U	U	U
chr22	34526000	34526200	U	U	U	U
chr22	34530200	34530400	U	U	U	U
chr22	34530400	34530600	U	U	U	U
chr22	34538600	34538800	U	U	U	U
chr22	34544200	34544400	U	U	U	U
chr22	34585600	34585800	U	U	U	U
chr22	34589200	34589400	U	U	U	U
chr22	34591000	34591200	U	U	U	U
chr22	34591200	34591400	U	U	U	U
chr22	34591600	34591800	U	U	U	U
chr22	34592800	34593000	U	U	U	U
chr22	34598600	34598800	U	U	U	U
chr22	34599600	34599800	U	U	U	U
chr22	34607000	34607200	U	U	U	U
chr22	34614800	34615000	U	U	U	U
chr22	34623000	34623200	U	U	U	U
chr22	34637400	34637600	U	U	U	U
chr22	34638200	34638400	U	U	U	U
chr22	34641400	34641600	U	U	U	U
chr22	34642000	34642200	U	U	U	U
chr22	34645200	34645400	U	U	U	U
chr22	34654000	34654200	U	U	U	U
chr22	34666400	34666600	U	U	U	U
chr22	34683400	34683600	U	U	U	U
chr22	34687600	34687800	U	U	U	U
chr22	34688600	34688800	U	U	U	U
chr22	34689000	34689200	U	U	U	U
chr22	34693200	34693400	U	U	U	U
chr22	34695000	34695200	U	U	U	U
chr22	34697400	34697600	U	U	U	U
chr22	34697800	34698000	U	U	U	U
chr22	34708600	34708800	U	U	U	U
chr22	34713000	34713200	U	U	U	U
chr22	34713200	34713400	U	U	U	U
chr22	34713400	34713600	U	U	U	U
chr22	34714200	34714400	U	U	U	U
chr22	34716200	34716400	U	U	U	U
chr22	34721000	34721200	U	U	U	U
chr22	34724200	34724400	U	U	U	U
chr22	34730400	34730600	U	U	U	U
chr22	34731600	34731800	U	U	U	U
chr22	34732600	34732800	U	U	U	U
chr22	34738800	34739000	U	U	U	U
chr22	34741000	34741200	U	U	U	U
chr22	34741400	34741600	U	U	U	U
chr22	34742000	34742200	U	U	U	U
chr22	34742600	34742800	U	U	U	U
chr22	34755400	34755600	U	U	U	U
chr22	34755600	34755800	U	U	U	U
chr22	34755800	34756000	U	U	U	U
chr22	34759600	34759800	U	U	U	U
chr22	34759800	34760000	U	U	U	U
chr22	34760000	34760200	U	U	U	U
chr22	34760600	34760800	U	U	U	U
chr22	34762800	34763000	U	U	U	U
chr22	34764600	34764800	U	U	U	U
chr22	34767600	34767800	U	U	U	U
chr22	34769400	34769600	U	U	U	U
chr22	34772000	34772200	U	U	U	U
chr22	34784600	34784800	U	U	U	U
chr22	34784800	34785000	U	U	U	U
chr22	34785000	34785200	U	U	U	U
chr22	34795600	34795800	U	U	U	U
chr22	34797800	34798000	U	U	U	U
chr22	34800000	34800200	U	U	U	U
chr22	34800400	34800600	U	U	U	U
chr22	34803200	34803400	U	U	U	U
chr22	34804400	34804600	U	U	U	U
chr22	34806000	34806200	U	U	U	U
chr22	34809600	34809800	U	U	U	U
chr22	34815200	34815400	U	U	U	U
chr22	34825800	34826000	U	U	U	U
chr22	34833400	34833600	U	U	U	U
chr22	34841400	34841600	U	U	U	U
chr22	34852400	34852600	U	U	U	U
chr22	34852600	34852800	U	U	U	U
chr22	34856800	34857000	U	U	U	U
chr22	34863400	34863600	U	U	U	U
chr22	34863800	34864000	U	U	U	U
chr22	34865000	34865200	U	U	U	U
chr22	34871600	34871800	U	U	U	U
chr22	34875400	34875600	U	U	U	U
chr22	34875600	34875800	U	U	U	U
chr22	34893600	34893800	U	U	U	U
chr22	34902400	34902600	U	U	U	U
chr22	34909800	34910000	U	U	U	U
chr22	34911800	34912000	U	U	U	U
chr22	34914600	34914800	U	U	U	U
chr22	34915800	34916000	U	U	U	U
chr22	34917600	34917800	U	U	U	U
chr22	34928600	34928800	U	U	U	U
chr22	34943600	34943800	U	U	U	U
chr22	34951600	34951800	U	U	U	U
chr22	34954000	34954200	U	U	U	U
chr22	34955200	34955400	U	U	U	U
chr22	34962800	34963000	U	U	U	U
chr22	34964000	34964200	U	U	U	U
chr22	34964800	34965000	U	U	U	U
chr22	34974000	34974200	U	U	U	U
chr22	34976800	34977000	U	U	U	U
chr22	34984000	34984200	U	U	U	U
chr22	34993600	34993800	U	U	U	U
chr22	34996800	34997000	U	U	U	U
chr22	34997600	34997800	U	U	U	U
chr22	35006000	35006200	U	U	U	U
chr22	35010000	35010200	U	U	U	U
chr22	35012400	35012600	U	U	U	U
chr22	35013600	35013800	U	U	U	U
chr22	35013800	35014000	U	U	U	U
chr22	35021000	35021200	U	U	U	U
chr22	35022800	35023000	U	U	U	U
chr22	35040000	35040200	U	U	U	U
chr22	35048400	35048600	U	U	U	U
chr22	35065400	35065600	U	U	U	U
chr22	35067200	35067400	U	U	U	U
chr22	35077400	35077600	U	U	U	U
chr22	35077800	35078000	U	U	U	U
chr22	35078600	35078800	U	U	U	U
chr22	35082400	35082600	U	U	U	U
chr22	35087800	35088000	U	U	U	U
chr22	35103800	35104000	U	U	U	U
chr22	35118600	35118800	U	U	U	U
chr22	35120200	35120400	U	U	U	U
chr22	35128400	35128600	U	U	U	U
chr22	35128600	35128800	U	U	U	U
chr22	35134400	35134600	B	U	U	U
chr22	35134800	35135000	B	U	U	B
chr22	35135000	35135200	B	U	U	U
chr22	35136800	35137000	U	U	U	U
chr22	35138800	35139000	U	U	U	U
chr22	35144600	35144800	U	U	U	U
chr22	35148800	35149000	U	U	U	U
chr22	35149200	35149400	U	U	U	U
chr22	35153000	35153200	U	U	U	U
chr22	35158200	35158400	U	U	U	U
chr22	35158600	35158800	U	U	U	U
chr22	35159200	35159400	U	U	U	U
chr22	35174000	35174200	U	U	U	U
chr22	35174400	35174600	U	U	U	U
chr22	35190600	35190800	U	U	U	U
chr22	35195000	35195200	U	U	U	U
chr22	35196600	35196800	U	U	U	U
chr22	35205400	35205600	U	U	U	U
chr22	35213400	35213600	U	U	U	U
chr22	35217000	35217200	U	U	U	U
chr22	35222400	35222600	U	U	U	U
chr22	35253200	35253400	U	U	U	U
chr22	35258400	35258600	B	U	U	U
chr22	35259200	35259400	U	U	U	U
chr22	35259600	35259800	U	U	U	U
chr22	35260400	35260600	U	U	U	U
chr22	35262600	35262800	U	U	U	U
chr22	35262800	35263000	U	U	U	U
chr22	35263000	35263200	U	U	U	U
chr22	35270600	35270800	U	U	U	U
chr22	35283000	35283200	U	U	U	U
chr22	35287000	35287200	U	U	U	U
chr22	35289600	35289800	U	U	U	U
chr22	35290000	35290200	U	U	U	U
chr22	35291400	35291600	U	U	U	U
chr22	35294400	35294600	U	U	U	U
chr22	35296000	35296200	U	U	U	U
chr22	35314000	35314200	U	U	U	U
chr22	35327000	35327200	U	U	U	U
chr22	35336400	35336600	U	U	U	U
chr22	35336600	35336800	U	U	U	U
chr22	35337600	35337800	U	U	U	U
chr22	35344200	35344400	U	U	U	U
chr22	35346000	35346200	U	U	U	U
chr22	35346800	35347000	U	U	U	U
chr22	35348000	35348200	U	U	U	U
chr22	35376800	35377000	B	U	B	B
chr22	35387600	35387800	U	U	U	U
chr22	35389800	35390000	U	U	U	U
chr22	35393800	35394000	U	U	U	U
chr22	35394000	35394200	U	U	U	U
chr22	35403200	35403400	U	U	U	U
chr22	35406800	35407000	U	U	U	U
chr22	35412600	35412800	U	U	U	U
chr22	35421400	35421600	U	U	U	U
chr22	35423200	35423400	U	U	U	U
chr22	35431400	35431600	U	U	U	U
chr22	35435200	35435400	U	U	U	U
chr22	35436200	35436400	U	U	U	U
chr22	35437000	35437200	B	U	B	U
chr22	35443600	35443800	U	U	U	U
chr22	35446600	35446800	U	U	U	U
chr22	35451200	35451400	U	U	U	U
chr22	35451600	35451800	U	U	U	U
chr22	35452000	35452200	U	U	U	U
chr22	35469800	35470000	U	U	U	U
chr22	35473400	35473600	U	U	U	U
chr22	35478000	35478200	U	U	U	U
chr22	35478800	35479000	U	U	U	U
chr22	35485200	35485400	U	U	U	U
chr22	35493600	35493800	U	U	U	U
chr22	35505200	35505400	U	U	U	U
chr22	35506600	35506800	U	U	U	U
chr22	35514400	35514600	U	U	U	U
chr22	35518600	35518800	U	U	U	U
chr22	35523200	35523400	U	U	U	U
chr22	35527000	35527200	U	U	U	U
chr22	35532600	35532800	U	U	U	U
chr22	35536000	35536200	U	U	U	U
chr22	35538400	35538600	U	U	U	U
chr22	35538600	35538800	U	U	U	U
chr22	35542000	35542200	U	U	U	U
chr22	35542800	35543000	U	U	U	U
chr22	35546000	35546200	U	U	U	U
chr22	35546200	35546400	U	U	U	U
chr22	35549400	35549600	U	U	U	U
chr22	35551800	35552000	B	U	U	U
chr22	35552400	35552600	B	U	U	U
chr22	35555400	35555600	U	U	U	U
chr22	35555600	35555800	U	U	U	U
chr22	35570000	35570200	U	U	U	U
chr22	35572400	35572600	U	U	U	U
chr22	35573000	35573200	U	U	U	U
chr22	35573200	35573400	U	U	U	U
chr22	35575000	35575200	U	U	U	U
chr22	35596800	35597000	U	U	U	U
chr22	35598000	35598200	U	U	U	U
chr22	35606400	35606600	U	U	U	U
chr22	35607800	35608000	U	U	U	U
chr22	35608400	35608600	U	U	U	U
chr22	35610200	35610400	U	U	U	U
chr22	35615000	35615200	U	U	U	U
chr22	35617200	35617400	U	U	U	U
chr22	35622800	35623000	U	U	U	U
chr22	35637400	35637600	U	U	U	U
chr22	35640800	35641000	U	U	U	U
chr22	35648400	35648600	B	U	U	U
chr22	35648600	35648800	B	U	U	U
chr22	35657200	35657400	U	U	U	U
chr22	35657800	35658000	B	U	U	B
chr22	35658000	35658200	B	U	U	B
chr22	35658800	35659000	U	U	U	U
chr22	35685800	35686000	U	U	U	U
chr22	35687400	35687600	U	U	U	U
chr22	35709000	35709200	U	U	U	U
chr22	35720400	35720600	U	U	U	U
chr22	35721800	35722000	U	U	U	U
chr22	35723200	35723400	U	U	U	U
chr22	35726800	35727000	U	U	U	U
chr22	35727200	35727400	B	U	U	U
chr22	35728800	35729000	U	U	U	U
chr22	35734000	35734200	U	U	U	U
chr22	35739000	35739200	U	U	U	U
chr22	35741200	35741400	U	U	U	U
chr22	35742000	35742200	B	U	U	U
chr22	35742800	35743000	B	U	U	U
chr22	35743000	35743200	B	U	U	U
chr22	35743200	35743400	U	U	U	U
chr22	35744400	35744600	U	U	U	U
chr22	35746000	35746200	U	U	U	U
chr22	35746200	35746400	U	U	U	U
chr22	35746400	35746600	U	U	U	U
chr22	35746800	35747000	U	U	U	U
chr22	35748600	35748800	U	U	U	U
chr22	35749200	35749400	U	U	U	U
chr22	35752400	35752600	U	U	U	U
chr22	35753000	35753200	U	U	U	U
chr22	35755200	35755400	U	U	U	U
chr22	35757000	35757200	U	U	U	U
chr22	35758400	35758600	U	U	U	U
chr22	35759400	35759600	U	U	U	U
chr22	35760000	35760200	U	U	U	U
chr22	35761800	35762000	U	U	U	U
chr22	35763000	35763200	U	U	U	U
chr22	35764800	35765000	U	U	U	U
chr22	35765200	35765400	U	U	U	U
chr22	35765600	35765800	U	U	U	U
chr22	35765800	35766000	U	U	U	U
chr22	35766400	35766600	U	U	U	U
chr22	35769400	35769600	U	U	U	U
chr22	35769600	35769800	U	U	U	U
chr22	35769800	35770000	U	U	U	U
chr22	35772000	35772200	U	U	U	U
chr22	35774400	35774600	U	U	U	U
chr22	35775200	35775400	U	U	U	U
chr22	35776400	35776600	U	U	U	U
chr22	35777600	35777800	U	U	U	U
chr22	35779000	35779200	U	U	U	U
chr22	35780400	35780600	U	U	U	U
chr22	35784000	35784200	U	U	U	U
chr22	35785800	35786000	U	U	U	U
chr22	35791600	35791800	U	U	U	U
chr22	35793400	35793600	U	U	U	U
chr22	35795400	35795600	U	U	U	U
chr22	35808200	35808400	U	U	U	U
chr22	35813600	35813800	U	U	U	U
chr22	35813800	35814000	U	U	U	U
chr22	35815600	35815800	U	U	U	U
chr22	35816400	35816600	U	U	U	U
chr22	35819400	35819600	U	U	U	U
chr22	35820800	35821000	U	U	U	U
chr22	35829600	35829800	U	U	U	U
chr22	35837600	35837800	U	U	U	U
chr22	35838600	35838800	U	U	U	U
chr22	35845200	35845400	U	U	U	U
chr22	35846800	35847000	U	U	U	U
chr22	35847800	35848000	U	U	U	U
chr22	35849400	35849600	U	U	U	U
chr22	35849600	35849800	U	U	U	U
chr22	35850400	35850600	U	U	U	U
chr22	35850600	35850800	U	U	U	U
chr22	35850800	35851000	U	U	U	U
chr22	35856400	35856600	U	U	U	U
chr22	35857200	35857400	U	U	U	U
chr22	35857800	35858000	U	U	U	U
chr22	35863400	35863600	U	U	U	U
chr22	35864200	35864400	U	U	U	U
chr22	35865200	35865400	U	U	U	U
chr22	35870600	35870800	U	U	U	U
chr22	35870800	35871000	U	U	U	U
chr22	35874000	35874200	U	U	U	U
chr22	35886200	35886400	U	U	U	U
chr22	35886800	35887000	U	U	U	U
chr22	35889600	35889800	U	U	U	U
chr22	35891800	35892000	U	U	U	U
chr22	35909400	35909600	U	U	U	U
chr22	35911000	35911200	U	U	U	U
chr22	35915000	35915200	B	U	U	U
chr22	35915400	35915600	U	U	U	U
chr22	35915800	35916000	U	U	U	U
chr22	35918400	35918600	U	U	U	U
chr22	35918800	35919000	U	U	U	U
chr22	35935400	35935600	U	U	U	U
chr22	35938600	35938800	U	U	U	U
chr22	35941600	35941800	U	U	U	U
chr22	35943200	35943400	U	U	U	U
chr22	35944200	35944400	U	U	U	U
chr22	35959000	35959200	U	U	U	U
chr22	35962800	35963000	U	U	U	U
chr22	35965400	35965600	U	U	U	U
chr22	35965600	35965800	U	U	U	U
chr22	35968000	35968200	U	U	U	U
chr22	35969000	35969200	U	U	U	U
chr22	35973400	35973600	U	U	U	U
chr22	35975800	35976000	U	U	U	U
chr22	35982600	35982800	U	U	U	U
chr22	35997400	35997600	U	U	U	U
chr22	36005600	36005800	U	U	U	U
chr22	36005800	36006000	U	U	U	U
chr22	36006400	36006600	U	U	U	U
chr22	36007000	36007200	U	U	U	U
chr22	36010000	36010200	B	U	U	U
chr22	36013800	36014000	U	U	U	U
chr22	36014600	36014800	U	U	U	U
chr22	36014800	36015000	U	U	U	U
chr22	36016400	36016600	U	U	U	U
chr22	36016800	36017000	U	U	U	U
chr22	36023400	36023600	U	U	U	U
chr22	36023800	36024000	U	U	U	U
chr22	36024000	36024200	U	U	U	U
chr22	36036400	36036600	U	U	U	U
chr22	36036600	36036800	U	U	U	U
chr22	36046000	36046200	U	U	U	U
chr22	36081200	36081400	U	U	B	U
chr22	36085000	36085200	U	U	U	U
chr22	36121600	36121800	U	U	U	U
chr22	36129800	36130000	U	U	U	U
chr22	36131000	36131200	U	U	U	U
chr22	36131800	36132000	U	U	U	U
chr22	36134000	36134200	U	U	U	U
chr22	36137800	36138000	U	U	U	U
chr22	36138400	36138600	U	U	U	U
chr22	36141600	36141800	U	U	U	U
chr22	36155400	36155600	U	U	U	U
chr22	36155600	36155800	U	U	U	U
chr22	36162800	36163000	U	U	U	U
chr22	36163200	36163400	U	U	U	U
chr22	36164800	36165000	U	U	U	U
chr22	36165000	36165200	U	U	U	U
chr22	36173400	36173600	U	U	U	U
chr22	36174200	36174400	U	U	U	U
chr22	36174400	36174600	U	U	U	U
chr22	36175800	36176000	U	U	U	U
chr22	36177000	36177200	U	U	U	U
chr22	36178400	36178600	U	U	U	U
chr22	36185000	36185200	U	U	U	U
chr22	36185800	36186000	U	U	U	U
chr22	36187000	36187200	U	U	U	U
chr22	36189600	36189800	U	U	U	U
chr22	36191600	36191800	U	U	U	U
chr22	36194400	36194600	U	U	U	U
chr22	36194600	36194800	U	U	U	U
chr22	36201200	36201400	B	U	U	U
chr22	36201400	36201600	B	U	U	U
chr22	36208400	36208600	U	U	U	U
chr22	36213000	36213200	U	U	U	U
chr22	36228400	36228600	U	U	U	U
chr22	36252800	36253000	B	U	U	B
chr22	36255600	36255800	U	U	U	U
chr22	36256000	36256200	U	U	U	U
chr22	36257200	36257400	U	U	U	U
chr22	36265400	36265600	U	U	U	U
chr22	36265600	36265800	U	U	U	U
chr22	36276200	36276400	U	U	U	U
chr22	36281800	36282000	U	U	U	U
chr22	36284400	36284600	U	U	U	U
chr22	36285000	36285200	U	U	U	U
chr22	36288600	36288800	U	U	U	U
chr22	36288800	36289000	U	U	U	U
chr22	36293600	36293800	U	U	U	U
chr22	36295600	36295800	U	U	U	U
chr22	36299800	36300000	U	U	U	U
chr22	36301600	36301800	B	U	B	U
chr22	36302800	36303000	U	U	U	U
chr22	36305000	36305200	U	U	U	U
chr22	36305200	36305400	U	U	U	U
chr22	36310600	36310800	U	U	U	U
chr22	36311000	36311200	U	U	U	U
chr22	36313600	36313800	U	U	U	U
chr22	36320200	36320400	U	U	U	U
chr22	36323600	36323800	U	U	U	U
chr22	36324200	36324400	U	U	U	U
chr22	36324600	36324800	U	U	U	U
chr22	36325400	36325600	U	U	U	U
chr22	36325800	36326000	U	U	U	U
chr22	36326000	36326200	U	U	U	U
chr22	36326400	36326600	U	U	U	U
chr22	36326800	36327000	U	U	U	U
chr22	36327000	36327200	U	U	U	U
chr22	36328200	36328400	U	U	U	U
chr22	36328800	36329000	U	U	U	U
chr22	36330600	36330800	U	U	U	U
chr22	36331600	36331800	B	U	U	B
chr22	36332400	36332600	U	U	U	U
chr22	36336000	36336200	U	U	U	U
chr22	36336400	36336600	U	U	U	U
chr22	36342800	36343000	U	U	U	U
chr22	36343800	36344000	U	U	U	U
chr22	36344000	36344200	U	U	U	U
chr22	36344600	36344800	U	U	U	U
chr22	36347200	36347400	U	U	B	U
chr22	36348600	36348800	U	U	U	U
chr22	36348800	36349000	U	U	U	U
chr22	36349800	36350000	U	U	U	U
chr22	36359400	36359600	U	U	U	U
chr22	36362800	36363000	U	U	U	U
chr22	36366600	36366800	U	U	U	U
chr22	36366800	36367000	U	U	U	U
chr22	36370400	36370600	B	U	U	U
chr22	36379600	36379800	U	U	U	U
chr22	36380200	36380400	U	U	U	U
chr22	36388000	36388200	B	U	U	U
chr22	36388200	36388400	B	U	U	U
chr22	36396200	36396400	U	U	U	B
chr22	36420400	36420600	U	U	U	U
chr22	36426400	36426600	B	U	U	U
chr22	36426600	36426800	B	U	U	U
chr22	36432800	36433000	U	U	U	U
chr22	36441600	36441800	U	U	U	U
chr22	36449000	36449200	U	U	U	U
chr22	36449200	36449400	U	U	U	U
chr22	36455600	36455800	U	U	U	U
chr22	36458000	36458200	U	U	U	U
chr22	36459600	36459800	U	U	U	U
chr22	36463800	36464000	U	U	U	U
chr22	36465000	36465200	U	U	U	U
chr22	36465200	36465400	U	U	U	U
chr22	36466400	36466600	U	U	U	U
chr22	36466600	36466800	U	U	U	U
chr22	36468000	36468200	B	U	U	B
chr22	36474000	36474200	U	U	U	U
chr22	36476800	36477000	U	U	U	U
chr22	36480600	36480800	U	U	U	U
chr22	36480800	36481000	U	U	U	U
chr22	36489800	36490000	U	U	U	U
chr22	36505800	36506000	U	U	U	U
chr22	36506200	36506400	U	U	U	U
chr22	36510600	36510800	U	U	U	U
chr22	36516600	36516800	U	U	U	U
chr22	36517400	36517600	U	U	U	U
chr22	36518800	36519000	U	U	U	U
chr22	36523400	36523600	U	U	U	U
chr22	36523800	36524000	U	U	U	U
chr22	36526000	36526200	U	U	U	U
chr22	36526200	36526400	U	U	U	U
chr22	36537600	36537800	U	U	U	U
chr22	36611000	36611200	U	U	U	U
chr22	36618400	36618600	U	U	U	U
chr22	36628800	36629000	U	U	U	U
chr22	36641800	36642000	U	U	U	U
chr22	36642000	36642200	U	U	U	U
chr22	36648400	36648600	U	U	U	U
chr22	36657800	36658000	U	U	U	U
chr22	36663200	36663400	U	U	U	U
chr22	36663400	36663600	U	U	U	U
chr22	36664000	36664200	U	U	U	U
chr22	36667400	36667600	U	U	U	U
chr22	36676000	36676200	U	U	U	U
chr22	36677800	36678000	U	U	U	U
chr22	36686200	36686400	U	U	U	U
chr22	36689800	36690000	U	U	U	U
chr22	36693400	36693600	U	U	U	U
chr22	36698800	36699000	U	U	U	U
chr22	36700000	36700200	U	U	U	U
chr22	36700600	36700800	U	U	U	U
chr22	36700800	36701000	U	U	U	U
chr22	36709800	36710000	U	U	U	U
chr22	36710200	36710400	U	U	U	U
chr22	36719800	36720000	U	U	U	U
chr22	36722800	36723000	U	U	U	U
chr22	36725800	36726000	U	U	U	U
chr22	36744600	36744800	U	U	U	U
chr22	36752600	36752800	U	U	U	U
chr22	36753800	36754000	U	U	U	U
chr22	36756000	36756200	U	U	U	U
chr22	36758800	36759000	U	U	U	U
chr22	36759000	36759200	U	U	U	U
chr22	36760400	36760600	U	U	U	U
chr22	36761000	36761200	U	U	U	U
chr22	36763200	36763400	U	U	U	U
chr22	36765000	36765200	U	U	U	U
chr22	36767400	36767600	U	U	U	U
chr22	36767800	36768000	U	U	U	U
chr22	36769800	36770000	U	U	U	U
chr22	36775200	36775400	U	U	U	U
chr22	36775400	36775600	U	U	U	U
chr22	36776400	36776600	B	U	U	U
chr22	36786600	36786800	U	U	U	U
chr22	36798400	36798600	U	U	U	U
chr22	36802800	36803000	U	U	U	U
chr22	36804200	36804400	U	U	U	U
chr22	36806400	36806600	U	U	U	U
chr22	36808800	36809000	U	U	U	U
chr22	36810200	36810400	U	U	U	U
chr22	36813800	36814000	U	U	U	U
chr22	36817000	36817200	U	U	U	U
chr22	36819600	36819800	U	U	U	U
chr22	36820400	36820600	U	U	U	U
chr22	36822600	36822800	U	U	U	U
chr22	36827000	36827200	U	U	U	U
chr22	36847400	36847600	U	U	U	U
chr22	36849600	36849800	U	U	U	U
chr22	36851600	36851800	U	U	U	U
chr22	36857800	36858000	U	U	U	U
chr22	36858200	36858400	U	U	U	U
chr22	36859200	36859400	U	U	U	U
chr22	36865000	36865200	U	U	U	U
chr22	36866400	36866600	U	U	U	U
chr22	36867400	36867600	U	U	U	U
chr22	36870200	36870400	U	U	U	U
chr22	36870600	36870800	U	U	U	U
chr22	36874400	36874600	U	U	U	U
chr22	36878000	36878200	U	U	U	U
chr22	36887200	36887400	U	U	U	U
chr22	36892600	36892800	U	U	U	U
chr22	36900200	36900400	U	U	U	U
chr22	36901400	36901600	U	U	U	U
chr22	36913600	36913800	U	U	U	U
chr22	36914800	36915000	U	U	U	U
chr22	36921600	36921800	U	U	U	U
chr22	36922600	36922800	U	U	U	U
chr22	36929600	36929800	U	U	U	U
chr22	36933200	36933400	U	U	U	U
chr22	36936400	36936600	U	U	U	U
chr22	36937200	36937400	U	U	U	U
chr22	36938200	36938400	U	U	U	U
chr22	36939000	36939200	U	U	U	U
chr22	36950600	36950800	U	U	U	U
chr22	36959200	36959400	U	U	U	U
chr22	36959400	36959600	U	U	U	U
chr22	36959600	36959800	U	U	U	U
chr22	36986800	36987000	U	U	U	U
chr22	36990800	36991000	U	U	U	U
chr22	37002000	37002200	U	U	U	U
chr22	37007600	37007800	U	U	U	U
chr22	37021000	37021200	U	U	U	U
chr22	37023800	37024000	U	U	U	U
chr22	37024400	37024600	U	U	U	U
chr22	37029200	37029400	U	U	U	U
chr22	37029400	37029600	U	U	U	U
chr22	37030200	37030400	U	U	U	U
chr22	37033800	37034000	U	U	U	U
chr22	37034000	37034200	U	U	U	U
chr22	37037400	37037600	U	U	U	U
chr22	37053000	37053200	U	U	U	U
chr22	37059400	37059600	U	U	U	U
chr22	37060000	37060200	U	U	U	U
chr22	37061800	37062000	U	U	U	U
chr22	37063600	37063800	U	U	U	U
chr22	37064200	37064400	U	U	U	U
chr22	37065600	37065800	U	U	U	U
chr22	37066000	37066200	U	U	U	U
chr22	37068800	37069000	U	U	U	U
chr22	37069000	37069200	U	U	U	U
chr22	37070600	37070800	U	U	U	U
chr22	37073400	37073600	U	U	U	U
chr22	37076200	37076400	U	U	U	U
chr22	37076800	37077000	U	U	U	U
chr22	37085400	37085600	U	U	U	U
chr22	37097000	37097200	U	U	U	U
chr22	37101800	37102000	U	U	U	U
chr22	37102600	37102800	U	U	U	U
chr22	37112000	37112200	U	U	U	U
chr22	37113200	37113400	U	U	U	U
chr22	37120800	37121000	U	U	U	U
chr22	37126400	37126600	B	U	U	U
chr22	37135600	37135800	U	U	U	U
chr22	37148000	37148200	U	U	U	U
chr22	37149600	37149800	U	U	U	U
chr22	37150200	37150400	U	U	U	B
chr22	37157200	37157400	U	U	U	U
chr22	37160000	37160200	U	U	U	U
chr22	37160200	37160400	U	U	U	U
chr22	37162200	37162400	U	U	U	U
chr22	37163400	37163600	U	U	U	U
chr22	37166200	37166400	U	U	U	U
chr22	37167400	37167600	U	U	U	U
chr22	37172400	37172600	U	U	U	U
chr22	37176000	37176200	U	U	U	U
chr22	37178200	37178400	U	U	U	U
chr22	37178600	37178800	U	U	U	U
chr22	37184000	37184200	U	U	U	U
chr22	37187800	37188000	U	U	U	U
chr22	37198000	37198200	U	U	U	U
chr22	37202800	37203000	U	U	U	U
chr22	37203600	37203800	U	U	U	U
chr22	37204200	37204400	U	U	U	U
chr22	37207200	37207400	U	U	U	U
chr22	37209000	37209200	U	U	U	U
chr22	37226200	37226400	U	U	U	U
chr22	37230000	37230200	B	U	U	U
chr22	37231200	37231400	U	U	U	U
chr22	37231600	37231800	U	U	U	U
chr22	37236600	37236800	U	U	U	U
chr22	37241600	37241800	U	U	U	U
chr22	37242600	37242800	B	U	U	B
chr22	37244000	37244200	B	U	U	B
chr22	37244200	37244400	B	U	U	B
chr22	37245400	37245600	U	U	U	U
chr22	37256600	37256800	U	U	U	U
chr22	37262200	37262400	U	U	U	U
chr22	37274400	37274600	U	U	U	U
chr22	37283200	37283400	U	U	U	U
chr22	37283400	37283600	U	U	U	U
chr22	37285000	37285200	U	U	U	U
chr22	37286800	37287000	U	U	U	U
chr22	37296400	37296600	U	U	U	U
chr22	37298600	37298800	U	U	U	U
chr22	37299000	37299200	U	U	U	U
chr22	37301000	37301200	U	U	U	U
chr22	37309200	37309400	U	U	U	U
chr22	37311400	37311600	U	U	U	U
chr22	37313800	37314000	U	U	U	U
chr22	37314600	37314800	U	U	U	U
chr22	37318000	37318200	U	U	U	U
chr22	37319400	37319600	U	U	U	U
chr22	37320400	37320600	U	U	U	U
chr22	37324000	37324200	U	U	U	U
chr22	37331000	37331200	U	U	U	U
chr22	37332400	37332600	U	U	U	U
chr22	37332600	37332800	U	U	U	U
chr22	37334600	37334800	U	U	U	U
chr22	37335600	37335800	U	U	U	U
chr22	37335800	37336000	U	U	U	U
chr22	37336600	37336800	B	U	U	U
chr22	37337200	37337400	U	U	U	U
chr22	37342600	37342800	U	U	U	U
chr22	37349400	37349600	U	U	U	U
chr22	37350000	37350200	U	U	U	U
chr22	37350400	37350600	U	U	U	U
chr22	37360600	37360800	U	U	U	U
chr22	37361200	37361400	U	U	U	U
chr22	37362400	37362600	U	U	U	U
chr22	37364400	37364600	U	U	U	U
chr22	37365000	37365200	U	U	U	U
chr22	37365600	37365800	U	U	U	U
chr22	37366600	37366800	U	U	U	U
chr22	37367800	37368000	U	U	U	U
chr22	37368000	37368200	U	U	U	U
chr22	37368600	37368800	U	U	U	U
chr22	37369000	37369200	U	U	U	U
chr22	37369200	37369400	U	U	U	U
chr22	37375000	37375200	U	U	U	U
chr22	37375200	37375400	U	U	U	U
chr22	37378400	37378600	U	U	U	U
chr22	37379000	37379200	U	U	U	U
chr22	37379600	37379800	U	U	U	U
chr22	37379800	37380000	U	U	U	U
chr22	37380400	37380600	U	U	U	U
chr22	37387800	37388000	U	U	U	U
chr22	37394400	37394600	U	U	U	U
chr22	37406600	37406800	U	U	U	U
chr22	37408200	37408400	U	U	U	U
chr22	37409600	37409800	U	U	U	U
chr22	37411200	37411400	U	U	U	U
chr22	37411400	37411600	U	U	U	U
chr22	37412600	37412800	U	U	U	U
chr22	37412800	37413000	U	U	U	U
chr22	37419400	37419600	U	U	U	U
chr22	37420200	37420400	U	U	U	U
chr22	37421600	37421800	U	U	U	U
chr22	37425400	37425600	U	U	U	U
chr22	37426800	37427000	U	U	U	U
chr22	37431400	37431600	U	U	U	U
chr22	37432000	37432200	U	U	U	U
chr22	37456800	37457000	U	U	U	U
chr22	37457200	37457400	B	U	B	U
chr22	37459200	37459400	U	U	U	U
chr22	37464200	37464400	U	U	U	U
chr22	37467400	37467600	U	U	U	U
chr22	37468200	37468400	U	U	U	U
chr22	37474400	37474600	U	U	U	U
chr22	37476800	37477000	U	U	U	U
chr22	37489600	37489800	U	U	U	U
chr22	37490000	37490200	U	U	U	U
chr22	37490800	37491000	U	U	U	U
chr22	37494000	37494200	U	U	U	U
chr22	37494200	37494400	U	U	U	U
chr22	37495800	37496000	U	U	U	U
chr22	37496400	37496600	U	U	U	U
chr22	37496800	37497000	U	U	U	U
chr22	37500400	37500600	U	U	U	U
chr22	37502000	37502200	U	U	U	U
chr22	37503600	37503800	U	U	U	U
chr22	37504000	37504200	U	U	U	U
chr22	37504200	37504400	U	U	U	U
chr22	37507600	37507800	U	U	U	U
chr22	37509000	37509200	U	U	U	U
chr22	37510400	37510600	U	U	U	U
chr22	37512200	37512400	B	U	U	U
chr22	37512800	37513000	B	U	U	U
chr22	37518600	37518800	B	U	U	U
chr22	37519200	37519400	B	U	U	U
chr22	37526400	37526600	U	U	U	U
chr22	37545600	37545800	B	U	U	U
chr22	37547000	37547200	U	U	U	U
chr22	37549800	37550000	U	U	U	U
chr22	37552400	37552600	B	U	U	U
chr22	37552600	37552800	B	U	U	B
chr22	37555400	37555600	U	U	U	U
chr22	37556800	37557000	U	U	U	U
chr22	37560800	37561000	B	U	U	U
chr22	37561600	37561800	B	U	B	U
chr22	37564200	37564400	U	U	U	U
chr22	37566000	37566200	U	U	U	U
chr22	37566200	37566400	U	U	U	U
chr22	37566400	37566600	U	U	U	U
chr22	37570400	37570600	B	U	U	U
chr22	37570600	37570800	B	U	U	U
chr22	37581800	37582000	U	U	U	U
chr22	37585200	37585400	U	U	U	U
chr22	37589800	37590000	U	U	U	U
chr22	37601800	37602000	B	U	U	U
chr22	37609400	37609600	B	U	U	U
chr22	37614000	37614200	U	U	U	U
chr22	37616800	37617000	U	U	U	U
chr22	37617200	37617400	U	U	U	U
chr22	37624000	37624200	B	U	U	U
chr22	37626200	37626400	U	U	U	U
chr22	37629200	37629400	U	U	U	U
chr22	37629400	37629600	U	U	U	U
chr22	37632600	37632800	U	U	U	U
chr22	37633400	37633600	B	U	U	U
chr22	37635400	37635600	U	U	U	U
chr22	37637600	37637800	U	U	U	U
chr22	37640800	37641000	U	U	U	U
chr22	37641000	37641200	U	U	U	U
chr22	37641400	37641600	U	U	U	U
chr22	37642400	37642600	U	U	U	U
chr22	37643200	37643400	B	U	U	U
chr22	37645400	37645600	U	U	U	U
chr22	37645600	37645800	U	U	U	U
chr22	37648200	37648400	U	U	U	U
chr22	37658400	37658600	B	U	U	U
chr22	37660800	37661000	U	U	U	U
chr22	37665800	37666000	U	U	U	U
chr22	37666600	37666800	U	U	U	U
chr22	37671600	37671800	U	U	U	U
chr22	37686200	37686400	B	U	U	U
chr22	37690600	37690800	U	U	U	U
chr22	37691200	37691400	U	U	U	U
chr22	37691600	37691800	U	U	U	U
chr22	37692600	37692800	U	U	U	U
chr22	37692800	37693000	U	U	U	U
chr22	37701400	37701600	U	U	U	U
chr22	37709400	37709600	U	U	U	U
chr22	37709600	37709800	U	U	U	U
chr22	37710000	37710200	U	U	U	U
chr22	37710400	37710600	U	U	U	U
chr22	37713200	37713400	U	U	U	U
chr22	37723200	37723400	U	U	U	U
chr22	37726000	37726200	U	U	U	U
chr22	37729600	37729800	U	U	U	U
chr22	37730200	37730400	U	U	U	U
chr22	37733400	37733600	U	U	U	U
chr22	37734200	37734400	U	U	U	U
chr22	37734800	37735000	B	U	U	U
chr22	37740800	37741000	U	U	U	U
chr22	37744400	37744600	U	U	U	U
chr22	37747400	37747600	U	U	U	U
chr22	37753800	37754000	U	U	U	U
chr22	37754800	37755000	U	U	U	U
chr22	37755400	37755600	U	U	U	U
chr22	37757800	37758000	U	U	U	U
chr22	37758000	37758200	U	U	U	U
chr22	37763400	37763600	U	U	U	U
chr22	37771400	37771600	U	U	U	U
chr22	37772400	37772600	U	U	U	U
chr22	37781400	37781600	U	U	U	U
chr22	37783600	37783800	U	U	U	U
chr22	37802400	37802600	B	U	U	U
chr22	37805600	37805800	U	U	U	U
chr22	37806000	37806200	U	U	U	U
chr22	37806200	37806400	U	U	U	U
chr22	37807200	37807400	B	U	U	U
chr22	37808000	37808200	B	U	U	U
chr22	37813400	37813600	U	U	U	U
chr22	37815400	37815600	U	U	U	U
chr22	37816600	37816800	U	U	U	U
chr22	37819200	37819400	U	U	U	U
chr22	37822400	37822600	U	U	U	U
chr22	37832000	37832200	U	U	U	U
chr22	37833600	37833800	U	U	U	U
chr22	37850000	37850200	B	U	U	U
chr22	37851200	37851400	U	U	U	U
chr22	37851400	37851600	U	U	U	U
chr22	37855200	37855400	U	U	U	U
chr22	37858400	37858600	U	U	U	U
chr22	37870200	37870400	U	U	U	U
chr22	37874200	37874400	U	U	U	U
chr22	37885400	37885600	U	U	U	U
chr22	37888200	37888400	U	U	U	U
chr22	37893600	37893800	U	U	U	U
chr22	37893800	37894000	U	U	U	U
chr22	37894800	37895000	U	U	U	U
chr22	37895000	37895200	U	U	U	U
chr22	37897000	37897200	U	U	U	U
chr22	37904600	37904800	B	U	U	B
chr22	37910600	37910800	U	U	U	U
chr22	37924400	37924600	U	U	U	U
chr22	37925000	37925200	U	U	U	U
chr22	37931600	37931800	U	U	U	U
chr22	37933200	37933400	U	U	U	U
chr22	37945000	37945200	U	U	U	U
chr22	37957600	37957800	U	U	U	U
chr22	37964200	37964400	U	U	U	U
chr22	37967800	37968000	U	U	U	U
chr22	37968200	37968400	U	U	U	U
chr22	37969000	37969200	U	U	U	U
chr22	37972600	37972800	U	U	U	U
chr22	37973600	37973800	U	U	U	U
chr22	37974000	37974200	U	U	U	U
chr22	37978000	37978200	U	U	U	U
chr22	37979600	37979800	U	U	U	U
chr22	37981000	37981200	U	U	U	U
chr22	37981600	37981800	U	U	U	U
chr22	37982400	37982600	U	U	U	U
chr22	37990000	37990200	U	U	U	U
chr22	37991800	37992000	U	U	U	U
chr22	37992800	37993000	U	U	U	U
chr22	38000600	38000800	U	U	U	U
chr22	38007200	38007400	U	U	U	U
chr22	38007400	38007600	U	U	U	U
chr22	38016200	38016400	U	U	U	U
chr22	38017200	38017400	U	U	U	U
chr22	38024800	38025000	U	U	U	U
chr22	38038400	38038600	U	U	U	U
chr22	38039600	38039800	U	U	U	U
chr22	38042800	38043000	U	U	U	U
chr22	38046200	38046400	U	U	U	U
chr22	38054400	38054600	U	U	U	U
chr22	38055000	38055200	U	U	U	U
chr22	38065000	38065200	U	U	U	U
chr22	38065800	38066000	U	U	U	U
chr22	38066000	38066200	U	U	U	U
chr22	38068000	38068200	U	U	U	U
chr22	38068600	38068800	B	U	U	U
chr22	38070000	38070200	U	U	U	U
chr22	38070400	38070600	U	U	U	U
chr22	38073000	38073200	U	U	U	U
chr22	38074600	38074800	U	U	U	U
chr22	38074800	38075000	U	U	U	U
chr22	38077600	38077800	U	U	U	U
chr22	38078400	38078600	U	U	U	U
chr22	38079800	38080000	U	U	U	U
chr22	38081600	38081800	U	U	U	U
chr22	38082600	38082800	U	U	U	U
chr22	38084400	38084600	U	U	U	U
chr22	38088200	38088400	U	U	U	U
chr22	38089600	38089800	U	U	U	U
chr22	38090800	38091000	U	U	U	U
chr22	38097200	38097400	U	U	U	U
chr22	38106000	38106200	U	U	U	U
chr22	38112200	38112400	U	U	U	U
chr22	38113200	38113400	U	U	U	U
chr22	38115600	38115800	U	U	U	U
chr22	38120000	38120200	U	U	U	U
chr22	38123200	38123400	U	U	U	U
chr22	38135000	38135200	U	U	U	U
chr22	38138000	38138200	U	U	U	U
chr22	38139000	38139200	U	U	U	U
chr22	38143000	38143200	B	U	U	U
chr22	38167600	38167800	U	U	U	U
chr22	38169000	38169200	U	U	U	U
chr22	38169200	38169400	U	U	U	U
chr22	38172800	38173000	U	U	U	U
chr22	38181000	38181200	U	U	U	B
chr22	38184800	38185000	U	U	U	U
chr22	38188600	38188800	U	U	U	U
chr22	38194600	38194800	U	U	U	U
chr22	38201800	38202000	B	U	U	U
chr22	38202000	38202200	B	U	U	U
chr22	38204800	38205000	U	U	U	U
chr22	38205400	38205600	U	U	U	U
chr22	38205800	38206000	U	U	U	U
chr22	38206000	38206200	U	U	U	U
chr22	38208400	38208600	U	U	U	U
chr22	38210000	38210200	U	U	U	U
chr22	38215600	38215800	U	U	U	U
chr22	38218600	38218800	U	U	U	U
chr22	38218800	38219000	U	U	U	U
chr22	38219800	38220000	U	U	U	U
chr22	38223400	38223600	U	U	U	U
chr22	38223600	38223800	U	U	U	U
chr22	38225400	38225600	U	U	U	U
chr22	38225800	38226000	U	U	U	U
chr22	38232200	38232400	U	U	U	U
chr22	38232600	38232800	U	U	U	U
chr22	38239200	38239400	U	U	U	U
chr22	38247800	38248000	U	U	U	U
chr22	38251400	38251600	U	U	U	U
chr22	38260800	38261000	U	U	U	U
chr22	38261200	38261400	U	U	U	U
chr22	38261400	38261600	U	U	U	U
chr22	38261600	38261800	U	U	U	U
chr22	38264600	38264800	U	U	U	U
chr22	38264800	38265000	U	U	U	U
chr22	38265800	38266000	U	U	U	U
chr22	38267800	38268000	U	U	U	U
chr22	38270800	38271000	U	U	U	U
chr22	38272400	38272600	B	U	U	U
chr22	38289600	38289800	U	U	U	U
chr22	38290600	38290800	U	U	U	U
chr22	38291600	38291800	U	U	U	U
chr22	38294200	38294400	U	U	U	U
chr22	38295200	38295400	U	U	U	U
chr22	38297800	38298000	U	U	U	U
chr22	38303200	38303400	U	U	U	U
chr22	38304000	38304200	U	U	U	U
chr22	38311400	38311600	U	U	U	U
chr22	38315800	38316000	U	U	U	U
chr22	38316200	38316400	U	U	U	U
chr22	38316400	38316600	B	U	U	U
chr22	38334000	38334200	U	U	U	U
chr22	38336600	38336800	B	U	U	U
chr22	38339200	38339400	U	U	U	U
chr22	38346400	38346600	U	U	U	U
chr22	38348200	38348400	U	U	U	U
chr22	38348800	38349000	U	U	U	U
chr22	38357800	38358000	U	U	U	U
chr22	38358000	38358200	U	U	U	U
chr22	38362200	38362400	U	U	U	U
chr22	38363600	38363800	U	U	U	U
chr22	38366800	38367000	U	U	U	U
chr22	38367600	38367800	U	U	U	U
chr22	38378200	38378400	U	U	U	U
chr22	38378400	38378600	U	U	U	U
chr22	38379800	38380000	U	U	U	U
chr22	38380200	38380400	U	U	U	U
chr22	38388600	38388800	B	U	U	U
chr22	38388800	38389000	B	U	U	U
chr22	38395600	38395800	U	U	U	U
chr22	38395800	38396000	U	U	U	U
chr22	38397000	38397200	B	U	U	U
chr22	38398000	38398200	B	U	U	U
chr22	38398600	38398800	B	U	U	U
chr22	38401000	38401200	U	U	U	U
chr22	38401600	38401800	U	U	U	U
chr22	38422400	38422600	U	U	U	U
chr22	38426600	38426800	U	U	U	U
chr22	38427600	38427800	U	U	U	U
chr22	38428200	38428400	U	U	U	U
chr22	38429600	38429800	U	U	U	U
chr22	38435800	38436000	U	U	U	U
chr22	38437000	38437200	U	U	U	U
chr22	38437200	38437400	U	U	U	U
chr22	38445800	38446000	U	U	U	U
chr22	38446400	38446600	U	U	U	U
chr22	38448800	38449000	U	U	U	U
chr22	38449000	38449200	U	U	U	U
chr22	38454800	38455000	U	U	U	U
chr22	38456600	38456800	U	U	U	U
chr22	38465600	38465800	U	U	U	U
chr22	38468000	38468200	B	U	U	U
chr22	38469000	38469200	U	U	U	U
chr22	38469200	38469400	U	U	U	U
chr22	38474200	38474400	U	U	U	U
chr22	38483000	38483200	U	U	U	U
chr22	38484800	38485000	U	U	U	U
chr22	38485000	38485200	U	U	U	U
chr22	38485400	38485600	U	U	U	U
chr22	38486600	38486800	U	U	U	U
chr22	38488800	38489000	U	U	U	U
chr22	38489200	38489400	U	U	U	U
chr22	38492000	38492200	U	U	U	U
chr22	38503400	38503600	U	U	U	U
chr22	38506200	38506400	B	U	U	U
chr22	38506600	38506800	B	U	U	U
chr22	38507400	38507600	U	U	U	U
chr22	38507600	38507800	U	U	U	U
chr22	38523200	38523400	U	U	U	U
chr22	38523800	38524000	U	U	U	U
chr22	38537600	38537800	U	U	U	U
chr22	38540600	38540800	U	U	U	U
chr22	38552200	38552400	U	U	U	U
chr22	38565000	38565200	U	U	U	U
chr22	38570200	38570400	B	U	U	U
chr22	38570800	38571000	B	U	U	U
chr22	38585200	38585400	U	U	U	U
chr22	38586200	38586400	U	U	U	U
chr22	38593000	38593200	U	U	U	U
chr22	38614600	38614800	U	U	U	U
chr22	38626000	38626200	U	U	U	U
chr22	38626200	38626400	U	U	U	U
chr22	38631800	38632000	U	U	U	U
chr22	38636400	38636600	U	U	U	U
chr22	38637400	38637600	U	U	U	U
chr22	38670800	38671000	U	U	U	U
chr22	38673000	38673200	U	U	U	U
chr22	38682200	38682400	B	U	U	U
chr22	38684000	38684200	U	U	U	U
chr22	38684600	38684800	U	U	U	U
chr22	38685800	38686000	U	U	U	U
chr22	38686200	38686400	U	U	U	U
chr22	38687600	38687800	U	U	U	U
chr22	38688000	38688200	U	U	U	U
chr22	38688800	38689000	U	U	U	U
chr22	38689000	38689200	U	U	U	U
chr22	38690000	38690200	U	U	U	U
chr22	38695000	38695200	U	U	U	U
chr22	38696600	38696800	U	U	U	U
chr22	38696800	38697000	U	U	U	U
chr22	38697200	38697400	U	U	B	U
chr22	38701400	38701600	B	U	U	U
chr22	38704600	38704800	U	U	U	U
chr22	38705200	38705400	B	U	U	B
chr22	38705600	38705800	B	U	U	B
chr22	38707600	38707800	U	U	U	U
chr22	38708200	38708400	U	U	U	U
chr22	38716800	38717000	B	U	U	U
chr22	38717600	38717800	U	U	U	U
chr22	38718200	38718400	U	U	U	U
chr22	38721600	38721800	U	U	U	U
chr22	38723200	38723400	U	U	U	U
chr22	38724000	38724200	U	U	U	U
chr22	38726000	38726200	U	U	U	U
chr22	38726200	38726400	U	U	U	U
chr22	38731800	38732000	U	U	U	U
chr22	38733600	38733800	B	U	U	U
chr22	38733800	38734000	B	U	U	U
chr22	38735600	38735800	U	U	U	U
chr22	38736200	38736400	U	U	U	U
chr22	38736400	38736600	U	U	U	U
chr22	38736600	38736800	U	U	U	U
chr22	38740200	38740400	U	U	U	U
chr22	38741000	38741200	U	U	U	U
chr22	38741400	38741600	U	U	U	U
chr22	38745600	38745800	U	U	U	U
chr22	38749200	38749400	U	U	U	U
chr22	38752400	38752600	U	U	U	U
chr22	38755400	38755600	B	U	B	B
chr22	38756000	38756200	B	U	U	U
chr22	38756400	38756600	B	U	U	U
chr22	38769600	38769800	U	U	U	U
chr22	38774200	38774400	U	U	U	U
chr22	38776800	38777000	U	U	U	U
chr22	38777200	38777400	U	U	U	U
chr22	38777400	38777600	U	U	U	U
chr22	38778600	38778800	U	U	U	U
chr22	38778800	38779000	U	U	U	U
chr22	38780000	38780200	U	U	U	U
chr22	38785000	38785200	U	U	U	U
chr22	38785200	38785400	U	U	U	U
chr22	38786800	38787000	U	U	U	U
chr22	38790200	38790400	U	U	U	U
chr22	38822200	38822400	U	U	U	U
chr22	38830600	38830800	U	U	U	U
chr22	38830800	38831000	U	U	U	U
chr22	38832200	38832400	U	U	U	U
chr22	38845600	38845800	U	U	U	U
chr22	38853200	38853400	U	U	U	U
chr22	38853600	38853800	U	U	U	U
chr22	38858400	38858600	U	U	U	U
chr22	38862200	38862400	U	U	U	U
chr22	38863000	38863200	U	U	U	U
chr22	38865800	38866000	U	U	U	U
chr22	38866600	38866800	U	U	U	U
chr22	38867000	38867200	U	U	U	U
chr22	38867600	38867800	U	U	U	U
chr22	38867800	38868000	U	U	U	U
chr22	38868000	38868200	U	U	U	U
chr22	38868600	38868800	U	U	U	U
chr22	38871200	38871400	B	U	U	U
chr22	38873000	38873200	B	U	U	U
chr22	38884200	38884400	U	U	U	U
chr22	38891800	38892000	U	U	U	U
chr22	38892000	38892200	U	U	U	U
chr22	38900000	38900200	U	U	U	U
chr22	38917400	38917600	U	U	U	U
chr22	38935200	38935400	U	U	U	U
chr22	38943000	38943200	U	U	U	U
chr22	38950600	38950800	U	U	U	U
chr22	38951000	38951200	U	U	U	U
chr22	38953600	38953800	U	U	U	U
chr22	38954400	38954600	U	U	U	U
chr22	38960400	38960600	U	U	U	U
chr22	38961400	38961600	U	U	U	U
chr22	38961600	38961800	U	U	U	U
chr22	38961800	38962000	U	U	U	U
chr22	38964600	38964800	U	U	U	U
chr22	38966600	38966800	B	U	U	U
chr22	38971000	38971200	U	U	U	U
chr22	38974600	38974800	U	U	U	U
chr22	38983800	38984000	U	U	U	U
chr22	38984000	38984200	U	U	U	U
chr22	38987600	38987800	U	U	U	U
chr22	38989800	38990000	U	U	U	U
chr22	38990000	38990200	U	U	U	U
chr22	38991400	38991600	U	U	U	U
chr22	38991600	38991800	U	U	U	U
chr22	38996000	38996200	U	U	U	U
chr22	38997400	38997600	U	U	U	U
chr22	39020400	39020600	B	U	U	U
chr22	39023800	39024000	U	U	U	U
chr22	39025800	39026000	U	U	U	U
chr22	39027200	39027400	U	U	U	U
chr22	39027600	39027800	U	U	U	U
chr22	39027800	39028000	U	U	U	U
chr22	39029200	39029400	U	U	U	U
chr22	39031800	39032000	U	U	U	U
chr22	39040400	39040600	B	U	U	U
chr22	39041000	39041200	B	U	U	U
chr22	39045000	39045200	U	U	U	U
chr22	39045400	39045600	U	U	U	U
chr22	39047600	39047800	U	U	U	U
chr22	39048000	39048200	U	U	U	U
chr22	39050200	39050400	U	U	U	U
chr22	39052400	39052600	U	U	U	U
chr22	39077600	39077800	B	U	U	U
chr22	39081800	39082000	U	U	U	U
chr22	39084600	39084800	U	U	U	U
chr22	39085200	39085400	U	U	U	U
chr22	39087600	39087800	U	U	U	U
chr22	39088800	39089000	U	U	U	U
chr22	39089000	39089200	U	U	U	U
chr22	39089800	39090000	U	U	U	U
chr22	39090000	39090200	U	U	U	U
chr22	39091600	39091800	U	U	U	U
chr22	39103600	39103800	U	U	U	U
chr22	39138600	39138800	U	U	U	U
chr22	39139000	39139200	U	U	U	U
chr22	39140800	39141000	U	U	U	U
chr22	39141800	39142000	U	U	U	U
chr22	39145400	39145600	B	U	U	U
chr22	39177200	39177400	U	U	U	U
chr22	39184400	39184600	U	U	U	U
chr22	39204600	39204800	U	U	U	U
chr22	39205600	39205800	B	U	U	U
chr22	39214200	39214400	U	U	U	U
chr22	39216200	39216400	U	U	U	U
chr22	39219200	39219400	U	U	U	U
chr22	39222400	39222600	U	U	U	U
chr22	39224400	39224600	U	U	U	U
chr22	39225400	39225600	U	U	U	U
chr22	39225600	39225800	U	U	U	U
chr22	39231000	39231200	U	U	U	U
chr22	39231600	39231800	U	U	U	U
chr22	39233600	39233800	U	U	U	U
chr22	39235400	39235600	U	U	U	U
chr22	39241400	39241600	U	U	B	U
chr22	39242200	39242400	U	U	U	U
chr22	39242600	39242800	U	U	U	U
chr22	39242800	39243000	U	U	U	U
chr22	39243400	39243600	U	U	U	U
chr22	39243800	39244000	U	U	U	U
chr22	39245600	39245800	U	U	U	U
chr22	39254800	39255000	U	U	U	U
chr22	39257600	39257800	U	U	U	U
chr22	39264600	39264800	U	U	U	U
chr22	39276000	39276200	U	U	U	U
chr22	39279600	39279800	U	U	U	U
chr22	39284000	39284200	B	U	U	U
chr22	39284200	39284400	U	U	U	U
chr22	39292000	39292200	U	U	U	U
chr22	39304400	39304600	U	U	U	U
chr22	39307200	39307400	U	U	U	U
chr22	39309200	39309400	U	U	U	U
chr22	39314000	39314200	U	U	U	U
chr22	39317400	39317600	U	U	U	U
chr22	39317800	39318000	U	U	U	U
chr22	39318600	39318800	U	U	U	U
chr22	39319400	39319600	B	U	B	B
chr22	39328200	39328400	U	U	U	U
chr22	39355000	39355200	U	U	U	U
chr22	39355200	39355400	U	U	U	U
chr22	39360800	39361000	U	U	U	U
chr22	39364000	39364200	B	U	U	U
chr22	39364800	39365000	U	U	U	U
chr22	39365000	39365200	U	U	U	U
chr22	39368600	39368800	U	U	U	U
chr22	39374000	39374200	U	U	U	U
chr22	39374400	39374600	U	U	U	U
chr22	39377200	39377400	U	U	U	U
chr22	39378800	39379000	U	U	U	U
chr22	39379000	39379200	U	U	U	U
chr22	39381600	39381800	U	U	U	U
chr22	39383200	39383400	U	U	U	U
chr22	39384400	39384600	U	U	U	U
chr22	39388600	39388800	B	U	U	U
chr22	39409200	39409400	U	U	U	U
chr22	39414800	39415000	U	U	U	U
chr22	39415000	39415200	U	U	U	U
chr22	39416800	39417000	U	U	U	U
chr22	39418600	39418800	U	U	U	U
chr22	39419400	39419600	U	U	U	U
chr22	39426400	39426600	U	U	U	U
chr22	39428800	39429000	U	U	U	U
chr22	39430600	39430800	U	U	U	U
chr22	39431000	39431200	U	U	U	U
chr22	39434200	39434400	U	U	U	U
chr22	39435000	39435200	U	U	U	U
chr22	39448400	39448600	U	U	U	U
chr22	39453800	39454000	U	U	U	U
chr22	39454800	39455000	U	U	U	U
chr22	39455000	39455200	U	U	U	U
chr22	39456200	39456400	U	U	U	U
chr22	39463400	39463600	U	U	U	U
chr22	39466600	39466800	U	U	U	U
chr22	39467400	39467600	U	U	U	U
chr22	39468400	39468600	U	U	U	U
chr22	39469400	39469600	U	U	U	U
chr22	39472200	39472400	U	U	U	U
chr22	39483600	39483800	U	U	U	U
chr22	39487600	39487800	U	U	U	U
chr22	39488200	39488400	U	U	U	U
chr22	39488800	39489000	B	U	B	B
chr22	39489400	39489600	B	U	U	U
chr22	39491000	39491200	U	U	U	U
chr22	39491400	39491600	U	U	U	U
chr22	39491800	39492000	U	U	U	U
chr22	39498800	39499000	U	U	U	U
chr22	39500200	39500400	U	U	U	U
chr22	39508600	39508800	U	U	U	U
chr22	39511200	39511400	U	U	U	U
chr22	39511600	39511800	U	U	U	U
chr22	39515000	39515200	U	U	U	U
chr22	39515200	39515400	U	U	U	U
chr22	39516200	39516400	U	U	U	U
chr22	39517600	39517800	U	U	U	U
chr22	39520600	39520800	B	U	U	B
chr22	39521600	39521800	U	U	U	U
chr22	39522400	39522600	U	U	U	U
chr22	39523200	39523400	B	U	U	U
chr22	39525200	39525400	U	U	U	U
chr22	39529800	39530000	U	U	U	U
chr22	39537000	39537200	U	U	U	U
chr22	39554400	39554600	U	U	U	U
chr22	39568600	39568800	U	U	U	U
chr22	39572200	39572400	U	U	U	U
chr22	39572400	39572600	U	U	U	U
chr22	39573600	39573800	U	U	U	U
chr22	39574200	39574400	B	U	U	U
chr22	39578400	39578600	U	U	U	U
chr22	39586600	39586800	U	U	U	U
chr22	39589800	39590000	U	U	U	U
chr22	39592200	39592400	U	U	U	U
chr22	39594600	39594800	U	U	U	U
chr22	39600600	39600800	U	U	U	U
chr22	39609600	39609800	U	U	U	U
chr22	39610000	39610200	U	U	U	U
chr22	39616000	39616200	U	U	U	U
chr22	39618800	39619000	U	U	U	U
chr22	39619000	39619200	U	U	U	U
chr22	39621400	39621600	U	U	U	U
chr22	39626400	39626600	B	U	U	B
chr22	39627200	39627400	U	U	U	U
chr22	39627600	39627800	U	U	U	U
chr22	39635000	39635200	B	U	U	U
chr22	39636200	39636400	U	U	U	U
chr22	39640800	39641000	U	U	U	U
chr22	39643000	39643200	U	U	U	U
chr22	39646000	39646200	U	U	U	U
chr22	39646200	39646400	U	U	U	U
chr22	39649000	39649200	U	U	U	U
chr22	39653200	39653400	U	U	U	U
chr22	39658200	39658400	U	U	U	U
chr22	39660800	39661000	U	U	U	U
chr22	39662400	39662600	B	U	U	U
chr22	39662800	39663000	B	U	U	U
chr22	39665600	39665800	U	U	U	U
chr22	39666600	39666800	U	U	U	U
chr22	39667200	39667400	U	U	U	U
chr22	39669000	39669200	U	U	U	U
chr22	39672200	39672400	U	U	U	U
chr22	39673800	39674000	U	U	U	U
chr22	39679000	39679200	U	U	U	U
chr22	39680200	39680400	U	U	U	U
chr22	39681800	39682000	U	U	U	U
chr22	39682200	39682400	U	U	U	U
chr22	39685600	39685800	U	U	U	U
chr22	39686200	39686400	U	U	U	U
chr22	39687200	39687400	U	U	U	U
chr22	39689000	39689200	U	U	U	U
chr22	39691000	39691200	U	U	U	U
chr22	39695200	39695400	U	U	U	U
chr22	39697600	39697800	U	U	U	U
chr22	39699800	39700000	U	U	U	U
chr22	39704400	39704600	U	U	U	U
chr22	39704600	39704800	U	U	U	U
chr22	39710200	39710400	U	U	U	U
chr22	39711200	39711400	U	U	U	U
chr22	39712600	39712800	U	U	U	U
chr22	39714800	39715000	U	U	U	U
chr22	39720000	39720200	U	U	U	U
chr22	39723600	39723800	B	U	U	U
chr22	39725000	39725200	U	U	U	U
chr22	39725600	39725800	U	U	U	U
chr22	39751600	39751800	U	U	U	U
chr22	39765600	39765800	U	U	U	U
chr22	39767600	39767800	U	U	U	U
chr22	39767800	39768000	U	U	U	U
chr22	39774200	39774400	B	U	U	B
chr22	39776600	39776800	U	U	U	U
chr22	39777600	39777800	U	U	U	U
chr22	39778400	39778600	U	U	U	U
chr22	39803600	39803800	U	U	U	U
chr22	39806200	39806400	U	U	U	U
chr22	39828200	39828400	U	U	U	U
chr22	39828400	39828600	U	U	U	U
chr22	39854800	39855000	U	U	U	U
chr22	39855200	39855400	U	U	U	U
chr22	39860800	39861000	U	U	U	U
chr22	39861800	39862000	U	U	U	U
chr22	39862000	39862200	U	U	U	U
chr22	39875800	39876000	U	U	U	U
chr22	39886600	39886800	U	U	U	U
chr22	39887800	39888000	U	U	U	U
chr22	39890400	39890600	U	U	U	U
chr22	39890600	39890800	U	U	U	U
chr22	39892000	39892200	U	U	U	U
chr22	39894000	39894200	U	U	U	U
chr22	39900800	39901000	B	U	U	U
chr22	39901600	39901800	B	U	U	U
chr22	39906600	39906800	U	U	U	U
chr22	39907000	39907200	U	U	U	U
chr22	39907200	39907400	U	U	U	U
chr22	39908600	39908800	U	U	B	U
chr22	39915800	39916000	U	U	U	U
chr22	39916200	39916400	U	U	U	U
chr22	39918400	39918600	U	U	U	U
chr22	39918600	39918800	U	U	U	U
chr22	39919200	39919400	U	U	U	U
chr22	39920600	39920800	B	U	B	U
chr22	39924200	39924400	U	U	U	U
chr22	39927200	39927400	U	U	U	U
chr22	39927400	39927600	U	U	B	U
chr22	39931800	39932000	U	U	U	U
chr22	39940000	39940200	U	U	U	U
chr22	39940400	39940600	U	U	U	U
chr22	39942200	39942400	U	U	U	U
chr22	39943000	39943200	U	U	U	U
chr22	39943200	39943400	U	U	U	U
chr22	39944800	39945000	U	U	U	U
chr22	39946600	39946800	B	U	U	B
chr22	39952400	39952600	U	U	U	U
chr22	39956800	39957000	U	U	U	U
chr22	39959000	39959200	B	U	U	U
chr22	39964400	39964600	U	U	U	U
chr22	39967800	39968000	U	U	U	B
chr22	39969400	39969600	U	U	U	U
chr22	39970800	39971000	U	U	U	U
chr22	39971000	39971200	U	U	U	U
chr22	39975800	39976000	U	U	U	U
chr22	39983200	39983400	U	U	U	U
chr22	39986000	39986200	U	U	U	U
chr22	39989000	39989200	U	U	U	U
chr22	39990000	39990200	U	U	U	U
chr22	39991000	39991200	U	U	U	U
chr22	39993400	39993600	U	U	U	U
chr22	39994200	39994400	B	U	U	U
chr22	39994400	39994600	B	U	U	U
chr22	40003400	40003600	U	U	U	U
chr22	40005600	40005800	U	U	U	U
chr22	40008000	40008200	U	U	U	U
chr22	40009800	40010000	B	U	U	U
chr22	40010400	40010600	U	U	U	U
chr22	40018000	40018200	U	U	U	U
chr22	40019600	40019800	U	U	U	U
chr22	40021200	40021400	U	U	U	U
chr22	40021600	40021800	U	U	U	U
chr22	40022400	40022600	U	U	U	U
chr22	40028200	40028400	B	U	U	U
chr22	40029200	40029400	U	U	U	U
chr22	40031000	40031200	U	U	U	U
chr22	40034800	40035000	U	U	U	U
chr22	40041400	40041600	U	U	U	U
chr22	40042200	40042400	U	U	U	U
chr22	40044400	40044600	B	U	U	U
chr22	40045600	40045800	U	U	U	U
chr22	40056200	40056400	U	U	U	U
chr22	40070200	40070400	U	U	U	U
chr22	40070400	40070600	U	U	U	U
chr22	40073400	40073600	U	U	U	U
chr22	40086800	40087000	U	U	U	U
chr22	40095200	40095400	U	U	U	U
chr22	40096600	40096800	U	U	U	U
chr22	40101600	40101800	U	U	U	U
chr22	40102200	40102400	U	U	U	U
chr22	40106800	40107000	U	U	U	U
chr22	40108200	40108400	U	U	U	U
chr22	40110800	40111000	U	U	U	U
chr22	40111400	40111600	U	U	U	U
chr22	40118000	40118200	U	U	U	U
chr22	40119800	40120000	U	U	U	U
chr22	40122000	40122200	U	U	U	U
chr22	40125200	40125400	U	U	U	U
chr22	40128000	40128200	U	U	U	U
chr22	40136800	40137000	U	U	U	U
chr22	40156400	40156600	B	U	U	U
chr22	40157600	40157800	U	U	U	U
chr22	40161400	40161600	U	U	U	U
chr22	40161800	40162000	U	U	U	U
chr22	40175600	40175800	U	U	U	U
chr22	40177000	40177200	B	U	U	B
chr22	40178200	40178400	U	U	U	U
chr22	40179600	40179800	U	U	U	U
chr22	40180000	40180200	U	U	U	U
chr22	40181400	40181600	U	U	U	U
chr22	40183400	40183600	B	U	U	U
chr22	40185600	40185800	U	U	U	U
chr22	40190400	40190600	B	U	U	B
chr22	40194400	40194600	U	U	U	U
chr22	40194600	40194800	U	U	U	U
chr22	40202000	40202200	U	U	U	U
chr22	40202600	40202800	B	U	U	U
chr22	40203800	40204000	U	U	U	U
chr22	40204800	40205000	U	U	U	U
chr22	40211400	40211600	U	U	U	U
chr22	40217000	40217200	U	U	U	U
chr22	40217400	40217600	U	U	U	U
chr22	40218800	40219000	U	U	U	U
chr22	40221000	40221200	U	U	U	U
chr22	40225800	40226000	U	U	U	U
chr22	40234800	40235000	U	U	U	U
chr22	40235000	40235200	U	U	U	U
chr22	40235200	40235400	U	U	U	U
chr22	40235600	40235800	U	U	U	U
chr22	40239400	40239600	U	U	U	U
chr22	40239600	40239800	U	U	U	U
chr22	40246800	40247000	U	U	U	U
chr22	40248800	40249000	U	U	U	U
chr22	40249400	40249600	U	U	U	U
chr22	40249800	40250000	U	U	U	U
chr22	40251000	40251200	U	U	U	U
chr22	40251200	40251400	U	U	U	U
chr22	40251800	40252000	U	U	U	U
chr22	40252800	40253000	U	U	U	U
chr22	40257200	40257400	U	U	U	U
chr22	40259800	40260000	U	U	U	U
chr22	40263200	40263400	U	U	U	U
chr22	40263600	40263800	U	U	U	U
chr22	40265600	40265800	U	U	U	U
chr22	40266600	40266800	U	U	U	U
chr22	40274800	40275000	U	U	U	U
chr22	40277600	40277800	U	U	U	U
chr22	40277800	40278000	U	U	U	U
chr22	40280000	40280200	U	U	U	U
chr22	40281200	40281400	U	U	U	U
chr22	40282400	40282600	U	U	U	U
chr22	40282600	40282800	U	U	U	U
chr22	40282800	40283000	U	U	U	U
chr22	40285400	40285600	U	U	U	U
chr22	40309400	40309600	U	U	U	U
chr22	40314000	40314200	U	U	U	U
chr22	40320600	40320800	U	U	U	B
chr22	40320800	40321000	U	U	U	B
chr22	40321800	40322000	B	U	U	U
chr22	40323400	40323600	U	U	U	U
chr22	40325000	40325200	U	U	U	U
chr22	40327000	40327200	U	U	U	U
chr22	40327400	40327600	U	U	U	U
chr22	40327600	40327800	U	U	U	U
chr22	40331000	40331200	U	U	U	U
chr22	40331200	40331400	U	U	U	U
chr22	40331400	40331600	U	U	U	U
chr22	40348800	40349000	U	U	U	U
chr22	40354200	40354400	U	U	U	U
chr22	40358600	40358800	U	U	U	U
chr22	40360400	40360600	U	U	U	U
chr22	40369000	40369200	U	U	U	U
chr22	40370400	40370600	B	U	U	U
chr22	40371200	40371400	U	U	U	U
chr22	40372800	40373000	U	U	U	U
chr22	40387200	40387400	U	U	U	U
chr22	40387800	40388000	B	U	U	U
chr22	40388000	40388200	B	U	U	U
chr22	40392400	40392600	U	U	U	U
chr22	40400800	40401000	U	U	U	U
chr22	40404800	40405000	U	U	U	U
chr22	40406600	40406800	U	U	U	U
chr22	40407000	40407200	U	U	U	U
chr22	40408600	40408800	U	U	U	U
chr22	40409600	40409800	U	U	U	U
chr22	40411000	40411200	U	U	U	U
chr22	40415000	40415200	U	U	U	U
chr22	40416800	40417000	U	U	U	U
chr22	40417000	40417200	U	U	U	U
chr22	40417200	40417400	U	U	U	U
chr22	40417600	40417800	U	U	U	U
chr22	40419000	40419200	U	U	U	U
chr22	40419800	40420000	U	U	U	U
chr22	40422600	40422800	U	U	U	U
chr22	40423800	40424000	U	U	U	U
chr22	40425000	40425200	U	U	U	U
chr22	40425200	40425400	U	U	U	U
chr22	40425400	40425600	U	U	U	U
chr22	40429800	40430000	U	U	U	U
chr22	40431200	40431400	U	U	U	U
chr22	40435200	40435400	U	U	U	U
chr22	40436000	40436200	B	U	U	U
chr22	40440800	40441000	U	U	U	U
chr22	40441000	40441200	U	U	U	U
chr22	40449400	40449600	U	U	U	U
chr22	40449800	40450000	U	U	U	U
chr22	40451400	40451600	U	U	U	U
chr22	40451600	40451800	U	U	U	U
chr22	40453000	40453200	U	U	U	U
chr22	40453400	40453600	U	U	U	U
chr22	40457600	40457800	U	U	U	U
chr22	40459400	40459600	U	U	U	U
chr22	40462400	40462600	U	U	U	U
chr22	40463200	40463400	B	U	U	U
chr22	40463600	40463800	B	U	U	U
chr22	40466600	40466800	U	U	U	U
chr22	40468200	40468400	U	U	U	U
chr22	40468600	40468800	U	U	U	U
chr22	40468800	40469000	U	U	U	U
chr22	40475600	40475800	U	U	U	U
chr22	40485200	40485400	U	U	U	U
chr22	40486200	40486400	U	U	U	U
chr22	40487600	40487800	U	U	B	U
chr22	40490800	40491000	U	U	U	U
chr22	40491400	40491600	U	U	U	U
chr22	40491600	40491800	U	U	U	U
chr22	40492200	40492400	U	U	U	U
chr22	40492600	40492800	U	U	U	U
chr22	40499200	40499400	B	U	U	B
chr22	40502800	40503000	U	U	U	U
chr22	40504400	40504600	U	U	U	U
chr22	40504600	40504800	U	U	U	U
chr22	40511000	40511200	U	U	U	U
chr22	40511200	40511400	U	U	U	U
chr22	40535000	40535200	B	U	U	U
chr22	40551800	40552000	U	U	U	U
chr22	40552000	40552200	B	U	B	B
chr22	40560400	40560600	U	U	U	U
chr22	40567600	40567800	U	U	U	U
chr22	40567800	40568000	U	U	U	U
chr22	40568800	40569000	U	U	U	U
chr22	40591800	40592000	U	U	U	U
chr22	40593400	40593600	U	U	U	U
chr22	40596000	40596200	U	U	U	U
chr22	40597600	40597800	U	U	U	U
chr22	40597800	40598000	U	U	U	U
chr22	40606600	40606800	U	U	U	U
chr22	40606800	40607000	U	U	U	U
chr22	40611600	40611800	U	U	U	U
chr22	40628400	40628600	U	U	U	U
chr22	40635000	40635200	U	U	U	U
chr22	40635400	40635600	U	U	U	U
chr22	40637400	40637600	U	U	U	U
chr22	40637800	40638000	U	U	U	U
chr22	40644800	40645000	U	U	U	U
chr22	40652200	40652400	B	U	U	U
chr22	40652400	40652600	B	U	U	U
chr22	40673200	40673400	U	U	U	U
chr22	40674200	40674400	U	U	U	U
chr22	40682600	40682800	U	U	U	U
chr22	40684600	40684800	U	U	U	U
chr22	40685400	40685600	U	U	U	U
chr22	40690400	40690600	U	U	U	U
chr22	40694000	40694200	U	U	U	U
chr22	40703200	40703400	U	U	U	U
chr22	40704000	40704200	U	U	U	U
chr22	40721200	40721400	U	U	U	U
chr22	40727200	40727400	U	U	U	U
chr22	40759800	40760000	U	U	U	U
chr22	40769000	40769200	U	U	U	U
chr22	40769200	40769400	U	U	U	U
chr22	40769400	40769600	U	U	U	U
chr22	40777000	40777200	U	U	U	U
chr22	40777800	40778000	U	U	U	U
chr22	40782800	40783000	U	U	U	U
chr22	40788200	40788400	U	U	U	U
chr22	40788800	40789000	U	U	U	U
chr22	40789000	40789200	U	U	U	U
chr22	40794200	40794400	U	U	U	U
chr22	40797800	40798000	U	U	U	U
chr22	40798000	40798200	U	U	U	U
chr22	40798200	40798400	U	U	U	U
chr22	40800000	40800200	U	U	U	U
chr22	40801200	40801400	U	U	U	U
chr22	40807800	40808000	U	U	U	U
chr22	40812400	40812600	U	U	U	U
chr22	40819200	40819400	B	U	U	U
chr22	40822600	40822800	U	U	U	U
chr22	40824800	40825000	U	U	U	U
chr22	40826000	40826200	U	U	U	U
chr22	40826800	40827000	U	U	U	U
chr22	40827000	40827200	U	U	U	U
chr22	40830800	40831000	U	U	U	U
chr22	40832200	40832400	U	U	U	U
chr22	40844800	40845000	U	U	U	U
chr22	40853800	40854000	U	U	U	U
chr22	40854600	40854800	U	U	U	U
chr22	40854800	40855000	U	U	U	U
chr22	40857800	40858000	U	U	U	U
chr22	40861600	40861800	U	U	U	U
chr22	40862200	40862400	U	U	U	U
chr22	40866800	40867000	U	U	U	U
chr22	40877200	40877400	U	U	U	U
chr22	40877600	40877800	U	U	U	U
chr22	40886200	40886400	U	U	U	U
chr22	40925000	40925200	U	U	U	U
chr22	40925600	40925800	U	U	U	U
chr22	40929800	40930000	U	U	U	U
chr22	40949200	40949400	U	U	U	U
chr22	40950600	40950800	B	U	U	U
chr22	40951400	40951600	B	U	U	U
chr22	40954400	40954600	U	U	U	U
chr22	40956000	40956200	U	U	U	U
chr22	40958400	40958600	U	U	U	U
chr22	40967000	40967200	B	U	U	U
chr22	40967400	40967600	B	U	U	U
chr22	40972000	40972200	U	U	U	U
chr22	41019800	41020000	U	U	U	U
chr22	41020200	41020400	U	U	U	U
chr22	41037200	41037400	U	U	U	U
chr22	41049000	41049200	B	U	U	U
chr22	41049200	41049400	B	U	U	U
chr22	41075000	41075200	U	U	U	U
chr22	41081600	41081800	U	U	U	U
chr22	41090800	41091000	U	U	U	U
chr22	41094400	41094600	U	U	U	U
chr22	41105800	41106000	U	U	U	U
chr22	41108600	41108800	U	U	U	U
chr22	41114600	41114800	U	U	U	U
chr22	41115800	41116000	U	U	U	U
chr22	41125800	41126000	U	U	U	U
chr22	41130600	41130800	U	U	U	U
chr22	41130800	41131000	U	U	U	U
chr22	41135200	41135400	U	U	U	U
chr22	41140200	41140400	U	U	U	U
chr22	41140800	41141000	U	U	U	U
chr22	41141400	41141600	U	U	U	U
chr22	41142000	41142200	U	U	U	U
chr22	41145400	41145600	U	U	U	U
chr22	41151800	41152000	U	U	U	U
chr22	41154000	41154200	U	U	U	U
chr22	41158600	41158800	U	U	U	U
chr22	41159200	41159400	U	U	U	U
chr22	41161000	41161200	U	U	U	U
chr22	41169000	41169200	U	U	U	U
chr22	41169400	41169600	U	U	U	U
chr22	41172000	41172200	U	U	U	U
chr22	41172400	41172600	U	U	U	U
chr22	41173400	41173600	U	U	U	U
chr22	41175200	41175400	U	U	U	U
chr22	41176800	41177000	U	U	U	U
chr22	41177200	41177400	U	U	U	U
chr22	41180000	41180200	U	U	U	U
chr22	41180200	41180400	U	U	U	U
chr22	41189800	41190000	U	U	U	U
chr22	41197200	41197400	B	U	U	U
chr22	41209600	41209800	U	U	U	U
chr22	41213800	41214000	U	U	U	U
chr22	41216200	41216400	U	U	U	U
chr22	41219400	41219600	U	U	U	U
chr22	41220200	41220400	U	U	U	U
chr22	41220800	41221000	U	U	U	U
chr22	41221200	41221400	U	U	U	U
chr22	41224000	41224200	U	U	U	U
chr22	41226400	41226600	U	U	U	U
chr22	41230000	41230200	U	U	U	U
chr22	41231200	41231400	U	U	U	U
chr22	41231600	41231800	U	U	U	U
chr22	41238000	41238200	U	U	U	U
chr22	41238400	41238600	U	U	U	U
chr22	41245600	41245800	B	U	U	U
chr22	41249200	41249400	U	U	U	U
chr22	41249400	41249600	U	U	U	U
chr22	41250200	41250400	U	U	U	U
chr22	41250800	41251000	U	U	U	U
chr22	41251800	41252000	U	U	U	U
chr22	41252600	41252800	U	U	U	U
chr22	41253200	41253400	U	U	U	U
chr22	41258000	41258200	U	U	U	U
chr22	41261000	41261200	U	U	U	U
chr22	41274800	41275000	U	U	U	U
chr22	41280400	41280600	U	U	U	U
chr22	41281000	41281200	U	U	U	U
chr22	41301200	41301400	B	U	U	U
chr22	41302200	41302400	U	U	U	U
chr22	41305600	41305800	U	U	U	U
chr22	41324800	41325000	U	U	U	U
chr22	41325400	41325600	U	U	U	U
chr22	41325600	41325800	U	U	U	U
chr22	41329600	41329800	U	U	U	U
chr22	41332400	41332600	U	U	U	U
chr22	41339800	41340000	U	U	U	U
chr22	41341000	41341200	U	U	U	U
chr22	41343400	41343600	U	U	U	U
chr22	41344200	41344400	U	U	U	U
chr22	41344400	41344600	U	U	U	U
chr22	41348000	41348200	U	U	U	U
chr22	41355600	41355800	U	U	U	U
chr22	41356200	41356400	U	U	U	U
chr22	41356400	41356600	U	U	U	U
chr22	41357600	41357800	U	U	U	U
chr22	41364200	41364400	U	U	U	U
chr22	41367000	41367200	B	U	B	U
chr22	41367800	41368000	B	U	U	U
chr22	41368200	41368400	U	U	U	U
chr22	41368800	41369000	U	U	U	U
chr22	41369000	41369200	U	U	U	U
chr22	41369600	41369800	U	U	U	U
chr22	41375800	41376000	U	U	U	U
chr22	41381800	41382000	B	U	U	U
chr22	41383200	41383400	U	U	U	U
chr22	41384000	41384200	U	U	U	U
chr22	41384200	41384400	U	U	U	U
chr22	41384400	41384600	U	U	U	U
chr22	41388600	41388800	U	U	U	U
chr22	41394000	41394200	U	U	U	U
chr22	41395800	41396000	U	U	U	U
chr22	41396600	41396800	U	U	U	U
chr22	41396800	41397000	U	U	U	U
chr22	41398600	41398800	U	U	U	U
chr22	41406400	41406600	U	U	U	U
chr22	41418000	41418200	U	U	U	U
chr22	41426200	41426400	U	U	U	U
chr22	41429400	41429600	U	U	U	U
chr22	41429600	41429800	U	U	U	U
chr22	41431400	41431600	U	U	U	U
chr22	41433600	41433800	U	U	U	U
chr22	41434600	41434800	U	U	U	U
chr22	41435200	41435400	U	U	U	U
chr22	41436200	41436400	U	U	U	U
chr22	41444400	41444600	B	U	U	U
chr22	41445200	41445400	U	U	U	U
chr22	41448000	41448200	B	U	U	U
chr22	41454400	41454600	U	U	U	U
chr22	41464800	41465000	U	U	U	U
chr22	41468000	41468200	U	U	U	U
chr22	41469400	41469600	B	U	U	U
chr22	41470000	41470200	U	U	U	U
chr22	41480000	41480200	U	U	U	U
chr22	41486000	41486200	U	U	U	U
chr22	41493400	41493600	U	U	U	U
chr22	41496600	41496800	U	U	U	U
chr22	41496800	41497000	U	U	U	U
chr22	41499800	41500000	U	U	U	U
chr22	41510600	41510800	U	U	U	U
chr22	41514000	41514200	U	U	U	U
chr22	41514600	41514800	U	U	U	U
chr22	41515400	41515600	U	U	U	U
chr22	41515800	41516000	U	U	U	U
chr22	41516200	41516400	U	U	U	U
chr22	41523000	41523200	U	U	U	U
chr22	41525400	41525600	U	U	U	U
chr22	41527000	41527200	B	U	U	U
chr22	41528000	41528200	U	U	U	U
chr22	41528400	41528600	U	U	U	U
chr22	41533000	41533200	B	U	B	U
chr22	41541600	41541800	U	U	U	U
chr22	41544000	41544200	B	U	U	U
chr22	41555400	41555600	U	U	U	U
chr22	41561200	41561400	U	U	U	U
chr22	41562200	41562400	U	U	U	U
chr22	41563200	41563400	U	U	U	U
chr22	41571800	41572000	U	U	U	U
chr22	41573800	41574000	U	U	U	U
chr22	41575400	41575600	U	U	U	U
chr22	41575600	41575800	U	U	U	U
chr22	41586000	41586200	U	U	U	U
chr22	41589000	41589200	B	U	U	U
chr22	41597200	41597400	B	U	B	U
chr22	41598800	41599000	U	U	U	U
chr22	41601400	41601600	U	U	U	U
chr22	41602400	41602600	U	U	U	U
chr22	41605000	41605200	U	U	U	U
chr22	41608000	41608200	U	U	U	U
chr22	41617600	41617800	U	U	U	U
chr22	41637400	41637600	U	U	U	U
chr22	41637600	41637800	U	U	U	U
chr22	41638000	41638200	U	U	U	U
chr22	41645400	41645600	U	U	U	U
chr22	41663800	41664000	U	U	U	U
chr22	41664200	41664400	U	U	U	U
chr22	41664800	41665000	U	U	U	U
chr22	41682200	41682400	B	U	U	B
chr22	41688400	41688600	B	U	U	U
chr22	41694400	41694600	U	U	U	U
chr22	41695800	41696000	U	U	U	U
chr22	41697400	41697600	B	U	B	U
chr22	41698000	41698200	U	U	U	U
chr22	41698200	41698400	U	U	U	U
chr22	41699600	41699800	U	U	U	U
chr22	41699800	41700000	U	U	U	U
chr22	41703400	41703600	U	U	U	U
chr22	41718200	41718400	U	U	U	U
chr22	41729400	41729600	U	U	U	U
chr22	41730800	41731000	U	U	U	U
chr22	41732200	41732400	U	U	U	U
chr22	41739800	41740000	U	U	U	U
chr22	41745800	41746000	U	U	U	U
chr22	41746400	41746600	B	U	U	U
chr22	41748000	41748200	U	U	U	U
chr22	41754000	41754200	U	U	U	U
chr22	41755400	41755600	U	U	U	U
chr22	41770600	41770800	U	U	U	U
chr22	41776200	41776400	U	U	U	U
chr22	41779800	41780000	U	U	U	U
chr22	41784400	41784600	U	U	U	U
chr22	41784600	41784800	U	U	U	U
chr22	41795400	41795600	U	U	U	U
chr22	41795600	41795800	U	U	U	U
chr22	41799200	41799400	U	U	U	U
chr22	41813200	41813400	U	U	U	U
chr22	41813400	41813600	U	U	U	U
chr22	41826000	41826200	U	U	U	U
chr22	41832800	41833000	B	U	B	B
chr22	41833400	41833600	B	U	U	U
chr22	41833800	41834000	B	U	U	U
chr22	41838000	41838200	U	U	U	U
chr22	41846400	41846600	B	U	U	U
chr22	41853400	41853600	U	U	U	U
chr22	41857200	41857400	B	U	U	U
chr22	41863600	41863800	U	U	U	U
chr22	41865200	41865400	U	U	U	U
chr22	41868000	41868200	U	U	U	U
chr22	41868600	41868800	U	U	U	U
chr22	41871200	41871400	U	U	U	U
chr22	41874000	41874200	U	U	U	U
chr22	41874400	41874600	U	U	U	U
chr22	41877400	41877600	U	U	U	U
chr22	41877600	41877800	U	U	U	U
chr22	41878600	41878800	U	U	U	U
chr22	41880800	41881000	U	U	U	U
chr22	41883200	41883400	U	U	U	U
chr22	41883600	41883800	U	U	U	U
chr22	41884800	41885000	U	U	U	U
chr22	41891000	41891200	U	U	U	U
chr22	41891800	41892000	U	U	U	U
chr22	41892800	41893000	U	U	U	U
chr22	41897200	41897400	U	U	U	U
chr22	41897400	41897600	U	U	U	U
chr22	41898600	41898800	U	U	U	U
chr22	41899200	41899400	U	U	U	U
chr22	41901800	41902000	U	U	U	U
chr22	41902800	41903000	U	U	U	U
chr22	41903800	41904000	U	U	U	U
chr22	41905400	41905600	U	U	U	U
chr22	41909600	41909800	U	U	U	U
chr22	41910800	41911000	U	U	U	U
chr22	41913400	41913600	U	U	U	U
chr22	41915600	41915800	U	U	U	U
chr22	41915800	41916000	U	U	U	U
chr22	41916000	41916200	U	U	U	U
chr22	41918000	41918200	U	U	U	U
chr22	41919800	41920000	B	U	U	U
chr22	41925200	41925400	U	U	U	U
chr22	41925600	41925800	U	U	U	U
chr22	41928000	41928200	U	U	U	U
chr22	41928400	41928600	U	U	U	U
chr22	41928600	41928800	U	U	U	U
chr22	41929400	41929600	U	U	U	U
chr22	41933200	41933400	U	U	U	U
chr22	41935600	41935800	U	U	U	U
chr22	41937000	41937200	U	U	U	U
chr22	41943000	41943200	U	U	U	U
chr22	41946000	41946200	B	U	B	U
chr22	41946200	41946400	B	U	B	U
chr22	41946600	41946800	B	U	U	U
chr22	41953200	41953400	U	U	U	U
chr22	41972000	41972200	U	U	U	U
chr22	41972400	41972600	U	U	U	U
chr22	41972800	41973000	U	U	U	U
chr22	41977800	41978000	U	U	U	U
chr22	41980600	41980800	U	U	U	U
chr22	41991200	41991400	U	U	U	U
chr22	41992600	41992800	U	U	U	U
chr22	41993800	41994000	U	U	U	U
chr22	41995400	41995600	U	U	U	U
chr22	41997200	41997400	U	U	U	U
chr22	41999800	42000000	U	U	U	U
chr22	42000000	42000200	U	U	U	U
chr22	42001200	42001400	U	U	U	U
chr22	42001600	42001800	U	U	U	U
chr22	42003200	42003400	U	U	U	U
chr22	42003400	42003600	U	U	U	U
chr22	42018600	42018800	U	U	U	U
chr22	42043200	42043400	U	U	U	U
chr22	42043400	42043600	U	U	U	U
chr22	42046000	42046200	U	U	U	U
chr22	42046800	42047000	U	U	U	U
chr22	42059600	42059800	U	U	U	U
chr22	42060000	42060200	U	U	U	U
chr22	42061000	42061200	U	U	U	U
chr22	42062800	42063000	U	U	U	U
chr22	42065800	42066000	U	U	U	U
chr22	42068400	42068600	U	U	U	U
chr22	42070200	42070400	B	U	U	U
chr22	42070600	42070800	B	U	U	U
chr22	42073400	42073600	U	U	U	U
chr22	42078400	42078600	U	U	U	U
chr22	42078600	42078800	U	U	U	U
chr22	42078800	42079000	U	U	U	U
chr22	42079000	42079200	B	U	U	U
chr22	42079200	42079400	B	U	U	U
chr22	42080600	42080800	U	U	U	U
chr22	42083000	42083200	U	U	U	U
chr22	42089400	42089600	U	U	U	U
chr22	42090600	42090800	B	U	U	U
chr22	42107400	42107600	U	U	U	U
chr22	42108000	42108200	U	U	U	U
chr22	42118200	42118400	U	U	U	U
chr22	42123800	42124000	U	U	U	U
chr22	42124800	42125000	U	U	U	U
chr22	42125200	42125400	U	U	U	U
chr22	42126600	42126800	U	U	U	U
chr22	42127400	42127600	U	U	U	U
chr22	42129000	42129200	U	U	U	U
chr22	42132600	42132800	U	U	U	U
chr22	42136200	42136400	U	U	U	U
chr22	42136600	42136800	U	U	U	U
chr22	42137000	42137200	U	U	U	U
chr22	42140000	42140200	U	U	U	U
chr22	42140400	42140600	U	U	U	U
chr22	42141000	42141200	U	U	U	U
chr22	42141600	42141800	U	U	U	U
chr22	42141800	42142000	U	U	U	U
chr22	42143000	42143200	U	U	U	U
chr22	42144400	42144600	U	U	U	U
chr22	42150000	42150200	U	U	U	U
chr22	42152800	42153000	B	U	U	U
chr22	42159400	42159600	U	U	U	U
chr22	42163000	42163200	U	U	U	U
chr22	42163200	42163400	U	U	U	U
chr22	42166800	42167000	U	U	U	U
chr22	42167400	42167600	U	U	U	U
chr22	42168400	42168600	U	U	U	U
chr22	42171200	42171400	U	U	U	U
chr22	42171400	42171600	U	U	U	U
chr22	42174400	42174600	U	U	U	U
chr22	42180200	42180400	B	U	U	B
chr22	42180800	42181000	B	U	U	U
chr22	42184800	42185000	U	U	U	U
chr22	42185000	42185200	U	U	U	U
chr22	42186800	42187000	U	U	U	U
chr22	42187600	42187800	U	U	U	U
chr22	42187800	42188000	U	U	U	U
chr22	42188400	42188600	U	U	U	U
chr22	42194200	42194400	U	U	U	U
chr22	42196000	42196200	U	U	U	U
chr22	42201800	42202000	U	U	U	U
chr22	42202000	42202200	U	U	U	U
chr22	42203400	42203600	U	U	U	U
chr22	42203800	42204000	U	U	U	U
chr22	42205400	42205600	U	U	U	U
chr22	42212800	42213000	U	U	U	U
chr22	42213000	42213200	U	U	U	U
chr22	42213400	42213600	U	U	U	U
chr22	42218600	42218800	U	U	U	U
chr22	42218800	42219000	U	U	U	U
chr22	42226200	42226400	U	U	U	U
chr22	42229200	42229400	U	U	U	U
chr22	42255600	42255800	U	U	U	U
chr22	42258000	42258200	U	U	U	U
chr22	42264800	42265000	U	U	U	U
chr22	42268400	42268600	U	U	U	U
chr22	42271200	42271400	U	U	U	U
chr22	42271800	42272000	U	U	U	U
chr22	42272000	42272200	U	U	U	U
chr22	42276600	42276800	U	U	U	U
chr22	42276800	42277000	U	U	U	U
chr22	42278000	42278200	U	U	U	U
chr22	42285200	42285400	U	U	U	U
chr22	42289800	42290000	U	U	U	U
chr22	42290200	42290400	U	U	U	U
chr22	42295000	42295200	U	U	U	U
chr22	42296400	42296600	U	U	U	U
chr22	42297400	42297600	U	U	U	U
chr22	42300000	42300200	U	U	U	U
chr22	42302000	42302200	U	U	U	U
chr22	42304200	42304400	U	U	U	U
chr22	42305200	42305400	U	U	U	U
chr22	42305800	42306000	U	U	U	U
chr22	42307200	42307400	U	U	U	U
chr22	42309400	42309600	U	U	U	U
chr22	42312400	42312600	U	U	U	U
chr22	42314200	42314400	B	U	B	U
chr22	42315200	42315400	U	U	U	U
chr22	42318000	42318200	U	U	U	U
chr22	42319800	42320000	U	U	U	U
chr22	42325200	42325400	U	U	U	U
chr22	42327200	42327400	U	U	U	U
chr22	42329000	42329200	U	U	U	U
chr22	42329400	42329600	U	U	U	U
chr22	42330000	42330200	U	U	U	U
chr22	42338800	42339000	U	U	U	U
chr22	42342600	42342800	U	U	U	U
chr22	42347200	42347400	U	U	U	U
chr22	42347800	42348000	U	U	U	U
chr22	42353800	42354000	U	U	U	U
chr22	42364600	42364800	U	U	U	U
chr22	42364800	42365000	U	U	U	U
chr22	42365400	42365600	U	U	U	U
chr22	42367000	42367200	U	U	U	U
chr22	42369000	42369200	B	U	U	U
chr22	42376600	42376800	U	U	U	U
chr22	42384000	42384200	U	U	U	U
chr22	42384200	42384400	U	U	U	U
chr22	42384400	42384600	U	U	U	U
chr22	42387000	42387200	U	U	U	U
chr22	42387400	42387600	U	U	U	U
chr22	42389200	42389400	U	U	U	U
chr22	42396600	42396800	U	U	U	U
chr22	42397400	42397600	U	U	U	U
chr22	42405800	42406000	U	U	U	U
chr22	42409600	42409800	U	U	U	U
chr22	42413200	42413400	B	U	U	U
chr22	42414200	42414400	U	U	U	U
chr22	42417800	42418000	U	U	U	U
chr22	42421800	42422000	U	U	U	U
chr22	42426200	42426400	U	U	U	U
chr22	42427000	42427200	U	U	U	U
chr22	42444200	42444400	B	U	U	B
chr22	42451000	42451200	U	U	U	U
chr22	42459400	42459600	U	U	U	U
chr22	42459800	42460000	U	U	U	U
chr22	42460000	42460200	U	U	U	U
chr22	42472800	42473000	U	U	U	U
chr22	42483600	42483800	U	U	U	U
chr22	42484800	42485000	U	U	U	U
chr22	42487200	42487400	U	U	U	U
chr22	42488800	42489000	U	U	U	U
chr22	42507800	42508000	U	U	U	U
chr22	42512800	42513000	B	U	U	U
chr22	42513200	42513400	U	U	U	U
chr22	42514200	42514400	U	U	U	U
chr22	42514600	42514800	U	U	U	U
chr22	42518000	42518200	U	U	U	U
chr22	42535200	42535400	U	U	U	U
chr22	42555200	42555400	U	U	U	U
chr22	42556000	42556200	B	U	U	U
chr22	42556200	42556400	U	U	U	U
chr22	42556400	42556600	U	U	U	U
chr22	42558200	42558400	U	U	U	U
chr22	42561400	42561600	U	U	U	U
chr22	42568400	42568600	U	U	U	U
chr22	42577800	42578000	U	U	U	U
chr22	42580400	42580600	U	U	U	U
chr22	42585000	42585200	U	U	U	U
chr22	42587200	42587400	U	U	U	U
chr22	42587600	42587800	U	U	U	U
chr22	42591600	42591800	U	U	U	U
chr22	42598800	42599000	U	U	U	U
chr22	42609400	42609600	U	U	U	U
chr22	42615600	42615800	B	U	U	U
chr22	42623800	42624000	U	U	U	U
chr22	42624200	42624400	U	U	U	U
chr22	42626400	42626600	U	U	U	U
chr22	42627800	42628000	U	U	U	U
chr22	42630400	42630600	U	U	U	U
chr22	42630800	42631000	U	U	U	U
chr22	42631600	42631800	U	U	U	U
chr22	42631800	42632000	U	U	U	U
chr22	42643000	42643200	U	U	U	U
chr22	42644800	42645000	U	U	U	U
chr22	42645000	42645200	U	U	U	U
chr22	42645400	42645600	U	U	U	U
chr22	42645800	42646000	U	U	U	U
chr22	42676400	42676600	U	U	U	U
chr22	42683800	42684000	U	U	U	U
chr22	42686200	42686400	U	U	U	U
chr22	42687800	42688000	U	U	U	U
chr22	42688200	42688400	B	U	U	U
chr22	42691600	42691800	U	U	U	U
chr22	42691800	42692000	U	U	U	U
chr22	42693000	42693200	U	U	U	U
chr22	42694400	42694600	U	U	U	U
chr22	42695200	42695400	U	U	U	U
chr22	42697400	42697600	U	U	U	U
chr22	42700000	42700200	U	U	U	U
chr22	42704000	42704200	U	U	U	U
chr22	42717400	42717600	U	U	U	U
chr22	42720000	42720200	U	U	U	U
chr22	42720200	42720400	U	U	U	U
chr22	42734600	42734800	U	U	U	U
chr22	42743600	42743800	U	U	U	U
chr22	42749000	42749200	U	U	U	U
chr22	42752200	42752400	U	U	U	U
chr22	42761000	42761200	U	U	U	U
chr22	42761200	42761400	U	U	U	U
chr22	42776400	42776600	U	U	U	U
chr22	42777200	42777400	U	U	U	U
chr22	42793200	42793400	U	U	U	U
chr22	42794000	42794200	U	U	U	U
chr22	42796400	42796600	U	U	U	U
chr22	42798200	42798400	U	U	U	U
chr22	42800000	42800200	U	U	U	U
chr22	42801400	42801600	U	U	U	U
chr22	42802000	42802200	U	U	U	U
chr22	42805200	42805400	U	U	U	U
chr22	42806200	42806400	U	U	U	U
chr22	42807000	42807200	U	U	U	U
chr22	42813800	42814000	U	U	U	U
chr22	42814000	42814200	U	U	U	U
chr22	42816800	42817000	U	U	U	U
chr22	42817600	42817800	U	U	U	U
chr22	42818400	42818600	U	U	U	U
chr22	42819600	42819800	U	U	U	U
chr22	42834400	42834600	U	U	U	U
chr22	42843600	42843800	U	U	U	U
chr22	42844800	42845000	U	U	U	U
chr22	42846200	42846400	U	U	U	U
chr22	42846400	42846600	U	U	U	U
chr22	42847600	42847800	U	U	U	U
chr22	42853600	42853800	U	U	U	U
chr22	42856200	42856400	B	U	U	U
chr22	42867000	42867200	U	U	U	U
chr22	42869800	42870000	U	U	U	U
chr22	42870000	42870200	U	U	U	U
chr22	42871000	42871200	U	U	U	U
chr22	42877400	42877600	U	U	U	U
chr22	42878200	42878400	U	U	U	U
chr22	42878400	42878600	U	U	U	U
chr22	42879400	42879600	U	U	U	U
chr22	42880800	42881000	U	U	U	U
chr22	42881600	42881800	U	U	U	U
chr22	42882200	42882400	U	U	U	U
chr22	42884800	42885000	U	U	U	U
chr22	42885000	42885200	U	U	U	U
chr22	42886000	42886200	U	U	U	U
chr22	42887000	42887200	U	U	U	U
chr22	42888000	42888200	U	U	U	U
chr22	42889600	42889800	U	U	U	U
chr22	42890800	42891000	U	U	U	U
chr22	42892200	42892400	U	U	U	U
chr22	42892800	42893000	U	U	U	U
chr22	42893200	42893400	U	U	U	U
chr22	42895400	42895600	U	U	U	U
chr22	42907800	42908000	U	U	U	U
chr22	42908600	42908800	U	U	U	U
chr22	42909000	42909200	U	U	U	U
chr22	42910200	42910400	U	U	U	U
chr22	42911600	42911800	U	U	U	U
chr22	42912800	42913000	U	U	U	U
chr22	42914600	42914800	U	U	U	U
chr22	42920200	42920400	U	U	U	U
chr22	42924400	42924600	U	U	U	U
chr22	42928200	42928400	U	U	U	U
chr22	42932800	42933000	U	U	U	U
chr22	42933200	42933400	U	U	U	U
chr22	42933400	42933600	B	U	U	U
chr22	42934200	42934400	U	U	U	U
chr22	42943800	42944000	U	U	U	U
chr22	42945600	42945800	B	U	U	U
chr22	42946600	42946800	U	U	U	U
chr22	42946800	42947000	U	U	U	U
chr22	42948200	42948400	U	U	U	U
chr22	42957000	42957200	U	U	U	U
chr22	42957400	42957600	U	U	U	U
chr22	42957600	42957800	U	U	U	U
chr22	42959400	42959600	B	U	U	U
chr22	42959600	42959800	B	U	U	B
chr22	42959800	42960000	B	U	U	B
chr22	42962800	42963000	U	U	U	U
chr22	42966600	42966800	U	U	U	U
chr22	42969400	42969600	U	U	U	U
chr22	42979000	42979200	U	U	U	U
chr22	42984600	42984800	U	U	U	U
chr22	42991200	42991400	U	U	U	U
chr22	42991400	42991600	U	U	U	U
chr22	42998200	42998400	U	U	U	U
chr22	43000600	43000800	U	U	U	U
chr22	43001000	43001200	U	U	U	U
chr22	43001400	43001600	U	U	U	U
chr22	43002200	43002400	U	U	U	U
chr22	43004800	43005000	U	U	U	U
chr22	43008800	43009000	U	U	U	U
chr22	43010800	43011000	U	U	U	U
chr22	43014600	43014800	U	U	U	U
chr22	43014800	43015000	B	U	U	U
chr22	43017600	43017800	U	U	U	U
chr22	43025000	43025200	U	U	U	U
chr22	43031000	43031200	U	U	U	U
chr22	43036400	43036600	U	U	U	U
chr22	43042600	43042800	U	U	U	U
chr22	43046400	43046600	U	U	U	U
chr22	43054200	43054400	U	U	U	U
chr22	43063800	43064000	U	U	U	U
chr22	43064000	43064200	U	U	U	U
chr22	43066200	43066400	U	U	U	U
chr22	43070400	43070600	U	U	U	U
chr22	43077600	43077800	U	U	U	U
chr22	43078600	43078800	U	U	U	U
chr22	43088800	43089000	U	U	U	U
chr22	43092200	43092400	U	U	U	U
chr22	43097000	43097200	U	U	U	U
chr22	43110800	43111000	B	U	U	U
chr22	43120600	43120800	U	U	U	U
chr22	43129600	43129800	U	U	U	U
chr22	43131800	43132000	U	U	U	U
chr22	43132000	43132200	U	U	U	U
chr22	43133200	43133400	U	U	U	U
chr22	43158200	43158400	U	U	U	U
chr22	43159000	43159200	U	U	U	U
chr22	43164400	43164600	B	U	U	U
chr22	43164600	43164800	B	U	U	U
chr22	43166600	43166800	B	U	U	U
chr22	43171400	43171600	U	U	U	U
chr22	43171800	43172000	U	U	U	U
chr22	43172400	43172600	U	U	U	U
chr22	43174000	43174200	U	U	U	U
chr22	43175400	43175600	U	U	U	U
chr22	43176800	43177000	U	U	U	U
chr22	43179200	43179400	U	U	U	U
chr22	43180000	43180200	U	U	U	U
chr22	43181400	43181600	U	U	U	U
chr22	43181600	43181800	U	U	U	U
chr22	43185600	43185800	U	U	U	U
chr22	43186000	43186200	U	U	U	U
chr22	43202000	43202200	U	U	U	U
chr22	43205200	43205400	U	U	U	U
chr22	43208800	43209000	U	U	U	U
chr22	43209200	43209400	U	U	U	U
chr22	43221000	43221200	U	U	U	U
chr22	43222400	43222600	B	U	U	U
chr22	43225000	43225200	U	U	U	U
chr22	43225200	43225400	U	U	U	U
chr22	43227200	43227400	U	U	U	U
chr22	43227600	43227800	U	U	U	U
chr22	43229000	43229200	U	U	U	U
chr22	43230200	43230400	U	U	U	U
chr22	43230600	43230800	U	U	U	U
chr22	43236200	43236400	U	U	U	U
chr22	43241000	43241200	B	U	U	U
chr22	43241200	43241400	B	U	U	U
chr22	43242400	43242600	U	U	U	U
chr22	43243200	43243400	U	U	U	U
chr22	43243400	43243600	U	U	U	U
chr22	43244400	43244600	U	U	U	U
chr22	43245200	43245400	U	U	U	U
chr22	43245600	43245800	U	U	U	U
chr22	43248800	43249000	U	U	U	U
chr22	43249000	43249200	U	U	U	U
chr22	43253600	43253800	U	U	U	U
chr22	43255000	43255200	U	U	U	U
chr22	43255600	43255800	U	U	U	U
chr22	43258600	43258800	U	U	U	U
chr22	43260400	43260600	U	U	U	U
chr22	43261800	43262000	U	U	U	U
chr22	43263200	43263400	U	U	U	U
chr22	43263600	43263800	B	U	U	U
chr22	43269600	43269800	U	U	U	U
chr22	43272200	43272400	U	U	U	U
chr22	43282400	43282600	U	U	U	U
chr22	43284800	43285000	U	U	U	U
chr22	43286400	43286600	U	U	U	U
chr22	43289000	43289200	U	U	U	U
chr22	43291000	43291200	U	U	U	U
chr22	43292000	43292200	U	U	U	U
chr22	43292600	43292800	U	U	U	U
chr22	43294600	43294800	U	U	U	U
chr22	43297000	43297200	U	U	U	U
chr22	43297200	43297400	U	U	U	U
chr22	43305400	43305600	U	U	U	U
chr22	43306000	43306200	U	U	U	U
chr22	43306400	43306600	U	U	U	U
chr22	43306800	43307000	U	U	U	U
chr22	43312600	43312800	U	U	U	U
chr22	43313600	43313800	U	U	U	U
chr22	43313800	43314000	U	U	U	U
chr22	43325600	43325800	U	U	U	U
chr22	43329600	43329800	U	U	U	U
chr22	43330800	43331000	U	U	U	U
chr22	43331200	43331400	U	U	U	U
chr22	43335400	43335600	U	U	U	U
chr22	43339200	43339400	U	U	U	U
chr22	43340200	43340400	U	U	U	U
chr22	43341600	43341800	U	U	U	U
chr22	43341800	43342000	U	U	U	U
chr22	43343000	43343200	U	U	U	U
chr22	43345400	43345600	U	U	U	U
chr22	43345800	43346000	U	U	U	U
chr22	43347600	43347800	U	U	U	U
chr22	43349000	43349200	U	U	U	U
chr22	43352200	43352400	U	U	U	U
chr22	43356200	43356400	U	U	U	U
chr22	43356400	43356600	U	U	U	U
chr22	43359000	43359200	U	U	U	U
chr22	43363200	43363400	U	U	U	U
chr22	43365600	43365800	U	U	U	U
chr22	43365800	43366000	U	U	U	U
chr22	43366000	43366200	U	U	U	U
chr22	43370000	43370200	U	U	U	U
chr22	43385200	43385400	U	U	U	U
chr22	43387200	43387400	U	U	U	U
chr22	43388800	43389000	U	U	U	U
chr22	43389800	43390000	U	U	U	U
chr22	43391800	43392000	U	U	U	U
chr22	43392400	43392600	U	U	U	U
chr22	43397000	43397200	U	U	U	U
chr22	43398000	43398200	U	U	U	U
chr22	43401600	43401800	U	U	U	U
chr22	43405000	43405200	U	U	U	U
chr22	43405200	43405400	U	U	U	U
chr22	43411000	43411200	U	U	U	U
chr22	43413400	43413600	U	U	U	U
chr22	43414000	43414200	U	U	U	U
chr22	43414200	43414400	U	U	U	U
chr22	43414400	43414600	U	U	U	U
chr22	43414600	43414800	U	U	U	U
chr22	43416000	43416200	U	U	U	U
chr22	43416200	43416400	U	U	U	U
chr22	43418000	43418200	U	U	U	U
chr22	43418600	43418800	U	U	U	U
chr22	43419800	43420000	U	U	U	U
chr22	43424200	43424400	U	U	U	U
chr22	43428400	43428600	U	U	U	U
chr22	43434200	43434400	U	U	U	U
chr22	43434400	43434600	U	U	U	U
chr22	43437000	43437200	U	U	U	U
chr22	43438800	43439000	U	U	U	U
chr22	43439200	43439400	U	U	U	U
chr22	43439800	43440000	U	U	U	U
chr22	43440000	43440200	U	U	U	U
chr22	43441000	43441200	U	U	U	U
chr22	43441600	43441800	U	U	U	U
chr22	43441800	43442000	U	U	U	U
chr22	43444000	43444200	U	U	U	U
chr22	43447200	43447400	U	U	U	U
chr22	43450000	43450200	U	U	U	U
chr22	43467400	43467600	U	U	U	U
chr22	43467800	43468000	U	U	U	U
chr22	43471600	43471800	U	U	U	U
chr22	43473000	43473200	U	U	U	U
chr22	43476400	43476600	U	U	U	U
chr22	43476600	43476800	U	U	U	U
chr22	43483200	43483400	U	U	U	U
chr22	43484400	43484600	U	U	U	U
chr22	43484800	43485000	U	U	U	U
chr22	43488400	43488600	U	U	U	U
chr22	43488600	43488800	U	U	U	U
chr22	43491000	43491200	U	U	U	U
chr22	43492600	43492800	U	U	U	U
chr22	43506000	43506200	U	U	U	U
chr22	43506200	43506400	U	U	U	U
chr22	43510400	43510600	U	U	U	U
chr22	43527400	43527600	U	U	U	U
chr22	43529000	43529200	U	U	U	U
chr22	43530400	43530600	U	U	U	U
chr22	43530600	43530800	U	U	U	U
chr22	43531600	43531800	U	U	U	U
chr22	43533600	43533800	U	U	U	U
chr22	43535000	43535200	U	U	U	U
chr22	43535200	43535400	U	U	U	U
chr22	43535400	43535600	U	U	U	U
chr22	43540600	43540800	U	U	U	U
chr22	43550800	43551000	U	U	U	U
chr22	43553000	43553200	U	U	U	U
chr22	43555000	43555200	U	U	U	U
chr22	43555200	43555400	U	U	U	U
chr22	43568400	43568600	U	U	U	U
chr22	43570000	43570200	U	U	U	U
chr22	43571200	43571400	U	U	U	U
chr22	43572200	43572400	U	U	U	U
chr22	43576400	43576600	U	U	U	U
chr22	43576800	43577000	U	U	U	U
chr22	43580600	43580800	U	U	U	U
chr22	43582000	43582200	U	U	U	U
chr22	43593400	43593600	U	U	U	U
chr22	43604600	43604800	U	U	U	U
chr22	43607800	43608000	U	U	U	U
chr22	43615200	43615400	U	U	U	U
chr22	43615600	43615800	U	U	U	U
chr22	43617600	43617800	U	U	U	U
chr22	43625400	43625600	U	U	U	U
chr22	43626400	43626600	U	U	U	U
chr22	43626800	43627000	U	U	U	U
chr22	43627000	43627200	U	U	U	U
chr22	43629800	43630000	U	U	U	U
chr22	43633800	43634000	U	U	U	U
chr22	43635000	43635200	U	U	U	U
chr22	43635200	43635400	U	U	U	U
chr22	43638000	43638200	U	U	U	U
chr22	43638400	43638600	U	U	U	U
chr22	43643600	43643800	U	U	U	U
chr22	43647200	43647400	U	U	U	U
chr22	43661400	43661600	U	U	U	U
chr22	43668200	43668400	U	U	U	U
chr22	43672000	43672200	U	U	U	U
chr22	43676800	43677000	U	U	U	U
chr22	43684400	43684600	U	U	U	U
chr22	43687000	43687200	U	U	U	U
chr22	43716800	43717000	U	U	U	U
chr22	43719000	43719200	U	U	U	U
chr22	43732800	43733000	U	U	U	U
chr22	43734200	43734400	U	U	U	U
chr22	43745800	43746000	U	U	U	U
chr22	43747400	43747600	U	U	U	U
chr22	43751200	43751400	U	U	U	U
chr22	43754800	43755000	U	U	U	U
chr22	43755400	43755600	U	U	U	U
chr22	43768000	43768200	U	U	U	U
chr22	43768200	43768400	U	U	U	U
chr22	43771600	43771800	U	U	U	U
chr22	43773000	43773200	U	U	U	U
chr22	43794600	43794800	U	U	U	U
chr22	43795000	43795200	U	U	U	U
chr22	43795400	43795600	U	U	U	U
chr22	43807000	43807200	U	U	U	U
chr22	43807400	43807600	U	U	U	U
chr22	43809200	43809400	U	U	U	U
chr22	43810600	43810800	U	U	U	U
chr22	43812200	43812400	B	U	U	U
chr22	43817000	43817200	U	U	U	U
chr22	43817600	43817800	U	U	U	U
chr22	43823800	43824000	U	U	U	U
chr22	43824000	43824200	U	U	U	U
chr22	43825400	43825600	U	U	U	U
chr22	43825600	43825800	U	U	U	U
chr22	43826200	43826400	U	U	U	U
chr22	43826800	43827000	U	U	U	U
chr22	43828800	43829000	U	U	U	U
chr22	43829600	43829800	U	U	U	U
chr22	43832000	43832200	U	U	U	U
chr22	43832800	43833000	U	U	U	U
chr22	43833000	43833200	U	U	U	U
chr22	43835200	43835400	U	U	U	U
chr22	43837000	43837200	U	U	U	U
chr22	43838000	43838200	U	U	U	U
chr22	43839000	43839200	U	U	U	U
chr22	43841400	43841600	U	U	U	U
chr22	43844200	43844400	U	U	U	U
chr22	43845400	43845600	U	U	U	U
chr22	43847200	43847400	U	U	U	U
chr22	43851800	43852000	U	U	U	U
chr22	43854200	43854400	U	U	U	U
chr22	43880000	43880200	U	U	U	U
chr22	43880600	43880800	U	U	U	U
chr22	43881000	43881200	U	U	U	U
chr22	43881200	43881400	U	U	U	U
chr22	43882200	43882400	U	U	U	U
chr22	43886400	43886600	U	U	U	U
chr22	43902200	43902400	U	U	U	U
chr22	43907800	43908000	U	U	U	U
chr22	43909200	43909400	U	U	U	U
chr22	43919200	43919400	U	U	U	U
chr22	43924200	43924400	B	U	U	U
chr22	43924400	43924600	B	U	U	U
chr22	43926200	43926400	U	U	U	U
chr22	43937200	43937400	U	U	U	U
chr22	43942000	43942200	U	U	U	U
chr22	43945000	43945200	U	U	U	U
chr22	43946800	43947000	U	U	U	U
chr22	43950400	43950600	U	U	U	U
chr22	43951600	43951800	U	U	U	U
chr22	43954400	43954600	U	U	U	U
chr22	43955200	43955400	B	U	U	U
chr22	43960000	43960200	U	U	U	U
chr22	43962600	43962800	U	U	U	U
chr22	43964600	43964800	U	U	U	U
chr22	43968600	43968800	U	U	U	U
chr22	43973400	43973600	U	U	U	U
chr22	43976200	43976400	U	U	U	U
chr22	43977400	43977600	U	U	U	U
chr22	43977800	43978000	U	U	U	U
chr22	43981000	43981200	U	U	U	U
chr22	43983600	43983800	U	U	U	U
chr22	43989000	43989200	U	U	U	U
chr22	43994600	43994800	U	U	U	U
chr22	43995400	43995600	U	U	U	U
chr22	43996600	43996800	U	U	U	U
chr22	43997400	43997600	U	U	U	U
chr22	43998600	43998800	U	U	U	U
chr22	43998800	43999000	U	U	U	U
chr22	44003400	44003600	U	U	U	U
chr22	44004000	44004200	B	U	U	U
chr22	44009600	44009800	U	U	U	U
chr22	44014400	44014600	U	U	U	U
chr22	44014600	44014800	U	U	U	U
chr22	44017800	44018000	U	U	U	U
chr22	44018600	44018800	U	U	U	U
chr22	44024000	44024200	B	U	U	U
chr22	44025400	44025600	B	U	U	U
chr22	44027000	44027200	B	U	B	U
chr22	44027200	44027400	B	U	U	U
chr22	44030400	44030600	U	U	U	U
chr22	44031800	44032000	U	U	U	U
chr22	44033800	44034000	U	U	U	U
chr22	44051400	44051600	U	U	U	U
chr22	44052200	44052400	U	U	U	U
chr22	44059400	44059600	U	U	U	U
chr22	44072200	44072400	U	U	U	U
chr22	44073800	44074000	U	U	U	U
chr22	44076000	44076200	U	U	U	U
chr22	44078000	44078200	U	U	U	U
chr22	44080000	44080200	U	U	U	U
chr22	44082000	44082200	U	U	U	U
chr22	44082800	44083000	U	U	U	U
chr22	44089600	44089800	U	U	U	U
chr22	44090400	44090600	U	U	U	U
chr22	44090800	44091000	U	U	U	U
chr22	44093800	44094000	U	U	U	U
chr22	44098000	44098200	U	U	U	U
chr22	44104200	44104400	U	U	U	U
chr22	44111800	44112000	U	U	U	U
chr22	44117600	44117800	U	U	U	U
chr22	44117800	44118000	U	U	U	U
chr22	44126600	44126800	U	U	U	U
chr22	44126800	44127000	U	U	U	U
chr22	44128400	44128600	U	U	U	U
chr22	44130800	44131000	U	U	U	U
chr22	44131800	44132000	U	U	U	U
chr22	44132600	44132800	U	U	U	U
chr22	44134200	44134400	U	U	U	U
chr22	44136200	44136400	U	U	U	U
chr22	44137200	44137400	U	U	U	U
chr22	44138400	44138600	U	U	U	U
chr22	44145800	44146000	U	U	U	U
chr22	44155400	44155600	U	U	U	U
chr22	44159200	44159400	U	U	U	U
chr22	44160800	44161000	U	U	U	U
chr22	44162000	44162200	U	U	U	U
chr22	44162800	44163000	U	U	U	U
chr22	44166600	44166800	U	U	U	U
chr22	44168200	44168400	U	U	U	U
chr22	44169200	44169400	U	U	U	U
chr22	44170800	44171000	U	U	U	U
chr22	44172200	44172400	U	U	U	U
chr22	44172600	44172800	U	U	U	U
chr22	44175800	44176000	U	U	U	U
chr22	44181800	44182000	U	U	U	U
chr22	44182600	44182800	U	U	U	U
chr22	44189400	44189600	U	U	U	U
chr22	44190800	44191000	U	U	U	U
chr22	44193800	44194000	U	U	U	U
chr22	44195000	44195200	U	U	U	U
chr22	44198200	44198400	U	U	U	U
chr22	44200400	44200600	U	U	U	U
chr22	44202600	44202800	U	U	U	U
chr22	44204600	44204800	U	U	U	U
chr22	44206800	44207000	U	U	U	U
chr22	44211800	44212000	U	U	U	U
chr22	44212800	44213000	U	U	U	U
chr22	44217400	44217600	U	U	U	U
chr22	44221400	44221600	U	U	U	U
chr22	44223400	44223600	U	U	U	U
chr22	44224400	44224600	U	U	U	U
chr22	44244200	44244400	U	U	U	U
chr22	44245600	44245800	U	U	U	U
chr22	44246200	44246400	U	U	U	U
chr22	44249000	44249200	U	U	U	U
chr22	44249400	44249600	U	U	U	U
chr22	44266800	44267000	U	U	U	U
chr22	44270200	44270400	U	U	U	U
chr22	44271600	44271800	U	U	U	U
chr22	44275400	44275600	U	U	U	U
chr22	44281000	44281200	U	U	U	U
chr22	44281600	44281800	U	U	U	U
chr22	44282000	44282200	U	U	U	U
chr22	44283800	44284000	U	U	U	U
chr22	44289600	44289800	U	U	U	U
chr22	44292000	44292200	U	U	U	U
chr22	44293800	44294000	U	U	U	U
chr22	44301000	44301200	U	U	U	U
chr22	44309600	44309800	U	U	U	U
chr22	44310600	44310800	U	U	U	U
chr22	44312600	44312800	U	U	U	U
chr22	44313400	44313600	U	U	U	U
chr22	44315000	44315200	U	U	U	U
chr22	44315200	44315400	U	U	U	U
chr22	44317400	44317600	U	U	U	U
chr22	44317600	44317800	U	U	U	U
chr22	44318200	44318400	U	U	U	U
chr22	44320400	44320600	U	U	U	U
chr22	44321000	44321200	U	U	U	U
chr22	44326200	44326400	U	U	U	U
chr22	44330400	44330600	U	U	U	U
chr22	44337800	44338000	U	U	U	U
chr22	44346200	44346400	U	U	U	U
chr22	44346800	44347000	U	U	U	U
chr22	44348800	44349000	U	U	U	U
chr22	44349200	44349400	U	U	U	U
chr22	44349400	44349600	U	U	U	U
chr22	44349800	44350000	U	U	U	U
chr22	44350000	44350200	U	U	U	U
chr22	44351800	44352000	U	U	U	U
chr22	44352400	44352600	U	U	U	U
chr22	44353000	44353200	U	U	U	U
chr22	44359200	44359400	U	U	U	U
chr22	44359400	44359600	U	U	U	U
chr22	44360600	44360800	U	U	U	U
chr22	44366800	44367000	U	U	U	U
chr22	44367800	44368000	U	U	U	U
chr22	44368800	44369000	U	U	U	U
chr22	44369000	44369200	U	U	U	U
chr22	44372000	44372200	U	U	U	U
chr22	44385400	44385600	U	U	U	U
chr22	44387200	44387400	U	U	U	U
chr22	44395200	44395400	U	U	U	U
chr22	44397000	44397200	U	U	U	U
chr22	44400600	44400800	U	U	U	U
chr22	44403000	44403200	U	U	U	U
chr22	44405800	44406000	U	U	U	U
chr22	44409600	44409800	U	U	U	U
chr22	44410000	44410200	U	U	U	U
chr22	44410600	44410800	U	U	U	U
chr22	44411600	44411800	U	U	U	U
chr22	44412000	44412200	U	U	U	U
chr22	44412200	44412400	U	U	U	U
chr22	44423600	44423800	U	U	U	U
chr22	44425200	44425400	U	U	U	U
chr22	44427800	44428000	U	U	U	U
chr22	44428000	44428200	U	U	U	U
chr22	44441800	44442000	U	U	U	U
chr22	44442400	44442600	U	U	U	U
chr22	44459000	44459200	U	U	U	U
chr22	44461600	44461800	U	U	U	U
chr22	44462600	44462800	U	U	U	U
chr22	44462800	44463000	U	U	U	U
chr22	44490800	44491000	U	U	U	U
chr22	44493800	44494000	U	U	U	U
chr22	44497600	44497800	B	U	U	U
chr22	44498400	44498600	B	U	U	U
chr22	44531800	44532000	U	U	U	U
chr22	44537400	44537600	U	U	U	U
chr22	44538000	44538200	U	U	U	U
chr22	44541800	44542000	U	U	U	U
chr22	44570600	44570800	U	U	U	U
chr22	44574800	44575000	U	U	U	U
chr22	44576600	44576800	U	U	U	U
chr22	44578000	44578200	U	U	U	U
chr22	44578600	44578800	U	U	U	U
chr22	44578800	44579000	U	U	U	U
chr22	44582200	44582400	U	U	U	U
chr22	44591800	44592000	U	U	U	U
chr22	44592400	44592600	U	U	U	U
chr22	44596400	44596600	U	U	U	U
chr22	44596600	44596800	U	U	U	U
chr22	44598400	44598600	U	U	U	U
chr22	44606400	44606600	U	U	U	U
chr22	44607600	44607800	U	U	U	U
chr22	44609400	44609600	U	U	U	U
chr22	44620400	44620600	U	U	U	U
chr22	44620800	44621000	U	U	U	U
chr22	44622200	44622400	U	U	U	U
chr22	44625400	44625600	U	U	U	U
chr22	44627800	44628000	U	U	U	U
chr22	44628400	44628600	U	U	U	U
chr22	44639400	44639600	U	U	U	U
chr22	44646800	44647000	U	U	U	U
chr22	44648600	44648800	U	U	U	U
chr22	44658400	44658600	U	U	U	U
chr22	44660600	44660800	U	U	U	U
chr22	44661800	44662000	U	U	U	U
chr22	44662600	44662800	U	U	U	U
chr22	44669400	44669600	U	U	U	U
chr22	44676800	44677000	B	U	B	B
chr22	44680400	44680600	U	U	U	U
chr22	44680800	44681000	U	U	U	U
chr22	44681800	44682000	U	U	U	U
chr22	44684600	44684800	B	U	B	U
chr22	44697200	44697400	U	U	U	U
chr22	44698600	44698800	U	U	U	U
chr22	44701600	44701800	B	U	U	U
chr22	44702600	44702800	B	U	U	U
chr22	44703400	44703600	U	U	U	U
chr22	44707200	44707400	U	U	U	U
chr22	44716000	44716200	U	U	U	U
chr22	44722000	44722200	U	U	U	U
chr22	44728000	44728200	U	U	U	U
chr22	44728800	44729000	U	U	U	U
chr22	44729400	44729600	U	U	U	U
chr22	44733400	44733600	U	U	U	U
chr22	44736600	44736800	U	U	U	U
chr22	44737400	44737600	U	U	U	U
chr22	44737800	44738000	U	U	U	U
chr22	44738000	44738200	U	U	U	U
chr22	44739000	44739200	U	U	U	U
chr22	44753600	44753800	U	U	U	U
chr22	44756200	44756400	U	U	U	U
chr22	44760400	44760600	U	U	U	U
chr22	44760800	44761000	U	U	U	U
chr22	44766600	44766800	U	U	U	U
chr22	44777200	44777400	U	U	U	U
chr22	44783400	44783600	U	U	U	U
chr22	44793600	44793800	U	U	U	U
chr22	44795400	44795600	U	U	U	U
chr22	44799000	44799200	U	U	U	U
chr22	44802000	44802200	B	U	U	U
chr22	44802200	44802400	B	U	U	U
chr22	44804200	44804400	U	U	U	U
chr22	44809800	44810000	U	U	U	U
chr22	44810600	44810800	U	U	U	U
chr22	44822000	44822200	U	U	U	U
chr22	44822600	44822800	U	U	U	U
chr22	44829400	44829600	U	U	U	U
chr22	44829600	44829800	U	U	U	U
chr22	44841800	44842000	U	U	U	U
chr22	44842600	44842800	U	U	U	U
chr22	44845200	44845400	U	U	U	U
chr22	44848800	44849000	U	U	U	U
chr22	44859800	44860000	U	U	U	U
chr22	44865600	44865800	U	U	U	U
chr22	44867400	44867600	U	U	U	U
chr22	44871400	44871600	U	U	U	U
chr22	44880200	44880400	U	U	U	U
chr22	44880400	44880600	U	U	U	U
chr22	44881200	44881400	U	U	U	U
chr22	44881400	44881600	U	U	U	U
chr22	44882400	44882600	U	U	U	U
chr22	44890600	44890800	U	U	U	U
chr22	44901000	44901200	U	U	U	U
chr22	44903200	44903400	U	U	U	U
chr22	44906000	44906200	U	U	U	U
chr22	44915000	44915200	U	U	U	U
chr22	44915800	44916000	U	U	U	U
chr22	44916600	44916800	U	U	U	U
chr22	44916800	44917000	U	U	U	U
chr22	44917000	44917200	U	U	U	U
chr22	44925400	44925600	U	U	U	U
chr22	44925600	44925800	U	U	U	U
chr22	44926000	44926200	U	U	U	U
chr22	44926400	44926600	U	U	U	U
chr22	44936000	44936200	U	U	U	U
chr22	44939000	44939200	U	U	U	U
chr22	44939800	44940000	U	U	U	U
chr22	44941400	44941600	U	U	U	U
chr22	44942200	44942400	U	U	U	U
chr22	44943600	44943800	U	U	U	U
chr22	44944200	44944400	U	U	U	U
chr22	44945200	44945400	U	U	U	U
chr22	44946800	44947000	U	U	U	U
chr22	44952600	44952800	U	U	U	U
chr22	44954000	44954200	U	U	U	U
chr22	44954200	44954400	U	U	U	U
chr22	44960200	44960400	U	U	U	U
chr22	44963600	44963800	U	U	U	U
chr22	44965000	44965200	U	U	U	U
chr22	44965800	44966000	U	U	U	U
chr22	44966600	44966800	U	U	U	U
chr22	44970600	44970800	U	U	U	U
chr22	44972800	44973000	U	U	U	U
chr22	44980800	44981000	U	U	U	U
chr22	44984600	44984800	U	U	U	U
chr22	44985000	44985200	U	U	U	U
chr22	44991200	44991400	U	U	U	U
chr22	44993800	44994000	U	U	U	U
chr22	44998200	44998400	U	U	U	U
chr22	44998600	44998800	U	U	U	U
chr22	45000400	45000600	U	U	U	U
chr22	45001200	45001400	U	U	U	U
chr22	45002600	45002800	U	U	U	U
chr22	45007200	45007400	U	U	U	U
chr22	45008400	45008600	U	U	U	U
chr22	45012000	45012200	U	U	U	U
chr22	45012200	45012400	U	U	U	U
chr22	45019200	45019400	U	U	U	U
chr22	45036200	45036400	U	U	U	U
chr22	45037000	45037200	U	U	U	U
chr22	45037200	45037400	U	U	U	U
chr22	45049200	45049400	U	U	U	U
chr22	45050400	45050600	U	U	U	U
chr22	45051800	45052000	U	U	U	U
chr22	45054400	45054600	U	U	U	U
chr22	45056000	45056200	U	U	U	U
chr22	45056200	45056400	U	U	U	U
chr22	45090600	45090800	U	U	U	U
chr22	45099600	45099800	U	U	U	U
chr22	45129600	45129800	U	U	U	U
chr22	45132600	45132800	U	U	U	U
chr22	45148800	45149000	U	U	U	U
chr22	45149600	45149800	U	U	U	U
chr22	45160000	45160200	U	U	U	U
chr22	45160200	45160400	U	U	U	U
chr22	45163200	45163400	B	U	U	U
chr22	45164000	45164200	B	U	U	U
chr22	45165000	45165200	U	U	U	U
chr22	45167600	45167800	U	U	U	U
chr22	45171600	45171800	U	U	U	U
chr22	45171800	45172000	U	U	U	U
chr22	45172600	45172800	U	U	U	U
chr22	45176000	45176200	U	U	U	U
chr22	45176400	45176600	U	U	U	U
chr22	45185200	45185400	U	U	U	U
chr22	45187200	45187400	U	U	U	U
chr22	45187800	45188000	U	U	U	U
chr22	45190800	45191000	U	U	U	U
chr22	45191000	45191200	U	U	U	U
chr22	45191200	45191400	U	U	U	U
chr22	45191400	45191600	U	U	U	U
chr22	45193200	45193400	B	U	U	U
chr22	45196800	45197000	U	U	U	U
chr22	45202200	45202400	U	U	U	U
chr22	45202600	45202800	U	U	U	U
chr22	45203400	45203600	U	U	U	U
chr22	45203800	45204000	U	U	U	U
chr22	45209800	45210000	B	U	U	U
chr22	45211000	45211200	U	U	U	U
chr22	45212000	45212200	U	U	U	U
chr22	45213400	45213600	U	U	U	U
chr22	45215600	45215800	U	U	U	U
chr22	45218800	45219000	U	U	U	U
chr22	45226000	45226200	U	U	U	U
chr22	45226400	45226600	U	U	U	U
chr22	45233200	45233400	U	U	U	U
chr22	45236400	45236600	U	U	U	U
chr22	45237600	45237800	U	U	U	U
chr22	45248800	45249000	U	U	U	U
chr22	45270000	45270200	U	U	U	U
chr22	45271600	45271800	U	U	U	U
chr22	45273600	45273800	U	U	U	U
chr22	45280000	45280200	U	U	U	U
chr22	45289000	45289200	U	U	U	U
chr22	45295600	45295800	U	U	U	U
chr22	45296800	45297000	U	U	U	U
chr22	45306800	45307000	U	U	U	U
chr22	45307800	45308000	U	U	U	U
chr22	45310200	45310400	B	U	U	U
chr22	45311800	45312000	U	U	U	U
chr22	45317600	45317800	U	U	U	U
chr22	45318600	45318800	U	U	U	U
chr22	45332000	45332200	U	U	U	U
chr22	45332200	45332400	U	U	U	U
chr22	45334400	45334600	U	U	U	U
chr22	45335400	45335600	U	U	U	U
chr22	45335800	45336000	U	U	U	U
chr22	45336400	45336600	U	U	U	U
chr22	45337600	45337800	U	U	U	U
chr22	45340200	45340400	U	U	U	U
chr22	45345400	45345600	U	U	U	U
chr22	45346400	45346600	U	U	U	U
chr22	45346800	45347000	U	U	U	U
chr22	45353400	45353600	U	U	U	U
chr22	45383400	45383600	U	U	U	U
chr22	45383600	45383800	U	U	U	U
chr22	45393200	45393400	U	U	U	U
chr22	45399000	45399200	U	U	U	U
chr22	45406400	45406600	U	U	U	U
chr22	45408600	45408800	U	U	U	U
chr22	45408800	45409000	U	U	U	U
chr22	45413400	45413600	U	U	U	U
chr22	45425600	45425800	U	U	U	U
chr22	45432400	45432600	U	U	U	U
chr22	45451200	45451400	U	U	U	U
chr22	45452200	45452400	U	U	U	U
chr22	45452600	45452800	U	U	U	U
chr22	45469000	45469200	U	U	U	U
chr22	45478000	45478200	U	U	U	U
chr22	45479600	45479800	U	U	U	U
chr22	45482400	45482600	U	U	U	U
chr22	45499800	45500000	U	U	U	U
chr22	45503600	45503800	U	U	U	U
chr22	45503800	45504000	U	U	U	U
chr22	45504400	45504600	U	U	U	U
chr22	45512000	45512200	U	U	U	U
chr22	45513000	45513200	U	U	U	U
chr22	45515000	45515200	U	U	U	U
chr22	45526200	45526400	U	U	U	U
chr22	45531600	45531800	U	U	U	U
chr22	45533800	45534000	U	U	U	U
chr22	45535000	45535200	U	U	U	U
chr22	45536800	45537000	U	U	U	U
chr22	45537800	45538000	U	U	U	U
chr22	45538800	45539000	U	U	U	U
chr22	45540400	45540600	U	U	U	U
chr22	45550600	45550800	U	U	U	U
chr22	45552000	45552200	U	U	U	U
chr22	45552800	45553000	U	U	U	U
chr22	45562600	45562800	U	U	U	U
chr22	45565000	45565200	U	U	U	U
chr22	45582200	45582400	U	U	U	U
chr22	45585600	45585800	U	U	U	U
chr22	45586800	45587000	U	U	U	U
chr22	45588400	45588600	U	U	U	U
chr22	45588800	45589000	U	U	U	U
chr22	45589400	45589600	U	U	U	U
chr22	45591400	45591600	U	U	U	U
chr22	45595600	45595800	U	U	U	U
chr22	45598800	45599000	U	U	U	U
chr22	45599000	45599200	U	U	U	U
chr22	45600600	45600800	U	U	U	U
chr22	45602000	45602200	U	U	U	U
chr22	45602200	45602400	U	U	U	U
chr22	45605400	45605600	U	U	U	U
chr22	45608400	45608600	U	U	U	U
chr22	45612600	45612800	U	U	U	U
chr22	45629600	45629800	U	U	U	U
chr22	45633200	45633400	U	U	U	U
chr22	45636200	45636400	U	U	U	U
chr22	45638000	45638200	U	U	U	U
chr22	45639000	45639200	B	U	U	B
chr22	45641200	45641400	U	U	U	U
chr22	45648000	45648200	U	U	U	U
chr22	45648600	45648800	U	U	U	U
chr22	45650000	45650200	U	U	U	U
chr22	45685000	45685200	U	U	U	U
chr22	45685600	45685800	U	U	U	U
chr22	45690400	45690600	U	U	U	U
chr22	45690800	45691000	U	U	U	U
chr22	45699000	45699200	U	U	U	U
chr22	45708000	45708200	U	U	U	U
chr22	45717800	45718000	U	U	U	U
chr22	45718000	45718200	U	U	U	U
chr22	45718200	45718400	U	U	U	U
chr22	45718600	45718800	U	U	U	U
chr22	45722000	45722200	U	U	U	U
chr22	45740800	45741000	U	U	U	U
chr22	45742800	45743000	U	U	U	U
chr22	45743400	45743600	U	U	U	U
chr22	45748600	45748800	U	U	U	U
chr22	45758000	45758200	U	U	U	U
chr22	45758200	45758400	U	U	U	U
chr22	45758800	45759000	U	U	U	U
chr22	45762600	45762800	U	U	U	U
chr22	45763200	45763400	U	U	U	U
chr22	45763600	45763800	U	U	U	U
chr22	45764000	45764200	U	U	U	U
chr22	45774000	45774200	U	U	U	U
chr22	45775000	45775200	U	U	U	U
chr22	45778600	45778800	U	U	U	U
chr22	45778800	45779000	U	U	U	U
chr22	45784800	45785000	U	U	U	U
chr22	45785200	45785400	U	U	U	U
chr22	45785800	45786000	U	U	U	U
chr22	45786000	45786200	U	U	U	U
chr22	45787200	45787400	U	U	U	U
chr22	45790000	45790200	U	U	U	U
chr22	45790400	45790600	U	U	U	U
chr22	45792000	45792200	U	U	U	U
chr22	45793400	45793600	U	U	U	U
chr22	45802600	45802800	U	U	U	U
chr22	45802800	45803000	U	U	U	U
chr22	45807200	45807400	U	U	U	U
chr22	45808000	45808200	U	U	U	U
chr22	45809000	45809200	U	U	U	U
chr22	45817800	45818000	U	U	U	U
chr22	45818000	45818200	U	U	U	U
chr22	45818800	45819000	U	U	U	U
chr22	45820600	45820800	U	U	U	U
chr22	45833000	45833200	U	U	U	U
chr22	45835600	45835800	U	U	U	U
chr22	45835800	45836000	U	U	U	U
chr22	45836800	45837000	U	U	U	U
chr22	45838600	45838800	U	U	U	U
chr22	45839600	45839800	U	U	U	U
chr22	45841600	45841800	U	U	U	U
chr22	45841800	45842000	U	U	U	U
chr22	45844800	45845000	U	U	U	U
chr22	45847400	45847600	U	U	U	U
chr22	45866000	45866200	U	U	U	U
chr22	45867800	45868000	U	U	U	U
chr22	45878400	45878600	U	U	U	U
chr22	45880600	45880800	U	U	U	U
chr22	45882400	45882600	U	U	U	U
chr22	45883200	45883400	U	U	U	U
chr22	45884400	45884600	U	U	U	U
chr22	45888400	45888600	U	U	U	U
chr22	45892000	45892200	U	U	U	U
chr22	45897200	45897400	U	U	U	U
chr22	45904000	45904200	U	U	U	U
chr22	45905400	45905600	U	U	U	U
chr22	45906600	45906800	U	U	U	U
chr22	45910600	45910800	U	U	U	U
chr22	45912200	45912400	U	U	U	U
chr22	45915000	45915200	U	U	U	U
chr22	45918600	45918800	U	U	U	U
chr22	45920000	45920200	U	U	U	U
chr22	45922400	45922600	U	U	U	U
chr22	45926400	45926600	U	U	U	U
chr22	45930200	45930400	U	U	U	U
chr22	45930400	45930600	U	U	U	U
chr22	45933200	45933400	U	U	U	U
chr22	45934600	45934800	U	U	U	U
chr22	45942200	45942400	U	U	U	U
chr22	45943400	45943600	U	U	U	U
chr22	45943800	45944000	U	U	U	U
chr22	45945800	45946000	U	U	U	U
chr22	45947000	45947200	U	U	U	U
chr22	45947800	45948000	U	U	U	U
chr22	45950400	45950600	U	U	U	U
chr22	45952200	45952400	U	U	U	U
chr22	45958800	45959000	U	U	U	U
chr22	45959800	45960000	U	U	U	U
chr22	45962200	45962400	U	U	U	U
chr22	45962400	45962600	U	U	U	U
chr22	45964800	45965000	U	U	U	U
chr22	45966200	45966400	U	U	U	U
chr22	45967200	45967400	U	U	U	U
chr22	45972400	45972600	U	U	U	U
chr22	45973400	45973600	U	U	U	U
chr22	45974600	45974800	U	U	U	U
chr22	45975200	45975400	U	U	U	U
chr22	45977600	45977800	U	U	U	U
chr22	45978400	45978600	B	U	U	U
chr22	45991000	45991200	U	U	U	U
chr22	45997800	45998000	U	U	U	U
chr22	45998200	45998400	U	U	U	U
chr22	46000800	46001000	U	U	U	U
chr22	46002200	46002400	U	U	U	U
chr22	46005400	46005600	U	U	U	U
chr22	46008200	46008400	U	U	U	U
chr22	46009200	46009400	U	U	U	U
chr22	46010200	46010400	U	U	U	U
chr22	46011000	46011200	U	U	U	U
chr22	46011200	46011400	U	U	U	U
chr22	46012200	46012400	U	U	U	U
chr22	46012400	46012600	U	U	U	U
chr22	46012600	46012800	U	U	U	U
chr22	46012800	46013000	U	U	U	U
chr22	46023600	46023800	U	U	U	U
chr22	46026400	46026600	U	U	U	U
chr22	46027800	46028000	U	U	U	U
chr22	46031000	46031200	U	U	U	U
chr22	46032400	46032600	U	U	U	U
chr22	46036000	46036200	B	U	U	U
chr22	46036400	46036600	B	U	U	U
chr22	46041200	46041400	U	U	U	U
chr22	46043800	46044000	U	U	U	U
chr22	46044000	46044200	U	U	U	U
chr22	46045200	46045400	U	U	U	U
chr22	46045400	46045600	U	U	U	U
chr22	46047400	46047600	U	U	U	U
chr22	46053400	46053600	U	U	U	U
chr22	46054600	46054800	U	U	U	U
chr22	46056200	46056400	U	U	U	U
chr22	46056600	46056800	U	U	U	U
chr22	46061200	46061400	U	U	U	U
chr22	46061400	46061600	U	U	U	U
chr22	46061800	46062000	U	U	U	U
chr22	46062400	46062600	U	U	U	U
chr22	46066400	46066600	U	U	U	U
chr22	46066600	46066800	U	U	U	U
chr22	46069000	46069200	B	U	U	U
chr22	46070600	46070800	U	U	U	U
chr22	46071400	46071600	U	U	U	U
chr22	46072000	46072200	U	U	U	U
chr22	46072600	46072800	U	U	U	U
chr22	46073000	46073200	U	U	U	U
chr22	46074000	46074200	U	U	U	U
chr22	46074400	46074600	U	U	U	U
chr22	46076200	46076400	U	U	U	U
chr22	46076600	46076800	U	U	U	U
chr22	46077200	46077400	U	U	U	U
chr22	46078000	46078200	U	U	U	U
chr22	46078600	46078800	U	U	U	U
chr22	46081600	46081800	U	U	U	U
chr22	46081800	46082000	U	U	U	U
chr22	46082400	46082600	U	U	U	U
chr22	46083400	46083600	U	U	U	U
chr22	46083600	46083800	U	U	U	U
chr22	46083800	46084000	U	U	U	U
chr22	46084000	46084200	U	U	U	U
chr22	46084800	46085000	B	U	U	U
chr22	46085000	46085200	B	U	U	U
chr22	46085200	46085400	B	U	U	U
chr22	46085400	46085600	B	U	U	U
chr22	46086400	46086600	B	U	U	U
chr22	46088000	46088200	B	U	U	U
chr22	46090400	46090600	U	U	U	U
chr22	46090600	46090800	U	U	U	U
chr22	46091000	46091200	U	U	U	U
chr22	46093800	46094000	U	U	U	U
chr22	46095000	46095200	U	U	U	U
chr22	46096200	46096400	U	U	U	U
chr22	46096800	46097000	U	U	U	U
chr22	46097800	46098000	U	U	U	U
chr22	46098200	46098400	U	U	U	U
chr22	46098400	46098600	U	U	U	U
chr22	46098800	46099000	U	U	U	U
chr22	46100400	46100600	U	U	U	U
chr22	46100800	46101000	U	U	U	U
chr22	46103000	46103200	U	U	U	U
chr22	46104600	46104800	U	U	U	U
chr22	46107200	46107400	U	U	U	U
chr22	46108000	46108200	U	U	U	U
chr22	46108800	46109000	U	U	U	U
chr22	46110200	46110400	B	U	U	U
chr22	46110800	46111000	U	U	U	U
chr22	46112200	46112400	U	U	U	U
chr22	46114400	46114600	U	U	U	U
chr22	46117200	46117400	U	U	U	U
chr22	46118200	46118400	U	U	U	U
chr22	46121800	46122000	U	U	U	U
chr22	46123600	46123800	U	U	U	U
chr22	46126200	46126400	U	U	U	U
chr22	46129000	46129200	U	U	U	U
chr22	46133400	46133600	U	U	U	U
chr22	46135600	46135800	U	U	U	U
chr22	46137000	46137200	U	U	U	U
chr22	46140800	46141000	U	U	U	U
chr22	46141200	46141400	U	U	U	U
chr22	46142800	46143000	U	U	U	U
chr22	46143200	46143400	U	U	U	U
chr22	46146600	46146800	U	U	U	U
chr22	46148800	46149000	U	U	U	U
chr22	46150600	46150800	B	U	U	U
chr22	46157400	46157600	U	U	U	U
chr22	46157600	46157800	U	U	U	U
chr22	46159800	46160000	U	U	U	U
chr22	46173200	46173400	U	U	U	U
chr22	46192400	46192600	U	U	U	U
chr22	46193600	46193800	B	U	B	U
chr22	46194000	46194200	B	U	B	B
chr22	46194200	46194400	B	U	B	B
chr22	46195400	46195600	U	U	U	U
chr22	46195800	46196000	U	U	U	U
chr22	46198400	46198600	U	U	U	U
chr22	46201400	46201600	U	U	U	U
chr22	46202200	46202400	U	U	U	U
chr22	46224600	46224800	U	U	U	U
chr22	46226400	46226600	U	U	U	U
chr22	46227000	46227200	U	U	U	U
chr22	46229600	46229800	U	U	U	U
chr22	46230400	46230600	U	U	U	U
chr22	46235000	46235200	B	U	U	B
chr22	46237000	46237200	U	U	U	U
chr22	46238000	46238200	U	U	U	U
chr22	46239600	46239800	U	U	U	U
chr22	46240000	46240200	U	U	U	U
chr22	46240200	46240400	U	U	U	U
chr22	46240800	46241000	U	U	U	U
chr22	46241400	46241600	U	U	U	U
chr22	46242800	46243000	U	U	U	U
chr22	46244000	46244200	U	U	U	U
chr22	46244800	46245000	U	U	U	U
chr22	46246200	46246400	U	U	U	U
chr22	46246800	46247000	U	U	U	U
chr22	46247400	46247600	U	U	U	U
chr22	46248000	46248200	U	U	U	U
chr22	46250000	46250200	B	U	U	U
chr22	46250200	46250400	B	U	U	U
chr22	46256800	46257000	U	U	U	U
chr22	46258600	46258800	U	U	U	U
chr22	46259400	46259600	U	U	U	U
chr22	46259800	46260000	U	U	U	U
chr22	46261000	46261200	U	U	U	U
chr22	46262800	46263000	U	U	U	U
chr22	46272800	46273000	U	U	U	U
chr22	46273000	46273200	U	U	U	U
chr22	46274600	46274800	U	U	U	U
chr22	46275400	46275600	U	U	U	U
chr22	46279600	46279800	U	U	U	U
chr22	46279800	46280000	U	U	U	U
chr22	46280600	46280800	U	U	U	U
chr22	46280800	46281000	U	U	U	U
chr22	46288400	46288600	U	U	U	U
chr22	46292800	46293000	U	U	U	U
chr22	46307200	46307400	B	U	U	U
chr22	46308000	46308200	U	U	U	U
chr22	46308200	46308400	U	U	U	U
chr22	46308600	46308800	U	U	U	U
chr22	46309200	46309400	U	U	U	U
chr22	46319400	46319600	U	U	U	U
chr22	46320400	46320600	U	U	U	U
chr22	46322400	46322600	U	U	U	U
chr22	46323200	46323400	U	U	U	U
chr22	46328000	46328200	U	U	U	U
chr22	46328600	46328800	U	U	U	U
chr22	46341600	46341800	U	U	U	U
chr22	46343800	46344000	U	U	U	U
chr22	46346800	46347000	U	U	U	U
chr22	46353000	46353200	U	U	U	U
chr22	46354000	46354200	U	U	U	U
chr22	46358400	46358600	U	U	U	U
chr22	46358600	46358800	U	U	U	U
chr22	46362000	46362200	U	U	U	U
chr22	46365400	46365600	U	U	U	U
chr22	46366600	46366800	U	U	U	U
chr22	46369800	46370000	U	U	U	U
chr22	46370800	46371000	U	U	U	U
chr22	46374600	46374800	U	U	U	U
chr22	46375000	46375200	U	U	U	U
chr22	46375200	46375400	U	U	U	U
chr22	46377200	46377400	U	U	U	U
chr22	46377600	46377800	U	U	U	U
chr22	46377800	46378000	U	U	U	U
chr22	46378800	46379000	U	U	U	U
chr22	46385400	46385600	U	U	U	U
chr22	46388600	46388800	U	U	U	U
chr22	46389400	46389600	U	U	U	U
chr22	46391000	46391200	B	U	U	U
chr22	46394600	46394800	U	U	U	U
chr22	46394800	46395000	U	U	U	U
chr22	46395200	46395400	U	U	U	U
chr22	46397600	46397800	U	U	U	U
chr22	46397800	46398000	U	U	U	U
chr22	46398400	46398600	U	U	U	U
chr22	46398600	46398800	U	U	U	U
chr22	46398800	46399000	U	U	U	U
chr22	46399000	46399200	U	U	U	U
chr22	46401000	46401200	U	U	U	U
chr22	46405800	46406000	U	U	U	U
chr22	46409200	46409400	U	U	U	U
chr22	46409400	46409600	U	U	U	U
chr22	46410200	46410400	U	U	U	U
chr22	46410600	46410800	U	U	U	U
chr22	46413000	46413200	U	U	U	U
chr22	46413600	46413800	U	U	U	U
chr22	46416000	46416200	U	U	U	U
chr22	46417000	46417200	U	U	U	U
chr22	46419000	46419200	U	U	U	U
chr22	46419200	46419400	U	U	U	U
chr22	46420600	46420800	U	U	U	U
chr22	46421600	46421800	U	U	U	U
chr22	46429000	46429200	U	U	U	U
chr22	46430200	46430400	U	U	U	U
chr22	46431400	46431600	U	U	U	U
chr22	46432000	46432200	U	U	U	U
chr22	46432600	46432800	U	U	U	U
chr22	46433400	46433600	U	U	U	U
chr22	46436400	46436600	U	U	U	U
chr22	46437800	46438000	U	U	U	U
chr22	46442600	46442800	U	U	U	U
chr22	46444000	46444200	U	U	U	U
chr22	46452400	46452600	U	U	U	U
chr22	46452800	46453000	U	U	U	U
chr22	46453200	46453400	U	U	U	U
chr22	46453600	46453800	U	U	U	U
chr22	46457400	46457600	U	U	U	U
chr22	46461200	46461400	U	U	U	U
chr22	46461400	46461600	U	U	U	U
chr22	46465200	46465400	U	U	U	U
chr22	46465600	46465800	U	U	U	U
chr22	46472200	46472400	U	U	U	U
chr22	46474200	46474400	U	U	U	U
chr22	46475800	46476000	U	U	U	U
chr22	46479800	46480000	U	U	U	U
chr22	46484200	46484400	U	U	U	U
chr22	46484800	46485000	U	U	U	U
chr22	46485200	46485400	U	U	U	U
chr22	46500400	46500600	U	U	U	U
chr22	46503200	46503400	U	U	U	U
chr22	46507600	46507800	U	U	U	U
chr22	46508200	46508400	U	U	U	U
chr22	46508600	46508800	U	U	U	U
chr22	46509800	46510000	U	U	U	U
chr22	46511800	46512000	U	U	U	U
chr22	46513400	46513600	U	U	U	U
chr22	46514200	46514400	U	U	U	U
chr22	46517600	46517800	U	U	U	U
chr22	46524800	46525000	U	U	U	U
chr22	46527600	46527800	U	U	U	U
chr22	46532200	46532400	U	U	U	U
chr22	46532400	46532600	U	U	U	U
chr22	46534000	46534200	U	U	U	U
chr22	46534200	46534400	U	U	U	U
chr22	46535200	46535400	U	U	U	U
chr22	46538200	46538400	U	U	U	U
chr22	46539000	46539200	U	U	U	U
chr22	46541000	46541200	U	U	U	U
chr22	46541600	46541800	U	U	U	U
chr22	46542600	46542800	B	U	U	U
chr22	46542800	46543000	B	U	U	U
chr22	46546800	46547000	U	U	U	U
chr22	46547400	46547600	U	U	U	U
chr22	46558000	46558200	U	U	U	U
chr22	46560800	46561000	U	U	U	U
chr22	46561800	46562000	B	U	B	U
chr22	46564200	46564400	B	U	U	U
chr22	46572800	46573000	U	U	U	U
chr22	46574800	46575000	U	U	U	U
chr22	46575000	46575200	U	U	U	U
chr22	46576200	46576400	U	U	U	U
chr22	46578600	46578800	B	U	U	U
chr22	46579600	46579800	U	U	U	U
chr22	46579800	46580000	U	U	U	U
chr22	46582200	46582400	U	U	U	U
chr22	46585600	46585800	U	U	U	U
chr22	46587400	46587600	U	U	U	U
chr22	46589000	46589200	U	U	U	U
chr22	46589800	46590000	U	U	U	U
chr22	46592800	46593000	B	U	U	U
chr22	46593000	46593200	U	U	U	U
chr22	46594400	46594600	U	U	U	U
chr22	46598600	46598800	U	U	U	U
chr22	46610600	46610800	U	U	U	U
chr22	46613800	46614000	U	U	U	U
chr22	46620600	46620800	U	U	U	U
chr22	46622200	46622400	U	U	U	U
chr22	46625600	46625800	U	U	U	U
chr22	46626200	46626400	U	U	U	U
chr22	46627800	46628000	B	U	U	U
chr22	46628000	46628200	U	U	U	U
chr22	46628800	46629000	U	U	U	U
chr22	46630600	46630800	U	U	U	U
chr22	46632600	46632800	U	U	U	U
chr22	46634000	46634200	U	U	U	U
chr22	46637800	46638000	U	U	U	U
chr22	46638200	46638400	U	U	U	U
chr22	46646000	46646200	U	U	U	U
chr22	46649400	46649600	B	U	U	B
chr22	46650000	46650200	B	U	U	U
chr22	46650600	46650800	U	U	U	U
chr22	46653000	46653200	U	U	U	U
chr22	46653400	46653600	U	U	U	U
chr22	46653800	46654000	U	U	U	U
chr22	46654600	46654800	U	U	U	U
chr22	46661000	46661200	U	U	U	U
chr22	46661800	46662000	U	U	U	U
chr22	46662400	46662600	U	U	U	U
chr22	46662600	46662800	U	U	U	U
chr22	46664600	46664800	U	U	U	U
chr22	46665800	46666000	U	U	U	U
chr22	46668000	46668200	U	U	U	U
chr22	46672200	46672400	U	U	U	U
chr22	46672600	46672800	U	U	U	U
chr22	46673200	46673400	U	U	U	U
chr22	46673600	46673800	U	U	U	U
chr22	46674000	46674200	U	U	U	U
chr22	46674600	46674800	U	U	U	U
chr22	46675600	46675800	U	U	U	U
chr22	46676800	46677000	U	U	U	U
chr22	46678400	46678600	U	U	U	U
chr22	46678800	46679000	U	U	U	U
chr22	46679800	46680000	U	U	U	U
chr22	46685400	46685600	U	U	U	U
chr22	46685800	46686000	U	U	U	U
chr22	46687600	46687800	U	U	U	U
chr22	46690200	46690400	U	U	U	U
chr22	46693400	46693600	U	U	U	U
chr22	46694000	46694200	U	U	U	U
chr22	46699600	46699800	U	U	U	U
chr22	46703200	46703400	U	U	U	U
chr22	46706400	46706600	U	U	U	U
chr22	46718200	46718400	U	U	U	U
chr22	46720000	46720200	U	U	U	U
chr22	46721600	46721800	U	U	U	U
chr22	46726800	46727000	U	U	U	U
chr22	46728200	46728400	U	U	U	U
chr22	46734800	46735000	U	U	U	U
chr22	46735800	46736000	U	U	U	U
chr22	46736400	46736600	U	U	U	U
chr22	46736600	46736800	U	U	U	U
chr22	46738600	46738800	B	U	U	U
chr22	46739600	46739800	U	U	U	U
chr22	46744600	46744800	U	U	U	U
chr22	46750200	46750400	U	U	U	U
chr22	46750600	46750800	U	U	U	U
chr22	46751000	46751200	U	U	U	U
chr22	46752400	46752600	U	U	U	U
chr22	46760800	46761000	U	U	B	U
chr22	46763000	46763200	B	U	U	U
chr22	46764200	46764400	U	U	U	U
chr22	46770600	46770800	U	U	U	U
chr22	46771000	46771200	U	U	U	U
chr22	46774400	46774600	B	U	U	U
chr22	46775400	46775600	U	U	U	U
chr22	46779800	46780000	U	U	U	U
chr22	46784400	46784600	U	U	U	U
chr22	46792200	46792400	U	U	U	U
chr22	46793400	46793600	U	U	U	U
chr22	46793600	46793800	U	U	U	U
chr22	46794400	46794600	U	U	U	U
chr22	46794800	46795000	U	U	U	U
chr22	46795200	46795400	U	U	U	U
chr22	46796000	46796200	U	U	U	U
chr22	46803200	46803400	B	U	B	U
chr22	46804200	46804400	U	U	U	U
chr22	46810000	46810200	U	U	U	U
chr22	46811000	46811200	U	U	U	U
chr22	46812800	46813000	U	U	U	U
chr22	46813200	46813400	U	U	U	U
chr22	46815400	46815600	U	U	U	U
chr22	46833000	46833200	U	U	U	U
chr22	46833400	46833600	U	U	U	U
chr22	46843400	46843600	U	U	U	U
chr22	46843600	46843800	U	U	U	U
chr22	46844000	46844200	U	U	U	U
chr22	46846000	46846200	U	U	U	U
chr22	46846200	46846400	U	U	U	U
chr22	46847400	46847600	U	U	U	U
chr22	46849800	46850000	U	U	U	U
chr22	46854800	46855000	U	U	U	U
chr22	46855400	46855600	U	U	U	U
chr22	46855600	46855800	U	U	U	U
chr22	46857200	46857400	U	U	U	U
chr22	46861400	46861600	U	U	U	U
chr22	46861600	46861800	U	U	U	U
chr22	46862400	46862600	U	U	U	U
chr22	46863400	46863600	U	U	U	U
chr22	46863600	46863800	U	U	U	U
chr22	46863800	46864000	U	U	U	U
chr22	46864000	46864200	U	U	U	U
chr22	46864400	46864600	U	U	U	U
chr22	46876000	46876200	U	U	U	U
chr22	46877400	46877600	U	U	U	U
chr22	46881000	46881200	U	U	U	U
chr22	46881600	46881800	U	U	U	U
chr22	46885600	46885800	U	U	U	U
chr22	46886400	46886600	U	U	U	U
chr22	46891600	46891800	U	U	U	U
chr22	46892800	46893000	U	U	U	U
chr22	46893200	46893400	U	U	U	U
chr22	46894800	46895000	U	U	U	U
chr22	46902200	46902400	U	U	U	U
chr22	46903200	46903400	U	U	U	U
chr22	46903600	46903800	U	U	U	U
chr22	46905600	46905800	U	U	U	U
chr22	46911000	46911200	U	U	U	U
chr22	46913800	46914000	U	U	U	U
chr22	46915200	46915400	U	U	U	U
chr22	46918200	46918400	U	U	U	U
chr22	46920400	46920600	U	U	U	U
chr22	46930000	46930200	U	U	U	U
chr22	46935400	46935600	B	U	U	U
chr22	46936600	46936800	U	U	U	U
chr22	46936800	46937000	U	U	U	U
chr22	46946400	46946600	U	U	U	U
chr22	46946600	46946800	U	U	U	U
chr22	46948400	46948600	U	U	U	U
chr22	46952000	46952200	U	U	U	U
chr22	46952200	46952400	U	U	U	U
chr22	46954800	46955000	U	U	U	U
chr22	46955200	46955400	U	U	U	U
chr22	46958200	46958400	U	U	U	U
chr22	46958600	46958800	U	U	U	U
chr22	46959000	46959200	U	U	U	U
chr22	46959400	46959600	U	U	U	U
chr22	46962000	46962200	U	U	U	U
chr22	46963600	46963800	U	U	U	U
chr22	46964800	46965000	U	U	U	U
chr22	46965600	46965800	U	U	U	U
chr22	46966600	46966800	U	U	U	U
chr22	46967000	46967200	U	U	U	U
chr22	46969400	46969600	U	U	U	U
chr22	46970800	46971000	U	U	U	U
chr22	46973200	46973400	U	U	U	U
chr22	46973800	46974000	U	U	U	U
chr22	46974600	46974800	U	U	U	U
chr22	46975400	46975600	U	U	U	U
chr22	46982600	46982800	U	U	U	U
chr22	46990800	46991000	U	U	U	U
chr22	46994800	46995000	U	U	U	U
chr22	46998000	46998200	U	U	U	U
chr22	47000600	47000800	U	U	U	U
chr22	47006400	47006600	U	U	U	U
chr22	47008000	47008200	U	U	U	U
chr22	47010000	47010200	U	U	U	U
chr22	47010600	47010800	U	U	U	U
chr22	47012400	47012600	U	U	U	U
chr22	47016000	47016200	U	U	U	U
chr22	47016600	47016800	U	U	U	U
chr22	47018600	47018800	U	U	U	U
chr22	47030000	47030200	U	U	U	U
chr22	47030600	47030800	U	U	U	U
chr22	47032400	47032600	U	U	U	U
chr22	47033200	47033400	U	U	U	U
chr22	47034200	47034400	U	U	U	U
chr22	47035000	47035200	U	U	U	U
chr22	47038200	47038400	U	U	U	U
chr22	47040600	47040800	U	U	U	U
chr22	47042800	47043000	U	U	U	U
chr22	47043400	47043600	U	U	U	U
chr22	47044800	47045000	U	U	U	U
chr22	47047000	47047200	U	U	U	U
chr22	47048000	47048200	U	U	U	U
chr22	47048800	47049000	U	U	U	U
chr22	47050400	47050600	U	U	U	U
chr22	47050800	47051000	U	U	U	U
chr22	47051000	47051200	U	U	U	U
chr22	47054600	47054800	U	U	U	U
chr22	47054800	47055000	U	U	U	U
chr22	47056200	47056400	U	U	U	U
chr22	47057000	47057200	U	U	U	U
chr22	47059200	47059400	U	U	U	U
chr22	47061600	47061800	U	U	U	U
chr22	47065600	47065800	U	U	U	U
chr22	47067800	47068000	U	U	U	U
chr22	47068800	47069000	U	U	U	U
chr22	47069000	47069200	U	U	U	U
chr22	47071000	47071200	U	U	U	U
chr22	47071200	47071400	U	U	U	U
chr22	47072400	47072600	U	U	U	U
chr22	47074600	47074800	U	U	U	U
chr22	47078200	47078400	U	U	U	U
chr22	47089600	47089800	U	U	U	U
chr22	47092800	47093000	U	U	U	U
chr22	47093400	47093600	U	U	U	U
chr22	47095000	47095200	U	U	U	U
chr22	47095200	47095400	U	U	U	U
chr22	47101400	47101600	U	U	U	U
chr22	47101600	47101800	U	U	U	U
chr22	47105200	47105400	U	U	U	U
chr22	47112200	47112400	U	U	U	U
chr22	47113600	47113800	U	U	U	U
chr22	47114000	47114200	U	U	U	U
chr22	47115800	47116000	U	U	U	U
chr22	47116000	47116200	U	U	U	U
chr22	47116400	47116600	U	U	U	U
chr22	47124000	47124200	U	U	U	U
chr22	47124800	47125000	U	U	U	U
chr22	47125200	47125400	U	U	U	U
chr22	47131400	47131600	U	U	U	U
chr22	47131600	47131800	U	U	U	U
chr22	47132600	47132800	U	U	U	U
chr22	47134400	47134600	U	U	U	U
chr22	47136200	47136400	U	U	U	U
chr22	47143000	47143200	U	U	U	U
chr22	47144400	47144600	U	U	U	U
chr22	47150800	47151000	U	U	U	U
chr22	47152000	47152200	U	U	U	U
chr22	47154200	47154400	U	U	U	U
chr22	47154800	47155000	U	U	U	U
chr22	47156600	47156800	U	U	U	U
chr22	47157600	47157800	U	U	U	U
chr22	47157800	47158000	U	U	U	U
chr22	47158200	47158400	U	U	U	U
chr22	47164000	47164200	U	U	U	U
chr22	47164200	47164400	U	U	U	U
chr22	47169800	47170000	U	U	U	U
chr22	47174400	47174600	U	U	U	U
chr22	47175400	47175600	U	U	U	U
chr22	47176800	47177000	U	U	U	U
chr22	47188800	47189000	U	U	U	U
chr22	47189000	47189200	U	U	U	U
chr22	47189400	47189600	U	U	U	U
chr22	47192400	47192600	B	U	U	U
chr22	47192600	47192800	B	U	U	U
chr22	47192800	47193000	B	U	U	U
chr22	47193200	47193400	B	U	U	U
chr22	47193400	47193600	B	U	U	U
chr22	47194000	47194200	U	U	U	U
chr22	47195600	47195800	U	U	U	U
chr22	47198400	47198600	U	U	U	U
chr22	47199800	47200000	U	U	U	U
chr22	47203000	47203200	U	U	U	U
chr22	47205600	47205800	U	U	U	U
chr22	47209800	47210000	U	U	U	U
chr22	47210400	47210600	U	U	U	U
chr22	47231600	47231800	U	U	U	U
chr22	47231800	47232000	U	U	U	U
chr22	47232600	47232800	U	U	U	U
chr22	47239200	47239400	U	U	U	U
chr22	47239800	47240000	U	U	U	U
chr22	47247400	47247600	U	U	U	U
chr22	47258400	47258600	U	U	U	U
chr22	47268800	47269000	U	U	U	U
chr22	47277000	47277200	U	U	U	U
chr22	47278600	47278800	U	U	U	U
chr22	47278800	47279000	U	U	U	U
chr22	47281600	47281800	U	U	U	U
chr22	47282600	47282800	U	U	U	U
chr22	47283200	47283400	U	U	U	U
chr22	47283800	47284000	U	U	U	U
chr22	47284000	47284200	U	U	U	U
chr22	47284400	47284600	U	U	U	U
chr22	47285400	47285600	U	U	U	U
chr22	47285600	47285800	U	U	U	U
chr22	47291800	47292000	U	U	U	U
chr22	47292000	47292200	U	U	U	U
chr22	47294800	47295000	U	U	U	U
chr22	47295800	47296000	U	U	U	U
chr22	47297600	47297800	U	U	U	U
chr22	47298600	47298800	U	U	U	U
chr22	47298800	47299000	U	U	U	U
chr22	47300600	47300800	U	U	U	U
chr22	47300800	47301000	U	U	U	U
chr22	47302000	47302200	U	U	U	U
chr22	47323800	47324000	U	U	U	U
chr22	47330800	47331000	U	U	U	U
chr22	47340800	47341000	U	U	U	U
chr22	47342600	47342800	U	U	U	U
chr22	47343800	47344000	U	U	U	U
chr22	47344200	47344400	U	U	U	U
chr22	47344800	47345000	U	U	U	U
chr22	47354000	47354200	U	U	U	U
chr22	47356800	47357000	U	U	U	U
chr22	47368800	47369000	U	U	U	U
chr22	47372200	47372400	U	U	U	U
chr22	47372600	47372800	U	U	U	U
chr22	47372800	47373000	U	U	U	U
chr22	47375400	47375600	U	U	U	U
chr22	47382600	47382800	U	U	U	U
chr22	47382800	47383000	U	U	U	U
chr22	47384200	47384400	U	U	U	U
chr22	47385600	47385800	U	U	U	U
chr22	47386800	47387000	U	U	U	U
chr22	47387800	47388000	U	U	U	U
chr22	47389800	47390000	U	U	U	U
chr22	47393400	47393600	U	U	U	U
chr22	47401200	47401400	U	U	U	U
chr22	47401800	47402000	U	U	U	U
chr22	47402600	47402800	U	U	U	U
chr22	47407600	47407800	U	U	U	U
chr22	47419400	47419600	U	U	B	U
chr22	47421600	47421800	U	U	U	U
chr22	47421800	47422000	U	U	U	U
chr22	47425200	47425400	U	U	U	U
chr22	47426200	47426400	U	U	U	U
chr22	47435200	47435400	U	U	U	U
chr22	47442000	47442200	U	U	U	U
chr22	47444200	47444400	U	U	U	U
chr22	47446000	47446200	U	U	U	U
chr22	47446200	47446400	U	U	U	U
chr22	47446400	47446600	U	U	U	U
chr22	47448600	47448800	U	U	U	U
chr22	47469000	47469200	U	U	U	U
chr22	47486800	47487000	U	U	U	U
chr22	47487200	47487400	U	U	U	U
chr22	47494200	47494400	U	U	U	U
chr22	47498800	47499000	U	U	U	U
chr22	47499200	47499400	U	U	U	U
chr22	47514400	47514600	U	U	U	U
chr22	47514600	47514800	U	U	U	U
chr22	47515000	47515200	U	U	U	U
chr22	47535800	47536000	U	U	U	U
chr22	47539200	47539400	U	U	U	U
chr22	47539800	47540000	U	U	U	U
chr22	47544600	47544800	U	U	U	U
chr22	47547400	47547600	U	U	U	U
chr22	47547600	47547800	U	U	U	U
chr22	47549600	47549800	U	U	U	U
chr22	47552800	47553000	U	U	U	U
chr22	47560400	47560600	U	U	U	U
chr22	47564600	47564800	U	U	U	U
chr22	47565000	47565200	U	U	U	U
chr22	47565600	47565800	U	U	U	U
chr22	47566600	47566800	U	U	U	U
chr22	47567600	47567800	U	U	U	U
chr22	47570000	47570200	U	U	U	U
chr22	47571600	47571800	U	U	U	U
chr22	47572600	47572800	U	U	U	U
chr22	47572800	47573000	U	U	U	U
chr22	47574400	47574600	U	U	U	U
chr22	47574600	47574800	U	U	U	U
chr22	47591200	47591400	U	U	U	U
chr22	47591600	47591800	U	U	U	U
chr22	47594400	47594600	U	U	U	U
chr22	47596200	47596400	U	U	U	U
chr22	47599600	47599800	U	U	U	U
chr22	47601600	47601800	U	U	U	U
chr22	47602000	47602200	U	U	U	U
chr22	47604400	47604600	U	U	U	U
chr22	47606200	47606400	U	U	U	U
chr22	47607600	47607800	U	U	U	U
chr22	47608400	47608600	U	U	U	U
chr22	47614000	47614200	U	U	U	U
chr22	47621000	47621200	U	U	U	U
chr22	47623600	47623800	U	U	U	U
chr22	47630800	47631000	B	U	U	U
chr22	47631000	47631200	B	U	U	U
chr22	47634000	47634200	U	U	U	U
chr22	47634600	47634800	U	U	U	U
chr22	47635600	47635800	U	U	U	U
chr22	47636400	47636600	U	U	U	U
chr22	47653600	47653800	U	U	U	U
chr22	47655000	47655200	U	U	U	U
chr22	47655200	47655400	U	U	U	U
chr22	47656400	47656600	U	U	U	U
chr22	47656600	47656800	U	U	U	U
chr22	47656800	47657000	U	U	U	U
chr22	47668800	47669000	U	U	U	U
chr22	47669000	47669200	U	U	U	U
chr22	47671600	47671800	U	U	U	U
chr22	47671800	47672000	U	U	U	U
chr22	47682400	47682600	U	U	U	U
chr22	47682800	47683000	U	U	U	U
chr22	47684200	47684400	U	U	U	U
chr22	47686600	47686800	U	U	U	U
chr22	47686800	47687000	U	U	U	U
chr22	47690400	47690600	U	U	U	U
chr22	47692600	47692800	U	U	U	U
chr22	47714400	47714600	B	U	U	U
chr22	47717600	47717800	U	U	U	U
chr22	47728600	47728800	U	U	U	U
chr22	47735600	47735800	U	U	U	U
chr22	47739800	47740000	U	U	U	U
chr22	47741800	47742000	U	U	U	U
chr22	47743000	47743200	U	U	U	U
chr22	47743200	47743400	U	U	U	U
chr22	47761200	47761400	U	U	U	U
chr22	47761400	47761600	U	U	U	U
chr22	47762200	47762400	U	U	U	U
chr22	47763600	47763800	U	U	U	U
chr22	47779000	47779200	U	U	U	U
chr22	47779400	47779600	B	U	U	B
chr22	47780600	47780800	U	U	U	U
chr22	47782400	47782600	U	U	U	U
chr22	47782600	47782800	U	U	U	U
chr22	47782800	47783000	U	U	U	U
chr22	47784000	47784200	U	U	U	U
chr22	47787800	47788000	U	U	U	U
chr22	47790000	47790200	U	U	U	U
chr22	47793600	47793800	U	U	U	U
chr22	47794000	47794200	U	U	U	U
chr22	47795000	47795200	U	U	U	U
chr22	47795400	47795600	U	U	U	U
chr22	47795600	47795800	U	U	U	U
chr22	47795800	47796000	U	U	U	U
chr22	47797400	47797600	U	U	U	U
chr22	47804000	47804200	U	U	U	U
chr22	47806000	47806200	U	U	U	U
chr22	47807000	47807200	U	U	U	U
chr22	47807800	47808000	U	U	U	U
chr22	47810800	47811000	U	U	U	U
chr22	47811200	47811400	U	U	U	U
chr22	47813200	47813400	U	U	U	U
chr22	47816000	47816200	U	U	U	U
chr22	47821000	47821200	U	U	U	U
chr22	47822200	47822400	U	U	U	U
chr22	47822400	47822600	U	U	U	U
chr22	47826200	47826400	U	U	U	U
chr22	47831800	47832000	U	U	U	U
chr22	47832600	47832800	U	U	U	U
chr22	47837600	47837800	B	U	B	U
chr22	47839400	47839600	U	U	U	U
chr22	47840200	47840400	U	U	U	U
chr22	47843200	47843400	U	U	U	U
chr22	47844600	47844800	U	U	U	U
chr22	47848800	47849000	U	U	U	U
chr22	47850800	47851000	U	U	U	U
chr22	47851800	47852000	U	U	U	U
chr22	47879600	47879800	U	U	U	U
chr22	47880000	47880200	U	U	U	U
chr22	47882000	47882200	U	U	U	U
chr22	47887000	47887200	U	U	U	U
chr22	47887400	47887600	U	U	U	U
chr22	47887600	47887800	U	U	U	U
chr22	47888800	47889000	U	U	U	U
chr22	47889000	47889200	U	U	U	U
chr22	47892000	47892200	U	U	U	U
chr22	47901800	47902000	U	U	U	U
chr22	47902000	47902200	U	U	U	U
chr22	47902200	47902400	U	U	U	U
chr22	47906800	47907000	U	U	U	U
chr22	47925000	47925200	U	U	U	U
chr22	47928400	47928600	U	U	U	U
chr22	47928600	47928800	U	U	U	U
chr22	47930400	47930600	U	U	U	U
chr22	47930600	47930800	U	U	U	U
chr22	47944000	47944200	U	U	U	U
chr22	47946200	47946400	U	U	U	U
chr22	47946400	47946600	U	U	U	U
chr22	47946800	47947000	U	U	U	U
chr22	47952200	47952400	U	U	U	U
chr22	47953200	47953400	U	U	U	U
chr22	47956400	47956600	U	U	U	U
chr22	47964800	47965000	U	U	U	U
chr22	47965400	47965600	U	U	U	U
chr22	47968200	47968400	U	U	U	U
chr22	47968600	47968800	U	U	U	U
chr22	47970000	47970200	U	U	U	U
chr22	47970200	47970400	U	U	U	U
chr22	47970600	47970800	U	U	U	U
chr22	47991200	47991400	U	U	U	U
chr22	47991400	47991600	U	U	U	U
chr22	47994200	47994400	U	U	U	U
chr22	47995400	47995600	U	U	U	U
chr22	48001200	48001400	U	U	U	U
chr22	48001600	48001800	U	U	U	U
chr22	48004000	48004200	U	U	U	U
chr22	48005200	48005400	U	U	U	U
chr22	48015600	48015800	U	U	U	U
chr22	48016200	48016400	U	U	U	U
chr22	48017800	48018000	U	U	U	U
chr22	48018000	48018200	U	U	U	U
chr22	48019400	48019600	U	U	U	U
chr22	48019800	48020000	U	U	U	U
chr22	48028800	48029000	U	U	U	U
chr22	48035800	48036000	U	U	U	U
chr22	48038800	48039000	U	U	U	U
chr22	48043400	48043600	U	U	U	U
chr22	48046200	48046400	U	U	U	U
chr22	48046400	48046600	U	U	U	U
chr22	48048400	48048600	U	U	U	U
chr22	48050800	48051000	U	U	U	U
chr22	48052000	48052200	U	U	U	U
chr22	48054400	48054600	U	U	U	U
chr22	48056000	48056200	U	U	U	U
chr22	48057600	48057800	U	U	U	U
chr22	48061000	48061200	U	U	U	U
chr22	48064200	48064400	U	U	U	U
chr22	48068400	48068600	U	U	U	U
chr22	48080200	48080400	U	U	U	U
chr22	48095000	48095200	U	U	U	U
chr22	48095600	48095800	U	U	U	U
chr22	48097200	48097400	U	U	U	U
chr22	48097400	48097600	U	U	U	U
chr22	48097800	48098000	U	U	U	U
chr22	48099600	48099800	U	U	U	U
chr22	48100600	48100800	U	U	U	U
chr22	48102800	48103000	U	U	U	U
chr22	48105400	48105600	U	U	U	U
chr22	48114400	48114600	U	U	U	U
chr22	48116000	48116200	U	U	U	U
chr22	48132600	48132800	U	U	U	U
chr22	48136200	48136400	U	U	U	U
chr22	48139200	48139400	U	U	U	U
chr22	48140400	48140600	U	U	U	U
chr22	48144200	48144400	U	U	U	U
chr22	48146800	48147000	U	U	U	U
chr22	48150400	48150600	U	U	U	U
chr22	48152800	48153000	U	U	U	U
chr22	48153000	48153200	U	U	U	U
chr22	48154800	48155000	U	U	U	U
chr22	48155400	48155600	U	U	U	U
chr22	48156600	48156800	U	U	U	U
chr22	48158600	48158800	U	U	U	U
chr22	48160400	48160600	U	U	U	U
chr22	48165400	48165600	U	U	U	U
chr22	48167200	48167400	U	U	B	U
chr22	48168000	48168200	U	U	U	U
chr22	48168800	48169000	U	U	U	U
chr22	48172000	48172200	U	U	U	U
chr22	48172800	48173000	U	U	U	U
chr22	48173200	48173400	U	U	U	U
chr22	48173400	48173600	U	U	U	U
chr22	48173800	48174000	U	U	U	U
chr22	48175000	48175200	U	U	U	U
chr22	48178600	48178800	U	U	U	U
chr22	48180200	48180400	U	U	U	U
chr22	48181600	48181800	U	U	U	U
chr22	48182000	48182200	U	U	U	U
chr22	48183000	48183200	U	U	U	U
chr22	48186400	48186600	U	U	U	U
chr22	48199400	48199600	U	U	U	U
chr22	48207600	48207800	U	U	U	U
chr22	48207800	48208000	U	U	U	U
chr22	48210400	48210600	U	U	U	U
chr22	48211000	48211200	U	U	U	U
chr22	48211800	48212000	U	U	U	U
chr22	48214800	48215000	U	U	U	U
chr22	48219000	48219200	U	U	U	U
chr22	48219600	48219800	U	U	U	U
chr22	48223800	48224000	U	U	U	U
chr22	48224000	48224200	U	U	U	U
chr22	48228600	48228800	U	U	U	U
chr22	48237600	48237800	U	U	U	U
chr22	48238000	48238200	U	U	U	U
chr22	48239000	48239200	U	U	U	U
chr22	48239200	48239400	U	U	U	U
chr22	48239600	48239800	U	U	U	U
chr22	48240400	48240600	U	U	U	U
chr22	48242000	48242200	U	U	U	U
chr22	48244600	48244800	U	U	U	U
chr22	48245000	48245200	U	U	U	U
chr22	48245200	48245400	U	U	U	U
chr22	48255400	48255600	U	U	U	U
chr22	48258200	48258400	U	U	U	U
chr22	48258800	48259000	U	U	U	U
chr22	48260000	48260200	U	U	U	U
chr22	48264600	48264800	U	U	U	U
chr22	48267200	48267400	U	U	U	U
chr22	48268400	48268600	U	U	U	U
chr22	48272000	48272200	U	U	U	U
chr22	48273600	48273800	U	U	U	U
chr22	48275800	48276000	U	U	U	U
chr22	48277600	48277800	U	U	U	U
chr22	48277800	48278000	U	U	U	U
chr22	48289400	48289600	U	U	U	U
chr22	48301000	48301200	U	U	U	U
chr22	48301400	48301600	U	U	U	U
chr22	48302800	48303000	U	U	U	U
chr22	48303000	48303200	U	U	U	U
chr22	48305000	48305200	U	U	U	U
chr22	48305200	48305400	U	U	U	U
chr22	48305600	48305800	U	U	U	U
chr22	48309800	48310000	U	U	U	U
chr22	48315400	48315600	U	U	U	U
chr22	48317400	48317600	U	U	U	U
chr22	48319200	48319400	U	U	U	U
chr22	48321200	48321400	U	U	U	U
chr22	48327800	48328000	U	U	U	U
chr22	48331600	48331800	U	U	U	U
chr22	48331800	48332000	U	U	U	U
chr22	48332000	48332200	U	U	U	U
chr22	48336600	48336800	U	U	U	U
chr22	48338400	48338600	U	U	U	U
chr22	48340000	48340200	U	U	U	U
chr22	48341400	48341600	U	U	U	U
chr22	48344600	48344800	U	U	U	U
chr22	48346000	48346200	U	U	U	U
chr22	48346600	48346800	U	U	U	U
chr22	48350600	48350800	U	U	U	U
chr22	48351400	48351600	U	U	U	U
chr22	48351800	48352000	U	U	U	U
chr22	48352200	48352400	U	U	U	U
chr22	48353600	48353800	U	U	U	U
chr22	48354000	48354200	U	U	U	U
chr22	48358800	48359000	U	U	U	U
chr22	48362000	48362200	U	U	U	U
chr22	48362200	48362400	U	U	U	U
chr22	48363600	48363800	U	U	U	U
chr22	48366400	48366600	U	U	U	U
chr22	48380200	48380400	U	U	U	U
chr22	48381000	48381200	U	U	U	U
chr22	48382400	48382600	U	U	U	U
chr22	48396400	48396600	U	U	U	U
chr22	48397400	48397600	U	U	U	U
chr22	48398600	48398800	U	U	U	U
chr22	48404000	48404200	U	U	U	U
chr22	48405800	48406000	U	U	U	U
chr22	48414600	48414800	U	U	U	U
chr22	48416400	48416600	U	U	U	U
chr22	48416800	48417000	U	U	U	U
chr22	48419200	48419400	U	U	U	U
chr22	48423800	48424000	U	U	U	U
chr22	48428800	48429000	U	U	U	U
chr22	48429200	48429400	U	U	U	U
chr22	48430000	48430200	U	U	U	U
chr22	48431000	48431200	U	U	U	U
chr22	48434000	48434200	U	U	U	U
chr22	48434200	48434400	U	U	U	U
chr22	48434400	48434600	U	U	U	U
chr22	48439000	48439200	U	U	U	U
chr22	48440200	48440400	U	U	U	U
chr22	48441400	48441600	U	U	U	U
chr22	48444400	48444600	U	U	U	U
chr22	48452200	48452400	U	U	U	U
chr22	48454000	48454200	U	U	U	U
chr22	48462000	48462200	U	U	U	U
chr22	48475400	48475600	U	U	U	U
chr22	48476000	48476200	U	U	U	U
chr22	48477000	48477200	U	U	U	U
chr22	48478400	48478600	U	U	U	U
chr22	48478800	48479000	U	U	U	U
chr22	48485600	48485800	U	U	U	U
chr22	48486000	48486200	U	U	U	U
chr22	48486200	48486400	U	U	U	U
chr22	48486600	48486800	U	U	U	U
chr22	48488800	48489000	U	U	U	U
chr22	48490800	48491000	U	U	U	U
chr22	48494200	48494400	U	U	U	U
chr22	48494400	48494600	U	U	U	U
chr22	48496000	48496200	U	U	U	U
chr22	48499000	48499200	U	U	U	U
chr22	48499800	48500000	U	U	U	U
chr22	48502000	48502200	U	U	U	U
chr22	48506600	48506800	U	U	U	U
chr22	48510800	48511000	U	U	U	U
chr22	48513600	48513800	U	U	U	U
chr22	48515600	48515800	U	U	U	U
chr22	48516200	48516400	U	U	U	U
chr22	48516400	48516600	U	U	U	U
chr22	48516600	48516800	U	U	U	U
chr22	48517400	48517600	U	U	U	U
chr22	48517800	48518000	U	U	U	U
chr22	48520400	48520600	U	U	U	U
chr22	48520800	48521000	U	U	U	U
chr22	48521400	48521600	U	U	U	U
chr22	48522400	48522600	U	U	U	U
chr22	48522600	48522800	U	U	U	U
chr22	48523600	48523800	U	U	U	U
chr22	48524000	48524200	U	U	U	U
chr22	48524600	48524800	U	U	U	U
chr22	48525800	48526000	U	U	U	U
chr22	48526400	48526600	U	U	U	U
chr22	48526800	48527000	U	U	U	U
chr22	48531600	48531800	U	U	U	U
chr22	48532400	48532600	U	U	U	U
chr22	48533400	48533600	U	U	U	U
chr22	48533800	48534000	U	U	U	U
chr22	48536200	48536400	U	U	U	U
chr22	48538400	48538600	U	U	U	U
chr22	48540200	48540400	U	U	U	U
chr22	48543800	48544000	U	U	U	U
chr22	48546000	48546200	U	U	U	U
chr22	48546400	48546600	U	U	U	U
chr22	48547400	48547600	U	U	U	U
chr22	48551800	48552000	U	U	U	U
chr22	48552200	48552400	U	U	U	U
chr22	48552600	48552800	U	U	U	U
chr22	48554000	48554200	U	U	U	U
chr22	48554800	48555000	U	U	U	U
chr22	48555800	48556000	U	U	U	U
chr22	48556000	48556200	U	U	U	U
chr22	48558000	48558200	U	U	U	U
chr22	48558400	48558600	U	U	U	U
chr22	48559400	48559600	U	U	U	U
chr22	48560000	48560200	U	U	U	U
chr22	48561000	48561200	U	U	U	U
chr22	48561800	48562000	U	U	U	U
chr22	48563200	48563400	U	U	U	U
chr22	48563600	48563800	U	U	U	U
chr22	48563800	48564000	U	U	U	U
chr22	48565400	48565600	U	U	U	U
chr22	48565600	48565800	U	U	U	U
chr22	48567200	48567400	U	U	U	U
chr22	48568600	48568800	U	U	U	U
chr22	48574000	48574200	U	U	U	U
chr22	48575800	48576000	U	U	U	U
chr22	48576000	48576200	U	U	U	U
chr22	48576600	48576800	U	U	U	U
chr22	48577400	48577600	U	U	U	U
chr22	48578000	48578200	U	U	U	U
chr22	48578800	48579000	U	U	U	U
chr22	48579200	48579400	U	U	U	U
chr22	48579400	48579600	U	U	U	U
chr22	48579600	48579800	U	U	U	U
chr22	48580800	48581000	U	U	U	U
chr22	48581000	48581200	U	U	U	U
chr22	48581400	48581600	U	U	U	U
chr22	48581600	48581800	U	U	U	U
chr22	48587400	48587600	U	U	U	U
chr22	48588000	48588200	U	U	U	U
chr22	48588200	48588400	U	U	U	U
chr22	48591800	48592000	U	U	U	U
chr22	48594400	48594600	U	U	U	U
chr22	48594600	48594800	U	U	U	U
chr22	48595000	48595200	U	U	U	U
chr22	48596000	48596200	U	U	U	U
chr22	48596200	48596400	U	U	U	U
chr22	48601800	48602000	U	U	U	U
chr22	48602600	48602800	U	U	U	U
chr22	48603800	48604000	U	U	U	U
chr22	48604600	48604800	U	U	U	U
chr22	48606000	48606200	U	U	U	U
chr22	48608200	48608400	U	U	U	U
chr22	48609000	48609200	U	U	U	U
chr22	48613200	48613400	U	U	U	U
chr22	48615600	48615800	U	U	U	U
chr22	48616400	48616600	U	U	U	U
chr22	48617600	48617800	U	U	U	U
chr22	48618800	48619000	U	U	U	U
chr22	48619000	48619200	U	U	U	U
chr22	48620200	48620400	U	U	U	U
chr22	48627000	48627200	U	U	U	U
chr22	48627800	48628000	U	U	U	U
chr22	48628200	48628400	U	U	U	U
chr22	48629000	48629200	U	U	U	U
chr22	48629200	48629400	U	U	U	U
chr22	48631800	48632000	U	U	U	U
chr22	48632200	48632400	U	U	U	U
chr22	48632600	48632800	U	U	U	U
chr22	48632800	48633000	U	U	U	U
chr22	48633000	48633200	U	U	U	U
chr22	48633800	48634000	U	U	U	U
chr22	48635200	48635400	U	U	U	U
chr22	48635400	48635600	U	U	U	U
chr22	48638000	48638200	U	U	U	U
chr22	48642200	48642400	U	U	U	U
chr22	48643200	48643400	U	U	U	U
chr22	48644000	48644200	U	U	U	U
chr22	48645600	48645800	U	U	U	U
chr22	48645800	48646000	U	U	U	U
chr22	48646200	48646400	U	U	U	U
chr22	48647000	48647200	U	U	U	U
chr22	48647800	48648000	U	U	U	U
chr22	48649400	48649600	U	U	U	U
chr22	48650200	48650400	U	U	U	U
chr22	48650800	48651000	U	U	U	U
chr22	48651800	48652000	U	U	U	U
chr22	48654600	48654800	U	U	U	U
chr22	48657800	48658000	U	U	U	U
chr22	48659200	48659400	U	U	U	U
chr22	48660600	48660800	U	U	U	U
chr22	48661200	48661400	U	U	U	U
chr22	48663000	48663200	U	U	U	U
chr22	48666000	48666200	U	U	U	U
chr22	48666800	48667000	U	U	U	U
chr22	48669800	48670000	U	U	U	U
chr22	48671200	48671400	U	U	U	U
chr22	48672200	48672400	U	U	U	U
chr22	48677800	48678000	U	U	U	U
chr22	48680400	48680600	U	U	U	U
chr22	48680800	48681000	U	U	U	U
chr22	48683400	48683600	U	U	U	U
chr22	48684600	48684800	U	U	U	U
chr22	48688400	48688600	U	U	U	U
chr22	48690000	48690200	U	U	U	U
chr22	48691400	48691600	U	U	U	U
chr22	48693400	48693600	U	U	U	U
chr22	48693600	48693800	U	U	U	U
chr22	48694400	48694600	U	U	U	U
chr22	48696600	48696800	U	U	U	U
chr22	48701200	48701400	U	U	U	U
chr22	48701800	48702000	U	U	U	U
chr22	48702400	48702600	U	U	U	U
chr22	48703600	48703800	U	U	U	U
chr22	48704400	48704600	U	U	U	U
chr22	48708200	48708400	U	U	U	U
chr22	48708400	48708600	U	U	U	U
chr22	48709400	48709600	U	U	U	U
chr22	48710800	48711000	U	U	U	U
chr22	48711800	48712000	U	U	U	U
chr22	48713000	48713200	U	U	U	U
chr22	48713400	48713600	U	U	U	U
chr22	48713800	48714000	U	U	U	U
chr22	48714000	48714200	U	U	U	U
chr22	48715200	48715400	U	U	U	U
chr22	48715600	48715800	U	U	U	U
chr22	48717600	48717800	U	U	U	U
chr22	48718800	48719000	U	U	U	U
chr22	48719000	48719200	U	U	U	U
chr22	48719400	48719600	U	U	U	U
chr22	48719600	48719800	U	U	U	U
chr22	48721000	48721200	U	U	U	U
chr22	48723400	48723600	U	U	U	U
chr22	48729800	48730000	U	U	U	U
chr22	48733200	48733400	U	U	U	U
chr22	48733400	48733600	U	U	U	U
chr22	48737800	48738000	U	U	U	U
chr22	48738600	48738800	U	U	U	U
chr22	48739000	48739200	U	U	U	U
chr22	48739800	48740000	U	U	U	U
chr22	48740000	48740200	U	U	U	U
chr22	48744000	48744200	U	U	U	U
chr22	48744200	48744400	U	U	U	U
chr22	48746000	48746200	U	U	U	U
chr22	48746800	48747000	U	U	U	U
chr22	48748800	48749000	U	U	U	U
chr22	48749400	48749600	U	U	U	U
chr22	48750800	48751000	U	U	U	U
chr22	48751000	48751200	U	U	U	U
chr22	48751200	48751400	U	U	U	U
chr22	48752400	48752600	U	U	U	U
chr22	48752800	48753000	U	U	U	U
chr22	48753400	48753600	U	U	U	U
chr22	48756000	48756200	U	U	U	U
chr22	48760000	48760200	U	U	U	U
chr22	48760200	48760400	U	U	U	U
chr22	48778000	48778200	U	U	U	U
chr22	48783600	48783800	U	U	U	U
chr22	48786000	48786200	U	U	U	U
chr22	48786400	48786600	U	U	U	U
chr22	48798400	48798600	U	U	U	U
chr22	48801000	48801200	U	U	U	U
chr22	48803800	48804000	U	U	U	U
chr22	48804600	48804800	U	U	U	U
chr22	48807000	48807200	U	U	U	U
chr22	48807200	48807400	U	U	U	U
chr22	48808400	48808600	U	U	U	U
chr22	48809000	48809200	U	U	U	U
chr22	48820400	48820600	U	U	U	U
chr22	48820600	48820800	U	U	U	U
chr22	48820800	48821000	U	U	U	U
chr22	48824600	48824800	U	U	U	U
chr22	48826000	48826200	U	U	U	U
chr22	48830000	48830200	U	U	U	U
chr22	48830200	48830400	U	U	U	U
chr22	48835800	48836000	U	U	U	U
chr22	48836000	48836200	U	U	U	U
chr22	48838400	48838600	U	U	U	U
chr22	48840200	48840400	U	U	U	U
chr22	48840600	48840800	U	U	U	U
chr22	48842800	48843000	U	U	U	U
chr22	48845200	48845400	U	U	U	U
chr22	48850600	48850800	U	U	U	U
chr22	48851800	48852000	U	U	U	U
chr22	48853000	48853200	U	U	U	U
chr22	48856000	48856200	U	U	U	U
chr22	48860000	48860200	U	U	U	U
chr22	48860600	48860800	U	U	U	U
chr22	48860800	48861000	U	U	U	U
chr22	48864400	48864600	U	U	U	U
chr22	48865200	48865400	U	U	U	U
chr22	48866200	48866400	U	U	U	U
chr22	48867200	48867400	U	U	U	U
chr22	48867600	48867800	U	U	U	U
chr22	48883400	48883600	U	U	U	U
chr22	48889200	48889400	U	U	U	U
chr22	48891600	48891800	U	U	U	U
chr22	48892800	48893000	U	U	U	U
chr22	48894600	48894800	U	U	U	U
chr22	48895200	48895400	U	U	U	U
chr22	48898600	48898800	U	U	U	U
chr22	48899800	48900000	U	U	U	U
chr22	48901800	48902000	U	U	U	U
chr22	48902000	48902200	U	U	U	U
chr22	48906400	48906600	U	U	U	U
chr22	48926800	48927000	U	U	U	U
chr22	48928200	48928400	U	U	U	U
chr22	48929200	48929400	U	U	U	U
chr22	48929800	48930000	U	U	U	U
chr22	48930200	48930400	U	U	U	U
chr22	48940600	48940800	U	U	U	U
chr22	48941800	48942000	U	U	U	U
chr22	48942800	48943000	U	U	U	U
chr22	48943600	48943800	U	U	U	U
chr22	48945000	48945200	U	U	U	U
chr22	48945200	48945400	U	U	U	U
chr22	48946000	48946200	U	U	U	U
chr22	48948600	48948800	U	U	U	U
chr22	48950400	48950600	U	U	U	U
chr22	48952400	48952600	U	U	U	U
chr22	48954000	48954200	U	U	U	U
chr22	48954800	48955000	U	U	U	U
chr22	48955400	48955600	U	U	U	U
chr22	48955600	48955800	U	U	U	U
chr22	48958400	48958600	U	U	U	U
chr22	48961200	48961400	U	U	U	U
chr22	48973600	48973800	U	U	U	U
chr22	48974200	48974400	U	U	U	U
chr22	48975600	48975800	U	U	U	U
chr22	48975800	48976000	U	U	U	U
chr22	48976400	48976600	U	U	U	U
chr22	48976600	48976800	U	U	U	U
chr22	48980200	48980400	U	U	U	U
chr22	48980400	48980600	U	U	U	U
chr22	48980800	48981000	U	U	U	U
chr22	48981200	48981400	U	U	U	U
chr22	48984800	48985000	U	U	U	U
chr22	49006600	49006800	U	U	U	U
chr22	49009800	49010000	U	U	U	U
chr22	49012800	49013000	U	U	U	U
chr22	49014400	49014600	U	U	U	U
chr22	49014600	49014800	U	U	U	U
chr22	49015800	49016000	U	U	U	U
chr22	49016200	49016400	U	U	U	U
chr22	49016600	49016800	U	U	U	U
chr22	49019800	49020000	U	U	U	U
chr22	49021400	49021600	U	U	U	U
chr22	49021800	49022000	U	U	U	U
chr22	49023200	49023400	U	U	U	U
chr22	49023600	49023800	U	U	U	U
chr22	49024800	49025000	U	U	U	U
chr22	49026000	49026200	U	U	U	U
chr22	49026600	49026800	U	U	U	U
chr22	49027400	49027600	U	U	U	U
chr22	49029000	49029200	U	U	U	U
chr22	49031200	49031400	U	U	U	U
chr22	49032200	49032400	U	U	U	U
chr22	49037600	49037800	U	U	U	U
chr22	49040400	49040600	U	U	U	U
chr22	49043600	49043800	U	U	U	U
chr22	49044400	49044600	U	U	U	U
chr22	49045400	49045600	U	U	U	U
chr22	49046000	49046200	U	U	U	U
chr22	49047600	49047800	U	U	U	U
chr22	49056600	49056800	U	U	U	U
chr22	49056800	49057000	U	U	U	U
chr22	49058200	49058400	U	U	U	U
chr22	49060000	49060200	U	U	U	U
chr22	49060400	49060600	U	U	U	U
chr22	49061800	49062000	U	U	U	U
chr22	49064200	49064400	U	U	U	U
chr22	49067200	49067400	U	U	U	U
chr22	49067800	49068000	U	U	U	U
chr22	49076600	49076800	U	U	U	U
chr22	49077200	49077400	U	U	U	U
chr22	49077800	49078000	U	U	U	U
chr22	49078000	49078200	U	U	U	U
chr22	49090000	49090200	U	U	U	U
chr22	49090800	49091000	U	U	U	U
chr22	49092600	49092800	U	U	U	U
chr22	49094400	49094600	U	U	U	U
chr22	49094800	49095000	U	U	U	U
chr22	49099800	49100000	U	U	U	U
chr22	49100400	49100600	U	U	U	U
chr22	49101800	49102000	U	U	U	U
chr22	49105800	49106000	U	U	U	U
chr22	49106200	49106400	U	U	U	U
chr22	49109400	49109600	U	U	U	U
chr22	49113000	49113200	U	U	U	U
chr22	49115800	49116000	U	U	U	U
chr22	49116000	49116200	U	U	U	U
chr22	49116600	49116800	U	U	U	U
chr22	49116800	49117000	U	U	U	U
chr22	49118200	49118400	U	U	U	U
chr22	49118600	49118800	U	U	U	U
chr22	49133600	49133800	U	U	U	U
chr22	49135200	49135400	U	U	U	U
chr22	49135400	49135600	U	U	U	U
chr22	49136200	49136400	U	U	U	U
chr22	49140400	49140600	U	U	U	U
chr22	49151800	49152000	U	U	U	U
chr22	49152400	49152600	U	U	U	U
chr22	49153400	49153600	U	U	U	U
chr22	49155000	49155200	U	U	U	U
chr22	49160800	49161000	U	U	U	U
chr22	49161000	49161200	U	U	U	U
chr22	49165000	49165200	U	U	U	U
chr22	49177200	49177400	U	U	U	U
chr22	49178800	49179000	U	U	U	U
chr22	49179200	49179400	U	U	U	U
chr22	49182400	49182600	U	U	U	U
chr22	49184200	49184400	U	U	U	U
chr22	49184400	49184600	U	U	U	U
chr22	49184600	49184800	U	U	U	U
chr22	49184800	49185000	U	U	U	U
chr22	49186800	49187000	U	U	U	U
chr22	49188600	49188800	U	U	U	U
chr22	49188800	49189000	U	U	U	U
chr22	49189000	49189200	U	U	U	U
chr22	49192200	49192400	U	U	U	U
chr22	49193800	49194000	U	U	U	U
chr22	49197200	49197400	U	U	U	U
chr22	49197600	49197800	U	U	U	U
chr22	49197800	49198000	U	U	U	U
chr22	49203800	49204000	U	U	U	U
chr22	49204600	49204800	U	U	U	U
chr22	49204800	49205000	U	U	U	U
chr22	49205000	49205200	U	U	U	U
chr22	49205200	49205400	U	U	U	U
chr22	49206800	49207000	U	U	U	U
chr22	49208600	49208800	U	U	B	U
chr22	49227800	49228000	U	U	U	U
chr22	49230000	49230200	U	U	U	U
chr22	49230400	49230600	U	U	B	U
chr22	49231000	49231200	U	U	U	U
chr22	49233200	49233400	U	U	U	U
chr22	49234400	49234600	U	U	U	U
chr22	49234800	49235000	U	U	U	U
chr22	49237200	49237400	U	U	U	U
chr22	49238600	49238800	U	U	U	U
chr22	49240200	49240400	U	U	U	U
chr22	49243800	49244000	U	U	U	U
chr22	49244000	49244200	U	U	U	U
chr22	49244200	49244400	U	U	U	U
chr22	49244600	49244800	U	U	U	U
chr22	49255000	49255200	U	U	U	U
chr22	49256000	49256200	U	U	U	U
chr22	49257000	49257200	U	U	U	U
chr22	49258200	49258400	U	U	U	U
chr22	49268800	49269000	U	U	U	U
chr22	49271200	49271400	U	U	U	U
chr22	49272200	49272400	U	U	U	U
chr22	49272800	49273000	U	U	U	U
chr22	49273000	49273200	U	U	U	U
chr22	49274400	49274600	U	U	U	U
chr22	49278200	49278400	U	U	U	U
chr22	49282600	49282800	U	U	U	U
chr22	49284800	49285000	U	U	U	U
chr22	49285000	49285200	U	U	U	U
chr22	49293200	49293400	U	U	U	U
chr22	49296400	49296600	U	U	U	U
chr22	49297600	49297800	U	U	U	U
chr22	49299400	49299600	U	U	U	U
chr22	49301600	49301800	U	U	U	U
chr22	49304000	49304200	U	U	U	U
chr22	49304200	49304400	U	U	U	U
chr22	49307400	49307600	U	U	U	U
chr22	49322800	49323000	U	U	U	U
chr22	49324400	49324600	U	U	U	U
chr22	49324600	49324800	U	U	U	U
chr22	49326200	49326400	U	U	U	U
chr22	49332800	49333000	U	U	U	U
chr22	49333400	49333600	U	U	U	U
chr22	49344400	49344600	U	U	U	U
chr22	49344600	49344800	U	U	U	U
chr22	49344800	49345000	U	U	U	U
chr22	49345800	49346000	U	U	U	U
chr22	49347400	49347600	U	U	U	U
chr22	49348600	49348800	U	U	U	U
chr22	49348800	49349000	U	U	U	U
chr22	49349000	49349200	U	U	U	U
chr22	49352800	49353000	U	U	U	U
chr22	49353000	49353200	U	U	U	U
chr22	49354600	49354800	U	U	U	U
chr22	49369200	49369400	B	U	U	U
chr22	49369800	49370000	U	U	U	U
chr22	49372200	49372400	B	U	U	U
chr22	49372400	49372600	B	U	B	U
chr22	49379200	49379400	U	U	U	U
chr22	49380800	49381000	U	U	U	U
chr22	49381600	49381800	U	U	U	U
chr22	49392600	49392800	U	U	U	U
chr22	49395400	49395600	U	U	U	U
chr22	49396200	49396400	U	U	U	U
chr22	49398000	49398200	U	U	U	U
chr22	49401600	49401800	U	U	U	U
chr22	49401800	49402000	U	U	U	U
chr22	49402000	49402200	U	U	U	U
chr22	49412600	49412800	U	U	U	U
chr22	49415800	49416000	U	U	U	U
chr22	49416600	49416800	U	U	U	U
chr22	49416800	49417000	U	U	U	U
chr22	49419400	49419600	U	U	U	U
chr22	49426000	49426200	U	U	U	U
chr22	49427600	49427800	U	U	U	U
chr22	49432600	49432800	U	U	U	U
chr22	49437600	49437800	U	U	U	U
chr22	49447400	49447600	U	U	U	U
chr22	49448800	49449000	U	U	U	U
chr22	49453600	49453800	U	U	U	U
chr22	49453800	49454000	U	U	U	U
chr22	49454000	49454200	U	U	U	U
chr22	49459000	49459200	U	U	U	U
chr22	49460200	49460400	U	U	U	U
chr22	49461400	49461600	U	U	U	U
chr22	49461600	49461800	U	U	U	U
chr22	49468000	49468200	U	U	U	U
chr22	49469600	49469800	U	U	U	U
chr22	49470600	49470800	U	U	U	U
chr22	49482200	49482400	U	U	U	U
chr22	49482400	49482600	U	U	U	U
chr22	49482800	49483000	U	U	U	U
chr22	49488000	49488200	U	U	U	U
chr22	49488200	49488400	U	U	U	U
chr22	49488800	49489000	U	U	U	U
chr22	49490000	49490200	U	U	U	U
chr22	49491400	49491600	U	U	U	U
chr22	49492600	49492800	U	U	U	U
chr22	49494000	49494200	U	U	U	U
chr22	49494800	49495000	U	U	U	U
chr22	49503400	49503600	U	U	U	U
chr22	49512400	49512600	U	U	U	U
chr22	49512600	49512800	U	U	U	U
chr22	49514200	49514400	U	U	U	U
chr22	49514400	49514600	U	U	U	U
chr22	49515000	49515200	U	U	U	U
chr22	49515200	49515400	U	U	U	U
chr22	49523200	49523400	U	U	U	U
chr22	49526800	49527000	U	U	U	U
chr22	49528000	49528200	U	U	U	U
chr22	49534600	49534800	U	U	U	U
chr22	49540800	49541000	U	U	U	U
chr22	49541400	49541600	U	U	U	U
chr22	49542600	49542800	U	U	U	U
chr22	49549200	49549400	U	U	U	U
chr22	49552400	49552600	U	U	U	U
chr22	49553600	49553800	U	U	B	U
chr22	49562200	49562400	U	U	U	U
chr22	49564200	49564400	U	U	U	U
chr22	49566400	49566600	U	U	U	U
chr22	49566800	49567000	U	U	U	U
chr22	49575200	49575400	U	U	U	U
chr22	49576400	49576600	U	U	U	U
chr22	49582600	49582800	U	U	U	U
chr22	49583200	49583400	U	U	U	U
chr22	49585800	49586000	U	U	U	U
chr22	49586800	49587000	U	U	U	U
chr22	49588200	49588400	U	U	U	U
chr22	49588600	49588800	U	U	U	U
chr22	49589200	49589400	U	U	U	U
chr22	49589800	49590000	U	U	U	U
chr22	49592600	49592800	U	U	U	U
chr22	49595000	49595200	U	U	U	U
chr22	49596200	49596400	U	U	U	U
chr22	49596400	49596600	U	U	U	U
chr22	49598800	49599000	U	U	U	U
chr22	49600000	49600200	U	U	U	U
chr22	49601600	49601800	U	U	U	U
chr22	49603200	49603400	U	U	U	U
chr22	49603400	49603600	U	U	U	U
chr22	49606600	49606800	U	U	U	U
chr22	49609000	49609200	U	U	U	U
chr22	49617200	49617400	U	U	U	U
chr22	49620800	49621000	U	U	U	U
chr22	49622200	49622400	U	U	U	U
chr22	49622800	49623000	U	U	U	U
chr22	49623600	49623800	U	U	U	U
chr22	49626600	49626800	U	U	U	U
chr22	49627600	49627800	U	U	U	U
chr22	49628000	49628200	U	U	U	U
chr22	49628600	49628800	U	U	U	U
chr22	49630200	49630400	U	U	U	U
chr22	49630600	49630800	U	U	U	U
chr22	49631000	49631200	U	U	U	U
chr22	49634600	49634800	U	U	U	U
chr22	49636000	49636200	U	U	U	U
chr22	49636200	49636400	U	U	U	U
chr22	49638600	49638800	U	U	U	U
chr22	49639600	49639800	U	U	U	U
chr22	49640800	49641000	U	U	U	U
chr22	49641000	49641200	U	U	U	U
chr22	49642800	49643000	U	U	U	U
chr22	49643800	49644000	U	U	U	U
chr22	49645600	49645800	U	U	U	U
chr22	49645800	49646000	U	U	U	U
chr22	49648200	49648400	U	U	U	U
chr22	49648400	49648600	U	U	U	U
chr22	49649400	49649600	U	U	U	U
chr22	49649600	49649800	U	U	U	U
chr22	49658000	49658200	B	U	U	U
chr22	49659400	49659600	U	U	U	U
chr22	49660200	49660400	U	U	U	U
chr22	49660600	49660800	U	U	U	U
chr22	49661800	49662000	U	U	U	U
chr22	49663400	49663600	U	U	U	U
chr22	49664800	49665000	U	U	U	U
chr22	49673800	49674000	U	U	U	U
chr22	49674000	49674200	U	U	U	U
chr22	49679400	49679600	U	U	U	U
chr22	49687400	49687600	U	U	U	U
chr22	49688200	49688400	U	U	U	U
chr22	49688800	49689000	U	U	U	U
chr22	49701600	49701800	U	U	U	U
chr22	49703800	49704000	U	U	U	U
chr22	49704200	49704400	B	U	U	U
chr22	49704400	49704600	B	U	U	U
chr22	49706000	49706200	U	U	U	U
chr22	49710600	49710800	U	U	U	U
chr22	49717600	49717800	U	U	U	U
chr22	49728400	49728600	U	U	U	U
chr22	49735800	49736000	B	U	B	U
chr22	49736200	49736400	U	U	U	U
chr22	49749000	49749200	U	U	U	U
chr22	49749200	49749400	U	U	U	U
chr22	49749600	49749800	U	U	U	U
chr22	49754800	49755000	U	U	U	U
chr22	49758400	49758600	U	U	U	U
chr22	49763600	49763800	U	U	U	U
chr22	49768600	49768800	U	U	U	U
chr22	49769600	49769800	U	U	U	U
chr22	49771200	49771400	U	U	U	U
chr22	49773200	49773400	U	U	U	U
chr22	49773400	49773600	U	U	U	U
chr22	49774400	49774600	U	U	U	U
chr22	49777400	49777600	U	U	U	U
chr22	49777600	49777800	U	U	U	U
chr22	49781200	49781400	U	U	U	U
chr22	49785000	49785200	U	U	U	U
chr22	49786400	49786600	B	U	U	U
chr22	49786600	49786800	B	U	U	U
chr22	49788600	49788800	U	U	U	U
chr22	49790800	49791000	U	U	U	U
chr22	49791200	49791400	U	U	U	U
chr22	49791400	49791600	U	U	U	U
chr22	49792400	49792600	U	U	U	U
chr22	49793200	49793400	U	U	U	U
chr22	49793400	49793600	U	U	U	U
chr22	49794000	49794200	U	U	U	U
chr22	49794200	49794400	U	U	U	U
chr22	49794800	49795000	U	U	U	U
chr22	49795600	49795800	U	U	U	U
chr22	49800400	49800600	U	U	U	U
chr22	49800600	49800800	U	U	U	U
chr22	49801400	49801600	U	U	U	U
chr22	49803800	49804000	U	U	U	U
chr22	49805200	49805400	U	U	U	U
chr22	49817400	49817600	U	U	U	U
chr22	49818400	49818600	U	U	U	U
chr22	49820800	49821000	U	U	U	U
chr22	49823000	49823200	U	U	U	U
chr22	49828800	49829000	U	U	U	U
chr22	49848200	49848400	U	U	U	U
chr22	49848600	49848800	U	U	U	U
chr22	49849600	49849800	U	U	U	U
chr22	49850600	49850800	U	U	U	U
chr22	49854800	49855000	U	U	U	U
chr22	49857200	49857400	U	U	U	U
chr22	49882600	49882800	U	U	U	U
chr22	49885000	49885200	U	U	U	U
chr22	49887000	49887200	U	U	U	U
chr22	49888200	49888400	U	U	U	U
chr22	49889800	49890000	U	U	U	U
chr22	49896200	49896400	U	U	U	U
chr22	49901200	49901400	U	U	U	U
chr22	49903200	49903400	U	U	U	U
chr22	49904400	49904600	U	U	U	U
chr22	49907200	49907400	U	U	U	U
chr22	49908000	49908200	U	U	U	U
chr22	49910200	49910400	U	U	U	U
chr22	49914200	49914400	U	U	U	U
chr22	49914400	49914600	U	U	U	U
chr22	49924000	49924200	U	U	U	U
chr22	49933600	49933800	U	U	U	U
chr22	49937600	49937800	U	U	U	U
chr22	49938000	49938200	U	U	U	U
chr22	49941200	49941400	U	U	U	U
chr22	49942000	49942200	U	U	U	U
chr22	49944200	49944400	U	U	U	U
chr22	49947800	49948000	U	U	U	U
chr22	49948200	49948400	U	U	U	U
chr22	49949400	49949600	U	U	U	U
chr22	49950000	49950200	U	U	U	U
chr22	49950800	49951000	U	U	U	U
chr22	49954600	49954800	U	U	U	U
chr22	49954800	49955000	U	U	U	U
chr22	49955200	49955400	U	U	U	U
chr22	49957400	49957600	U	U	U	U
chr22	49958000	49958200	U	U	U	U
chr22	49959200	49959400	U	U	U	U
chr22	49961800	49962000	B	U	U	U
chr22	49969000	49969200	U	U	U	U
chr22	49969200	49969400	U	U	U	U
chr22	49970200	49970400	U	U	U	U
chr22	49971600	49971800	B	U	U	U
chr22	49971800	49972000	B	U	U	U
chr22	49972200	49972400	U	U	U	U
chr22	49992200	49992400	U	U	U	U
chr22	49993800	49994000	B	U	U	U
chr22	49994200	49994400	U	U	U	U
chr22	49998200	49998400	U	U	U	U
chr22	50000000	50000200	B	U	U	U
chr22	50000200	50000400	U	U	U	U
chr22	50001600	50001800	U	U	U	U
chr22	50011400	50011600	U	U	U	U
chr22	50011800	50012000	U	U	U	U
chr22	50014600	50014800	U	U	U	U
chr22	50016600	50016800	U	U	U	U
chr22	50017000	50017200	U	U	U	U
chr22	50017800	50018000	U	U	U	U
chr22	50031800	50032000	U	U	U	U
chr22	50044800	50045000	U	U	U	U
chr22	50045400	50045600	U	U	U	U
chr22	50045600	50045800	U	U	U	U
chr22	50045800	50046000	U	U	U	U
chr22	50046400	50046600	U	U	U	U
chr22	50049000	50049200	U	U	U	U
chr22	50049400	50049600	U	U	U	U
chr22	50049600	50049800	U	U	U	U
chr22	50056800	50057000	U	U	U	U
chr22	50058000	50058200	U	U	U	U
chr22	50058600	50058800	U	U	U	U
chr22	50058800	50059000	U	U	U	U
chr22	50059000	50059200	B	U	U	U
chr22	50060000	50060200	U	U	U	U
chr22	50060400	50060600	U	U	U	U
chr22	50061000	50061200	U	U	U	U
chr22	50061400	50061600	U	U	U	U
chr22	50064600	50064800	U	U	U	U
chr22	50068000	50068200	U	U	U	U
chr22	50068200	50068400	U	U	U	U
chr22	50070400	50070600	U	U	U	U
chr22	50071600	50071800	U	U	U	U
chr22	50076600	50076800	U	U	U	U
chr22	50076800	50077000	U	U	U	U
chr22	50080000	50080200	U	U	U	U
chr22	50082400	50082600	U	U	U	U
chr22	50083400	50083600	U	U	U	U
chr22	50083800	50084000	U	U	U	U
chr22	50084600	50084800	U	U	U	U
chr22	50085600	50085800	U	U	U	U
chr22	50086600	50086800	U	U	U	U
chr22	50088000	50088200	U	U	U	U
chr22	50095200	50095400	U	U	U	U
chr22	50099400	50099600	U	U	U	U
chr22	50112000	50112200	U	U	U	U
chr22	50114600	50114800	U	U	U	U
chr22	50114800	50115000	U	U	U	U
chr22	50124600	50124800	U	U	U	U
chr22	50126200	50126400	U	U	U	U
chr22	50128200	50128400	U	U	U	U
chr22	50134400	50134600	U	U	U	U
chr22	50136000	50136200	U	U	U	U
chr22	50143200	50143400	U	U	U	U
chr22	50148400	50148600	U	U	U	U
chr22	50151200	50151400	U	U	U	U
chr22	50151600	50151800	U	U	U	U
chr22	50154000	50154200	U	U	U	U
chr22	50158800	50159000	U	U	U	U
chr22	50159800	50160000	U	U	U	U
chr22	50160600	50160800	U	U	U	U
chr22	50160800	50161000	U	U	U	U
chr22	50161000	50161200	U	U	U	U
chr22	50164400	50164600	U	U	U	U
chr22	50167600	50167800	U	U	U	U
chr22	50167800	50168000	U	U	U	U
chr22	50170400	50170600	U	U	U	U
chr22	50174800	50175000	U	U	U	U
chr22	50175200	50175400	U	U	U	U
chr22	50176400	50176600	U	U	U	U
chr22	50177400	50177600	U	U	U	U
chr22	50182200	50182400	U	U	U	U
chr22	50183200	50183400	U	U	U	U
chr22	50188800	50189000	U	U	U	U
chr22	50189200	50189400	U	U	U	U
chr22	50190200	50190400	B	U	B	U
chr22	50190800	50191000	B	U	U	U
chr22	50192600	50192800	U	U	U	U
chr22	50193000	50193200	U	U	U	U
chr22	50194800	50195000	U	U	U	U
chr22	50195200	50195400	U	U	U	U
chr22	50198600	50198800	U	U	U	U
chr22	50199800	50200000	B	U	U	U
chr22	50200000	50200200	B	U	U	U
chr22	50201200	50201400	B	U	U	U
chr22	50202000	50202200	U	U	U	U
chr22	50208800	50209000	U	U	U	U
chr22	50210800	50211000	U	U	U	U
chr22	50217200	50217400	U	U	U	U
chr22	50217800	50218000	U	U	U	U
chr22	50218800	50219000	U	U	U	U
chr22	50219000	50219200	U	U	U	U
chr22	50219200	50219400	B	U	U	U
chr22	50220200	50220400	U	U	U	U
chr22	50222000	50222200	U	U	U	U
chr22	50226800	50227000	U	U	U	U
chr22	50227200	50227400	U	U	U	U
chr22	50228000	50228200	U	U	U	U
chr22	50229400	50229600	U	U	U	U
chr22	50233200	50233400	U	U	U	U
chr22	50237000	50237200	U	U	U	U
chr22	50240400	50240600	U	U	U	U
chr22	50244400	50244600	B	U	U	U
chr22	50245600	50245800	B	U	U	U
chr22	50245800	50246000	U	U	U	U
chr22	50246600	50246800	U	U	U	U
chr22	50248600	50248800	U	U	U	U
chr22	50249400	50249600	U	U	U	U
chr22	50250400	50250600	B	U	U	U
chr22	50252600	50252800	U	U	U	U
chr22	50255200	50255400	U	U	U	U
chr22	50256400	50256600	U	U	U	U
chr22	50257200	50257400	U	U	U	U
chr22	50257400	50257600	U	U	U	U
chr22	50257600	50257800	U	U	U	U
chr22	50260400	50260600	B	U	U	U
chr22	50261000	50261200	B	U	U	U
chr22	50261600	50261800	B	U	U	U
chr22	50263000	50263200	B	U	U	U
chr22	50263400	50263600	U	U	U	U
chr22	50265600	50265800	U	U	U	U
chr22	50266200	50266400	U	U	U	U
chr22	50266400	50266600	U	U	U	U
chr22	50267400	50267600	U	U	U	U
chr22	50268000	50268200	B	U	U	U
chr22	50268400	50268600	U	U	U	U
chr22	50270000	50270200	B	U	U	U
chr22	50272600	50272800	U	U	U	U
chr22	50272800	50273000	U	U	U	U
chr22	50275600	50275800	U	U	U	U
chr22	50278200	50278400	U	U	U	U
chr22	50278400	50278600	U	U	U	U
chr22	50281000	50281200	U	U	U	U
chr22	50282200	50282400	U	U	U	U
chr22	50284000	50284200	U	U	U	U
chr22	50284800	50285000	U	U	U	U
chr22	50286400	50286600	U	U	U	U
chr22	50288800	50289000	U	U	U	U
chr22	50291000	50291200	U	U	U	U
chr22	50291200	50291400	U	U	U	U
chr22	50293800	50294000	U	U	U	U
chr22	50298000	50298200	U	U	U	U
chr22	50298200	50298400	U	U	U	U
chr22	50298400	50298600	U	U	U	U
chr22	50299000	50299200	U	U	U	U
chr22	50299800	50300000	U	U	U	U
chr22	50300000	50300200	U	U	U	U
chr22	50301400	50301600	U	U	U	U
chr22	50302000	50302200	U	U	U	U
chr22	50302200	50302400	U	U	U	U
chr22	50303000	50303200	U	U	U	U
chr22	50303200	50303400	U	U	U	U
chr22	50304400	50304600	B	U	U	U
chr22	50306400	50306600	U	U	U	U
chr22	50308800	50309000	B	U	U	U
chr22	50309800	50310000	U	U	U	U
chr22	50310000	50310200	U	U	U	U
chr22	50312200	50312400	U	U	U	U
chr22	50312400	50312600	U	U	U	U
chr22	50313000	50313200	U	U	U	U
chr22	50317400	50317600	U	U	U	U
chr22	50317800	50318000	U	U	U	U
chr22	50347400	50347600	U	U	U	U
chr22	50361600	50361800	U	U	U	U
chr22	50362200	50362400	U	U	U	U
chr22	50372000	50372200	U	U	U	U
chr22	50373000	50373200	U	U	U	U
chr22	50392400	50392600	U	U	U	U
chr22	50403800	50404000	U	U	U	U
chr22	50404800	50405000	U	U	U	U
chr22	50407400	50407600	U	U	U	U
chr22	50413800	50414000	U	U	U	U
chr22	50414000	50414200	U	U	U	U
chr22	50414400	50414600	U	U	U	U
chr22	50414800	50415000	U	U	U	U
chr22	50415800	50416000	U	U	U	U
chr22	50418000	50418200	U	U	U	U
chr22	50422000	50422200	U	U	U	U
chr22	50424000	50424200	U	U	U	U
chr22	50432000	50432200	U	U	U	U
chr22	50432200	50432400	U	U	U	U
chr22	50432400	50432600	U	U	U	U
chr22	50436000	50436200	U	U	U	U
chr22	50436600	50436800	U	U	U	U
chr22	50437000	50437200	U	U	U	U
chr22	50438200	50438400	U	U	U	U
chr22	50439000	50439200	U	U	U	U
chr22	50439600	50439800	U	U	U	U
chr22	50440600	50440800	U	U	U	U
chr22	50440800	50441000	U	U	U	U
chr22	50441000	50441200	U	U	U	U
chr22	50443400	50443600	U	U	U	U
chr22	50443800	50444000	U	U	U	U
chr22	50444000	50444200	U	U	U	U
chr22	50445400	50445600	U	U	U	U
chr22	50455600	50455800	U	U	U	U
chr22	50457600	50457800	U	U	U	U
chr22	50457800	50458000	U	U	U	U
chr22	50458800	50459000	U	U	U	U
chr22	50460000	50460200	U	U	U	U
chr22	50461000	50461200	U	U	U	U
chr22	50461600	50461800	U	U	U	U
chr22	50463600	50463800	U	U	U	U
chr22	50464200	50464400	U	U	U	U
chr22	50464600	50464800	U	U	U	U
chr22	50464800	50465000	U	U	U	U
chr22	50466000	50466200	U	U	U	U
chr22	50469400	50469600	U	U	U	U
chr22	50471000	50471200	U	U	U	U
chr22	50473600	50473800	U	U	U	U
chr22	50474000	50474200	U	U	U	U
chr22	50475600	50475800	U	U	U	U
chr22	50482000	50482200	B	U	U	U
chr22	50483400	50483600	U	U	U	U
chr22	50485800	50486000	B	U	U	U
chr22	50487000	50487200	U	U	U	U
chr22	50487400	50487600	U	U	U	U
chr22	50489400	50489600	U	U	U	U
chr22	50502800	50503000	U	U	U	U
chr22	50503400	50503600	U	U	U	U
chr22	50505000	50505200	U	U	U	U
chr22	50505400	50505600	U	U	U	U
chr22	50506200	50506400	U	U	U	U
chr22	50514200	50514400	U	U	U	U
chr22	50516000	50516200	U	U	U	U
chr22	50516600	50516800	U	U	U	U
chr22	50516800	50517000	U	U	U	U
chr22	50517600	50517800	U	U	U	U
chr22	50519200	50519400	U	U	U	U
chr22	50521000	50521200	U	U	U	U
chr22	50521600	50521800	U	U	U	U
chr22	50522000	50522200	U	U	U	U
chr22	50524200	50524400	U	U	U	U
chr22	50524400	50524600	U	U	U	U
chr22	50524800	50525000	B	U	U	U
chr22	50528600	50528800	U	U	U	U
chr22	50531000	50531200	U	U	U	U
chr22	50531600	50531800	U	U	U	U
chr22	50540800	50541000	U	U	U	U
chr22	50542800	50543000	U	U	U	U
chr22	50544600	50544800	U	U	U	U
chr22	50546000	50546200	B	U	U	U
chr22	50550000	50550200	U	U	U	U
chr22	50551000	50551200	U	U	U	U
chr22	50558600	50558800	U	U	U	U
chr22	50563400	50563600	B	U	U	U
chr22	50569200	50569400	U	U	U	U
chr22	50569400	50569600	U	U	U	U
chr22	50570800	50571000	U	U	U	U
chr22	50571400	50571600	U	U	U	U
chr22	50571800	50572000	U	U	U	U
chr22	50575400	50575600	U	U	U	U
chr22	50576600	50576800	U	U	U	U
chr22	50576800	50577000	U	U	U	U
chr22	50577200	50577400	U	U	U	U
chr22	50578200	50578400	U	U	U	U
chr22	50579400	50579600	U	U	U	U
chr22	50580200	50580400	U	U	U	U
chr22	50600000	50600200	B	U	B	U
chr22	50600200	50600400	B	U	B	U
chr22	50601800	50602000	U	U	U	U
chr22	50604800	50605000	U	U	U	U
chr22	50605800	50606000	U	U	U	U
chr22	50606000	50606200	U	U	U	U
chr22	50607200	50607400	U	U	U	U
chr22	50607400	50607600	U	U	U	U
chr22	50608000	50608200	U	U	U	U
chr22	50609000	50609200	U	U	U	U
chr22	50610600	50610800	U	U	U	U
chr22	50610800	50611000	U	U	U	U
chr22	50612200	50612400	U	U	U	U
chr22	50612600	50612800	B	U	U	U
chr22	50613200	50613400	B	U	U	U
chr22	50625400	50625600	U	U	U	U
chr22	50627800	50628000	B	U	U	U
chr22	50671600	50671800	U	U	U	U
chr22	50672000	50672200	U	U	U	U
chr22	50672400	50672600	U	U	U	U
chr22	50673600	50673800	U	U	U	U
chr22	50674200	50674400	U	U	U	U
chr22	50674800	50675000	U	U	U	U
chr22	50675000	50675200	U	U	U	U
chr22	50676200	50676400	U	U	U	U
chr22	50677800	50678000	U	U	U	U
chr22	50678800	50679000	U	U	U	U
chr22	50695200	50695400	U	U	U	U
chr22	50696200	50696400	U	U	U	U
chr22	50697800	50698000	U	U	U	U
chr22	50698800	50699000	U	U	U	U
chr22	50700800	50701000	U	U	U	U
chr22	50701000	50701200	U	U	U	U
chr22	50703600	50703800	U	U	U	U
chr22	50704200	50704400	U	U	U	U
chr22	50704400	50704600	U	U	U	U
chr22	50705000	50705200	U	U	U	U
chr22	50705800	50706000	U	U	U	U
chr22	50709800	50710000	U	U	U	U
chr22	50712000	50712200	U	U	U	U
chr22	50715000	50715200	U	U	U	U
chr22	50715600	50715800	U	U	U	U
chr22	50715800	50716000	U	U	U	U
chr22	50717400	50717600	U	U	U	U
chr22	50719800	50720000	U	U	U	U
chr22	50720200	50720400	U	U	U	U
chr22	50721000	50721200	U	U	U	U
chr22	50722400	50722600	U	U	U	U
chr22	50723200	50723400	U	U	U	U
chr22	50724200	50724400	U	U	U	U
chr22	50724800	50725000	U	U	U	U
chr22	50725800	50726000	U	U	U	U
chr22	50728800	50729000	U	U	U	U
chr22	50732400	50732600	B	U	B	U
chr22	50734600	50734800	U	U	U	U
chr22	50737000	50737200	U	U	U	U
chr22	50739800	50740000	U	U	U	U
chr22	50740000	50740200	U	U	U	U
chr22	50768600	50768800	U	U	U	U
chr22	50769600	50769800	U	U	U	U
chr22	50775600	50775800	U	U	U	U
chr22	50779000	50779200	U	U	U	U
chr22	50780600	50780800	U	U	U	U
chr22	50785400	50785600	U	U	U	U
chr22	50788000	50788200	U	U	U	U
chr22	50788600	50788800	U	U	U	U
chr22	50790000	50790200	U	U	U	U
chr22	50791600	50791800	U	U	U	U
chr22	50798800	50799000	U	U	U	U
